wavenumber_cm-1,wavelength_nm,published_fit_reconstruction_normalized,resonant_corrected_J,100_cm-1_detuning,constrained_fit_gap,unconstrained_fit_gap,corrected_charge_smoke_diagnostic
18000.0,555.5555555555555,0.0009089521444213557,-0.04150110687557713,-0.02683007505672679,0.0009676258055809233,0.014879549551874708,0.3824057674444561
18002.5,555.4784057769754,0.0010071627048659053,-0.04159080245840133,-0.02685571653530563,0.0010593537001542597,0.01503352832117818,0.3857768351694047
18005.0,555.401277422938,0.0011063699885605555,-0.04168061707299961,-0.026881092252678686,0.0011520439449614246,0.015188867135215167,0.3891813209998233
18007.5,555.3241704845203,0.0012065841514337847,-0.04177054880632734,-0.02690619741579993,0.001245706572987043,0.015345579298277562,0.39261946584903584
18010.0,555.247084952804,0.0013078154632292901,-0.041860595703569516,-0.026931027164511744,0.0013403517314230433,0.015503678261453182,0.3960915068095943
18012.5,555.1700208188757,0.0014100743089165608,-0.041950755767447015,-0.026955576570599236,0.0014359896830994378,0.015663177624431902,0.3995976768483702
18015.0,555.0929780738273,0.0015133711901197382,-0.04204102695751039,-0.026979840636830905,0.001532630807933764,0.01582409113733603,0.403138204489685
18017.5,555.0159567087554,0.0016177167265666323,-0.042131407189423056,-0.027003814295984377,0.0016302856044015785,0.015986432702575742,0.4067133134861594
18020.0,554.9389567147614,0.001723121657556735,-0.042221894334232145,-0.027027492409858685,0.0017289646910255607,0.0161502163767291,0.41032322247696623
18022.5,554.8619780829519,0.0018295968434496963,-0.042312486217627704,-0.027050869768270765,0.001828678807886341,0.01631545637244784,0.4139681446331671
18025.0,554.7850208044383,0.0019371532671736476,-0.042403180619190184,-0.027073941088038237,0.0019294388181534468,0.01648216706038864,0.4176482872898132
18027.5,554.708084870337,0.002045802035754487,-0.04249397527162439,-0.027096701011945782,0.0020312557096368467,0.01665036297117074,0.4213638515644958
18030.0,554.6311702717693,0.0021555543818654772,-0.04258486785998267,-0.027119144107696898,0.002134140596360598,0.01682005879736004,0.42511503196202877
18032.5,554.5542769998614,0.002266421665398422,-0.04267585602087375,-0.027141264866850378,0.002238104720157718,0.016991269395480117,0.4289020159649541
18035.0,554.4774050457444,0.0023784153750560865,-0.042766937341659844,-0.0271630577037394,0.002343159452286962,0.017164009788050535,0.43272498360955713
18037.5,554.4005544005544,0.002491547129966408,-0.042858109359639664,-0.02718451695437622,0.0024493162950717825,0.017338295165652755,0.4365841070470927
18040.0,554.3237250554324,0.0026058286813188726,-0.04294936956121849,-0.0272056368753394,0.0025565868835624,0.017514140889024216,0.44047955008992296
18042.5,554.2469170015241,0.002721271914023068,-0.04304071538106502,-0.02722641164264466,0.002664982987220043,0.017691562491181072,0.44441146774227286
18045.0,554.1701302299806,0.002837888848390345,-0.04313214420125355,-0.027246835350599213,0.002774516511624903,0.017870575679569595,0.4483800057153265
18047.5,554.0933647319573,0.002955691641838032,-0.04322365335039256,-0.027266902010638125,0.00288519950020784,0.018051196338247085,0.4523852999263882
18050.0,554.016620498615,0.0030746925906177934,-0.04331524010273913,-0.02728660555014365,0.0029970441360056073,0.018233440530092432,0.4564274759818457
18052.5,553.939897521119,0.003194904131566854,-0.04340690167729811,-0.02730593981124718,0.0031100627434406903,0.018417324499047028,0.46050664864369184
18055.0,553.8631957906397,0.0033163388438840155,-0.04349863523690753,-0.027324898549612807,0.003224267790125669,0.01860286467238624,0.4646229212793626
18057.5,553.7865152983525,0.0034390094509298584,-0.04359043788730795,-0.0273434754332021,0.003339671888692722,0.018790077663021727,0.4687763852946814
18060.0,553.7098560354374,0.0035629288220517625,-0.043682306676197234,-0.02736166404102175,0.003456287798648417,0.01897898027183585,0.47296711954969917
18062.5,553.6332179930796,0.003688109974434244,-0.04377423859226907,-0.027379457861850382,0.0035741284282545284,0.019169589490047545,0.4771951897572582
18065.0,553.5566011624688,0.003814566074974437,-0.043866230564236296,-0.02739685029294787,0.0036932068364345758,0.01936192250161092,0.48146064786411574
18067.5,553.4800055348001,0.003942310442184242,-0.043958279459837914,-0.027413834638744198,0.0038135362347073896,0.019555996685646705,0.48576353141448975
18070.0,553.4034311012729,0.004071356548118015,-0.044050382084829476,-0.027430404109508828,0.003935129989147238,0.019751829618907257,0.49010386289592345
18072.5,553.3268778530917,0.004201718020327379,-0.04414253518195681,-0.02744655182000016,0.004058001622371673,0.01994943907827523,0.494481649067384
18075.0,553.2503457814661,0.00433340864384326,-0.044234735429913415,-0.027462270788094028,0.004182164815556727,0.020148843043296664,0.49889688026954526
18077.5,553.1738348776103,0.00446644236318488,-0.044326979442279826,-0.027477553933391855,0.004307633410480573,0.02035005969874942,0.50334952971724
18080.0,553.0973451327434,0.0046008332843972795,-0.044419263766445984,-0.027492394075807388,0.004434421411595849,0.020553107437246313,0.5078395527741022
18082.5,553.0208765380893,0.004736595677116716,-0.044511584882515456,-0.02750678393413248,0.004562542988130371,0.020758004861874773,0.512366886209457
18085.0,552.944429084877,0.00487374397666506,-0.044603939202191766,-0.02752071612458051,0.004692012476218216,0.020964770788872728,0.5169314474375623
18087.5,552.86800276434,0.005012292786173121,-0.044696323067645975,-0.027534183159308192,0.004822844381060002,0.02117342425034109,0.521533133739345
18090.0,552.791597567717,0.005152256878733914,-0.04478873275036587,-0.027547177444914358,0.004955053379113585,0.021383984496994662,0.5261718214668325
18092.5,552.7152134862512,0.005293651199585489,-0.04488116444998599,-0.027559691280916548,0.005088654320315871,0.02159647100095029,0.5308473652305221
18095.0,552.638850511191,0.005436490868324696,-0.04497361429309776,-0.027571716858203702,0.0052236622303354,0.02181090345855385,0.5355595970699898
18097.5,552.5625086337892,0.005580791181151788,-0.045066078332040564,-0.02758324625746569,0.0053600923128573385,0.022027301793246724,0.5403083256081052
18100.0,552.4861878453039,0.0057265676131459785,-0.04515855254367215,-0.027594271447598788,0.005497959951899581,0.02224568615847178,0.5450933351892665
18102.5,552.4098881369977,0.00587383582057367,-0.04525103282811939,-0.027604784284087008,0.0056372807141625726,0.02246607694061958,0.5499143850021548
18105.0,552.3336095001381,0.006022611643228161,-0.04534351500750692,-0.027614776507358062,0.005778070351411697,0.022688494762015975,0.5547712081875545
18107.5,552.2573519259976,0.006172911106802873,-0.045435994824666426,-0.027624239741114814,0.005920344802893562,0.02291296048395057,0.5596635109318844
18110.0,552.1811154058531,0.006324750425297408,-0.04552846794182254,-0.027633165490640762,0.006064120197786087,0.023139495209748055,0.5645909715471399
18112.5,552.1048999309869,0.006478146003457657,-0.04562092993925838,-0.02764154514108027,0.006209412857683544,0.023368120287881648,0.5695532395380423
18115.0,552.0287054926856,0.006633114439250117,-0.045713376313958214,-0.027649369955690953,0.006356239299117098,0.023598857315130534,0.5745499346572729
18117.5,551.952532082241,0.00678967252637113,-0.0458058024782272,-0.027656631074071177,0.006504616236110203,0.023831728139780652,0.5795806459497531
18120.0,551.8763796909492,0.006947837256791349,-0.04589820375828842,-0.027663319510358823,0.006654560582770649,0.02406675486487067,0.5846449307870416
18122.5,551.8002483101118,0.007107625823335999,-0.045990575392857044,-0.027669426151402457,0.006806089455920219,0.024303959851483117,0.589742313892993
18125.0,551.7241379310345,0.007269055622301788,-0.04608291253168915,-0.027674941754905782,0.006959220177759837,0.0245433657220813,0.5948722863619508
18127.5,551.6480485450282,0.0074321442561105545,-0.04617521023410844,-0.027679856947541895,0.007113970278574516,0.024784995363893194,0.6000343046708345
18130.0,551.5719801434087,0.007596909536000598,-0.04626746346750599,-0.027684162223038933,0.007270357499475727,0.02502887193234235,0.6052277896865962
18132.5,551.4959327174962,0.0077633694847555595,-0.04635966710581666,-0.027687847940236654,0.007428399795182877,0.02527501885452691,0.6104521256706383
18135.0,551.4199062586159,0.007931542339472814,-0.04645181592796906,-0.027690904321112635,0.007588115336844718,0.02552345983274763,0.6157066592818997
18137.5,551.3439007580979,0.008101446554370235,-0.04654390461631,-0.02769332144877826,0.007749522514900681,0.02577421884808499,0.620990698580435
18140.0,551.2679162072767,0.008273100803633032,-0.04663592775500224,-0.027695089265442886,0.007912639941983527,0.02602732016402627,0.62630351203344
18142.5,551.1919525974921,0.008446523984301332,-0.046727879828395893,-0.027696197570348066,0.00807748645586264,0.026282788330144226,0.6316443275258043
18145.0,551.1160099200882,0.008621735219197936,-0.04681975521937117,-0.02769663601766806,0.008244081122430266,0.026540648185826705,0.6370123313773954
18147.5,551.0400881664141,0.008798753859898579,-0.04691154820765502,-0.02769639411437898,0.008412443238729753,0.026800924864058943,0.6424066673694202
18150.0,550.9641873278237,0.008977599489743741,-0.04700325296810821,-0.02769546121809469,0.008582592336027635,0.02706364379525898,0.6478264357823386
18152.5,550.8883073956755,0.00915829192689367,-0.04709486356898446,-0.02769382653486832,0.008754548182929199,0.02732883071116697,0.6532706924479403
18155.0,550.8124483613329,0.009340851227426757,-0.0471863739701594,-0.02769147911696097,0.008928330788539142,0.027596511648789138,0.6587384478183405
18157.5,550.7366102161641,0.009525297688481945,-0.04727777802133038,-0.027688407860574124,0.009103960405667596,0.027866712954397438,0.6642286660547767
18160.0,550.6607929515418,0.00971165185144631,-0.04736906946018583,-0.027684601503548914,0.009281457534081506,0.02813946128758514,0.6697402641392437
18162.5,550.5849965588437,0.00989993450518772,-0.047460241910543606,-0.02768004862302693,0.009460842923803564,0.028414783625379872,0.6752721110121279
18165.0,550.5092210294522,0.010090166689333957,-0.047551288880457995,-0.027674737633077005,0.009642137578457792,0.02869270726641455,0.6808230267391484
18167.5,550.4334663547544,0.010282369697598343,-0.04764220376029506,-0.02766865678228327,0.009825362758663947,0.02897325983515725,0.686391781711048
18170.0,550.357732526142,0.010476565081153279,-0.04773297982077476,-0.02766179415129663,0.010010539985479926,0.0292564692862,0.6919770958796069
18172.5,550.2820195350117,0.010672774652051796,-0.047823610210980756,-0.027654137650347445,0.0101976910438948,0.02954236390860912,0.6975776380336889
18175.0,550.2063273727648,0.010871020486698331,-0.047914087956336476,-0.027645675016719294,0.010386837986371005,0.02983097233033636,0.7031920251191474
18177.5,550.1306560308074,0.011071324929368782,-0.04800440595654614,-0.027636393812183836,0.010578003136438549,0.030122323522692163,0.7088188216065539
18180.0,550.05500550055,0.011273710595781581,-0.048094556983502304,-0.027626281420394777,0.010771209092340445,0.03041644680488297,0.7144565389108111
18182.5,549.9793757734085,0.011478200376719499,-0.04818453367915637,-0.027615325044241596,0.010966478730731179,0.030713371848611094,0.7201036348668346
18185.0,549.9037668408029,0.011684817441703757,-0.04827432855335496,-0.0276035117031613,0.011163835210428076,0.031013128682741545,0.7257585132655839
18187.5,549.828178694158,0.01189358524272083,-0.048363933981636964,-0.027590828230408156,0.011363301976217972,0.03131574769803306,0.731419523454807
18190.0,549.7526113249038,0.012104527518002417,-0.048453342202996345,-0.027577261270280838,0.011564902762717063,0.031621259651937086,0.7370849600089598
18192.5,549.6770647244743,0.012317668295860612,-0.0485425453176043,-0.0275627972753059,0.0117686615982888,0.03192969567346443,0.7427530624728172
18195.0,549.6015388843089,0.012533031898577221,-0.04863153528449421,-0.027547422503376506,0.011974602809016488,0.03224108726812037,0.7484220151833519
18197.5,549.526033795851,0.012750642946349686,-0.048720303919206724,-0.02753112301484681,0.012182751022734998,0.032555466322910134,0.7540899471745092
18200.0,549.4505494505495,0.012970526361294012,-0.048808842891394894,-0.02751388466958024,0.012393131173119888,0.03287286511141511,0.7597549321695171
18202.5,549.3750858398572,0.013192707371504601,-0.04889714372238893,-0.027495693123950934,0.012605768503836004,0.03319331629894024,0.7654149886653969
18205.0,549.2996429552321,0.013417211515173343,-0.048985197782718724,-0.027476533827799247,0.012820688572746588,0.03351685294773534,0.7710680801143207
18207.5,549.2242207881368,0.013644064644767742,-0.049072996289594426,-0.027456392021336908,0.013037917256183409,0.03384350852228985,0.7767121152064348
18210.0,549.1488193300385,0.01387329293126941,-0.04916053030434508,-0.027435252732005644,0.01325748075327868,0.0341733168947021,0.7823449482587354
18212.5,549.073438572409,0.01410492286847386,-0.04924779072981193,-0.0274131007712848,0.013479405590359454,0.03450631235012574,0.7879643797144862
18215.0,548.9980785067253,0.014338981277352263,-0.04933476830769854,-0.027389920731449257,0.013703718625407193,0.0348425295922919,0.7935681567575968
18217.5,548.9227391244682,0.014575495310476376,-0.04942145361587511,-0.027365696982275024,0.013930447052580938,0.03518200374911091,0.7991539740462537
18220.0,548.847420417124,0.01481449245650686,-0.049507837065636766,-0.027340413667693745,0.014159618406806348,0.03552477037835253,0.8047194745699454
18222.5,548.7721223761832,0.01505600054474793,-0.049593908898914976,-0.027314054702393883,0.014391260568432694,0.03587086547340667,0.8102622506338657
18225.0,548.6968449931413,0.015300047749766031,-0.04967965918544169,-0.02728660376836756,0.014625401767956235,0.03622032546912636,0.8157798449744676
18227.5,548.621588259498,0.015546662596076845,-0.04976507781986427,-0.027258044311403086,0.01486207059081282,0.03657318724775264,0.8212697520097166
18230.0,548.5463521667581,0.01579587396289957,-0.049850154518811834,-0.027228359537521892,0.015101295982240947,0.03692948814492358,0.8267294192273392
18232.5,548.4711367064308,0.01604771108897985,-0.04993487881791038,-0.027197532409358655,0.015343107252214378,0.03728926595576909,0.8321562487140665
18235.0,548.3959418700301,0.01630220357748301,-0.05001924006874746,-0.027165545642483684,0.01558753408044824,0.03765255894109089,0.8375475988285596
18237.5,548.3207676490747,0.016559381400958174,-0.05010322743578539,-0.027132381701667145,0.0158346065214766,0.038019405833630567,0.8429007860203522
18240.0,548.2456140350877,0.016819274906374117,-0.05018682989321904,-0.027098022797084228,0.016084355009805328,0.03838984584442677,0.8482130867967652
18242.5,548.1704810195971,0.017081914820228014,-0.05027003622178318,-0.027062450880458305,0.016336810365139114,0.038763918669261176,0.8534817398393308
18245.0,548.0953685941354,0.017347332253729152,-0.05035283500550211,-0.027025647641144977,0.01659200379768554,0.03914166449519689,0.8587039482708316
18247.5,548.0202767502398,0.01761555870805665,-0.05043521462838441,-0.02698759450215172,0.016849966913536123,0.03952312400720826,0.8638768820735738
18250.0,547.945205479452,0.017886626079694424,-0.0505171632710621,-0.026948272616095136,0.01711073172012609,0.03990833839490517,0.868997680659018
18252.5,547.8701547733187,0.018160566665843314,-0.05059866890736936,-0.026907662861093192,0.017374330631773773,0.04029734935935205,0.8740634555883561
18255.0,547.7951246233908,0.018437413169911383,-0.05067971930086473,-0.026865745836591723,0.01764079647530089,0.040690199119983075,0.8790712934430661
18257.5,547.7201150212242,0.01871719870708482,-0.05076030200129241,-0.026822501859124978,0.017910162495735127,0.0410869304216151,0.8840182588438861
18260.0,547.645125958379,0.018999956809978753,-0.05084040434098277,-0.02677791095800779,0.01818246236209595,0.04148758654155979,0.8889013976160454
18262.5,547.5701574264202,0.01928572143437119,-0.05092001343119002,-0.02673195287095893,0.018457730173264505,0.041892211296835784,0.8937177400979546
18265.0,547.4952094169176,0.01957452696501908,-0.050999116158368385,-0.026684607039654407,0.018736000463939907,0.042300849051482584,0.898464304589912
18267.5,547.4202819214452,0.019866408221560102,-0.051077699180383004,-0.02663585260520996,0.019017308210682423,0.04271354472397739,0.9031381009387073
18270.0,547.3453749315818,0.020161400464499137,-0.051155748922654405,-0.02658566840359029,0.019301688838044718,0.04313034379475709,0.9077361342533343
18272.5,547.2704884389109,0.020459539401282645,-0.051233251574238886,-0.0265340329609456,0.019589178224792562,0.04355129231384461,0.912255408746323
18275.0,547.1956224350205,0.02076086119246054,-0.05131019308383868,-0.026480924488873257,0.01987981271021717,0.043976436908584084,0.9166929316945136
18277.5,547.1207769115032,0.02106540245793811,-0.051386559155744645,-0.026426320879602724,0.02017362910053905,0.044405824791483826,0.9210457175123782
18280.0,547.0459518599563,0.021373200283318534,-0.05146233524570845,-0.026370199701103554,0.020470664675405616,0.044839503768169475,0.9253107919303248
18282.5,546.9711472719814,0.021684292226337595,-0.051537506556742656,-0.026312538192115483,0.020770957194484446,0.045277522245448946,0.929485196269686
18285.0,546.8963631391852,0.021998716323392103,-0.05161205803484918,-0.02625331325709781,0.021074544904151258,0.045719929239490226,0.9335659918054497
18287.5,546.8215994531784,0.022316511096162697,-0.05168597436467305,-0.02619250146109749,0.021381466544277396,0.04616677438411386,0.9375502642070911
18290.0,546.7468562055768,0.022637715558333358,-0.051759239965080604,-0.026130079024535607,0.02169176135511529,0.04661810793920108,0.9414351280472315
18292.5,546.6721333880006,0.022962369222408095,-0.051831838984661885,-0.026066021817909436,0.022005469084284718,0.04707398079921986,0.9452177313672121
18295.0,546.5974309920744,0.023290512106626873,-0.05190375529715466,-0.026000305356408654,0.02232262999386146,0.04753444450186952,0.9488952602880928
18297.5,546.5227490094276,0.02362218474198182,-0.0519749724967881,-0.025932904794446147,0.022643284867568968,0.047999551236846315,0.9524649436550032
18300.0,546.448087431694,0.023957428179335195,-0.05204547389354784,-0.0258637949200996,0.02296747501807499,0.04846935385473103,0.9559240577022635
18302.5,546.3734462505122,0.024296283996640956,-0.052115242508355634,-0.025792950149463933,0.023295242294395183,0.04894390587599941,0.9592699307262135
18305.0,546.2988254575253,0.024638794306270473,-0.052184261068168536,-0.025720344520912944,0.023626629089403915,0.04942326150015883,0.9624999477522543
18307.5,546.2242250443808,0.024985001762445246,-0.05225251200099115,-0.02564595168926806,0.0239616783474551,0.049907475615011195,0.9656115551822351
18310.0,546.1496450027307,0.025334949568776483,-0.05231997743080061,-0.025569744919872853,0.024300433572114095,0.0503966038060438,0.9686022654079961
18312.5,546.0750853242321,0.02568868148591487,-0.05238663917238503,-0.025491697082572852,0.02464293883400184,0.05089070236595076,0.971469661376624
18315.0,546.000546000546,0.02604624183931005,-0.05245247872609046,-0.02541178064559643,0.02498923877875363,0.05138982830428542,0.9742114010927908
18317.5,545.9260270233383,0.02640767552708341,-0.05251747727247779,-0.025329967669339364,0.02533937863509356,0.05189403935724558,0.9768252220434086
18320.0,545.8515283842795,0.026773028028014165,-0.052581615666885656,-0.02524622980004678,0.02569340422302624,0.05240339399759447,0.9793089455298096
18322.5,545.7770500750444,0.027142345409641045,-0.05264487443389813,-0.025160538263394174,0.026051361962147707,0.0529179514447165,0.9816604808926601
18325.0,545.7025920873124,0.027515674336481232,-0.05270723376171838,-0.025072863857964044,0.02641329888007713,0.053437771674811806,0.983877829614936
18327.5,545.6281544127677,0.02789306207836753,-0.05276867349644119,-0.02498317694861806,0.026779262621011254,0.053962915431230954,0.9859590892884545
18330.0,545.5537370430987,0.02827455651890662,-0.05282917313622777,-0.024891447459761115,0.027149301454401965,0.054493444234948514,0.9879024574297284
18332.5,545.4793399699986,0.028660206164058386,-0.05288871182537824,-0.024797644868496536,0.027523464283760797,0.05502942039518187,0.9897062351312365
18335.0,545.404963185165,0.029050060150839767,-0.05294726834830029,-0.024701738197672074,0.027901800655590243,0.05557090702015312,0.9913688305346229
18337.5,545.3306066803,0.02944416825615287,-0.05300482112337322,-0.02460369600881048,0.02828436076844463,0.056117968027996894,0.9928887621128324
18340.0,545.2562704471102,0.029842580905741503,-0.05306134819670471,-0.024503486394928678,0.028671195482121974,0.056670668157816684,0.9942646617487689
18342.5,545.1819544773068,0.030245349183274716,-0.05311682723577809,-0.024401076973239174,0.029062356326988725,0.05722907298088916,0.9954952775986864
18345.0,545.1076587626056,0.030652524839562535,-0.05317123552298907,-0.02429643487773341,0.029457895513439032,0.057793248912020596,0.9965794767292635
18347.5,545.0333832947268,0.03106416030190255,-0.05322454994906956,-0.024189526751645627,0.029857865941490182,0.058363263221055256,0.9975162475180895
18350.0,544.9591280653951,0.031480308683561074,-0.05327674700639607,-0.02408031873979433,0.030262321210516984,0.05893918404453789,0.9983047018081126
18352.5,544.8848930663397,0.031901023793390076,-0.053327802782182264,-0.023968776480800123,0.030671315629125062,0.05952108039753183,0.9989440768075559
18355.0,544.8106782892945,0.03232636014558105,-0.053377692951550135,-0.023854865099176947,0.03108490422516776,0.06010902218559523,0.9994337367277162
18357.5,544.7364837259976,0.03275637296955896,-0.0534263927704834,-0.023738549197296042,0.03150314275590451,0.06070308021691508,0.9997731741521054
18360.0,544.6623093681917,0.03319111822001677,-0.053473877068654176,-0.023619792847219157,0.03192608771830718,0.061303326214603,0.999962011131433
18362.5,544.5881552076243,0.03363065258709285,-0.05352012024212639,-0.02349855958240012,0.032353796359512486,0.061909832829151974,1.0
18365.0,544.5140212360468,0.034075033506693775,-0.05356509624593113,-0.023374812389252146,0.03278632668742454,0.06252267365105782,0.9998870239102153
18367.5,544.4399074452157,0.03452431917096275,-0.05360877858651113,-0.02324851369857744,0.03322373748146816,0.06314192322360543,0.9996230970830663
18370.0,544.3658138268917,0.03497856853889763,-0.053651140314033396,-0.023119625376859368,0.03366608830349609,0.06376765705582126,0.9992083647735165
18372.5,544.2917403728399,0.035437841347118276,-0.053692154014568665,-0.022988108717413667,0.03411343950885136,0.06439995163559553,0.9986431029509842
18375.0,544.2176870748299,0.03590219812078688,-0.05373179180213097,-0.022853924431395455,0.03456585225758637,0.06503888444297264,0.9979277176961889
18377.5,544.143653924636,0.03637170018468173,-0.053770025310581095,-0.02271703263866214,0.03502338852584137,0.06568453396361391,0.9970627443168119
18380.0,544.069640914037,0.036846409674427864,-0.05380682568538532,-0.02257739285848678,0.03548611111738452,0.0663369797024325,0.9960488461855471
18382.5,543.9956480348158,0.03732638954788471,-0.05384216357523183,-0.022434964000122817,0.0359540836753142,0.06699630219740302,0.9948868133052198
18385.0,543.9216752787598,0.03781170359669395,-0.053876009123500115,-0.022289704353216182,0.03642737069392697,0.06766258303354583,0.9935775606067354
18387.5,543.8477226376615,0.03830241645798945,-0.05390833195957885,-0.022141571578060695,0.03690603753075245,0.06833590485708912,0.9921221259866685
18390.0,543.773790103317,0.03879859362627006,-0.053939101190034686,-0.02199052269569769,0.037390150418757116,0.0690163513898082,0.9905216680922733
18392.5,543.6998776675275,0.039300301465439044,-0.053968285389624386,-0.02183651407785566,0.037879776478719304,0.06970400744354562,0.9887774638626797
18395.0,543.6259853220984,0.03980760722100971,-0.05399585259214959,-0.021679501436726093,0.03837498373177721,0.07039895893491081,0.9868909058359053
18397.5,543.5521130588395,0.040320579032482,-0.05402177028115263,-0.021519439814575887,0.038875841112152164,0.07110129290016223,0.9848634992321526
18400.0,543.4782608695652,0.04083928594588881,-0.054046005380447515,-0.02135628357319053,0.03938241848004836,0.07181109751027252,0.9826968588246405
18402.5,543.4044287460943,0.041363797926517266,-0.054068524244486924,-0.021189986383148722,0.03989478663473236,0.07252846208617761,0.9803927056099027
18405.0,543.3306166802499,0.04189418587180407,-0.0540892926485599,-0.021020501212922114,0.04041301732779326,0.07325347711421223,0.9779528632901193
18407.5,543.2568246638598,0.04243052162440812,-0.05410827577881577,-0.02084778031780087,0.04093718327658659,0.07398623426172972,0.9753792545806009
18410.0,543.1830526887561,0.04297287798546315,-0.05412543822211757,-0.020671775228641078,0.04146735817786179,0.07472682639291049,0.9726738973560239
18412.5,543.1093007467753,0.043521328728010004,-0.05414074395571376,-0.020492436740428797,0.042003616721578284,0.07547534758475857,0.9698389006494031
18415.0,543.0355688297584,0.04407594861061297,-0.05415415633673183,-0.020309714900662787,0.042546034604910604,0.07623189314328568,0.9668764605181129
18417.5,542.9618569295507,0.044636813391160074,-0.05416563809148625,-0.02012355899754948,0.043094688546442675,0.07699655961988693,0.963788855791514
18420.0,542.8881650380022,0.04520399984085087,-0.05417515130460057,-0.019933917548006608,0.04364965630055782,0.07776944482790404,0.9605784437148832
18422.5,542.814493146967,0.045777585758372014,-0.05418265740793838,-0.019740738285477722,0.04421101667202099,0.07855064785938226,0.9572476555044552
18425.0,542.7408412483039,0.046357649984263595,-0.05418811716934213,-0.01954396814754758,0.044778849530760216,0.0793402691020168,0.95379899182836
18427.5,542.667209333876,0.04694427241547804,-0.05419149068117199,-0.019343553263361027,0.045353235826845376,0.08013841025628998,0.9502350182282049
18430.0,542.5935973955508,0.04753753402013253,-0.054192737348648025,-0.01913943894084121,0.045934257605667696,0.08094517435280353,0.9465583604958786
18432.5,542.5200054252001,0.048137516852457714,-0.05419181587798541,-0.018931569653699406,0.046521998023322596,0.08176066576979917,0.942771700019985
18435.0,542.4464334147003,0.04874430406794382,-0.05418868426432561,-0.018719889028242082,0.047116541362196576,0.08258499025087383,0.9388777691159971
18437.5,542.3728813559322,0.04935797993868634,-0.05418329977945335,-0.018504339829963183,0.04771797304675987,0.08341825492288615,0.9348793463539411
18440.0,542.2993492407809,0.0499786298689328,-0.054175618959301806,-0.018284863949925442,0.04832637965956794,0.08426056831405493,0.9307792518969847
18442.5,542.225837061136,0.05060634041083238,-0.05416559759123904,-0.018061402390921917,0.04894184895747186,0.08511204037224869,0.9265803428638918
18445.0,542.1523448088913,0.05124119928038989,-0.05415319070113153,-0.017833895253419267,0.04956446988804073,0.08597278248346697,0.9222855087277994
18447.5,542.0788724759452,0.051883295373625724,-0.054138352540184294,-0.017602281721276567,0.0501943326061974,0.08684290749051185,0.9178976667632562
18450.0,542.0054200542005,0.05253271878294401,-0.054121036571549375,-0.01736650004723703,0.050831528491069,0.08772252971184982,0.9134197575528745
18452.5,541.9319875355643,0.05318956081370903,-0.05410119545670412,-0.017126487538190325,0.051476150163052806,0.08861176496066106,0.9088547405643539
18455.0,541.8585749119479,0.05385391400103343,-0.054078781041588385,-0.01688218054020011,0.05212829150110183,0.08951073056407796,0.9042055898080019
18457.5,541.7851821752676,0.054525872126777016,-0.054053744342505,-0.016633514423296504,0.05278804766022812,0.0904195453826095,0.8994752895842247
18460.0,541.7118093174431,0.055205530236760794,-0.054026035531771335,-0.016380423566026082,0.05345551508922869,0.09133832982975064,0.8946668303297722
18462.5,541.6384563303994,0.05589298465819409,-0.053995603923124,-0.0161228413397597,0.05413079154863192,0.09226720589177508,0.8897832045708635
18465.0,541.5651232060656,0.05658833301731879,-0.05396239795686971,-0.01586070009275286,0.05481397612886874,0.09320629714771021,0.8848274029905926
18467.5,541.4918099363747,0.05729167425727023,-0.05392636518477795,-0.015593931133954452,0.055505169268668345,0.09415572878949016,0.8798024106173369
18470.0,541.4185165132648,0.05800310865615641,-0.053887452254712434,-0.015322464716562225,0.0562044727736788,0.0951156276422874,0.8747112031401757
18472.5,541.3452429286777,0.058722737845356726,-0.05384560489499552,-0.015046230021320103,0.05691198983531705,0.09608612218501798,0.8695567433566422
18475.0,541.2719891745602,0.05945066482804056,-0.05380076789850385,-0.014765155139554264,0.057627825049843845,0.09706734257101937,0.8643419777574308
18477.5,541.198755242863,0.06018699399790759,-0.053752885106487194,-0.014479167055944655,0.05835208443767029,0.09805942064889596,0.8590698332520152
18480.0,541.1255411255411,0.06093183115814878,-0.053701899392108725,-0.01418819163102654,0.05908487546289225,0.09906248998353119,0.85374321403846
18482.5,541.0523468145543,0.06168528354063136,-0.053647752643700794,-0.013892153583421324,0.059826307053055895,0.10007668587726029,0.8483649986200729
18485.0,540.9791723018664,0.06244745982530554,-0.053590385747733095,-0.013590976471792391,0.06057648961915448,0.10110214539120164,0.8429380369709043
18487.5,540.9060175794456,0.06321847015983524,-0.053529738571486095,-0.013284582676517161,0.06133553507585551,0.10213900736674146,0.8374651478515165
18490.0,540.8328826392644,0.06399842617945273,-0.05346574994542793,-0.012972893381082668,0.062103556861960854,0.10318741244716684,0.8319491162758416
18492.5,540.7597674733,0.06478744102703692,-0.053398357645287,-0.01265582855318739,0.06288066996109838,0.10424750309944429,0.8263926911294213
18495.0,540.6866720735334,0.06558562937341571,-0.05332749837381886,-0.012333306925557133,0.06366699092264508,0.10531942363613515,0.8207985829387715
18497.5,540.6135964319502,0.06639310743789226,-0.053253107742258846,-0.012005245976465385,0.06446263788288313,0.10640332023744517,0.815169461791139
18500.0,540.5405405405405,0.06720999300899512,-0.0531751202514576,-0.011671561909953809,0.06526773058638675,0.10749934097340119,0.8095079554034283
18502.5,540.4675043912985,0.06803640546545131,-0.0530934692726957,-0.011332169635754612,0.06608239040764127,0.108607635826147,0.803816647338672
18505.0,540.3944879762226,0.06887246579738236,-0.05300808702816814,-0.010986982748903128,0.06690674037289278,0.10972835671235422,0.7980980753679776
18507.5,540.321491287316,0.06971829662772201,-0.052918904571139715,-0.01063591350904444,0.06774090518222664,0.11086165750573791,0.792354729975544
18510.0,540.2485143165857,0.07057402223385487,-0.05282585176575854,-0.010278872819426126,0.06858501123187705,0.11200769405967118,0.7865890530039654
18512.5,540.1755570560432,0.07143976856947605,-0.0527288572665299,-0.009915770205572732,0.06943918663676307,0.11316662422988914,0.7808034364367652
18515.0,540.1026194977046,0.07231566328666736,-0.05262784849744112,-0.009546513793642505,0.07030356125325166,0.11433860789727418,0.7750002213147869
18517.5,540.0297016335899,0.07320183575819234,-0.052522751630732396,-0.009171010288456936,0.07117826670214586,0.11552380699071181,0.7691816967828415
18520.0,539.9568034557235,0.07409841710000542,-0.05241349156530817,-0.00878916495120551,0.0720634363918959,0.11672238551000923,0.7633500992627881
18522.5,539.8839249561345,0.07500554019397497,-0.052299991904786236,-0.008400881576816208,0.07295920554203217,0.11793450954886298,0.757507611749017
18525.0,539.8110661268556,0.07592333971081633,-0.052182174935175324,-0.008006062470993098,0.0738657112068149,0.11916034731786744,0.751656363222157
18527.5,539.7382269599244,0.07685195213323467,-0.052059961602179045,-0.007604608426913179,0.07478309229910322,0.12040006916755128,0.7457984281766863
18530.0,539.6654074473827,0.07779151577927207,-0.05193327148811687,-0.007196418701581692,0.07571148961443447,0.12165384761142727,0.7399358262580032
18532.5,539.5926075812762,0.0787421708258572,-0.05180202278846234,-0.006781390991841698,0.07665104585531572,0.12292185734904518,0.7340705220044405
18535.0,539.5198273536553,0.07970405933255556,-0.0516661322879857,-0.006359421410034284,0.07760190565572075,0.1242042752890333,0.7282044246896356
18537.5,539.4470667565745,0.08067732526551293,-0.05152551533650183,-0.0059304044593041,0.07856421560579009,0.1255012805721107,0.7223393882606203
18540.0,539.3743257820928,0.0816621145215919,-0.05138008582421286,-0.005494233008551025,0.07953812427672992,0.12681305459405923,0.71647721136698
18542.5,539.3016044222732,0.08265857495269352,-0.05122975615664458,-0.005050798267019537,0.08052378224590477,0.12813978102863574,0.7106196374764259
18545.0,539.2289026691831,0.08366685639026283,-0.05107443722916553,-0.004599989758526823,0.08152134212211878,0.12948164585040792,0.7047683550721345
18547.5,539.1562205148942,0.08468711066996958,-0.050914038401086874,-0.004141695295323854,0.08253095857108196,0.1308388373574964,0.6989249979272437
18550.0,539.0835579514825,0.08571949165656136,-0.050748467469337505,-0.0036758009515869172,0.08355278834105369,0.13221154619420336,0.6930911454519422
18552.5,539.0109149710281,0.08676415526888161,-0.050577630641704216,-0.0032021910365365555,0.08458699028865774,0.1335999653735074,0.6872683231086398
18555.0,538.9382915656157,0.08782125950504616,-0.050401432509637765,-0.0027207480671801007,0.08563372540486258,0.13500429029940417,0.6814580028907944
18557.5,538.8656877273339,0.08889096446777243,-0.050219776020612325,-0.0022313527406780365,0.086693156841121,0.13642471878907014,0.675661603861034
18560.0,538.7931034482758,0.08997343238985195,-0.05003256245003744,-0.0017338839063261598,0.08776544993565769,0.13786145109482656,0.6698804927443288
18562.5,538.7205387205387,0.0910688276597608,-0.04983969137271431,-0.0012282185371555302,0.0888507722399018,0.1393146899258787,0.6641159845720525
18565.0,538.647993536224,0.09217731684739722,-0.04964106063383106,-0.0007142317011448782,0.08994929354505021,0.1407846404698058,0.6583693433728915
18567.5,538.5754678874378,0.0932990687299386,-0.04943656631949102,-0.00019179653204564093,0.09106118590875775,0.14227151041377345,0.6526417829066815
18570.0,538.5029617662897,0.09443425431780812,-0.049226102726769895,0.0003392158001873448,0.09218662368193971,0.14377550996544125,0.6469344674373572
18572.5,538.4304751648943,0.0955830468807406,-0.04900956233329124,0.0008789361193559207,0.09332578353567857,0.14529685187353644,0.641248512541355
18575.0,538.3580080753701,0.09674562197393724,-0.04878683576632267,0.0014274972733751411,0.09447884448822472,0.14683575144806196,0.6355849859479118
18577.5,538.2855604898399,0.09792215746429676,-0.04855781177137666,0.00198503416502767,0.09564598793207599,0.14839242658010593,0.6299449084078607
18580.0,538.2131324004306,0.09911283355671208,-0.04832237718032055,0.0025516837831160424,0.09682739766112632,0.14996709776122202,0.6243292545876439
18582.5,538.1407237992735,0.100317832820418,-0.0480804168789833,0.003127585234017364,0.09802325989786999,0.15155998810233962,0.6187389539854182
18585.0,538.0683346785041,0.1015373402153789,-0.0478318137742551,0.0037128797736369836,0.09923376332064497,0.15317132335217296,0.6131748918662461
18587.5,537.9959650302623,0.10277154311869818,-0.04757644876067508,0.004307710839767011,0.10045909909090359,0.15480133191508585,0.6076379102135274
18590.0,537.9236148466917,0.10402063135103795,-0.047314200686502716,0.004912224084848268,0.10169946088049173,0.15645024486837358,0.6021288086939479
18592.5,537.8512841199408,0.10528479720303036,-0.04704494631926223,0.005526567409134904,0.10295504489892428,0.15811829597891977,0.5966483456333667
18595.0,537.7789728421619,0.10656423546166477,-0.04676856031076331,0.006150890994265507,0.1042260499206322,0.15980572171918278,0.5911972390011998
18597.5,537.7066810055115,0.10785914343663242,-0.046484915161584,0.006785347337236048,0.10551267731217084,0.16151276128246617,0.5857761674009897
18600.0,537.6344086021505,0.10916972098660949,-0.04619388118501735,0.007430091284780144,0.1068151310593636,0.16323965659742595,0.5803857710649837
18602.5,537.562155624244,0.11049617054545897,-0.045895326470473084,0.008085280068150869,0.10813361779436341,0.1649866523417617,0.5750266528506734
18605.0,537.4899220639613,0.11183869714833093,-0.045589116846329256,0.008751073338304886,0.10946834682261015,0.16675399595504178,0.5696993792373745
18607.5,537.4177079134757,0.11319750845763715,-0.04527511584223452,0.009427633201489607,0.11081953014965995,0.16854193765060704,0.5644044813210477
18610.0,537.345513164965,0.11457281478887951,-0.044953184650846356,0.01011512425522997,0.11218738250786409,0.17035073042649312,0.5591424558056842
18612.5,537.2733378106111,0.11596482913630556,-0.04462318208901173,0.010813713624711086,0.11357212138286873,0.1721806300753167,0.5539137659896934
18615.0,537.2011818426,0.1173737671983673,-0.044284964558379214,0.011523570999559628,0.11497396703991614,0.17403189519305898,0.5487188427458439
18617.5,537.1290452531221,0.11879984740295446,-0.04393838600543777,0.01224486867101524,0.1163931425499104,0.1759047871866844,0.5435580854934189
18620.0,537.0569280343716,0.12024329093237596,-0.04358329788098579,0.01297778156949135,0.11782987381522539,0.17779957028052487,0.538431863161346
18622.5,536.9848301785474,0.12170432174805851,-0.04321954909901729,0.013722487302524235,0.1192843895952207,0.1797165115213624,0.5333405151411772
18625.0,536.9127516778524,0.12318316661493159,-0.04284698599502614,0.014479166193099791,0.1207569215314356,0.18165588078213177,0.5282843522288684
18627.5,536.8406925244933,0.12468005512546626,-0.04246545228372926,0.015248001318359863,0.12224770417242514,0.18361795076417317,0.5232636575544272
18630.0,536.7686527106817,0.1261952197233338,-0.04207478901619688,0.016029178548677248,0.12375697499820369,0.18560299699794905,0.51827868749856
18632.5,536.6966322286328,0.12772889572664783,-0.041674834536396234,0.016822886587098827,0.12528497444426073,0.18761129784214878,0.5133296725955587
18635.0,536.6246310705661,0.12928132135075307,-0.04126542443713834,0.017629317009145645,0.12683194592510627,0.18964313448108872,0.5084168184217285
18637.5,536.5526492287056,0.13085273773051992,-0.04084639151543277,0.01844866430296372,0.12839813585730955,0.1916987909203229,0.5035403064687453
18640.0,536.480686695279,0.1324433889421069,-0.04041756572724517,0.019281125909822165,0.12998379368198335,0.19377855398037078,0.49870029500140106
18642.5,536.4087434625185,0.1340535220241433,-0.03997877414165457,0.02012690226494181,0.13158917188667638,0.19588271328846185,0.4938969198992662
18645.0,536.3368195226602,0.13568338699829127,-0.039529840894415046,0.02098619683865462,0.1332145260266188,0.19801156126820055,0.4891302954818574
18647.5,536.2649148679448,0.13733323688913837,-0.03907058714091614,0.02185921617787532,0.13486011474527868,0.20016539312704457,0.4844005153169682
18650.0,536.1930294906166,0.1390033277433704,-0.038600831008543696,0.022746169947879875,0.13652619979417605,0.2023445068414893,0.4797076530118738
18652.5,536.1211633829246,0.1406939186481752,-0.03812038754844242,0.02364727097437744,0.1382130460518998,0.2045492031398436,0.47505176298717366
18655.0,536.0493165371214,0.1424052717488227,-0.037629068686680804,0.024562735285861243,0.13992092154227548,0.20677978548248227,0.4704328812330907
18657.5,535.9774889454643,0.14413765226536432,-0.03712668317481796,0.025492782156228945,0.14165009745162105,0.20903656003945145,0.46585102604809037
18660.0,535.9056806002144,0.14589132850839368,-0.036613036539877346,0.02643763414765382,0.1434008481450358,0.21131983566530257,0.4613061987597301
18662.5,535.833891493637,0.14766657189380925,-0.03608793103372717,0.027397517153693922,0.1451734511816522,0.21362992387102123,0.4567983844276872
18665.0,535.7621216180016,0.14946365695651045,-0.03555116558187407,0.028372660442621152,0.14696818732879,0.215967138792918,0.45232755252895607
18667.5,535.6903709655819,0.15128286136296726,-0.035002535731669275,0.029363296700953265,0.14878534057494347,0.21833179715833798,0.4478936576252378
18670.0,535.6186395286556,0.15312446592258613,-0.03444183359993601,0.030369662077168492,0.1506251981415232,0.22072421824804403,0.44349664001257927
18672.5,535.5469272995047,0.15498875459780703,-0.03386884782002181,0.031391996225586055,0.15248805049328862,0.22314472385512246,0.43913642635335337
18675.0,535.475234270415,0.1568760145128505,-0.033283363488281134,0.03243054235038681,0.15437419134737976,0.22559363824025228,0.4348129302906892
18677.5,535.4035604336768,0.15878653596104006,-0.032685162109996925,0.033485547249752,0.1562839176808799,0.22807128808317698,0.4305260530455013
18680.0,535.3319057815846,0.16072061241061464,-0.0320740215447465,0.03455726136010069,0.15821752973681424,0.2305780024302115,0.4262756839962772
18682.5,535.2602703064365,0.16267854050894778,-0.03144971595122273,0.035645938800393635,0.16017533102849957,0.2331141126376064,0.422061701241812
18685.0,535.1886540005352,0.16466062008508434,-0.030812015731518604,0.03675183741648011,0.16215762834215516,0.23567995231059094,0.4178839721470942
18687.5,535.1170568561873,0.1666671541505006,-0.030160687474885952,0.03787521882545841,0.16416473173767476,0.23827585723791056,0.4137423538725667
18690.0,535.0454788657036,0.16869844889799365,-0.029495493900980375,0.03901634846001915,0.16619695454746278,0.2409021653216588,0.4096366938869997
18692.5,534.973920021399,0.17075481369859746,-0.028816193802605923,0.04017549561273942,0.16825461337322692,0.2435592165022106,0.4055668304642282
18695.0,534.9023803155924,0.17283656109642279,-0.028122541987969284,0.041352933480293015,0.17033802808062737,0.24624735267804768,0.40153259316401957
18697.5,534.830859740607,0.17494400680131145,-0.02741428922246575,0.0425489392075432,0.1724475217916572,0.24896691762026052,0.39753380329734334
18700.0,534.75935828877,0.1770774696791927,-0.02669118217000567,0.04376379393147567,0.17458342087465056,0.2517182568815103,0.3935702743763317
18702.5,534.6878759524128,0.17923727174002377,-0.025952963333904223,0.04499778282493712,0.1767460549317866,0.25450171769921875,0.38964181254921987
18705.0,534.6164127238707,0.1814237381231931,-0.025199370997351457,0.04625119514013464,0.17893575678396814,0.2573176488927547,0.3857482170205668
18707.5,534.544968595483,0.18363719708025872,-0.024430139163483112,0.04752432425184818,0.1811528624529439,0.2601664007543716,0.3818892804570614
18710.0,534.4735435595938,0.1858779799548913,-0.023644997495075256,0.048817467700318314,0.1833977111405334,0.263048324933647,0.37806478937922405
18712.5,534.4021376085504,0.18814642115988411,-0.02284367125388658,0.05013092723375209,0.18567064520481777,0.2659637743151651,0.3742745245393147
18715.0,534.3307507347048,0.19044285815108827,-0.022025881239670832,0.05146500885039723,0.18797201013314777,0.26891310288917736,0.37051826128576487
18717.5,534.2593829304127,0.19276763139812603,-0.021191343728889908,0.052820022840133415,0.1903021545118141,0.27189666561496606,0.36679576991445073
18720.0,534.1880341880342,0.19512108435172926,-0.02033977041315575,0.054196283825523106,0.19266142999222502,0.27491481827662817,0.36310681600712497
18722.5,534.1167044999332,0.19750356340754402,-0.01947086833742951,0.05559411080225619,0.19505019125342374,0.2779679173309891,0.359451160757326
18725.0,534.045393858478,0.19991541786623768,-0.01858433983801605,0.057013827178935425,0.19746879596077968,0.2810563197473491,0.35582856128408386
18727.5,533.9741022560406,0.20235699988973654,-0.01767988248038025,0.058455760816128986,0.19991760472066883,0.28418038283875047,0.3522387709337388
18730.0,533.9028296849973,0.20482866445341927,-0.01675718899683274,0.05992024406462553,0.20239698103096984,0.28734046408445313,0.3486815395701869
18732.5,533.8315761377286,0.207330769294081,-0.015815947224116667,0.06140761380281663,0.20490729122717774,0.290536920943294,0.34515661385386925
18735.0,533.7603416066187,0.20986367485347868,-0.01485584004093921,0.06291821147313183,0.20744890442394345,0.2937701106575909,0.34166373750981194
18737.5,533.689126084056,0.21242774421726318,-0.01387654530549485,0.06445238311745086,0.21002219245183418,0.29704039004725796,0.33820265158502566
18740.0,533.6179295624333,0.2150233430490911,-0.012877735793024129,0.06601047941140208,0.21262752978910057,0.30034811529377187,0.33477309469557054
18742.5,533.546752034147,0.21765083951970965,-0.011859079133460898,0.06759285569746669,0.21526529348824083,0.30369364171363505,0.33137480326358343
18745.0,533.4755934915978,0.22031060423079316,-0.010820237749214251,0.06919987201679488,0.21793586309712418,0.30707732352096606,0.3280075117445667
18747.5,533.4044539271903,0.2230030101333092,-0.00976086879315198,0.07083189313964072,0.22063962057445058,0.3104995135788382,0.32467095284522823
18750.0,533.3333333333334,0.2257284324401778,-0.008680624086829895,0.07248928859431508,0.22337695019930018,0.3139605631389802,0.32136485773216183
18752.5,533.2622317024396,0.2284872485329871,-0.007579150059041767,0.07417243269455004,0.22614823847452104,0.3174608215694467,0.3180889562316483
18755.0,533.1911490269262,0.23127983786251222,-0.0064560876847465825,0.07588170456517437,0.22895387402370457,0.32100063606985074,0.3148429770208564
18757.5,533.1200852992137,0.23410658184278452,-0.005311072424445816,0.07761748816597618,0.2317942474814728,0.3245803513737531,0.3116266478107142
18760.0,533.0490405117271,0.23696786373844214,-0.004143734164082972,0.07938017231364283,0.23466975137680965,0.32820030943778183,0.30843969552071904
18762.5,532.9780146568954,0.2398640685450909,-0.002953697155538174,0.08117015070165182,0.23758078000914945,0.33186084911705804,0.30528184644594625
18765.0,532.9070077271516,0.24279558286239203,-0.001740579957802721,0.08298782191797939,0.24052772931693006,0.33556230582649166,0.3021528264165144
18767.5,532.8360197149327,0.24576279475958443,-0.0005039953789140526,0.08483358946050217,0.2435109967383084,0.3393050111875052,0.2990523609497546
18770.0,532.7650506126798,0.24876609363314217,0.0007564495812606908,0.08670786174994244,0.24653098106372578,0.34308929265973187,0.29598017539533056
18772.5,532.6941004128379,0.25180587005625854,0.002041153787290862,0.08861105214021496,0.2495880822800078,0.3469154731572357,0.29293599507354884
18775.0,532.6231691078561,0.2548825156198353,0.0033505220234193354,0.09054357892602476,0.25268270140565907,0.3507838706487888,0.2899195454070902
18777.5,532.5522566901877,0.2579964227646519,0.004684965047646953,0.09250586534755247,0.2558152403170209,0.3546947977417336,0.28693055204639184
18780.0,532.4813631522896,0.2611479846043744,0.006044899644568835,0.09449833959206859,0.2589861015649372,0.35864856124896494,0.28396874098890135
18782.5,532.4104884866232,0.2643375947390595,0.0074307486768539184,0.09652143479229876,0.2621956881815702,0.36264546173853834,0.2810338386924191
18785.0,532.3396326856534,0.2675656470587941,0.008842941135232511,0.09857558902136569,0.2654444034769956,0.3666857930654399,0.2781255721827391
18787.5,532.2687957418497,0.2708325355371056,0.010281912186893175,0.10066124528411716,0.2687326508251969,0.3707698418850155,0.27524366915579274
18790.0,532.197977647685,0.27413865401376464,0.011748103222134525,0.10277885150465293,0.27206083343906723,0.3748978871475794,0.2723878580744977
18792.5,532.1271783956365,0.2774843959665947,0.013241961899156192,0.10492886050984317,0.2754293541340207,0.3790701995737112,0.2695578682605011
18795.0,532.0563979781857,0.2808701542718935,0.014763942186836975,0.10711173000863332,0.2788386150797985,0.3832870411097496,0.26675342998101037
18797.5,531.9856363878175,0.2842963209530554,0.0163145044053544,0.10932792256691451,0.28228901754005137,0.3875486643629886,0.26397427453088956
18800.0,531.9148936170212,0.287763286916984,0.01789411526449187,0.1115779055777392,0.28578096159926497,0.39185531201609775,0.26122013431020513
18802.5,531.8441696582901,0.2912714416778636,0.019503247899476574,0.1138621512266413,0.2893148458765876,0.39620721622026983,0.2584907428973878
18805.0,531.7734645041212,0.2948211730678587,0.021142381904165387,0.1161811364518246,0.2928910672261077,0.4006045979666178,0.25578583511818037
18807.5,531.7027781470158,0.2984128669342905,0.02281200336142174,0.11853534289895758,0.29651002042311586,0.40504766643535184,0.25310514711053567
18810.0,531.632110579479,0.30204690682283913,0.024512604870483283,0.1209252568703254,0.3001720978358872,0.4095366183222555,0.2504484163856172
18812.5,531.5614617940199,0.3057236736463061,0.026244685571137464,0.1233513692680551,0.3038776890824927,0.414071637142012,0.24781538188506122
18815.0,531.4908317831517,0.30944354533846047,0.028008751164503423,0.1258141755311399,0.3076271806721554,0.4186528925079238,0.2452057840346405
18817.5,531.4202205393915,0.3132068964924908,0.029805313930209736,0.12831417556597158,0.3114209556306472,0.4232805393875957,0.24261936479448035
18820.0,531.3496280552604,0.31701409798356545,0.03163489273975333,0.13085187367007078,0.31525939310921647,0.4279547173341514,0.24005586770596016
18822.5,531.2790543232833,0.3208655165750085,0.03349801306581149,0.13342777844871392,0.3191428679765338,0.4326755496925871,0.23751503793543594
18825.0,531.2084993359894,0.3247615145075764,0.035395206987273,0.1360424027241237,0.323071750393119,0.4374431427808696,0.23499662231491417
18827.5,531.1379630859116,0.3287024490713247,0.03732701318973958,0.1386962634368915,0.32704640536772606,0.44225758504541884,0.2325003693798013
18830.0,531.0674455655868,0.33268867215954245,0.03929397696125192,0.14138988153928664,0.3310671922951375,0.447118946190631,0.23002602940385064
18832.5,530.9969467675561,0.33672052980422323,0.04129665018295813,0.14412378188009128,0.3351344644748235,0.452027276282135,0.22757335443142376
18835.0,530.9264666843642,0.34079836169254096,0.04333559131446808,0.14689849308059272,0.3392485686099096,0.4569826048234959,0.22514209830717863
18837.5,530.85600530856,0.3449225006637887,0.045411365373592374,0.14971454740134896,0.3434098442858944,0.46198493980611327,0.22273201670329465
18840.0,530.7855626326964,0.3490932721862395,0.04752454391017454,0.15257248059933448,0.3476186234285566,0.4670342667321104,0.22034286714434134
18842.5,530.71513864933,0.3533109938133789,0.049675704973705936,0.15547283177505786,0.351875229740476,0.4721305476100313,0.21797440902988763
18845.0,530.6447333510215,0.3575759746189611,0.05186543307440179,0.15841614320923025,0.356179978115607,0.4772737199232236,0.2156264036549575
18847.5,530.5743467303356,0.36188851461033733,0.054094319137404645,0.16140296018854858,0.36053317403132873,0.48246369557082047,0.2132986142284189
18850.0,530.5039787798408,0.3662489041195049,0.05636296044977021,0.16443383082015317,0.3649351129173995,0.48770035978129733,0.21099080588940453
18852.5,530.4336294921098,0.3706574231713225,0.05867196059987757,0.1675093058342925,0.36938607950124613,0.4929835699986184,0.20870274572184636
18855.0,530.363298859719,0.3751143408283509,0.06102192940888917,0.17062993837472423,0.37388634712901747,0.49831315474107196,0.20643420276721447
18857.5,530.2929868752486,0.3796199145117648,0.06341348285388118,0.17379628377636594,0.37843617706184174,0.5036889124329302,0.20418494803553752
18860.0,530.2226935312831,0.3841743892978022,0.06584724298223814,0.17700889932968686,0.38303581774671736,0.5091106102091656,0.20195475451478645
18862.5,530.1524188204108,0.38877799718921474,0.06832383781690815,0.18026834403133585,0.3876855040614988,0.5145779826935067,0.19974339717869707
18865.0,530.082162735224,0.3934309563611963,0.07084390125208047,0.18357517832046508,0.3923854565334233,0.5200907307502135,0.19755065299310423
18867.5,530.0119252683186,0.3981334703812744,0.07340807293885433,0.1869299638002117,0.3971358805306462,0.525648520210027,0.19537630092085762
18870.0,529.9417064122946,0.4028857274026643,0.0760169981604388,0.1903332629437763,0.4019369654262736,0.53125098057084,0.19322012192538854
18872.5,529.8715061597562,0.4076878993305965,0.07867132769640438,0.19378563878452684,0.40678888373437766,0.5368977036737314,0.1910818989729914
18875.0,529.8013245033112,0.4125401409611535,0.0813717176755167,0.1972876545895428,0.4116917902175149,0.542588242355115,0.1889614170338838
18877.5,529.7311614355715,0.4174425890921593,0.0841188294166293,0.20083987351599306,0.4166458209652794,0.5483221090758456,0.1868584630821049
18880.0,529.6610169491526,0.4223953616056998,0.08691332925712764,0.20444285824974284,0.4216510924434495,0.5540987745282537,0.18477282609431064
18882.5,529.5908910366742,0.42739855652186975,0.0897558883683932,0.20809717062555155,0.42670770051330975,0.5599176662221907,0.18270429704752153
18885.0,529.5207836907599,0.43245225102337204,0.09264718255772211,0.2118033712282256,0.43181571942076336,0.565778167051297,0.18065266891587603
18887.5,529.450694904037,0.43755650045063027,0.0955878920561445,0.21556201897407049,0.43697520075487933,0.5716796138408329,0.17861773666644223
18890.0,529.3806246691371,0.44271133726710327,0.09857870129155503,0.2193736706719691,0.44218617237555946,0.5776212958785526,0.17659929725413714
18892.5,529.3105729786953,0.4479167699945347,0.10162029864654167,0.2232388805634182,0.44744863731004353,0.5836024534302486,0.1745971496157998
18895.0,529.2405398253507,0.45317278211791356,0.104713376200318,0.22715819984080934,0.4527625726180201,0.589622276241739,0.17261109466346547
18897.5,529.1705252017463,0.4584793309599618,0.10785862945409853,0.2311321761432799,0.4581279282251626,0.5956799020292325,0.17064093527688448
18900.0,529.1005291005291,0.4638363465250224,0.11105675703928114,0.23516135302938387,0.46354462572494637,0.6017744149601663,0.16868647629532704
18902.5,529.03055151435,0.4692437303122701,0.1143084604077566,0.23924626942589025,0.4690125571486827,0.6079048441267871,0.1667475245087152
18905.0,528.9605924358635,0.47470135409823305,0.11761444350366454,0.24338745905195222,0.4745315837037448,0.6140701620149054,0.16482388864812011
18907.5,528.8906518577285,0.4802090586886732,0.12097541241588759,0.2475854498179133,0.480101534480049,0.6202692829704618,0.16291537937566242
18910.0,528.8207297726071,0.4857666526399415,0.12439207501056794,0.251840763197996,0.4857222051249026,0.6265010616667029,0.1610218092738502
18912.5,528.7508261731659,0.4913739109500052,0.12786514054289844,0.2561539135761194,0.49139335648643195,0.6327642915749724,0.1591429928343906
18915.0,528.6809410520751,0.49703057371941467,0.1313953192474471,0.26052540756408055,0.49711471322586853,0.6390577034423177,0.15727874644650475
18917.5,528.6110744020087,0.502736344782574,0.13498332190623744,0.26495574329132593,0.5028859623990704,0.6453799637793147,0.1554288883847814
18920.0,528.5412262156448,0.5084908903097612,0.13862985939379818,0.2694454096655636,0.508706752007743,0.6517296733617088,0.15359323879659514
18922.5,528.4713964856652,0.514293837380446,0.14233564219838288,0.27399488560341717,0.5145766895209366,0.6581053657496994,0.1517716196891205
18925.0,528.4015852047556,0.5201447725285575,0.14610137991854785,0.27860463923037754,0.5204953403674915,0.664505505828888,0.14996385491596936
18927.5,528.3317923656056,0.5260432402604631,0.14992778073424987,0.2832751270492684,0.5264622264002241,0.6709284883771348,0.14816977016347604
18930.0,528.2620179609086,0.5319887415465341,0.1538155508516244,0.2880067930764711,0.532476824332772,0.6773726366617827,0.14638919293665742
18932.5,528.192261983362,0.5379807322873018,0.1577653939205929,0.29280006794514885,0.538538564150133,0.6838362010719257,0.14462195254487187
18935.0,528.1225244256667,0.5440186217553341,0.1617780104244206,0.29765536797472536,0.5446468274940767,0.6903173577906103,0.1428678800871971
18937.5,528.0528052805281,0.5501017710140995,0.16585409704035858,0.3025730942058793,0.5508009460247495,0.6968142075120786,0.14112680843755424
18940.0,527.9831045406547,0.5562294913152391,0.1699943459704671,0.3075536314003357,0.5570001997599436,0.7033247742093772,0.13939857222959365
18942.5,527.9134221987593,0.5624010424757966,0.17419944424174486,0.3125973470047525,0.563243815393643,0.7098470039578588,0.13768300784136647
18945.0,527.8437582475588,0.5686156312371454,0.17847007297463374,0.3177045900780124,0.5695309645956629,0.7163787638203112,0.13597995337979904
18947.5,527.7741126797731,0.5748724096074882,0.18280690661902022,0.32287569018126316,0.5758607622943155,0.722917840799654,0.13428924866498862
18950.0,527.7044854881267,0.5811704731900019,0.1872106121567883,0.3281109562300755,0.5822322649442685,0.7294619408653249,0.13261073521433908
18952.5,527.6348766653476,0.5875088594988588,0.19168184827004509,0.33341067530811574,0.5886444687819155,0.7360086880596689,0.13094425622655217
18955.0,527.5652862041678,0.5938865462655645,0.19622126447407212,0.33877511144175776,0.5950963080707826,0.7425556236908106,0.12928965656548952
18957.5,527.495714097323,0.6003024497382251,0.20082950021411367,0.34420450433512356,0.6015866533397062,0.7491002056186565,0.1276467827439225
18960.0,527.4261603375527,0.60675542297658,0.20550718392508266,0.3496990680650531,0.6081143096167037,0.7556398076408087,0.12601548290718262
18962.5,527.3566249176006,0.613244254145822,0.210254932053289,0.3552589897355716,0.614678014661696,0.7621717189853237,0.12439560681672651
18965.0,527.2871078302136,0.6197676648124568,0.21507334803930125,0.36088442809148497,0.621276437201461,0.7686931439173367,0.12278700583362952
18967.5,527.2176090681429,0.6263243082456673,0.21996302126105818,0.3665755120907578,0.6279081751703994,0.7752012014666898,0.12118953290201864
18970.0,527.1481286241434,0.6329127677278689,0.22492452593638038,0.3723323394354369,0.6345717539609711,0.7816929252837569,0.11960304253245801
18972.5,527.0786664909738,0.6395315548783866,0.229958419984031,0.37815497506092416,0.6412656246878574,0.7881652636307164,0.11802739078529738
18975.0,527.0092226613966,0.6461791079944005,0.2350652438425123,0.3840434495834812,0.6479881624701792,0.7946150795155512,0.11646243525399466
18977.5,526.9397971281782,0.6528537904135593,0.24024551924580767,0.38999775770595213,0.6547376647363298,0.8010391509760282,0.1149080350484223
18980.0,526.8703898840885,0.6595538889029015,0.24549974795530827,0.39601785658175553,0.6615123495562472,0.8074341715209022,0.11336405077816689
18982.5,526.8010009219017,0.6662776120789603,0.2508284104472025,0.4021036641373021,0.6683103540061862,0.8137967507355135,0.11183034453583203
18985.0,526.7316302343955,0.6730230888641839,0.25623196455464514,0.40825505735311607,0.6751297325713319,0.820123415058833,0.11030677988035158
18987.5,526.6622778143516,0.6797883669850423,0.261710844064068,0.4144718705040162,0.6819684555918205,0.8264106087388977,0.10879322182032304
18990.0,526.592943654555,0.6865714115174453,0.26726545726504464,0.42075389335886093,0.6888244077580188,0.8326546949733881,0.10728953679736741
18992.5,526.5236277477952,0.69337010348533,0.27289618545318545,0.4271008693404813,0.6956953866611508,0.8388519572418902,0.10579559266952368
18995.0,526.454330086865,0.7001822385185332,0.2786033813855912,0.43351249364655314,0.7025791014056114,0.8449986008361358,0.10431125869468426
18997.5,526.3850506645612,0.7070055255762816,0.28438736768845974,0.43998841133231753,0.7094731712895629,0.8510907545941961,0.10283640551407837
19000.0,526.3157894736842,0.7138375857428917,0.29024843521653954,0.4465282153562039,0.716375124560641,0.8571244728442937,0.10137090513580896
19002.5,526.2465465070386,0.7206759511024634,0.2961868413641711,0.4531314445895816,0.7232823972538394,0.8630957375634788,0.0999146309184495
19005.0,526.1773217574323,0.7275180636996001,0.3022028083277741,0.45979758179201635,0.7301923321188597,0.8690004607559908,0.09846745755470557
19007.5,526.1081152176772,0.7343612745933707,0.3082965213197235,0.4665260515536351,0.7371021776444314,0.874834487055649,0.09702926105514655
19010.0,526.0389268805892,0.741202843011932,0.31446812673365854,0.47331621820633285,0.7440090871873017,0.8805935965560789,0.09559991873201225
19012.5,525.9697567389875,0.7480399356154103,0.3207177302613997,0.480167383705813,0.7509101182137984,0.8862735078719906,0.09417930918309851
19015.0,525.9006047856955,0.754869625874799,0.32704539496174245,0.4870787854866308,0.7578022316620051,0.8918698814341166,0.09276731227572745
19017.5,525.8314710135402,0.7616888935747764,0.333451139281546,0.494049594292639,0.7646822914327767,0.8973783230197201,0.09136380913080364
19020.0,525.7623554153523,0.7684946244484769,0.3399349350296852,0.5010789119854686,0.7715470640179262,0.90279438751987,0.08996868210696267
19022.5,525.6932579839663,0.7752836099523378,0.3464967053045449,0.5081657693339197,0.7783932182740267,0.908113582943897,0.08858181478481386
19025.0,525.6241787122208,0.7820525471892361,0.3531363223759277,0.5153091237873778,0.7852173253503569,0.9133313746606495,0.08720309195128027
19027.5,525.5551175929576,0.7887980389881669,0.35985360552241685,0.5225078572366544,0.792015858779555,0.9184431898752664,0.08583239958404058
19030.0,525.4860746190226,0.7955165941487379,0.36664831882538174,0.5297607737658824,0.7987851947395931,0.9234444223393409,0.08446962483607275
19032.5,525.4170497832655,0.8022046278587479,0.373520168921037,0.5370665973994168,0.8055216124956324,0.9283304372913448,0.08311465602030499
19035.0,525.3480430785395,0.8088584622930604,0.3804688027121467,0.5444239698479658,0.8122212950303137,0.9330965766232642,0.0817673825943745
19037.5,525.2790544977018,0.8154743274019057,0.38749380504119535,0.5518314482584403,0.8188803298709101,0.9377381642683564,0.08042769514549605
19040.0,525.2100840336135,0.8220483618966229,0.39459469632703625,0.5592875029723797,0.8254947101216747,0.9422505118039236,0.07909548537544411
19042.5,525.1411316791388,0.8285766144406798,0.4017709301672992,0.5667905152980572,0.8320603357095193,0.9466289242619245,0.07777064608564788
19045.0,525.0721974271462,0.8350550450536155,0.40902189090905816,0.5743387753017323,0.8385730148509591,0.9508687061392012,0.0764530711624025
19047.5,525.003281270508,0.8414795267352791,0.41634689119052687,0.5819304796238057,0.8450284657479922,0.9549651675979759,0.07514265556219786
19050.0,524.9343832020998,0.8478458473174519,0.42374516945680596,0.5895637293260123,0.8514223185202587,0.9589136308462212,0.07383929529716501
19052.5,524.8655032148012,0.8541497115495745,0.43121588745300593,0.5972365277760383,0.8577501173804744,0.9627094366863845,0.07254288742064294
19055.0,524.7966413014957,0.8603867434249138,0.438758127698325,0.6049467785763777,0.8640073230597046,0.9663479512198683,0.07125333001286564
19057.5,524.7277974550702,0.8665524887530307,0.44637089094499366,0.6126922835445053,0.8701893154885751,0.9698245726936249,0.06997052216677081
19060.0,524.6589716684156,0.872642417983919,0.45405309362628643,0.6204707407518102,0.8762913967399889,0.9731347384741293,0.06869436397393092
19062.5,524.5901639344262,0.8786519292886048,0.4618035652981287,0.6282797426290856,0.8823087942383214,0.9762739321330101,0.067424756510607
19065.0,524.5213742460005,0.8845763519003934,0.46962104607916283,0.6361167741466544,0.8882366642394514,0.9792376906276119,0.06616160182392622
19067.5,524.4526025960404,0.8904109497202568,0.47750418409445006,0.6439792110775818,0.894070095585231,0.9820216115588288,0.06490480291818344
19070.0,524.3838489774515,0.8961509251891427,0.4854515329283726,0.6518643183527314,0.899804113735312,0.9846213604876529,0.06365426374126669
19072.5,524.3151133831433,0.9017914234291841,0.4934615490926199,0.6597692485167066,0.9054336850783549,0.9870326782910523,0.06240988917120746
19075.0,524.2463958060289,0.9073275366549597,0.5015325895155062,0.667691040294074,0.9109537215238228,0.9892513885370233,0.061171585002855446
19077.5,524.1776962390251,0.912754308855057,0.5096629090592694,0.6756266172754811,0.9163590853746236,0.9912734048579899,0.059939257934678185
19080.0,524.1090146750524,0.9180667407432421,0.5178506580723166,0.6835727867336188,0.9216445944798626,0.9930947383010695,0.0587128155556854
19082.5,524.0403511070352,0.9232597949775525,0.5260938799837978,0.69152623857918,0.9268050276659697,0.9947115046332605,0.05749216633247781
19085.0,523.9717055279015,0.9283284016445889,0.5343905089482582,0.6994835444672168,0.9318351304433508,0.9961199315791239,0.05627721959642009
19087.5,523.9030779305829,0.9332674640051906,0.5427383675484687,0.7074411570645063,0.9367296209846082,0.9973163659682535,0.05506788553093884
19090.0,523.8344683080147,0.9380718644965657,0.5511351645649513,0.7153954094887045,0.9414831963692036,0.9982972807695676,0.05386407515894347
19092.5,523.765876653136,0.942736470984786,0.5595784928210501,0.7233425149302246,0.9460905390882368,0.9990592819893745,0.052665700330371414
19095.0,523.6973029588897,0.9472561432603707,0.5680658271127803,0.7312785664678828,0.9505463238017648,0.9995991154101562,0.05147267370985552
19097.5,523.6287472182223,0.9516257397684608,0.5765945222330631,0.7391995370894294,0.9548452243398536,0.9999136731471449,0.05028490876451524
19100.0,523.5602094240837,0.9558401245638716,0.5851618111002579,0.747101279928152,0.9589819209372479,1.0,0.04910231975186855
19102.5,523.4916895694281,0.9598941744800474,0.5937648030012869,0.7549795287266795,0.9629511076902648,0.9998552995772803,0.04792482170786627
19105.0,523.4231876472128,0.9637827864997112,0.6024004819599573,0.7628298985391198,0.9667475002232151,0.99947694017188,0.046752330435047194
19107.5,523.3547036503991,0.967500885313726,0.6110657052413523,0.7706478866825222,0.9703658435503635,0.9988624603662107,0.04558476249081244
19110.0,523.2862375719518,0.9710434310534796,0.6197572020035191,0.7784288739485259,0.9738009201181382,0.998009574346663,0.04442203517582073
19112.5,523.2177894048398,0.9744054271808463,0.6284715721078605,0.7861681260858375,0.9770475580110349,0.9969161769077157,0.043264066522501324
19115.0,523.149359142035,0.9775819285186033,0.6372052850999524,0.793860795563904,0.9801006393034263,0.9955803481270501,0.04211077528368501
19117.5,523.0809467765137,0.9805680494030036,0.6459546793726285,0.8015019236278422,0.9829551085382497,0.9940003576940889,0.04096208092135255
19120.0,523.0125523012553,0.9833589719390933,0.6547159615234325,0.8090864426542453,0.9856059813124177,0.992174668875591,0.03981790359549944
19122.5,522.944175709243,0.9859499543382757,0.6634852059185934,0.816609178817072,0.988048352947643,0.9901019421032153,0.03867816415311512
19125.0,522.875816993464,0.9883363393166323,0.672258354475831,0.8240648550722616,0.990277407224343,0.9877810381693424,0.03754278411727824
19127.5,522.8074761469089,0.990513562531549,0.6810312166783145,0.831448094469106,0.9922884251553153,0.9852110210189335,0.03641168567636374
19130.0,522.7391531625718,0.9924771610333452,0.6897994698321118,0.8387534237957543,0.9940767937749402,0.9823911601267264,0.035284791673363985
19132.5,522.670848033451,0.9942227817078155,0.698558659579424,0.8459752775654594,0.9956380149189016,0.9793209324507242,0.0341620255953205
19135.0,522.6025607525477,0.9957461896849138,0.7073042006797831,0.8531080023493327,0.99696771396868,0.9760000239545492,0.033043311562867106
19137.5,522.5342913128674,0.9970432766882237,0.7160313780712299,0.8601458614604892,0.9980616485344597,0.9724283306930259,0.03192857431988167
19140.0,522.466039707419,0.9981100692993846,0.7247353482232853,0.8670830399934492,0.9989157170496217,0.9686059594570363,0.030817739223247705
19142.5,522.3978059292151,0.9989427371112924,0.733411140793207,0.8739136502216469,0.9995259672496031,0.9645332279755463,0.029710732232722546
19145.0,522.3295899712718,0.999537600743645,0.7420536605966925,0.8806317373547063,0.9998886045076644,0.9602106646744427,0.028607479900912322
19147.5,522.2613918266093,0.999891139694309,0.7506576899037353,0.8872312856559779,1.0,0.9556390079936404,0.02750790936335242
19150.0,522.1932114882507,1.0,0.7592178910698683,0.8937062249195215,0.9998566986726399,0.9508192052657152,0.02641194832869228
19152.5,522.1250489492234,0.9998610016799293,0.7677288095124045,0.9000504373043923,0.9994554269827584,0.9457524111610556,0.02531952506898333
19155.0,522.056904202558,0.9994711459363709,0.7761848770406763,0.9062577645226397,0.9987931003873313,0.9404399857062842,0.024230568410069295
19157.5,521.9887772412893,0.9988276220865407,0.7845804155484681,0.9123220153759907,0.9978668305525045,0.9348834918843699,0.02314500772207727
19160.0,521.9206680584551,0.9979278142007574,0.7929096410760813,0.9182369736346262,0.9966739322576835,0.9290846928264996,0.022062772910009226
19162.5,521.8525766470972,0.9967693074225787,0.8011666682485011,0.9239964062499024,0.9952119299690482,0.9230455486073272,0.0209837944044317
19165.0,521.7845030002609,0.9953498939474593,0.8093455150951817,0.9295940718912024,0.9934785640581393,0.9167682126567264,0.01990800315226386
19167.5,521.7164471109952,0.993667578637481,0.8174401082558692,0.9350237297955083,0.9914717966421607,0.9102550278025701,0.018835330607661772
19170.0,521.6484089723526,0.9917205842508209,0.8254442885757164,0.9402791489165222,0.9891898170238203,0.9035085219603938,0.017765708722998513
19172.5,521.5803885773895,0.9895073562658943,0.8333518170917218,0.9453541173584967,0.9866310467098542,0.896531403486986,0.016699069939938117
19175.0,521.5123859191656,0.9870265672814678,0.8411563814111667,0.9502424520782096,0.9837941439887764,0.8893265562161042,0.015635347180603346
19177.5,521.4444009907444,0.9842771209755428,0.8488516024813427,0.9549380088367723,0.9806780080499627,0.8818970341954795,0.014574473838835244
19180.0,521.376433785193,0.9812581556073999,0.856431041748385,0.9594346923812931,0.9772817826278443,0.8742460561451715,0.013516383771543778
19182.5,521.3084842955819,0.9779690470488859,0.8638882087014559,0.963726466834671,0.9736048591567215,0.8663769996581233,0.012461011290148302
19185.0,521.2405525149857,0.9744094113328146,0.8712165687969214,0.9678073662701726,0.9696468794235593,0.8582933951643705,0.011408291152107094
19187.5,521.1726384364821,0.9705791067081947,0.8784095517554917,0.9716715054458238,0.9654077377080891,0.8499989196809175,0.010358158552534084
19190.0,521.1047420531527,0.9664782351939363,0.885460560223543,0.9753130906720824,0.9608875824014854,0.8414973903696799,0.00931054911590239
19192.5,521.0368633580825,0.9621071436246457,0.8923629787880878,0.9787264307847535,0.9560868170969703,0.8327927579261666,0.008265398887833375
19195.0,520.9690023443605,0.9574664241841422,0.8991101833330136,0.9819059481937257,0.9510061011477826,0.8238890998217374,0.007222644326969753
19197.5,520.9011590050787,0.9525569144243656,0.9056955507223869,0.9848461899767621,0.9456463496900506,0.8147906134222997,0.006182222296932174
19200.0,520.8333333333334,0.9473796967693966,0.9121124687947417,0.9875418389863804,0.9400087331302706,0.8055016090062372,0.00514407005835804
19202.5,520.7655253222237,0.9419360975063706,0.9183543466503749,0.9899877249367536,0.9340946760991992,0.7960265027041602,0.00410812526102087
19205.0,520.6977349648529,0.936227685267104,0.924414625211837,0.9921788354365881,0.9279058558760985,0.7863698093827798,0.003074325936030507
19207.5,520.6299622543278,0.9302562690062637,0.9302867880358826,0.994110326933136,0.9214442002893706,0.7765361354947935,0.0020426104881112153
19210.0,520.5622071837585,0.92402389548389,0.9359643723533501,0.9957775355317617,0.9147118851016607,0.7665301719161799,0.0010129176879587107
19212.5,520.4944697462589,0.9175328462620074,0.9414409803116075,0.997175987655033,0.9077113308895032,0.756356686791702,-1.4813335327025569e-05
19215.0,520.4267499349467,0.9107856342269118,0.9467102903924662,0.9983014105049045,0.9004451994295436,0.7460205184087623,-0.0010406431017324607
19217.5,520.3590477429426,0.9037849996505114,0.9517660689767351,0.9991497422914031,0.8929163896051703,0.735526568118984,-0.002064631787746639
19220.0,520.2913631633714,0.8965339058057915,0.956602182025032,0.9997171421912474,0.8851280328492201,0.7248797933260863,-0.0030868392337041217
19222.5,520.2236961893615,0.8890355341530822,0.961212606842851,1.0,0.8770834881400117,0.7140852005577488,-0.004107324951054409
19225.0,520.1560468140442,0.8812932791152968,0.9655914438965931,0.9999949454417815,0.8687863365695921,0.7031478386382128,-0.005126148129560539
19227.5,520.0884150305552,0.873310742461684,0.9697329286458022,0.9996988571011199,0.860240375504451,0.6920727919774002,-0.006143367644426574
19230.0,520.0208008320333,0.8650917273209302,0.9736314433558199,0.9991088709423237,0.8514496123603078,0.6808651739913197,-0.0071590420633554025
19232.5,519.9532042116209,0.8566402318455314,0.9772815288539383,0.9982223883827392,0.8424182580137402,0.6695301206674632,-0.008173229653538087
19235.0,519.8856251624643,0.8479604425504161,0.9806778961913065,0.9970370838874173,0.833150719874483,0.6580727842878508,-0.009185988388575424
19237.5,519.8180636777128,0.8390567273496168,0.9838154381720979,0.9955509120540952,0.8236515946431023,0.646498327321286,-0.010197375955332549
19240.0,519.7505197505197,0.829933628315556,0.9866892407109371,0.9937621141589585,0.8139256607795288,0.6348119164952855,-0.011207449760728154
19242.5,519.6829933740419,0.8205958541860768,0.9892945939792278,0.9916692241353761,0.8039778707085503,0.6230187170570697,-0.012216266938458406
19245.0,519.6154845414393,0.811048272644822,0.991627003300846,0.9892710739596959,0.7938133427888104,0.6111238872318864,-0.013223884355657155
19247.5,519.5479932458761,0.8012959024008534,0.9936821997577344,0.9865667984203178,0.7834373530722232,0.5991325728858905,-0.014230358619492987
19250.0,519.4805194805194,0.791343905093593,0.9954561504661773,0.983555839248407,0.7728553268808479,0.5870499023997074,-0.015235746083704333
19252.5,519.4130632385404,0.7811975770492086,0.9969450684849956,0.9802379485910432,0.7620728302283509,0.5748809817577937,-0.016240102855073362
19255.0,519.3456245131134,0.7708623409144577,0.9981454223175762,0.9766131918100582,0.7510955611130711,0.562630889857679,-0.017243484799838962
19257.5,519.2782032974166,0.7603437371938009,0.9990539449705792,0.9726819495924316,0.7399293407094738,0.5503046740421889,-0.01824594755005116
19260.0,519.2107995846313,0.7496474157152544,0.9996676425331987,0.9684449193608018,0.7285801044844326,0.5379073458567998,-0.019247546509865904
19262.5,519.1434133679429,0.7387791270499888,0.9999838022422709,0.9639031159754392,0.7170538932643254,0.5254438770333717,-0.020248336861783074
19265.0,519.0760446405399,0.7277447139101306,1.0,0.9590578717218775,0.7053568442783108,0.5129191957006185,-0.021248373572826478
19267.5,519.0086933956144,0.7165501025485437,0.999714107312785,0.9539108355812318,0.6934951822025015,0.5003381828208573,-0.022247711400668474
19270.0,518.9413596263622,0.7052012941836318,0.9991242976216335,0.9484639717832211,0.6814752102289477,0.4877056688517918,-0.02324640489969879
19272.5,518.8740433259826,0.6937043564713449,0.9982290519967061,0.942719557644748,0.6693033011824653,0.4750264306313417,-0.024244508427039214
19275.0,518.8067444876783,0.6820654150456629,0.9970271641708393,0.9366801806998438,0.656985888707425,0.4623051884828581,-0.025242076148503934
19277.5,518.7394631046557,0.6702906451478414,0.9955177448893741,0.9303487351295996,0.6445294585455448,0.44954660353739934,-0.02623916204450708
19280.0,518.6721991701245,0.658386263363667,0.9937002255562162,0.923728417503616,0.6319405399247047,0.4367552752691746,-0.027235819915918367
19282.5,518.6049526772981,0.6463585194868637,0.991574361158754,0.9168227218471249,0.6192256970776207,0.4239357392397061,-0.028232103389866342
19285.0,518.5377236193933,0.6342136885256646,0.9891402324571943,0.9096354340507307,0.6063915209080537,0.41109246504578023,-0.029228065925491948
19287.5,518.4705119896306,0.6219580628683987,0.9863982474267556,0.9021706256421782,0.5934446208210387,0.39822985446579545,-0.030223760819650478
19290.0,518.4033177812338,0.6095979446227342,0.9833491419442586,0.8944326469420733,0.5803916167323367,0.38535223979874816,-0.031219241212565686
19292.5,518.3361409874303,0.5971396381420312,0.979993979713714,0.8864261196277384,0.567239131271109,0.3724638823897141,-0.03221456009343379
19295.0,518.2689816014512,0.5845894427510255,0.9763341514286676,0.8781559287315996,0.553993782188518,0.35956897133541843,-0.033209770305980456
19297.5,518.2018396165306,0.5719536456818536,0.9723713731722351,0.8696272141024666,0.5406621749837073,0.34667162236318977,-0.03420492455396921
19300.0,518.1347150259068,0.5592385152302213,0.9681076840588912,0.860845361359942,0.527250895757363,0.3337758768764116,-0.03520007540666417
19302.5,518.0676078228208,0.5464502941403176,0.9635454431252547,0.8518159923738406,0.5137665043018116,0.32088570115938614,-0.03619527530424594
19305.0,518.000518000518,0.5335951932258944,0.9586873254802173,0.8425449553019814,0.5002155274353925,0.30800498573440893,-0.03719057656318169
19307.5,517.9334455522466,0.5206793852337969,0.953536317727741,0.8330383142209928,0.48660445258765006,0.29513754486372845,-0.03818603138155099
19310.0,517.8663904712585,0.5077089989550843,0.9480957126787197,0.8233023383858924,0.4729397216407129,0.28228711618904234,-0.039181691844326384
19312.5,517.799352750809,0.4946901135878165,0.9423691033710555,0.813343491155047,0.45922772503113646,0.2694573605011108,-0.04017760992861073
19315.0,517.7323323841574,0.48162875335452565,0.9363603764199091,0.8031684186178438,0.44547479611535334,0.2566518616320905,-0.04117383750883085
19317.5,517.6653293645658,0.46853088237637985,0.930073704722673,0.7927839379628999,0.43168720580088926,0.2438741264632362,-0.04217042636188821
19320.0,517.5983436853002,0.4554023998051171,0.9235135395456742,0.782197025624901,0.41787115744445175,0.23112758504063743,-0.04316742817226781
19322.5,517.53137533963,0.4422491352128841,0.9166846020219086,0.7714148052482872,0.40403278201711984,0.2184155907917843,-0.0441648945371049
19325.0,517.4644243208279,0.4290768442392859,0.9095918740912284,0.7604445355059105,0.39017813353592123,0.20574142083583152,-0.04516287697121029
19327.5,517.3974906221705,0.4158912044941363,0.9022405889163392,0.7492935978104986,0.37631318476029074,0.1931082763805728,-0.0461614269120551
19330.0,517.3305742369374,0.4026978117136471,0.8946362208096669,0.737969483956324,0.36244382315109497,0.18051928319927527,-0.04716059572471445
19332.5,517.263675158412,0.3895021761671086,0.8867844747077316,0.7264797837278525,0.34857584708921957,0.16797749218069538,-0.04816043470677234
19335.0,517.196793379881,0.37630971931046175,0.8786912752309123,0.7148321725113679,0.33471496235002207,0.15548587994576618,-0.04916099509318543
19337.5,517.1299288946348,0.3631257706825872,0.8703627553676221,0.7030343989446417,0.3208667788293723,0.14304734952464965,-0.050162328061108576
19340.0,517.063081695967,0.34995556503960085,0.8618052448228106,0.6910942726386181,0.30703680751643786,0.13066473108803875,-0.05116448473468165
19342.5,516.9962517771746,0.33680423972196794,0.8530252580712888,0.6790196520039689,0.293230457707883,0.11834078272681513,-0.05216751618977697
19345.0,516.9294391315585,0.32367683224882937,0.8440294821568946,0.6668184322139445,0.27945303445771263,0.10607819127439229,-0.05317147345870956
19347.5,516.8626437524227,0.310578278133555,0.8348247642786887,0.6544985333336484,0.2657097362566112,0.09387957316629332,-0.054176407534909085
19350.0,516.795865633075,0.2975134089142168,0.8254180992053882,0.6420678886442625,0.2520056529342814,0.08174747533175605,-0.055182369377554406
19352.5,516.729104766826,0.2844869503924132,0.8158166165590401,0.6295344331892279,0.23834576377801925,0.06968437611240269,-0.05618940991617078
19355.0,516.6623611469904,0.27150352107362374,0.8060275680085675,0.6169060925676936,0.22473493586051546,0.057692686203225575,-0.05719758005519032
19357.5,516.5956347668862,0.25856763080211653,0.7960583144131782,0.6041907719988552,0.21117792256968795,0.04577474961142543,-0.05820693067847586
19360.0,516.5289256198347,0.2456836795832706,0.7859163129549035,0.591396345679068,0.1976793623332086,0.033932844628853084,-0.0592175126538075
19362.5,516.4622336991607,0.23285595658608088,0.7756091042985623,0.5785306464517868,0.18424377753028004,0.022169184814054187,-0.06022937683733405
19365.0,516.3955589981927,0.22008863931854947,0.7651442998163449,0.5656014558086834,0.1708755735831445,0.010485919980177727,-0.06124257407798788
19367.5,516.3289015102621,0.2073857929686357,0.754529568912953,0.5526164942383675,0.15757903822079156,-0.0011148628147705799,-0.062257155221863036
19370.0,516.2622612287042,0.19475136990344138,0.7437726264858691,0.539583411937429,0.1443583409073249,-0.012631138278593827,-0.06327317111655929
19372.5,516.1956381468576,0.18218920931933935,0.7328812205537761,0.5265097798966849,0.13121753242749346,-0.024060941899524815,-0.064290672615489
19375.0,516.1290322580645,0.16970303703581846,0.7218631200845701,0.5134030813737472,0.11816054462193762,-0.0354023689676012,-0.06530971058214943
19377.5,516.0624435556703,0.15729646542589615,0.7107261030526706,0.5002707037612947,0.10519119026481265,-0.046653573605375025,-0.06633033589435865
19380.0,515.9958720330237,0.1449729934760697,0.6994779447535329,0.4871199308587319,0.09231316307655496,-0.05781276781029287,-0.0673525994484573
19382.5,515.9293176834774,0.13273600696889168,0.6881264064014384,0.47395793555326354,0.07953003786467823,-0.0688782205108975,-0.06837655216347403
19385.0,515.8627805003869,0.12058877878141712,0.6766792240346967,0.4607917729148059,0.06684527078566724,-0.07984825663876101,-0.06940224498525585
19387.5,515.7962604771116,0.10853446929292189,0.6651440977504318,0.4476283737075985,0.05426219972118115,-0.09072125621786713,-0.0704297288905634
19390.0,515.7297576070139,0.09657612689547371,0.653528681289183,0.4344745383199364,0.04178404476196955,-0.10149565347296152,-0.07145905489113052
19392.5,515.6632718834601,0.08471668860112647,0.6418405719875118,0.4213369311119727,0.02941390879310633,-0.11216993595819973,-0.07249027403768885
19395.0,515.5968032998195,0.07295898073970017,0.630087301114852,0.408222075180246,0.01715477817434577,-0.12274264370721631,-0.07352343742395663
19397.5,515.5303518494651,0.06130571974132736,0.6182763246088008,0.39513634753627286,0.00500952350961047,-0.13321236840559134,-0.0745585961905919
19400.0,515.4639175257732,0.04975951299814543,0.6064150142211574,0.382085974695388,-0.007019099500137379,-0.1435777525864991,-0.07559580152911005
19402.5,515.3975003221234,0.03832285979974236,0.5945106490849881,0.36907702867086173,-0.018928449126189725,-0.1538374888501559,-0.07663510468576605
19405.0,515.331100231899,0.02699815233717853,0.5825704077111936,0.35611542336731217,-0.03071599660885615,-0.16399031910754894,-0.07767655696539982
19407.5,515.2647172484864,0.015787676770629557,0.5706013604211336,0.3432069113664372,-0.042379325086776456,-0.17403503384875127,-0.07872020973524578
19410.0,515.1983513652756,0.004693614355920299,0.558610462220111,0.3303570810972532,-0.05391612846364079,-0.183970471436012,-0.07976611442870636
19412.5,515.1320025756601,-0.00628195737456231,0.5466045461147828,0.3175713543821683,-0.06532421021693499,-0.19379551742165768,-0.08081432254908819
19415.0,515.0656708730363,-0.017137063380864924,0.5345903168758971,0.3048549843495433,-0.07660148215310913,-0.20350910389072474,-0.08186488567330176
19417.5,514.9993562508047,-0.027869829838451134,0.5225743452461832,0.29221305370270256,-0.08774596311333942,-0.21311020882811457,-0.08291785545552365
19420.0,514.9330587023687,-0.038478482819026015,0.5105630625916964,0.27965047333480975,-0.09875577763385616,-0.22259785550996194,-0.08397328363082092
19422.5,514.8667782211353,-0.04896134693285892,0.4985627559935246,0.2671719812784965,-0.10962915456455065,-0.23197111191879355,-0.08503122201873824
19425.0,514.8005148005147,-0.05931684393605134,0.48657956377538775,0.25478214197872195,-0.12036442564942045,-0.2412290901819535,-0.08609172252684621
19427.5,514.734268433921,-0.06954349130600374,0.47461947146144895,0.24248534587694623,-0.13096002407216384,-0.2503709460327009,-0.08715483715425063
19430.0,514.668039114771,-0.07963990078813465,0.46268830815746037,0.23028580929443238,-0.14141448297007184,-0.2593958782932679,-0.08822061799506296
19432.5,514.6018268364853,-0.0896047769167374,0.4507917433473196,0.21818757460222285,-0.15172643391915683,-0.26830312837912934,-0.08928911724183136
19435.0,514.5356315924878,-0.09943691551266882,0.4389352840961095,0.20619451066517339,-0.161894605393286,-0.277091979823631,-0.09036038718893048
19437.5,514.4694533762058,-0.1091352021603958,0.42712427264982616,0.19431031354728714,-0.17191782119990878,-0.2857617578220776,-0.09143448023591175
19440.0,514.40329218107,-0.11869861066677598,0.4153638844211625,0.18253850746555275,-0.18179499889481612,-0.29431182879433126,-0.09251144889081121
19442.5,514.3371480005144,-0.12812620150377782,0.4036591263500286,0.17088244597940652,-0.19152514817819186,-0.3027415999648999,-0.09359134577341637
19445.0,514.2710208279764,-0.13741712023720934,0.39201483562684214,0.15934531340303656,-0.20110736927408457,-0.3110505189594676,-0.09467422361848943
19447.5,514.2049106568968,-0.14657059594339109,0.38043567876608,0.14793012642774442,-0.21054085129528283,-0.3192380734167795,-0.09576013527894799
19450.0,514.1388174807198,-0.1555859396155597,0.3689261510171063,0.13663973594172543,-0.21982487059544403,-0.32730379061475107,-0.09684913372900157
19452.5,514.0727412928929,-0.16446254256168832,0.3574905760989122,0.12547682903476443,-0.22895878911020923,-0.3352472371096621,-0.09794127206724305
19455.0,514.0066820868672,-0.1731998747952814,0.3461331062450776,0.1144439311754993,-0.2379420526889084,-0.34306801838725515,-0.09903660351969502
19457.5,513.9406398560966,-0.18179748342059773,0.3348577225450362,0.10354340854913117,-0.24677418941836315,-0.35076577852456636,-0.10013518144280908
19460.0,513.874614594039,-0.19025499101366058,0.32366823556752783,0.09277747054367896,-0.25545480794020814,-0.35834019986127685,-0.1012370593264189
19462.5,513.8086062941554,-0.19857209400031062,0.31256828625202177,0.08214817237313653,-0.2639835957630155,-0.3657910026794009,-0.10234229079664385
19465.0,513.7426149499101,-0.20674856103248668,0.30156134705384746,0.07165741782616222,-0.27236031757047696,-0.3731179448900994,-0.10345092961874455
19467.5,513.6766405547708,-0.21478423136382876,0.290650723328766,0.06130696212923984,-0.28058481352678566,-0.38032082172642945,-0.10456302969992778
19470.0,513.6106831022086,-0.2226790132256303,0.27983955494276475,0.05109841491354417,-0.2886569975802913,-0.3873994654408354,-0.10567864509210038
19472.5,513.5447425856978,-0.23043288220410216,0.2691308180929976,0.041033243275089594,-0.2965768557664541,-0.3943537450062213,-0.10679782999457078
19475.0,513.4788189987163,-0.23804587961985163,0.2585273273258897,0.031112774918054517,-0.30434444451105275,-0.4011835658194272,-0.10792063875669743
19477.5,513.4129123347452,-0.24551811091041878,0.24803173773867968,0.02133820137155409,-0.31195988893454374,-0.407888869405999,-0.10904712588048286
19480.0,513.347022587269,-0.25284974401667226,0.2376465473508491,0.011710581270463375,-0.3194233811584369,-0.4144696331251184,-0.1101773460231111
19482.5,513.2811497497754,-0.26004100777381867,0.22737409963218966,0.0022308436912472974,-0.3267351786144986,-0.42092586987363195,-0.11131135399942958
19485.0,513.2152938157557,-0.26709219030773784,0.21721658617454492,-0.007100208465839856,-0.33389560235756444,-0.4272576277881093,-0.11244920478437127
19487.5,513.1494547787044,-0.2740036374373292,0.20717604949455026,-0.016281895056506603,-0.34090503538269484,-0.43346498994393057,-0.11359095351531859
19490.0,513.083632632119,-0.28077575108351105,0.1972543859551117,-0.02531365524204833,-0.3477639209474057,-0.43954807405041957,-0.11473665549440461
19492.5,513.0178273695011,-0.2874089876855024,0.18745334879365255,-0.03419504401641213,-0.35447276089964447,-0.44550703214107873,-0.11588636619075367
19495.0,512.952038984355,-0.29390385662497714,0.17777455124559216,-0.0429257287178912,-0.36103211401220253,-0.4513420502580431,-0.11704014124265669
19497.5,512.8862674701885,-0.30026091865867693,0.16821946975189453,-0.051505485532296086,-0.3674425943241918,-0.45705334812989173,-0.11819803645968091
19500.0,512.8205128205128,-0.3064807843600298,0.1587894472399479,-0.05993419599407851,-0.37370486949022663,-0.4626411788420246,-0.1193601078247133
19502.5,512.7547750288425,-0.31256411257032823,0.14948569646743828,-0.06821184349152372,-0.379819659137941,-0.4681058284988329,-0.12052641149593445
19505.0,512.6890540886952,-0.3185116088599891,0.14030930341933015,-0.07633850978179779,-0.38578773323442567,-0.47344761587698264,-0.12169700380872214
19507.5,512.6233499935922,-0.324324024000413,0.131261230748466,-0.08431437152128902,-0.391609910462204,-0.478666892069135,-0.12287194127748245
19510.0,512.557662737058,-0.3300021524469573,0.1223423212507704,-0.09213969681633627,-0.3972870566053213,-0.4837640401175212,-0.12405128059740679
19512.5,512.4919923126201,-0.33554683083350945,0.11355330136643109,-0.09981484179912682,-0.40282008294613697,-0.4887394746368129,-0.12523507864615258
19515.0,512.4263387138099,-0.340958936479165,0.10489478469891529,-0.10734024723322863,-0.4082099446733908,-0.49359364142580875,-0.12642339248544643
19517.5,512.3607019341616,-0.34623938590748216,0.09636727554405587,-0.1147164351528952,-0.4134576393021125,-0.4983270170674873,-0.12761627936260653
19520.0,512.2950819672132,-0.35138913337880034,0.08797117242191481,-0.12194400554000996,-0.4185642051059485,-0.5029401085170612,-0.12881379671198342
19522.5,512.2294788065053,-0.3564091694360908,0.07970677160452358,-0.12902363304221726,-0.42353071956245175,-0.5074334526776909,-0.13001600215631598
19525.0,512.1638924455826,-0.3613005194648064,0.07157427063301873,-0.13595606373552255,-0.42835829781190415,-0.5118076159635988,-0.13122295350800134
19527.5,512.0983228779926,-0.3660642422671969,0.06357377181811333,-0.1427421119343744,-0.4330480911302157,-0.5160631938503673,-0.13243470877027533
19530.0,512.0327700972862,-0.37070142865154054,0.055705285718225965,-0.14938265705196857,-0.4376012854164509,-0.5202008104122636,-0.13365132613830266
19532.5,511.9672340970178,-0.37521320003675324,0.04796873458997452,-0.15587864051327252,-0.4420190996955244,-0.5242211178464783,-0.1348728640001722
19535.0,511.9017148707448,-0.37960070707281257,0.040363955806143596,-0.16223106272302087,-0.44630278463660317,-0.528124795984237,-0.13609938093779753
19537.5,511.83621241202815,-0.3838651282774442,0.03289070523657017,-0.16844098009070668,-0.45045362108774156,-0.5319125517887827,-0.13733093572771696
19540.0,511.77072671443193,-0.3880076686895041,0.0255486605877811,-0.17450950211435676,-0.4544729186272881,-0.5355851188402815,-0.1385675873417946
19542.5,511.7052577715236,-0.39202955853948124,0.018337424697525043,-0.1804377885246925,-0.4583620141325614,-0.5391432568077582,-0.13980939494781494
19545.0,511.63980557687387,-0.39593205193754566,0.011256528780709426,-0.1862270464910533,-0.46212227036632153,-0.5425877509082172,-0.14105641790997195
19547.5,511.57437012405677,-0.39971642557955195,0.004305435623536122,-0.19187852789026497,-0.46575507458152915,-0.5459194113531444,-0.14230871578924773
19550.0,511.5089514066496,-0.40338397747140053,-0.002516457277020581,-0.19739352663947787,-0.469261837144889,-0.5491390727826464,-0.14356634834367893
19552.5,511.443549418233,-0.4069360256721554,-0.009209814631004062,-0.2027733760937971,-0.4726439901796467,-0.5522475936875147,-0.14482937552850694
19555.0,511.3781641523907,-0.4103739070562929,-0.015775360332823615,-0.20801944650937185,-0.4759029862281227,-0.5552458558195513,-0.14609785749620896
19557.5,511.31279560270997,-0.4136989760954645,-0.02221387450019045,-0.21313314257245944,-0.479040296934422,-0.5581347635905313,-0.14737185459640736
19560.0,511.2474437627812,-0.41691260366012445,-0.028526190576433054,-0.2181159009948314,-0.48205741174777667,-0.5609152434602247,-0.14865142737565296
19562.5,511.1821086261981,-0.4200161758413738,-0.03471319249772865,-0.2229691881757364,-0.4849558366469415,-0.5635882433139191,-0.14993663657708003
19565.0,511.11679018655764,-0.42301109279335647,-0.040775811926525636,-0.22769449793052127,-0.4877370928860457,-0.5661547318299371,-0.15122754313992837
19567.5,511.0514884374601,-0.4258987675965168,-0.04671502555227269,-0.2322933492858787,-0.49040271576231437,-0.5686156978376695,-0.15252420819892962
19570.0,510.98620337250895,-0.42868062514203625,-0.05253185246032119,-0.23676728434157546,-0.4929542534060202,-0.5709721496666693,-0.15382669308355346
19572.5,510.920934985311,-0.431358101037724,-0.058227351569667345,-0.24111786619840778,-0.4953932655930313,-0.5732251144873888,-0.15513505931711122
19575.0,510.8556832694764,-0.43393264053563974,-0.0638026191400462,-0.24534667695203238,-0.49772132258029556,-0.5753756376441582,-0.15644936861571102
19577.5,510.79044821861834,-0.43640569748169844,-0.06925878634870221,-0.2494553157522254,-0.49994000396457744,-0.5774247819810409,-0.1577696828870623
19580.0,510.7252298263534,-0.43877873328749584,-0.07459701693698152,-0.25344539692703094,-0.5020508975647523,-0.5793736271612044,-0.15909606422912512
19582.5,510.66002808630157,-0.4410532159245671,-0.07981850492677565,-0.25731854817119004,-0.5040555983279263,-0.5812232689804814,-0.16042857492859863
19585.0,510.5948429920858,-0.44323061894128046,-0.08492447240667575,-0.2610764087981548,-0.5059557072596482,-0.5829748186757965,-0.161767277459247
19587.5,510.5296745373325,-0.44531242050254144,-0.08991616738757613,-0.2647206280549389,-0.5077528303784373,-0.5846294022291613,-0.16311223448005616
19590.0,510.46452271567125,-0.44730010245246565,-0.09479486172734367,-0.2682528634989682,-0.5094485776948475,-0.5861881596679406,-0.16446350883321795
19592.5,510.399387520735,-0.4491951494001595,-0.09956184912406177,-0.27167477943607676,-0.5110445622152385,-0.5876522443621126,-0.16582116354193682
19595.0,510.33426894615974,-0.45099904782872274,-0.10421844317724416,-0.2749880454186915,-0.5125423989704375,-0.5890228223192432,-0.16718526180805415
19597.5,510.2691669855849,-0.4527132852275746,-0.10876597551632625,-0.2781943348032575,-0.5139437040694137,-0.5903010714779026,-0.1685558670094857
19600.0,510.2040816326531,-0.4543393492481715,-0.11320579399564522,-0.2812953233658644,-0.5152500937780885,-0.5914881810002588,-0.1699330426974666
19602.5,510.1390128810101,-0.45587872688317427,-0.117539260955066,-0.28429268797502094,-0.5164631836233716,-0.5925853505645784,-0.17131685259359952
19605.0,510.07396072430504,-0.45733290366909957,-0.12176775154529723,-0.28718810532050376,-0.5175845875224854,-0.5935937896583625,-0.1727073605867005
19607.5,510.00892515619023,-0.45870336291246305,-0.12589265211691528,-0.2899832506971363,-0.5186159169376264,-0.594514716872843,-0.1741046307294365
19610.0,509.94390617032127,-0.45999158493940334,-0.12991535867203258,-0.29267979684238027,-0.5195587800559729,-0.5953493591995672,-0.17550872723475017
19612.5,509.87890376035693,-0.46119904636876535,-0.13383727537750903,-0.29527941282655285,-0.5204147809950435,-0.59609895132977,-0.17691971447206595
19615.0,509.81391791995924,-0.46232721940857996,-0.13765981313854653,-0.2977837629944968,-0.5211855190333614,-0.5967647349572509,-0.17833765696327103
19617.5,509.74894864279344,-0.46337757117587614,-0.14138438823147223,-0.3001945059575085,-0.5218725878663873,-0.5973479580854341,-0.17976261937846627
19620.0,509.683995922528,-0.4643515630397307,-0.1450124209944923,-0.3025132936342959,-0.5224775748876328,-0.5978498743393026,-0.18119466653148078
19622.5,509.61905975283474,-0.46525064998744275,-0.14854533457514582,-0.3047417703397751,-0.5230020604948541,-0.5982717422828632,-0.18263386337514367
19625.0,509.5541401273885,-0.466076280013704,-0.1519845537331851,-0.3068815719204513,-0.5234476174212119,-0.5986148247427937,-0.18408027499630722
19627.5,509.48923703986753,-0.46682989353260984,-0.1553315036975692,-0.3089343249351768,-0.5238158100912482,-0.5988803881389047,-0.18553396661061447
19630.0,509.4243504839531,-0.46751292281234774,-0.15858760907626832,-0.31090164588004865,-0.5241081940015089,-0.5990697018220279,-0.18699500355700524
19632.5,509.3594804533299,-0.4681267914323699,-0.16175429281752482,-0.3127851404562161,-0.5243263151256368,-0.5991840374199268,-0.1884634512919541
19635.0,509.29462694168575,-0.468672913762848,-0.16483297522125295,-0.3145864028793771,-0.5244717093437196,-0.5992246681917963,-0.18993937538343175
19637.5,509.22978994271165,-0.46915269446619,-0.16782507299921434,-0.31630701522974,-0.5245459018956721,-0.5991928683919158,-0.19142284150458555
19640.0,509.1649694501018,-0.46956752802037366,-0.17073199838263228,-0.31794854684124524,-0.5245504068584014,-0.5990899126429652,-0.19291391542712916
19642.5,509.10016545755377,-0.4699187982638547,-0.17355515827589582,-0.31951255372883247,-0.5244867266465006,-0.5989170753195292,-0.1944126630144371
19645.0,509.03537795876815,-0.47020787796176566,-0.17629595345501023,-0.32100057805257165,-0.5243563515361813,-0.5986756299422563,-0.19591915021433282
19647.5,508.9706069474488,-0.4704361283931357,-0.1789557778094555,-0.3224141476174655,-0.5241607592121533,-0.5983668485831372,-0.19743344305156763
19650.0,508.9058524173028,-0.4706048989588268,-0.18153601762613342,-0.3237547754077686,-0.5239014143371407,-0.5979920012823305,-0.1989556076199774
19652.5,508.84111436204046,-0.47071552680987566,-0.18403805091407147,-0.32502395915465326,-0.5235797681436958,-0.5975523554769443,-0.20048571007431404
19655.0,508.7763927753752,-0.470769336495926,-0.1864632467685954,-0.3262231809360987,-0.5231972580479868,-0.5970491754421506,-0.2020238166217403
19657.5,508.7116876510238,-0.4707676396334092,-0.18881296477366774,-0.32735390680787,-0.522755307285182,-0.5964837217449914,-0.20356999351298022
19660.0,508.646998982706,-0.47071173459313476,-0.19108855444112305,-0.328417586464494,-0.5222553245660836,-0.5958572507111962,-0.20512430703311887
19662.5,508.58232676414497,-0.470602906206933,-0.1932913546855457,-0.32941565292913255,-0.5216987037546186,-0.5951710139053253,-0.20668682349204084
19665.0,508.51767098906686,-0.47044242549299076,-0.19542269333354242,-0.33034952227129655,-0.5210868235657983,-0.5944262576244947,-0.2082576092144981
19667.5,508.45303165120123,-0.4702315493995008,-0.1974838866662055,-0.3312205933513507,-0.520421047283754,-0.5936242224059555,-0.2098367305298013
19670.0,508.38840874428064,-0.4699715205662526,-0.19947623899355646,-0.33203024759077704,-0.51970272249943,-0.5927661425487262,-0.21142425376112287
19672.5,508.32380226204094,-0.46966356710377444,-0.2014010422597976,-0.3327798487671888,-0.5189331808675254,-0.5918532456494943,-0.21302024521440352
19675.0,508.2592121982211,-0.4693089023896334,-0.20325957567823105,-0.33347074283312517,-0.5181137378822486,-0.590886752152944,-0.21462477116685244
19677.5,508.19463854656334,-0.4689087248814965,-0.20505310539469115,-0.3341042577576388,-0.5172456926714724,-0.5898678749166654,-0.2162378978550327
19680.0,508.130081300813,-0.4684642179465486,-0.20678288417840973,-0.3346817033897481,-0.5163303278088271,-0.5887978187907621,-0.21785969146252138
19682.5,508.06554045471864,-0.4679765497068608,-0.20845015113921733,-0.3352043713428287,-0.5153689091433176,-0.587677780212253,-0.21949021810713365
19685.0,508.00101600203203,-0.4674468729002992,-0.21005613147002256,-0.3356735348990495,-0.5143626856459921,-0.5865089468143421,-0.22112954382770267
19687.5,507.93650793650795,-0.466876324756558,-0.21160203621355392,-0.3360904489329662,-0.5133128892732344,-0.585292497050608,-0.22277773457040365
19690.0,507.87201625190454,-0.4662660268879048,-0.21308906205233752,-0.33645634985343265,-0.5122207348462148,-0.5840295998341332,-0.22443485617461192
19692.5,507.807540941983,-0.46561708519422074,-0.21451839112094542,-0.33677245556297997,-0.511087419946051,-0.582721414191585,-0.2261009743582855
19695.0,507.74308200050774,-0.46493058978191537,-0.2158911908395455,-0.3370399654338746,-0.5099141248242225,-0.5813690889322235,-0.2277761547028594
19697.5,507.6786394212464,-0.4642076148963038,-0.21720861376784065,-0.3372600603000453,-0.5087020123277817,-0.5799737623318071,-0.22946046263764247
19700.0,507.61421319796955,-0.46344921886702134,-0.21847179747847112,-0.3374339024641315,-0.5074522278389068,-0.5785365618313272,-0.23115396342370584
19702.5,507.5498033244512,-0.4626564440660683,-0.2196818644490209,-0.33756263571889833,-0.5061658992283469,-0.5770586037505038,-0.2328567221372503
19705.0,507.4854097944684,-0.4618303168780617,-0.22083992197176305,-0.33764738538230415,-0.5048441368222938,-0.5755409930159442,-0.2345688036524419
19707.5,507.42103260180136,-0.4609718476822885,-0.2219470620803211,-0.33768925834551167,-0.5034880333822411,-0.5739848229038433,-0.23629027262370492
19710.0,507.35667174023337,-0.46008203084614296,-0.22300436149243494,-0.3376893431331771,-0.5020986640973754,-0.5723911747971067,-0.23802119346746006
19712.5,507.29232720355105,-0.459161844729548,-0.22401288156806706,-0.3376487099753412,-0.5006770865890546,-0.570761117956743,-0.239761630343295
19715.0,507.227998985544,-0.45821225169995067,-0.2249736682820809,-0.33756841089030726,-0.4992243409269299,-0.5690957093073625,-0.24151164713455733
19717.5,507.16368708000505,-0.4572341981574957,-0.2258877522107656,-0.33744947977787204,-0.49774144965627687,-0.5673959932366089,-0.24327130742835534
19720.0,507.0993914807302,-0.45622861456998,-0.22675614853150622,-0.3372929325223268,-0.4962294178360959,-0.5656630014083339,-0.24504067449495662
19722.5,507.03511218151857,-0.45519641551719603,-0.22757985703491018,-0.3370997671046431,-0.49468923308755974,-0.5638977525893077,-0.24681981126656988
19725.0,506.97084917617235,-0.4541384997442803,-0.2283598621487299,-0.3368709637232965,-0.49312186565237565,-0.5621012524892534,-0.24860878031549993
19727.5,506.90660245849705,-0.4530557502236836,-0.22909713297294865,-0.33660748492318626,-0.49152826846065334,-0.5602744936139806,-0.2504076438316596
19730.0,506.84237202230105,-0.4519490342253899,-0.22979262332541514,-0.3363102757321364,-0.4899093772078619,-0.5584184551313759,-0.2522164635994297
19732.5,506.77815786139615,-0.4508192033950127,-0.23044727179742366,-0.3359802638044763,-0.48826611044046553,-0.556534102750011,-0.2540353009738507
19735.0,506.71395996959717,-0.449667093839407,-0.23106200181868453,-0.3356183595712265,-0.48659936964985195,-0.5546223886101054,-0.25586421685613525
19737.5,506.649778340722,-0.4484935262194405,-0.2316377217311161,-0.3352254563964219,-0.4849100393741459,-0.5526842511865903,-0.25770327166848644
19740.0,506.5856129685917,-0.44729930584957145,-0.23217532487094494,-0.3348024307391267,-0.48319898730753225,-0.5507206152039941,-0.2595525253282107
19742.5,506.52146384703053,-0.446085222803892,-0.23267568965858784,-0.3343501423207226,-0.4814670644167121,-0.5487323915628786,-0.2614120372211098
19745.0,506.4573309698658,-0.44485205202830064,-0.2331396796958376,-0.333869434297045,-0.4797151050641127,-0.5467204772775401,-0.26328186617413946
19747.5,506.39321433092795,-0.44360055345847355,-0.23356814386987115,-0.3333611334349878,-0.47794392713749817,-0.5446857554246923,-0.2651620704273209
19750.0,506.32911392405066,-0.442331472143312,-0.2339619164636353,-0.33282605029318335,-0.4761543321856222,-0.5426290951028314,-0.26705270760489136
19752.5,506.2650297430705,-0.441045538373554,-0.23432181727216556,-0.3322649794064084,-0.47434710555957915,-0.5405513514019971,-0.26895383468568046
19755.0,506.2009617818274,-0.43974346781524054,-0.2346486517244275,-0.3316786994733549,-0.4725230165595085,-0.538453365383622,-0.2708655079726971
19757.5,506.13691003416426,-0.438425961647738,-0.2349432110102771,-0.3310679735474452,-0.47068281858633426,-0.5363359640701764,-0.27278778306191553
19760.0,506.07287449392715,-0.4370937067060241,-0.23520627221215862,-0.3304335492303609,-0.4688272492982061,-0.5341999604442975,-0.2747207148102438
19762.5,506.0088551549652,-0.4357473756269547,-0.23543859844116174,-0.32977615886798667,-0.4669570307713378,-0.5320461534571078,-0.2766643573026627
19765.0,505.94485201113076,-0.434387626999234,-0.23564093897710606,-0.3290965197484806,-0.46507286966493394,-0.5298753280454083,-0.2786187638185209
19767.5,505.8808650562792,-0.43301510551681727,-0.23581402941229498,-0.3283953343021832,-0.4631754573899077,-0.5276882551574524,-0.2805839867969712
19770.0,505.8168942842691,-0.4316304421354905,-0.2359585917986305,-0.32767329030310915,-0.461265470281109,-0.5254856917869849,-0.28256007780153664
19772.5,505.75293968896193,-0.4302342542323679,-0.23607533479777337,-0.3269310610717598,-0.45934356977277474,-0.5232683810152515,-0.28454708748378793
19775.0,505.6890012642225,-0.4288271457680651,-0.23616495383406153,-0.32616930567902713,-0.45741040257693566,-0.5210370520606742,-0.2865450655461247
19777.5,505.6250790039186,-0.4274097074513108,-0.2362281312498979,-0.32538866915094483,-0.45546660086451907,-0.5187924203358859,-0.28855406070364037
19780.0,505.5611729019211,-0.42598251690576305,-0.23626553646334883,-0.32458978267407834,-0.4535127824488889,-0.516535187511838,-0.29057412064506155
19782.5,505.4972829521041,-0.424546138838812,-0.23627782612769263,-0.32377326380134774,-0.4515495509715826,-0.5142660415886738,-0.2926052919927463
19785.0,505.4334091483447,-0.4231011252121509,-0.23626564429267347,-0.32293971665807436,-0.4495774960900003,-0.5119856569730818,-0.2946476202617279
19787.5,505.3695514845231,-0.4216480154139092,-0.23622962256723692,-0.3220897321480812,-0.4475971936668321,-0.5096946945618372,-0.2967011498177923
19790.0,505.3057099545225,-0.420187336432149,-0.23617038028352055,-0.32122388815965586,-0.4456092059609808,-0.5073938018312472,-0.2987659238345723
19792.5,505.2418845522294,-0.4187196030295277,-0.2360885246618952,-0.32034274977121446,-0.44361408181978973,-0.5050836129322144,-0.3008419842496512
19795.0,505.1780752715332,-0.41724531791894515,-0.23598465097684915,-0.31944686945651385,-0.44161235687235684,-0.5027647487906474,-0.3029293717196578
19797.5,505.1142821063266,-0.4157649719399978,-0.23585934272354708,-0.31853678728924834,-0.43960455372373913,-0.5004378172129392,-0.3050281255743423
19800.0,505.050505050505,-0.41427904423606166,-0.23571317178485945,-0.31761303114690614,-0.4375911821498679,-0.49810341299624605,-0.30713828376962227
19802.5,504.9867440979674,-0.41278800243184904,-0.23554669859871258,-0.31667611691374087,-0.43557273929297907,-0.49576211804330683,-0.30925988283958383
19805.0,504.9229992426155,-0.41129230281127094,-0.2353604723255936,-0.3157265486827396,-0.4335497098573984,-0.49341450148154037,-0.31139295784742765
19807.5,504.8592704783542,-0.40979239049546334,-0.23515503101605556,-0.31476481895646735,-0.4315225663055009,-0.4910611197861665,-0.31353754233534925
19810.0,504.79555779909134,-0.408288699620826,-0.23493090177808487,-0.3137914088466792,-0.4294917690536999,-0.48870251690710964,-0.31569366827334155
19812.5,504.73186119873816,-0.40678165351693785,-0.23468860094419355,-0.31280678827259895,-0.4274577666682976,-0.48633922439943233,-0.31786136600690834
19815.0,504.6681806712087,-0.4052716648842183,-0.23442863423810936,-0.3118114161577622,-0.42542099606106437,-0.48397176155707244,-0.32004066420367944
19817.5,504.60451621042006,-0.40375913597120505,-0.23415149694094622,-0.31080574062534155,-0.42338188268439886,-0.4816006355496451,-0.32223158979891936
19820.0,504.54086781029264,-0.40224445875133213,-0.23385767405674032,-0.3097901991918654,-0.421340840725942,-0.4792263415620854,-0.32443416793991625
19822.5,504.47723546474964,-0.40072801509909156,-0.23354764047724863,-0.3087652189592574,-0.4192982733025171,-0.47684936293692093,-0.32664842192924576
19825.0,504.4136191677175,-0.3992101769654712,-0.2332218611459052,-0.3077312168051137,-0.4172545726532731,-0.47447017131894487,-0.3288743731669015
19827.5,504.3500189131257,-0.39769130655256496,-0.23288079122085287,-0.30668859957117384,-0.41521012033192534,-0.4720892268020995,-0.3311120410912826
19830.0,504.2864346949067,-0.3961717564872597,-0.2325248762369529,-0.30563776424989486,-0.41316528739797787,-0.46970697807835643,-0.3333614431190328
19832.5,504.22286650699607,-0.3946518699939045,-0.2321545522666992,-0.30457909816909856,-0.4111204346068306,-0.4673238625884048,-0.3356225945837252
19835.0,504.1593143433325,-0.3931319810658763,-0.23177024607995672,-0.30351297917462705,-0.4090759125986739,-0.46494030667395453,-0.3378955086733871
19837.5,504.0957781978576,-0.3916124146359597,-0.23137237530246055,-0.30243977581096093,-0.4070320620860783,-0.46255672573147666,-0.340180196366859
19840.0,504.03225806451616,-0.3900934867454633,-0.23096134857300216,-0.30135984749976213,-0.40498921404019794,-0.46017352436719405,-0.34247666636898605
19842.5,503.9687539372559,-0.38857550471200003,-0.2305375656992498,-0.30027354471629986,-0.4029476898755033,-0.4577910965531653,-0.3447849250446379
19845.0,503.90526581002774,-0.38705876729586297,-0.23010141781214338,-0.2991812091637287,-0.400907801632971,-0.45540982578428235,-0.3471049763515539
19847.5,503.84179367678547,-0.385543564864934,-0.22965328751881728,-0.29808317394518197,-0.3988698521616595,-0.45303008523603244,-0.34943682177201557
19850.0,503.77833753148616,-0.38403017955806423,-0.2291935490540002,-0.2969797637336635,-0.3968341352986023,-0.45065223792286746,-0.3517804602433428
19852.5,503.7148973680897,-0.3825188854468727,-0.2287225684298472,-0.29587129493970515,-0.39480093604696664,-0.448276636857032,-0.3541358880872182
19855.0,503.65147318055904,-0.381009948695909,-0.2282407035841732,-0.2947580758767768,-0.3927705307524079,-0.44590362520771176,-0.35650309893783927
19857.5,503.58806496286036,-0.37950362772113627,-0.227748304527045,-0.2936404069244269,-0.3907431872775773,-0.4435335364603604,-0.35888208366890356
19860.0,503.5246727089627,-0.3780001733466868,-0.22724571348570385,-0.2925185806891439,-0.3887191651747325,-0.44116669457608315,-0.36127283031943114
19862.5,503.46129641283824,-0.3764998289598527,-0.22673326504778651,-0.2913928821629262,-0.38669871585640253,-0.4388034141509403,-0.3636753240184288
19865.0,503.3979360684621,-0.375002830664273,-0.2262112863028237,-0.29026358887954756,-0.38468208276407384,-0.43644400057506433,-0.3660895469084065
19867.5,503.3345916698125,-0.3735094074312838,-0.225680096981993,-0.28913097106852154,-0.38266950153485035,-0.434088750191461,-0.3685154780677531
19870.0,503.27126321087064,-0.3720197812494031,-0.2251400095960999,-0.28799529180675143,-0.3806612001660664,-0.4317379504544009,-0.3709530934319804
19872.5,503.20795068562086,-0.3705341672719194,-0.22459132957178143,-0.2868568071678718,-0.37865739917781255,-0.42939188008728446,-0.37340236571385055
19875.0,503.1446540880503,-0.3690527739625626,-0.2240343553859075,-0.2857157663692778,-0.37665831177334985,-0.4270508092398898,-0.37586326432239864
19877.5,503.0813734121494,-0.3675758032392345,-0.2234693786981749,-0.2845724119168475,-0.37466414399739434,-0.42471499964490217,-0.3783357552808661
19880.0,503.01810865191146,-0.3661034506157789,-0.2228966844818807,-0.28342697974736186,-0.37267509489224304,-0.42238470477364376,-0.38081980114356123
19882.5,502.9548598013328,-0.3646359053417778,-0.22231655115287008,-0.28227969936862773,-0.3706913566517288,-0.4200601699909107,-0.3833153609116671
19885.0,502.8916268544129,-0.3631733505403568,-0.22172925069665017,-0.28113079399731333,-0.3687131147729879,-0.41774163270884324,-0.38582238994801865
19887.5,502.82840980515397,-0.36171596334398864,-0.221135048793669,-0.2799804806945034,-0.36674054820602675,-0.4154293225397479,-0.3883408398908676
19890.0,502.76520864756156,-0.3602639150282888,-0.2205342049427588,-0.2788289704989905,-0.36477382950107806,-0.4131234614478054,-0.3908706585666665
19892.5,502.7020233756441,-0.3588173711437912,-0.21992697258273933,-0.27767646855830985,-0.3628131249537398,-0.41082426389959453,-0.3934117899018923
19895.0,502.6388539834129,-0.3573764916457025,-0.21931359921218696,-0.27652317425753387,-0.36085859474789156,-0.4085319370133658,-0.3959641738339458
19897.5,502.5757004648825,-0.35594143102163,-0.21869432650737194,-0.27536928134584054,-0.358910393096383,-0.406246680707012,-0.39852774622115117
19900.0,502.51256281407035,-0.3545123384172835,-0.21806939043836626,-0.2742149780608759,-0.3569686683794954,-0.4039686878446734,-0.40110243875189816
19902.5,502.4494410249969,-0.35308935776015027,-0.21743902138333243,-0.2730604472509196,-0.35503356328117697,-0.40169814438193047,-0.40368817885295405
19905.0,502.3863350916855,-0.3516726278811449,-0.21680344424099604,-0.27190586649488213,-0.35310521492305424,-0.3994352295095354,-0.4062848895969939
19907.5,502.32324500816276,-0.35026228263423925,-0.2161628785413125,-0.27075140822014365,-0.35118375499622145,-0.3971801157956351,-0.4088924896093832
19910.0,502.26017076845807,-0.3488584510140774,-0.2155175385543387,-0.26959723981826156,-0.3492693098908196,-0.3949329693264467,-0.4115108929742622
19912.5,502.1971123666039,-0.3474612572715822,-0.214867633397318,-0.2684435237585605,-0.34736200082340896,-0.3926939498453468,-0.4141400091399772
19915.0,502.1340697966357,-0.346070821027559,-0.21421336713998992,-0.2672904176996364,-0.34546194396214197,-0.39046321089034025,-0.4167797428239086
19917.5,502.07104305259196,-0.3446872573843108,-0.21355493890814226,-0.26613807459878186,-0.3435692505497537,-0.38824089992987576,-0.4194299939167498
19920.0,502.00803212851406,-0.3433106770352715,-0.2128925429854084,-0.2649866428193744,-0.3416840270243752,-0.38602715849697905,-0.42209065738629375
19922.5,501.9450370184465,-0.34194118637266935,-0.21222636891333804,-0.26383626623622997,-0.33980637513818873,-0.3838221223216792,-0.4247616231807836
19925.0,501.88205771643663,-0.3405788875932339,-0.2115566015897395,-0.26268708433896404,-0.3379363920739319,-0.3816259214617035,-0.42744277613189163
19927.5,501.81909421653495,-0.3392238788019611,-0.21088342136532692,-0.2615392323333731,-0.33607417055927347,-0.37943868043141854,-0.4301339958573932
19930.0,501.75614651279477,-0.3378762541139482,-0.21020700413867227,-0.26039284124086276,-0.33421979897907467,-0.3772605183290029,-0.4328351566636027
19932.5,501.69321459927255,-0.3365361037543177,-0.20952752144948933,-0.2592480379959515,-0.3323733614855495,-0.3750915489618325,-0.4355461274476445
19935.0,501.6302984700276,-0.33520351415624167,-0.20884514057026277,-0.25810494554187086,-0.3305349381063479,-0.3729318809700655,-0.438266771599634
19937.5,501.56739811912223,-0.3338785680570895,-0.20816002459623872,-0.25696368292428917,-0.32870460485057706,-0.37078161794841785,-0.4409969469048525
19940.0,501.5045135406219,-0.33256134459271086,-0.20747233253379954,-0.2558243653831846,-0.32688243381278553,-0.36864085856611456,-0.4437365054459908
19942.5,501.4416447285947,-0.33125191938987597,-0.20678221938723526,-0.2546871044428917,-0.3250684932749215,-0.3665096966850163,-0.4464852935055561
19945.0,501.3787916771121,-0.32995036465689004,-0.20608983624393357,-0.25355200800035027,-0.3232628478062972,-0.3643882214759101,-0.44924315146852833
19947.5,501.3159543802482,-0.3286567492724033,-0.2053953303580073,-0.2524191804115787,-0.3214655583615751,-0.3622765175329665,-0.4520099137253617
19950.0,501.2531328320802,-0.32737113887243297,-0.2046988452323799,-0.2512887225764012,-0.3196766823767967,-0.3601746649863524,-0.454785408575428
19952.5,501.1903270266884,-0.3260935959356224,-0.20400052069934232,-0.2501607320214542,-0.3178962738634833,-0.3580827396130108,-0.45756945813100575
19955.0,501.1275369581559,-0.32482417986675327,-0.20330049299961062,-0.24903530298149534,-0.3161243835008248,-0.3560008129455993,-0.46036187822192
19957.5,501.06476262056873,-0.32356294707853533,-0.2025988948598952,-0.2479125264790472,-0.3143610587259867,-0.3539289523795955,-0.46316247830094087
19960.0,501.00200400801606,-0.32230995107169347,-0.20189585556900544,-0.24679249040239365,-0.31260634382255237,-0.35186722127857184,-0.4659710613500592
19962.5,500.93926111458984,-0.32106524251337437,-0.201191501052514,-0.24567527958196383,-0.3108602800071332,-0.3498156790776462,-0.46878742378775184
19965.0,500.8765339343852,-0.3198288693138945,-0.20048595394598936,-0.2445609758651218,-0.30912290551416255,-0.34777438138511435,-0.47161135537736315
19967.5,500.8138224614999,-0.3186008767018513,-0.19977933366683115,-0.24344965818939415,-0.30739425567890605,-0.3457433800822747,-0.4744426391367255
19970.0,500.75112669003505,-0.31738130729762076,-0.19907175648471756,-0.2423414026541562,-0.30567436301870776,-0.34372272342145016,-0.47728105124915116
19972.5,500.6884466140944,-0.3161702011852629,-0.19836333559069116,-0.24123628259080745,-0.30396325731250085,-0.3417124561222244,-0.48012636097592715
19975.0,500.6257822277847,-0.3149675959828596,-0.19765418116490066,-0.24013436863145607,-0.30226096567860666,-0.3397126194658952,-0.48297833057045586
19977.5,500.56313352521585,-0.3137735269113032,-0.19694440044301892,-0.23903572877614385,-0.3005675126508477,-0.3377232513881669,-0.4858367151941776
19980.0,500.5005005005005,-0.3125880268615649,-0.19623409778136078,-0.23794042845863303,-0.29888292025300095,-0.3357443865700852,-0.48870126283442644
19982.5,500.4378831477543,-0.3114111264604606,-0.19552337472071546,-0.23684853061077915,-0.297207208071617,-0.33377605652723846,-0.4915717142243691
19985.0,500.3752814610958,-0.31024285413493885,-0.1948123300489189,-0.23576009572552,-0.295540393327228,-0.33181828969723104,-0.4944478027651777
19987.5,500.3126954346466,-0.30908323617491507,-0.19410105986218376,-0.23467518191849915,-0.2938824909439768,-0.32987111152544996,-0.4973292544505979
19990.0,500.25012506253125,-0.3079322967946719,-0.19338965762520574,-0.23359384498835162,-0.2922335136176837,-0.32793454454914067,-0.5002157877940747
19992.5,500.1875703388771,-0.30679005819285143,-0.19267821423006973,-0.23251613847567656,-0.2905934718823845,-0.32600860847980623,-0.5031071137586001
19995.0,500.12503125781444,-0.3056565406110606,-0.19196681805397017,-0.23144211372071916,-0.28896237417536197,-0.3240933202839489,-0.506002935689451
19997.5,500.06250781347666,-0.3045317623911111,-0.19125555501577335,-0.23037181991978456,-0.2873402269006941,-0.3221886942621726,-0.5089029492499934
20000.0,500.0,-0.30341574003092026,-0.19054450863143024,-0.2293053041804113,-0.2857270344913494,-0.320294742126663,-0.5118068423607298
20002.5,499.9375078115236,-0.30230848823909,-0.18983376006827135,-0.22824261157532263,-0.2841227994698511,-0.3184114730770657,-0.5147142951417633
20005.0,499.87503124218944,-0.30121001998819164,-0.1891233881981917,-0.22718378519518329,-0.28252752250753427,-0.31653889387478146,-0.5176249798588699
20007.5,499.8125702861427,-0.3001203465667737,-0.18841346964975306,-0.22612886620017875,-0.28094120248242654,-0.31467700891569556,-0.5205385608733589
20010.0,499.7501249375312,-0.2990394776301187,-0.1877040788592168,-0.225077893870445,-0.27936383653576874,-0.3128258203013661,-0.5234546945959145
20012.5,499.6876951905059,-0.297967421249768,-0.18699528812053168,-0.2240309056553675,-0.27779542012720876,-0.3109853279086869,-0.5263730294446048
20015.0,499.62528103922057,-0.2969041839618382,-0.1862871676342866,-0.2229879372217725,-0.27623594708868593,-0.309155529458048,-0.5292932058072585
20017.5,499.5628824778319,-0.2958497708141492,-0.18557978555565735,-0.22194902250103177,-0.27468540967703386,-0.30733642058001287,-0.5322148560084011
20020.0,499.5004995004995,-0.29480418541218634,-0.18487320804135574,-0.22091419373509993,-0.27314379862532745,-0.3055279948805349,-0.5351376042809515
20022.5,499.4381321013859,-0.29376742996391697,-0.1841674992956055,-0.2198834815215119,-0.2716111031929906,-0.3037302440047329,-0.5380610667428771
20025.0,499.3757802746567,-0.29273950532348164,-0.18346272161515786,-0.21885691485735123,-0.27008731121469787,-0.3019431576992471,-0.5409848513790084
20027.5,499.31344401448007,-0.29172041103378266,-0.18275893543337035,-0.21783452118221985,-0.2685724091480842,-0.30016672387319787,-0.543908558028222
20030.0,499.2511233150275,-0.29071014536798834,-0.18205619936335748,-0.21681632642022,-0.26706638212029354,-0.2984009286577657,-0.5468317783761851
20032.5,499.188818170473,-0.2897087053699738,-0.18135457024023988,-0.21580235502097703,-0.2655692139733831,-0.296645756464418,-0.5497540959538767
20035.0,499.12652857499376,-0.28871608689371864,-0.1806541031625012,-0.21479262999971313,-0.2640808873086092,-0.2949011900418014,-0.552675086142083
20037.5,499.06425452276983,-0.28773228464168005,-0.17995485153247387,-0.21378717297640093,-0.262601383529616,-0.2931672105313201,-0.5555943161820732
20040.0,499.001996007984,-0.2867572922021627,-0.17925686709596675,-0.21278600421400695,-0.26113068288454955,-0.2914437975214256,-0.5585113451926618
20042.5,498.93975302482227,-0.2857911020857023,-0.17856019998105518,-0.21178914265585028,-0.25966876450711684,-0.28973092910063525,-0.5614257241938584
20045.0,498.8775255674732,-0.2848337057604836,-0.1778648987360445,-0.2107966059620887,-0.2582156064566146,-0.2880285819093027,-0.5643369961373074
20047.5,498.81531363012846,-0.2838850936868097,-0.1771710103666257,-0.20980841054535732,-0.2567711857569468,-0.28633673119016245,-0.567244695943718
20050.0,498.75311720698255,-0.28294525535064324,-0.17647858037223946,-0.2088245716055703,-0.2553354784346517,-0.28465535083766785,-0.5701483505474841
20052.5,498.6909362922329,-0.28201417929623585,-0.17578765278165967,-0.2078451031639077,-0.25390845955595853,-0.28298441344614567,-0.5730474789486875
20055.0,498.6287708800798,-0.281091853157863,-0.1750982701878175,-0.20687001809600206,-0.2524901032628979,-0.2813238903567851,-0.5759415922726756
20057.5,498.56662096472644,-0.28017826369068627,-0.17441047378187452,-0.2058993281643434,-0.2510803828084801,-0.2796737517034874,-0.5788301938374112
20060.0,498.5044865403789,-0.2792733968007524,-0.17372430338656486,-0.20493304404991788,-0.24967927059096526,-0.27803396645759143,-0.5817127792287651
20062.5,498.44236760124613,-0.27837723757415583,-0.17303979748881737,-0.20397117538309642,-0.24828673818724212,-0.27640450247149856,-0.5845888363839468
20065.0,498.38026414154,-0.27748977030537286,-0.17235699327167156,-0.20301373077378923,-0.24690275638533762,-0.274785326521218,-0.5874578456832369
20067.5,498.31817615547527,-0.27661097852478866,-0.17167592664550635,-0.20206071784088284,-0.24552729521607233,-0.2731764043478507,-0.5903192800502001
20070.0,498.2561036372696,-0.2757408450254332,-0.17099663227858836,-0.20111214324097376,-0.24416032398388285,-0.27157770069803433,-0.5931726050605326
20072.5,498.19404658114337,-0.2748793518889396,-0.17031914362695613,-0.20016801269641396,-0.24280181129682782,-0.2699891793633668,-0.5960172790597126
20075.0,498.13200498132005,-0.27402648051074247,-0.16964349296365747,-0.1992283310226846,-0.24145172509579813,-0.26841080321883065,-0.5988527532895902
20077.5,498.0699788320259,-0.273182211624532,-0.16896971140734526,-0.19829310215510978,-0.2401100326829436,-0.266842534260235,-0.6016784720240701
20080.0,498.00796812749,-0.2723465253259764,-0.16829782895025047,-0.19736232917492708,-0.23877670074933943,-0.2652843336406991,-0.6044938727140111
20082.5,497.9459728619445,-0.27151940109573086,-0.16762787448554367,-0.19643601433472818,-0.2374516954019053,-0.2637361617061897,-0.607298386141472
20085.0,497.8839930296241,-0.2707008178217451,-0.16695987583409422,-0.1955141590832825,-0.23613498218959572,-0.2621979780301383,-0.6100914365834135
20087.5,497.82202862476663,-0.2698907538208849,-0.16629385977064576,-0.19459676408975704,-0.2348265261288776,-0.2606697414471517,-0.6128724419849644
20090.0,497.7600796416127,-0.269089186859881,-0.16562985204941255,-0.19368382926734914,-0.23352629172851033,-0.2591514100858379,-0.61564081414234
20092.5,497.6981460744059,-0.2682960941756203,-0.16496787742911342,-0.19277535379633992,-0.23223424301364515,-0.25764294140076316,-0.6183959588954991
20095.0,497.6362279173924,-0.2675114524947918,-0.16430795969745401,-0.1918713361465851,-0.2309503435492605,-0.2561442922035589,-0.6211372763306025
20097.5,497.5743251648215,-0.2667352380529007,-0.16365012169506624,-0.190971774099454,-0.22967455646294413,-0.25465541869319724,-0.6238641609923342
20100.0,497.5124378109453,-0.265967426612665,-0.16299438533892016,-0.19007666476922833,-0.22840684446704326,-0.2531762764854523,-0.6265760021061256
20102.5,497.4505658500187,-0.26520799348180385,-0.16234077164521377,-0.18918600462397628,-0.22714716988019237,-0.2517068206415628,-0.6292721838103137
20105.0,497.38870927629944,-0.2644569135302354,-0.16168930075175797,-0.18829978950590792,-0.2258954946482348,-0.25024700569611524,-0.6319520853982407
20107.5,497.3268680840482,-0.2637141612066919,-0.16103999193986215,-0.187418014651229,-0.22465178036455338,-0.2487967856841636,-0.6346150815703054
20110.0,497.2650422675286,-0.2629797105547659,-0.1603928636557315,-0.18654067470950048,-0.22341598828982218,-0.2473561141676021,-0.6372605426959397
20112.5,497.20323182100685,-0.2622535352283995,-0.15974793353138855,-0.185667763762518,-0.22218807937119367,-0.245924944260807,-0.6398878350854786
20115.0,497.1414367387522,-0.26153560850682755,-0.15910521840512704,-0.18479927534271903,-0.22096801426093587,-0.24450322865556393,-0.6424963212718823
20117.5,497.0796570150367,-0.2608259033089866,-0.1584647343415088,-0.18393520245113054,-0.21975575333452946,-0.24309091964529628,-0.6450853603022306
20120.0,497.0178926441352,-0.26012439220740047,-0.15782649665091125,-0.18307553757486786,-0.21855125670824097,-0.24168796914861104,-0.6476543080389161
20122.5,496.9561436203255,-0.2594310474415528,-0.1571905199086372,-0.18222027270419225,-0.217354484256183,-0.2402943287321751,-0.6502025174704258
20125.0,496.8944099378882,-0.2587458409307585,-0.15655681797359736,-0.18136939934914045,-0.2161653956268738,-0.23890994963293974,-0.6527293390315938
20127.5,496.8326915911067,-0.2580687442865426,-0.15592540400656774,-0.18052290855573336,-0.21498395025930842,-0.2375347827797266,-0.6552341209331822
20130.0,496.7709885742673,-0.257399728824539,-0.1552962904880418,-0.17968079092177563,-0.21381010739855344,-0.23616877881418916,-0.6577162095006313
20132.5,496.70930088165903,-0.25673876557591624,-0.154669489235675,-0.17884303661225373,-0.2126438261108762,-0.2348118881111671,-0.6601749495218001
20135.0,496.64762850757387,-0.25608582529834306,-0.15404501142133809,-0.1780096353743428,-0.21148506529842173,-0.23346406079844154,-0.6626096846034968
20137.5,496.58597144630664,-0.25544087848650066,-0.15342286758778373,-0.1771805765520305,-0.21033378371344502,-0.2321252467759121,-0.665019757536579
20140.0,496.52432969215494,-0.2548038953821533,-0.1528030676649354,-0.17635584910036808,-0.20918993997211338,-0.23079539573420407,-0.667404510669386
20142.5,496.4627032394191,-0.25417484598378387,-0.15218562098580743,-0.17553544159935464,-0.20805349256788672,-0.22947445717272041,-0.6697632862892408
20145.0,496.40109208240256,-0.2535537000558059,-0.15157053630206344,-0.17471934226746655,-0.20692439988448708,-0.22816238041715367,-0.6720954270117427
20147.5,496.3394962154113,-0.2529404271373589,-0.15095782179922018,-0.17390753897483702,-0.20580262020846896,-0.2268591146364669,-0.6744002761775463
20150.0,496.27791563275434,-0.2523349965506967,-0.1503474851115064,-0.1731000192560962,-0.2046881117413969,-0.22556460885935975,-0.6766771782563085
20152.5,496.2163503287433,-0.251737377409176,-0.14973953333638212,-0.17229677032287827,-0.20358083261164495,-0.2242788119902295,-0.6789254792574568
20155.0,496.1548002976929,-0.2511475386248549,-0.14913397304872605,-0.1714977790760046,-0.202480740885822,-0.22300167282464026,-0.6811445271474221
20157.5,496.0932655339204,-0.2505654489157081,-0.14853081031469909,-0.17070303211734822,-0.20138779457983766,-0.22173314006431188,-0.6833336722729446
20160.0,496.031746031746,-0.24999107681246668,-0.14793005070529178,-0.1699125157613903,-0.20030195166961445,-0.2204731623316412,-0.6854922677900588
20162.5,495.9702417854929,-0.2494243906650915,-0.14733169930955828,-0.1691262160464738,-0.19922317010145624,-0.2192216881837643,-0.687619670098328
20165.0,495.90875278948675,-0.2488653586488854,-0.14673576074754882,-0.168344118745761,-0.19815140780208068,-0.21797866612617545,-0.6897152392798925
20167.5,495.8472790380563,-0.24831394877025412,-0.14614223918294483,-0.16756620937790323,-0.1970866226883277,-0.21674404462590774,-0.6917783395428646
20170.0,495.785820525533,-0.24777012887212096,-0.1455511383354017,-0.1667924732174291,-0.1960287726765462,-0.21551777212429202,-0.6938083396685991
20172.5,495.7243772462511,-0.24723386663900326,-0.14496246149260913,-0.16602289530485734,-0.19497781569167405,-0.21429979704930183,-0.6958046134623375
20175.0,495.6629491945477,-0.2467051296017575,-0.1443762115220715,-0.1652574604565411,-0.1939337096760142,-0.21309006782749268,-0.6977665402067124
20177.5,495.60153636476275,-0.24618388514199993,-0.14379239088261686,-0.16449615327425154,-0.19289641259771703,-0.2118885328955507,-0.6996935051175899
20180.0,495.5401387512388,-0.245670100496208,-0.1432110016356396,-0.1637389581545027,-0.19186588245897648,-0.21069514071145612,-0.7015848998016926
20182.5,495.47875634832155,-0.2451637427595113,-0.14263204545608277,-0.16298585929762976,-0.19084207730394617,-0.20950983976527285,-0.7034401227154542
20185.0,495.41738915035916,-0.24466477888917582,-0.1420555236431649,-0.16223684071662142,-0.18982495522638484,-0.20833257858957455,-0.7052585796245268
20187.5,495.35603715170276,-0.24417317570779,-0.14148143713085806,-0.16149188624571428,-0.18881447437703633,-0.2071633057695154,-0.7070396840633537
20190.0,495.2947003467063,-0.24368889990615655,-0.1409097864981226,-0.16075097954875583,-0.18781059297075145,-0.20600196995255413,-0.7087828577942125
20192.5,495.2333787297264,-0.24321191804589778,-0.14034057197890307,-0.16001410412733993,-0.1868132692933604,-0.2048485198578416,-0.7104875312651152
20195.0,495.1720722951226,-0.24274219656177873,-0.1397737934718907,-0.15928124332872098,-0.1858224617082989,-0.20370290428527932,-0.7121531440659492
20197.5,495.1107810372571,-0.24227970176375463,-0.13920945055005793,-0.1585523803535121,-0.18483812866299845,-0.20256507212425906,-0.7137791453822334
20200.0,495.0495049504951,-0.24182439983874832,-0.13864754246997069,-0.15782749826317263,-0.18386022869504304,-0.2014349723620894,-0.7153649944458481
20202.5,494.9882440292043,-0.24137625685216263,-0.13808806818088157,-0.1571065799872889,-0.18288872043810242,-0.20031255409212032,-0.7169101609821064
20205.0,494.9269982677555,-0.24093523874913275,-0.1375310263336104,-0.15638960833065577,-0.1819235626276449,-0.1991977665215703,-0.7184141256525161
20207.5,494.86576766052207,-0.2405013113555256,-0.1369764152892148,-0.15567656598016064,-0.1809647141064378,-0.19809055897906785,-0.7198763804925892
20210.0,494.80455220188026,-0.24007444037868872,-0.13642423312746,-0.15496743551147707,-0.18001213382983844,-0.19699088092191075,-0.7212964293440407
20212.5,494.74335188620904,-0.23965459140795597,-0.13587447765508506,-0.15426219939557112,-0.17906578087088618,-0.1958986819430549,-0.7226737882807349
20215.0,494.6821667078902,-0.23924172991491421,-0.13532714641387658,-0.15356084000502646,-0.1781256144251944,-0.19481391177783497,-0.7240079860277283
20217.5,494.62099666130825,-0.23883582125343486,-0.13478223668855155,-0.1528633396201913,-0.17719159381565452,-0.19373652031042904,-0.7252985643727545
20220.0,494.55984174085063,-0.23843683065947743,-0.13423974551445278,-0.15216968043515178,-0.1762636784969518,-0.19266645758007042,-0.7265450785695206
20222.5,494.4987019409074,-0.23804472325066706,-0.1336996696850624,-0.1514798445635362,-0.17534182805990176,-0.19160367378701557,-0.7277470977321702
20225.0,494.4375772558715,-0.23765946402565288,-0.1331620057593371,-0.15079381404415487,-0.17442600223561056,-0.19054811929827406,-0.728904205220285
20227.5,494.37646768013843,-0.23728101786325076,-0.1326267500688692,-0.15011157084647928,-0.17351616089946365,-0.18949974465310587,-0.7300159990138052
20230.0,494.3153732081068,-0.23690934952137466,-0.13209389872487678,-0.14943309687596198,-0.17261226407494898,-0.1884585005682955,-0.7310820920772616
20232.5,494.2542938341777,-0.23654442363576203,-0.13156344762502736,-0.14875837397920624,-0.17171427193731878,-0.18742433794320473,-0.7321021127127114
20235.0,494.1932295527551,-0.23618620471849655,-0.1310353924600985,-0.14808738394898474,-0.17082214481709357,-0.18639720786461456,-0.7330757049008049
20237.5,494.1321803582458,-0.2358346571563336,-0.13050972872047942,-0.14742010852911275,-0.16993584320341387,-0.1853770616113591,-0.7340025286294033
20240.0,494.0711462450593,-0.2354897452088315,-0.12998645170251694,-0.14675652941917847,-0.16905532774724416,-0.1843638506587574,-0.7348822602091979
20242.5,494.01012720760775,-0.23515143300629404,-0.129465556514708,-0.146096628279137,-0.1681805592644319,-0.1833575266828515,-0.7357145925757979
20245.0,493.9491232403062,-0.23481968454752755,-0.1289470380837447,-0.14544038673376622,-0.16731149873862627,-0.18235804156445212,-0.7364992355777624
20247.5,493.8881343375725,-0.23449446369741625,-0.12843089116041354,-0.14478778637699294,-0.16644810732406226,-0.18136534739300153,-0.7372359162500923
20250.0,493.82716049382714,-0.23417573418432241,-0.12791711032535155,-0.14413880877608948,-0.16559034634821132,-0.18037939647025483,-0.7379243790726965
20252.5,493.7662017034934,-0.2338634595973119,-0.1274056899946639,-0.14349343547574495,-0.1647381773143033,-0.1794001413137889,-0.7385643862133922
20255.0,493.7052579609973,-0.23355760338321116,-0.1268966244254062,-0.14285164800201514,-0.16389156190372584,-0.1784275346603393,-0.7391557177550098
20257.5,493.6443292607676,-0.23325812884350022,-0.12638990772093203,-0.14221342786615165,-0.16305046197830003,-0.17746152946897564,-0.7396981719062012
20260.0,493.58341559723596,-0.23296499913104393,-0.12588553383611298,-0.14157875656831623,-0.16221483958244065,-0.17650207892411326,-0.7401915651955839
20262.5,493.52251696483654,-0.23267817724666623,-0.12538349658242998,-0.14094761560118102,-0.16138465694520082,-0.17554913643837317,-0.7406357326488722
20265.0,493.4616333580064,-0.23239762603557193,-0.12488378963294038,-0.14031998645341853,-0.16055987648220715,-0.17460265565528924,-0.7410305279486797
20267.5,493.4007647711854,-0.23212330818361868,-0.1243864065271251,-0.13969585061308357,-0.15974046079748613,-0.17366259045186916,-0.7413758235767128
20270.0,493.33991119881597,-0.23185518621344461,-0.12389134067561632,-0.13907518957089107,-0.15892637268518728,-0.17272889494101426,-0.741671510938093
20272.5,493.2790726353434,-0.23159322248045375,-0.12339858536480837,-0.13845798482339006,-0.15811757513120445,-0.17180152347379993,-0.7419175004675913
20275.0,493.2182490752158,-0.23133737916866445,-0.1229081337613572,-0.13784421787604,-0.1573140313146991,-0.17088043064162428,-0.7421137217175774
20277.5,493.15744051288374,-0.23108761828642418,-0.12241997891656804,-0.13723387024618738,-0.15651570460952818,-0.16996557127822493,-0.7422601234275318
20280.0,493.0966469428008,-0.2308439016619952,-0.12193411377067434,-0.13662692346594946,-0.15572255858557987,-0.1690569004615717,-0.7423566735749846
20282.5,493.03586835942315,-0.23060619093901333,-0.12145053115701156,-0.13602335908500454,-0.15493455701001974,-0.16815437351563553,-0.7424033594078032
20285.0,492.97510475720975,-0.23037444757182635,-0.12096922380608834,-0.13542315867329285,-0.15415166384844944,-0.16725794601204033,-0.7424001874577576
20287.5,492.9143561306223,-0.23014863282071357,-0.12049018434955469,-0.1348263038236295,-0.1533738432659819,-0.16636757377159866,-0.7423471835353455
20290.0,492.8536224741252,-0.22992870774699156,-0.12001340532407326,-0.13423277615423124,-0.15260105962823484,-0.16548321286573806,-0.7422443927058863
20292.5,492.79290378218553,-0.2297146332080103,-0.11953887917509314,-0.13364255731116154,-0.15183327750224418,-0.1646048196178173,-0.7420918792469232
20295.0,492.7322000492732,-0.2295063698520432,-0.1190665982605291,-0.13305562897069198,-0.15107046165730217,-0.1637323506043391,-0.7418897265870175
20297.5,492.67151126986084,-0.2293038781130751,-0.1185965548543498,-0.13247197284158724,-0.1503125770657201,-0.1628657626560621,-0.7416380372260397
20300.0,492.61083743842363,-0.22910711820549207,-0.11812874115007525,-0.13189157066731122,-0.14955958890352017,-0.16200501285901328,-0.7413369326371054
20302.5,492.55017854943975,-0.22891605011867827,-0.11766314926418528,-0.13131440422815854,-0.14881146255105623,-0.16115005855540676,-0.7409865531503308
20305.0,492.4895345973898,-0.22873063361152193,-0.11719977123944432,-0.1307404553433135,-0.14806816359356817,-0.16030085734446942,-0.740587057818618
20307.5,492.42890557675736,-0.22855082820683692,-0.11673859904813957,-0.1301697058728363,-0.14732965782167132,-0.15945736708317795,-0.7401386242657115
20310.0,492.36829148202855,-0.22837659318570191,-0.11627962459523897,-0.12960213771958143,-0.1465959112317807,-0.15861954588690963,-0.7396414485167987
20312.5,492.3076923076923,-0.22820788758172317,-0.11582283972146772,-0.12903773283104814,-0.14586689002647626,-0.1577873521300094,-0.7390957448119533
20315.0,492.2471080482402,-0.22804467017522445,-0.11536823620630707,-0.12847647320116345,-0.1451425606148075,-0.15696074444627628,-0.738501745402759
20317.5,492.1865386981666,-0.2278868994873679,-0.11491580577091616,-0.1279183408720039,-0.1444228896125418,-0.1561396817293713,-0.7378597003324677
20320.0,492.12598425196853,-0.22773453377421124,-0.11446554008097924,-0.12736331793545194,-0.1437078438423562,-0.15532412313315053,-0.7371698772000848
20322.5,492.06544470414565,-0.22758753102070572,-0.11401743074947923,-0.12681138653479307,-0.1429973903339763,-0.15451402807192458,-0.7364325609087939
20325.0,492.0049200492005,-0.22744584893463796,-0.11357146933940024,-0.12626252886625447,-0.14229149632426408,-0.1537093562206468,-0.7356480533991591
20327.5,491.94441028163817,-0.2273094449405222,-0.11312764736636026,-0.12571672718048355,-0.14159012925725367,-0.15291006751503503,-0.7348166733675688
20330.0,491.88391539596654,-0.22717827617344594,-0.11268595630117542,-0.1251739637839724,-0.14089325678414108,-0.15211612215162476,-0.7339387559704084
20332.5,491.8234353866962,-0.22705229947287525,-0.1122463875723578,-0.12463422104042722,-0.14020084676322547,-0.1513274805877611,-0.7330146525144668
20335.0,491.7629702483403,-0.22693147137642275,-0.11180893256854754,-0.12409748137208393,-0.1395128672598059,-0.15054410354152745,-0.7320447301341064
20337.5,491.7025199754149,-0.22681574811358418,-0.11137358264088275,-0.12356372726097217,-0.1388292865460351,-0.14976595199161544,-0.7310293714557392
20340.0,491.6420845624385,-0.22670508559944932,-0.11094032910530494,-0.12303294125012904,-0.13815007310072994,-0.1489929871771377,-0.7299689742501762
20342.5,491.58166400393264,-0.22659943942838998,-0.11050916324480588,-0.12250510594476467,-0.1374751956091425,-0.1482251705973843,-0.7288639510734247
20345.0,491.5212582944212,-0.22649876486773196,-0.11008007631161412,-0.12198020401337742,-0.1368046229626911,-0.14746246401152704,-0.7277147288965294
20347.5,491.460867428431,-0.22640301685141634,-0.10965305952932415,-0.12145821818882546,-0.1361383242586544,-0.1467048294382718,-0.7265217487250594
20350.0,491.4004914004914,-0.22631214997365304,-0.10922810409496776,-0.1209391312693518,-0.1354762687998282,-0.14595222915546005,-0.7252854652088602
20352.5,491.3401302051345,-0.22622611848257554,-0.10880520118103142,-0.12042292611956501,-0.13481842609414788,-0.14520462569962495,-0.7240063462426966
20355.0,491.2797838368951,-0.2261448762738981,-0.10838434193741894,-0.11990958567137808,-0.13416476585427684,-0.14446198186549922,-0.7226848725584147
20357.5,491.2194522903107,-0.22606837688458542,-0.10796551749336154,-0.11939909292490412,-0.1335152579971622,-0.14372426070547947,-0.7213215373092755
20360.0,491.1591355599214,-0.22599657348653587,-0.10754871895927644,-0.118891430949314,-0.13286987264355912,-0.14299142552904784,-0.7199168456470881
20362.5,491.09883364027013,-0.22592941888028734,-0.10713393742857462,-0.11838658288365145,-0.13222858011752547,-0.1422634399021527,-0.718471314292807
20365.0,491.0385465259023,-0.2258668654887505,-0.10672116397942064,-0.11788453193761267,-0.13159135094588698,-0.14154026764654912,-0.7169854711012312
20367.5,490.97827421136617,-0.2258088653509739,-0.1063103896764429,-0.1173852613922864,-0.1309581558576742,-0.1408218728391021,-0.7154598546204659
20370.0,490.9180166912126,-0.2257553701159497,-0.10590160557239758,-0.11688875460085951,-0.13032896578353415,-0.14010821981105248,-0.7138950136467859
20372.5,490.8577739599951,-0.22570633103646284,-0.1054948027097877,-0.11639499498928634,-0.129703751855114,-0.139399273147249,-0.7122915067755559
20375.0,490.79754601226995,-0.22566169896299332,-0.10508997212243586,-0.11590396605692353,-0.12908248540442166,-0.13869499768534507,-0.710649901948845
20377.5,490.737332842596,-0.225621424337674,-0.10468710483701417,-0.1154156513771322,-0.12846513796316214,-0.13799535851496447,-0.7089707760003751
20380.0,490.6771344455348,-0.2255854571883143,-0.10428619187453139,-0.11493003459784773,-0.12785168126205093,-0.13730032097683534,-0.7072547141984332
20382.5,490.6169508156507,-0.22555374712249232,-0.10388722425177896,-0.1144470994421175,-0.12724208723010577,-0.13660985066189457,-0.7055023097873715
20385.0,490.55678194751044,-0.2255262433217255,-0.10349019298273475,-0.11396682970860783,-0.1266363279939173,-0.1359239134103644,-0.7037141635283065
20387.5,490.4966278356836,-0.2255028945357238,-0.10309508907992868,-0.11348920927208224,-0.12603437587690003,-0.13524247531080022,-0.7018908832396225
20390.0,490.43648847474253,-0.2254836490767334,-0.1027019035557685,-0.11301422208385022,-0.12543620339852363,-0.13456550269911424,-0.7000330833378723
20392.5,490.37636385926197,-0.2254684548139776,-0.10231062742382903,-0.11254185217218726,-0.12484178327352594,-0.1338929621575723,-0.698141384379653
20395.0,490.31625398381954,-0.22545725916820178,-0.10192125170010169,-0.11207208364272857,-0.12425108841110913,-0.13322482051376813,-0.6962164126050213
20397.5,490.2561588429955,-0.22545000910632923,-0.10153376740421176,-0.11160490067883568,-0.1236640919141184,-0.13256104483957454,-0.694258799483006
20400.0,490.19607843137254,-0.2254466511362355,-0.1011481655605962,-0.11114028754193801,-0.12308076707820456,-0.1319016024500727,-0.6922691812597488
20402.5,490.13601274353636,-0.2254471313016474,-0.1007644371996506,-0.1106782285718482,-0.12250108739097192,-0.13124646090246045,-0.6902481985097954
20405.0,490.075961774075,-0.22545139517717616,-0.10038257335884039,-0.1102187081870539,-0.12192502653111176,-0.13059558799494184,-0.6881964956910444
20407.5,490.0159255175793,-0.22545938786348874,-0.10000256508377955,-0.10976171088498683,-0.12135255836752129,-0.12994895176559712,-0.6861147207038338
20410.0,489.9559039686428,-0.22547105398262854,-0.09962440342927788,-0.10930722124226684,-0.1207836569584099,-0.12930652049123478,-0.6840035244546414
20412.5,489.8958971218616,-0.22548633767348938,-0.09924807946035634,-0.10885522391492591,-0.12021829655039307,-0.12866826268622739,-0.6818635604248413
20415.0,489.83590497183445,-0.22550518258745442,-0.09887358425323241,-0.108405703638609,-0.11965645157757411,-0.12803414710133126,-0.679695484244955
20417.5,489.77592751316274,-0.22552753188420308,-0.09850090889627486,-0.1079586452287553,-0.1190980966606148,-0.1274041427224898,-0.677499953274803
20420.0,489.71596474045054,-0.2255533282276983,-0.09813004449093046,-0.1075140335807572,-0.11854320660579584,-0.12677821876962408,-0.6752776261899508
20422.5,489.65601664830456,-0.22558251378235827,-0.0977609821526209,-0.10707185367010247,-0.11799175640406646,-0.1261563446954087,-0.6730291625748225
20425.0,489.59608323133415,-0.2256150302094234,-0.09739371301161356,-0.10663209055249423,-0.11744372123008519,-0.12553849018403532,-0.6707552225228304
20427.5,489.53616448415124,-0.2256508186635243,-0.09702822821386367,-0.1061947293639545,-0.11689907644125169,-0.1249246251499641,-0.6684564662438555
20430.0,489.47626040137055,-0.22568981978946048,-0.09666451892183121,-0.10575975532090912,-0.11635779757672964,-0.12431471973666375,-0.6661335536793836
20432.5,489.4163709776092,-0.22573197371919668,-0.09630257631527155,-0.10532715372025496,-0.11581986035646284,-0.1237087443153405,-0.6637871441255964
20435.0,489.35649620748717,-0.22577722006908568,-0.09594239159200077,-0.10489690993941052,-0.11528524068018264,-0.12310666948365845,-0.6614178958646761
20437.5,489.2966360856269,-0.22582549793732554,-0.09558395596863624,-0.1044690094363503,-0.11475391462640976,-0.12250846606444873,-0.6590264658045806
20440.0,489.23679060665364,-0.22587674590165896,-0.09522726068131464,-0.10404343774962277,-0.1142258584514484,-0.12191410510441206,-0.6566135091275135
20442.5,489.1769597651951,-0.22593090201732474,-0.0948722969863843,-0.10362018049835371,-0.11370104858837628,-0.12132355787281138,-0.6541796789473
20445.0,489.1171435558816,-0.22598790381526696,-0.09451905616107681,-0.10319922338223383,-0.11317946164602673,-0.12073679586015859,-0.6517256259758551
20447.5,489.05734197334635,-0.2260476883006123,-0.09416752950415466,-0.10278055218149254,-0.112661074407968,-0.12015379077689371,-0.6492519981989123
20450.0,488.99755501222495,-0.22611019195142368,-0.0938177083365389,-0.10236415275685784,-0.1121458638314763,-0.11957451455205766,-0.6467594405611637
20452.5,488.9377826671556,-0.22617535071773637,-0.0934695840019138,-0.10195001104950188,-0.11163380704650565,-0.1189989393319597,-0.6442485946609409
20455.0,488.8780249327793,-0.22624310002088838,-0.09312314786731231,-0.10153811308097478,-0.11112488135465322,-0.11842703747883974,-0.6417200984545456
20457.5,488.81828180373947,-0.2263133747531496,-0.09277839132367999,-0.10112844495312386,-0.11061906422812144,-0.11785878156952544,-0.6391745859703262
20460.0,488.7585532746823,-0.22638610927766167,-0.09243530578642085,-0.10072099284800277,-0.11011633330867698,-0.11729414439408573,-0.6366126870325736
20462.5,488.69883934025654,-0.22646123742869312,-0.09209388269592203,-0.10031574302776736,-0.10961666640660697,-0.11673309895447997,-0.6340350269952914
20465.0,488.6391399951136,-0.22653869251222164,-0.09175411351806177,-0.09991268183456013,-0.10912004149967237,-0.11617561846320477,-0.6314422264858836
20467.5,488.5794552339074,-0.22661840730684843,-0.09141598974469763,-0.09951179569038442,-0.10862643673206025,-0.11562167634193699,-0.628834901158786
20470.0,488.5197850512946,-0.22670031406505492,-0.09107950289413713,-0.09911307109696732,-0.10813583041333334,-0.11507124622017512,-0.6262136614590409
20472.5,488.4601294419343,-0.22678434451480906,-0.0907446445115917,-0.09871649463561195,-0.10764820101737825,-0.11452430193387841,-0.6235791123958175
20475.0,488.4004884004884,-0.2268704298615288,-0.0904114061696131,-0.09832205296704029,-0.10716352718135286,-0.11398081752410462,-0.6209318533258473
20477.5,488.3408619216213,-0.22695850079041135,-0.09007977946851323,-0.09792973283122651,-0.10668178770463288,-0.11344076723564621,-0.6182724777467453
20480.0,488.28125,-0.22704848746913553,-0.08974975603676813,-0.09753952104722007,-0.10620296154775742,-0.11290412551566646,-0.6156015731001593
20482.5,488.22165263029416,-0.22714031955094505,-0.0894213275314061,-0.09715140451296068,-0.10572702783137422,-0.1123708670123346,-0.6129197205846916
20485.0,488.162069807176,-0.22723392617812008,-0.0890944856383802,-0.09676537020508441,-0.10525396583518545,-0.11184096657346089,-0.610227494978509
20487.5,488.1025015253203,-0.22732923598584495,-0.08876922207292685,-0.0963814051787211,-0.10478375499689271,-0.11131439924513259,-0.6075254644715633
20490.0,488.0429477794046,-0.22742617710647858,-0.08844552857990806,-0.09599949656728415,-0.1043163749111434,-0.11079114027034961,-0.6048141905073117
20492.5,487.9834085641088,-0.22752467717423502,-0.08812339693414133,-0.09561963158225197,-0.10385180532847707,-0.11027116508766216,-0.602094227633839
20495.0,487.92388387411563,-0.22762466333028192,-0.08780281894071428,-0.09524179751294266,-0.10339002615427315,-0.10975444932980856,-0.599366123364256
20497.5,487.8643737041103,-0.22772606222826178,-0.0874837864352869,-0.0948659817262807,-0.10293101744769931,-0.10924096882235543,-0.5966304180462424
20500.0,487.8048780487805,-0.2278288000402445,-0.08716629128437918,-0.09449217166655773,-0.1024747594206612,-0.1087306995823391,-0.5938876447406043
20502.5,487.7453969028167,-0.22793280246311645,-0.08685032538564788,-0.09412035485518526,-0.10202123243675444,-0.10822361781690948,-0.5911383291086945
20505.0,487.68593026091196,-0.22803799472541236,-0.08653588066814881,-0.09375051889044209,-0.10157041701021718,-0.10771969992197616,-0.5883829893085427
20507.5,487.6264781177618,-0.2281443015945963,-0.08622294909258811,-0.09338265144721557,-0.10112229380488542,-0.10721892248085714,-0.5856221358995394
20510.0,487.56704046806436,-0.228251647384797,-0.08591152265156164,-0.09301674027673568,-0.10067684363314998,-0.10672126226292998,-0.5828562717554977
20512.5,487.5076173065204,-0.22835995596500344,-0.08560159336978218,-0.09265277320630506,-0.10023404745491596,-0.10622669622228702,-0.5800858919859297
20515.0,487.4482086278333,-0.22846915076772467,-0.08529315330429547,-0.09229073813902242,-0.0997938863765642,-0.1057352014963926,-0.5773114838653549
20517.5,487.3888144267089,-0.22857915479812052,-0.08498619454468644,-0.09193062305350123,-0.09935634164991616,-0.10524675540474496,-0.5745335267704547
20520.0,487.32943469785573,-0.22868989064360568,-0.08468070921327252,-0.09157241600358301,-0.09892139467120051,-0.10476133544754135,-0.5717524921248917
20522.5,487.2700694359849,-0.22880128048393328,-0.08437668946528838,-0.09121610511804665,-0.09848902698002336,-0.10427891930434674,-0.5689688433515981
20525.0,487.21071863581,-0.2289132461017601,-0.0840741274890605,-0.09086167860031154,-0.09805922025834145,-0.10379948483276723,-0.5661830358323416
20527.5,487.15138229204723,-0.22902570889369842,-0.08377301550617001,-0.09050912472813824,-0.09763195632943783,-0.10332301006712773,-0.5633955168743697
20530.0,487.0920603994155,-0.2291385898818567,-0.08347334577160832,-0.09015843185332366,-0.09720721715690177,-0.10284947321715344,-0.5606067256839343
20532.5,487.0327529526361,-0.2292518097258723,-0.08317511057392127,-0.08980958840139215,-0.09678498484361156,-0.10237885266665687,-0.5578170933464955
20535.0,486.9734599464329,-0.22936528873543846,-0.08287830223534581,-0.08946258287128381,-0.09636524163072091,-0.10191112697222911,-0.5550270428134012
20537.5,486.91418137553256,-0.22947894688332773,-0.08258291311193652,-0.08911740383503793,-0.09594796989664897,-0.10144627486193615,-0.5522369888948381
20540.0,486.8549172346641,-0.2295927038189136,-0.08228893559368451,-0.08877403993747371,-0.0955331521560748,-0.10098427523402026,-0.5494473382588518
20542.5,486.79566751855907,-0.22970647888219076,-0.08199636210462678,-0.08843247989586765,-0.09512077105893431,-0.10052510715560718,-0.5466584894362311
20545.0,486.7364322219518,-0.22982019111829535,-0.08170518510294857,-0.0880927124996274,-0.09471080938942286,-0.10006874986141766,-0.5438708328310472
20547.5,486.677211339579,-0.22993375929252563,-0.08141539708107674,-0.08775472660996278,-0.09430325006500075,-0.09961518275248557,-0.5410847507366536
20550.0,486.61800486618006,-0.23004710190586194,-0.08112699056576579,-0.08741851115955415,-0.09389807613540292,-0.09916438539488084,-0.5383006173569327
20552.5,486.5588127964968,-0.23016013721098655,-0.08083995811817664,-0.08708405515221794,-0.09349527078165407,-0.09871633751843888,-0.535518798832594
20555.0,486.49963512527364,-0.23027278322880063,-0.08055429233394763,-0.0867513476625696,-0.09309481731508693,-0.09827101901549501,-0.5327396532723225
20557.5,486.4404718472577,-0.2303849577654383,-0.0802699858432581,-0.0864203778356845,-0.09269669917636514,-0.09782840993962595,-0.5299635307885724
20560.0,486.38132295719845,-0.2304965784297742,-0.07998703131088555,-0.08609113488675596,-0.09230089993451128,-0.09738849050439623,-0.5271907735378183
20562.5,486.322188449848,-0.2306075626514229,-0.07970542143625606,-0.08576360810075197,-0.09190740328593892,-0.09695124108211173,-0.5244217157650609
20565.0,486.2630683199611,-0.23071782769922564,-0.07942514895348775,-0.08543778683206892,-0.09151619305348947,-0.09651664220257887,-0.5216566838523977
20567.5,486.20396256229486,-0.23082729070022204,-0.07914620663142792,-0.08511366050418473,-0.09112725318547381,-0.09608467455187059,-0.5188959963714687
20570.0,486.1448711716091,-0.23093586865910107,-0.0788685872736842,-0.08479121860930916,-0.0907405677547188,-0.09565531897109839,-0.5161399641395901
20572.5,486.0857941426662,-0.23104347847812715,-0.07859228371864939,-0.08447045070803284,-0.09035612095761829,-0.09522855645519117,-0.5133888902793899
20575.0,486.02673147023086,-0.2311500369775354,-0.07831728883952048,-0.08415134642897518,-0.08997389711318943,-0.09480436815168049,-0.5106430702817669
20577.5,485.9676831490706,-0.23125546091639013,-0.0780435955443122,-0.0838338954684305,-0.08959388066213367,-0.09438273535949229,-0.5079027920719913
20580.0,485.90864917395527,-0.23135966701389973,-0.07777119677586423,-0.08351808759001282,-0.08921605616590278,-0.09396363952774624,-0.5051683360787761
20582.5,485.8496295396575,-0.23146257197118061,-0.07750008551184467,-0.08320391262430028,-0.08884040830577032,-0.09354706225456046,-0.5024399753061478
20585.0,485.7906242409521,-0.2315640924934626,-0.0772302547647461,-0.08289136046847703,-0.08846692188190748,-0.0931329852858644,-0.499717975407945
20587.5,485.7316332726169,-0.23166414531272655,-0.0769616975818781,-0.08258042108597548,-0.08809558181246473,-0.09272139051421743,-0.4970025947647865
20590.0,485.67265662943174,-0.23176264721076573,-0.07669440704535435,-0.08227108450611756,-0.08772637313265844,-0.0923122599776357,-0.4942940845633459
20592.5,485.6136943061794,-0.2318595150426611,-0.07642837627207477,-0.08196334082375453,-0.0873592809938623,-0.09190557585842458,-0.4915926888777763
20595.0,485.55474629764507,-0.23195466576065926,-0.07616359841370365,-0.08165718019890615,-0.08699429066270471,-0.09150132048201941,-0.48889864475313666
20597.5,485.49581259861634,-0.2320480164384436,-0.0759000666566419,-0.08135259285640038,-0.08663138752017104,-0.09109947631583203,-0.4862121822906661
20600.0,485.43689320388347,-0.23213948429578535,-0.07563777422199666,-0.08104956908551131,-0.08627055706071092,-0.09070002596810581,-0.4835335247347667
20602.5,485.37798810823926,-0.23222898672356346,-0.07537671436554505,-0.08074809923959703,-0.08591178489135168,-0.09030295218677656,-0.48086288856155285
20605.0,485.319097306479,-0.2323164413091399,-0.07511688037769504,-0.08044817373573808,-0.08555505673081634,-0.08990823785834152,-0.478200483568832
20607.5,485.26022079340044,-0.23240176586207725,-0.07485826558344139,-0.08014978305437408,-0.08520035840864738,-0.08951586600673486,-0.4755465129673822
20610.0,485.201358563804,-0.23248487844018353,-0.07460086334231825,-0.07985291773894136,-0.08484767586433584,-0.08912581979221079,-0.4729011734734031
20612.5,485.1425106124924,-0.23256569737587127,-0.07434466704834784,-0.07955756839551009,-0.08449699514645581,-0.08873808251023414,-0.47026465540201356
20615.0,485.0836769342712,-0.23264414130281363,-0.07408967012998513,-0.07926372569242142,-0.08414830241180432,-0.08835263759037751,-0.4676371427616751
20617.5,485.0248575239481,-0.2327201291828829,-0.07383586605005979,-0.07897138035992451,-0.08380158392454717,-0.0879694685952261,-0.4650188133494305
20620.0,484.96605237633366,-0.2327935803333545,-0.07358324830571371,-0.07868052318981422,-0.08345682605536915,-0.08758855921928999,-0.4624098388468402
20622.5,484.90726148624077,-0.2328644144543592,-0.07333181042833646,-0.07839114503506815,-0.08311401528063084,-0.08720989328792332,-0.4598103849165126
20625.0,484.8484848484849,-0.2329325516565662,-0.07308154598349559,-0.07810323680948433,-0.08277313818153016,-0.08683345475625143,-0.4572206112991231
20627.5,484.7897224578839,-0.23299791248907872,-0.07283244857086602,-0.07781678948731971,-0.08243418144327001,-0.08645922770810423,-0.4546406719108231
20630.0,484.7309743092584,-0.23306041796752341,-0.07258451182415487,-0.07753179410292799,-0.08209713185423081,-0.08608719635495792,-0.4520707149409414
20632.5,484.6722403974312,-0.2331199896023141,-0.07233772941102433,-0.07724824175039859,-0.08176197630514903,-0.08571734503488357,-0.4495108829498885
20635.0,484.613520717228,-0.2331765494270705,-0.07209209503301066,-0.07696612358319589,-0.08142870178830047,-0.0853496582115033,-0.4469613129671714
20637.5,484.55481526347666,-0.23323002002717114,-0.0718476024254415,-0.07668543081379904,-0.08109729539669078,-0.08498412047295313,-0.4444221365894408
20640.0,484.49612403100775,-0.23328032456842004,-0.07160424535734983,-0.0764061547133424,-0.0807677443232488,-0.08462071653085433,-0.4418934800784817
20642.5,484.43744701465425,-0.2333273868258054,-0.07136201763138598,-0.07612828661125602,-0.08044003586002803,-0.08425943121929046,-0.4393754644590774
20645.0,484.37878420925165,-0.2333711312123294,-0.07112091308372645,-0.07585181789490789,-0.08011415739741198,-0.08390024949379356,-0.43686820561666717
20647.5,484.320135609638,-0.23341148280788654,-0.0708809255839811,-0.0755767400092461,-0.0797900964233256,-0.08354315643033601,-0.4343718143947317
20650.0,484.26150121065376,-0.2334483673881677,-0.0706420490350974,-0.07530304445644143,-0.0794678405224522,-0.08318813722433087,-0.43188639669183604
20652.5,484.20288100714197,-0.23348171145356775,-0.07040427737326296,-0.0750307227955324,-0.07914737737545557,-0.08283517718963876,-0.429412053558268
20655.0,484.1442749939482,-0.23351144225807294,-0.07016760456780545,-0.07475976664206879,-0.07882869475820797,-0.08248426175758236,-0.4269488812922107
20657.5,484.0856831659204,-0.23353748783810444,-0.06993202462109104,-0.07449016766775848,-0.07851178054102338,-0.08213537647596812,-0.42449697153539195
20660.0,484.027105517909,-0.23355977704129496,-0.06969753156842012,-0.07422191760011332,-0.07819662268789611,-0.08178850700811521,-0.422056411368157
20662.5,483.9685420447671,-0.23357823955517304,-0.06946411947792194,-0.07395500822209673,-0.07788320925574525,-0.08144363913189157,-0.4196272834039106
20665.0,483.9099927413501,-0.23359280593573206,-0.06923178245044667,-0.07368943137177254,-0.07757152839366381,-0.08110075873875729,-0.41720966588288394
20667.5,483.851457602516,-0.23360340763585746,-0.069000514619456,-0.07342517894195466,-0.07726156834217436,-0.0807598518328152,-0.4148036327651771
20670.0,483.7929366231253,-0.23360997703359027,-0.0687703101509121,-0.0731622428798577,-0.07695331743248926,-0.08042090452986878,-0.41240925382303634
20672.5,483.7344297980409,-0.2336124474601982,-0.06854116324316487,-0.07290061518674852,-0.07664676408577623,-0.08008390305648645,-0.4100265947323245
20675.0,483.6759371221282,-0.23361075322803326,-0.06831306812683749,-0.07264028791759934,-0.07634189681243012,-0.07974883374907428,-0.4076557171631487
20677.5,483.6174585902551,-0.23360482965814722,-0.06808601906471055,-0.07238125318074218,-0.07603870421134915,-0.07941568305295459,-0.4052966788696083
20680.0,483.55899419729207,-0.23359461310764207,-0.06786001035160492,-0.0721235031375235,-0.07573717496921714,-0.07908443752145225,-0.4029495337786315
20682.5,483.50054393811195,-0.23358004099672944,-0.06763503631426275,-0.07186703000196115,-0.07543729785979073,-0.07875508381498796,-0.40061433207786934
20685.0,483.44210780759005,-0.23356105183547324,-0.06741109131122752,-0.0716118260404023,-0.07513906174319192,-0.07842760870017858,-0.3982911203026204
20687.5,483.3836858006042,-0.23353758525019097,-0.0671881697327229,-0.07135788357118199,-0.07484245556520618,-0.0781019990489441,-0.3959799414217592
20690.0,483.3252779120348,-0.23350958200948885,-0.06696626600052977,-0.0711051949642838,-0.07454746835658548,-0.0777782418376222,-0.39368083492264316
20692.5,483.26688413676453,-0.23347698404990466,-0.06674537456786281,-0.07085375264100169,-0.07425408923235707,-0.07745632414608919,-0.3913938368949811
20695.0,483.20850446967864,-0.2334397345011349,-0.06652548991924588,-0.07060354907360225,-0.07396230739113695,-0.07713623315688813,-0.38911898011363677
20697.5,483.15013890566496,-0.23339777771081993,-0.06630660657038502,-0.07035457678499024,-0.07367211211444871,-0.07681795615436393,-0.38685629412035566
20700.0,483.09178743961354,-0.23335105926886457,-0.06608871906804314,-0.0701068283483733,-0.07338349276604796,-0.07650148052380511,-0.3846058053043947
20702.5,483.0334500664171,-0.23329952603126844,-0.06587182198991036,-0.06986029638692967,-0.07309643879125163,-0.07618679375059215,-0.38236753698204307
20705.0,482.97512678097075,-0.2332431261434427,-0.06565590994447659,-0.06961497357347694,-0.07281093971627227,-0.07587388341935353,-0.38014150947502023
20707.5,482.9168175781722,-0.23318180906298996,-0.06544097757090099,-0.06937085263014132,-0.07252698514755747,-0.07556273721312737,-0.3779277401877401
20710.0,482.8585224529213,-0.23311552558192386,-0.0652270195388817,-0.06912792632803026,-0.07224456477113513,-0.07525334291253062,-0.3757262436834328
20712.5,482.8002414001207,-0.23304422784830522,-0.06501403054852443,-0.06888618748690435,-0.07196366835196293,-0.07494568839493451,-0.3735370317591156
20715.0,482.7419744146754,-0.2329678693872737,-0.06480200533021034,-0.0686456289748525,-0.07168428573328288,-0.07463976163364694,-0.37136011351940434
20717.5,482.6837214914927,-0.23288640512145106,-0.06459093864446347,-0.06840624370796777,-0.07140640683598196,-0.07433555069710138,-0.3691954954491647
20720.0,482.6254826254826,-0.23279979139069715,-0.06438082528181698,-0.06816802465002453,-0.07113002165795622,-0.07403304374805211,-0.3670431814849941
20722.5,482.5672578115575,-0.23270798597119538,-0.0641716600626791,-0.06793096481215811,-0.07085512027348123,-0.07373222904277656,-0.3649031730855347
20725.0,482.5090470446321,-0.23261094809384938,-0.0639634378371988,-0.06769505725254481,-0.0705816928325867,-0.07343309493028359,-0.36277546930061666
20727.5,482.45085031962367,-0.23250863846197067,-0.06375615348513004,-0.06746029507608435,-0.07030972956043625,-0.07313562985152858,-0.3606600668392264
20730.0,482.392667631452,-0.23240101926823703,-0.06354980191569659,-0.0672266714340834,-0.07003922075671207,-0.07283982233863488,-0.3585569601363071
20732.5,482.3344989750392,-0.2322880542109061,-0.06334437806745534,-0.06699417952394113,-0.06977015679500466,-0.07254566101412169,-0.35646614141838756
20735.0,482.27634434530984,-0.23216970850926363,-0.06313987690815984,-0.06676281258883578,-0.06950252812220707,-0.0722531345901382,-0.35438760076804393
20737.5,482.21820373719106,-0.23204594891829178,-0.06293629343462345,-0.0665325639174132,-0.06923632525791414,-0.07196223186770427,-0.3523213261872005
20740.0,482.1600771456123,-0.23191674374254,-0.06273362267258155,-0.0663034268434773,-0.06897153879382674,-0.07167294173595719,-0.3502673036592671
20742.5,482.1019645655056,-0.23178206284918415,-0.06253185967655384,-0.06607539474568108,-0.06870815939316037,-0.07138525317140466,-0.34822551721012657
20745.0,482.04386599180526,-0.2316418776802584,-0.062330999529706346,-0.06584846104722063,-0.06844617779005875,-0.07109915523718428,-0.3461959489679707
20747.5,481.98578141944813,-0.23149616126404735,-0.06213103734371301,-0.06562261921552939,-0.0681855847890123,-0.07081463708232906,-0.3441785792219966
20750.0,481.9277108433735,-0.2313448882256248,-0.061931968258616944,-0.06539786276197555,-0.0679263712642808,-0.07053168794103865,-0.34217338647996726
20752.5,481.86965425852304,-0.23118803479652758,-0.061733787442691805,-0.0651741852415595,-0.06766852815932138,-0.07025029713195764,-0.3401803475246475
20755.0,481.811611659841,-0.23102557882355346,-0.06153649009230225,-0.06495158025261408,-0.06741204648622037,-0.06997045405745887,-0.33819943746911935
20757.5,481.7535830422739,-0.23085749977667294,-0.061340071431765154,-0.06473004143650604,-0.06715691732513045,-0.06969214820293344,-0.3362306298109909
20760.0,481.6955684007707,-0.23068377875604634,-0.06114452671321017,-0.06450956247733926,-0.06690313182371188,-0.06941536913608627,-0.33427389648550343
20762.5,481.63756773028297,-0.23050439849813686,-0.06094985121644001,-0.06429013710165955,-0.06665068119657888,-0.06914010650623817,-0.3323292079175521
20765.0,481.5795810257645,-0.23031934338091392,-0.06075604024879089,-0.0640717590781611,-0.06639955672474948,-0.06886635004363305,-0.3303965330726245
20767.5,481.52160828217166,-0.23012859942813946,-0.06056308914499303,-0.06385442221739461,-0.06614974975510113,-0.06859408955875168,-0.3284758395066744
20770.0,481.46364949446314,-0.22993215431273242,-0.06037099326703083,-0.06363812037147744,-0.06590125169982979,-0.06832331494163076,-0.32656709341493545
20772.5,481.4057046576002,-0.22972999735920713,-0.06017974800400299,-0.0634228474338046,-0.06565405403591393,-0.06805401616118815,-0.32467025967969326
20775.0,481.3477737665463,-0.2295221195451827,-0.059989348771982906,-0.06320859733876234,-0.06540814830458269,-0.06778618326455364,-0.32278530191702154
20777.5,481.2898568162676,-0.2293085135019604,-0.05979979101387899,-0.06299536406144285,-0.06516352611078878,-0.06751980637640548,-0.32091218252249926
20780.0,481.23195380173246,-0.2290891735141694,-0.05961107019929478,-0.0627831416173607,-0.0649201791226851,-0.06725487569831229,-0.3190508627159182
20782.5,481.1740647179117,-0.22886409551847864,-0.05942318182438949,-0.06257192406217131,-0.06467809907110642,-0.06699138150808129,-0.317201302584996
20785.0,481.11618955977866,-0.22863327710137807,-0.05923612141173848,-0.06236170549139059,-0.06443727774905475,-0.06672931415911126,-0.3153634611281055
20787.5,481.0583283223091,-0.2283967174960291,-0.059049884510193384,-0.06215248004011646,-0.06419770701118908,-0.06646866407975169,-0.313537296296035
20790.0,481.000481000481,-0.2281544175781887,-0.058864466694743406,-0.061944241882752216,-0.06395937877331981,-0.06620942177266712,-0.31172276503279345
20792.5,480.942647589275,-0.2279063798612099,-0.05867986356637556,-0.06173698523273154,-0.06372228501190667,-0.06595157781420691,-0.30991982331547036
20795.0,480.88482808367394,-0.22765260849012514,-0.058496070751935914,-0.06153070434224487,-0.06348641776356122,-0.06569512285378061,-0.3081284261931697
20797.5,480.8270224786633,-0.22739310923481662,-0.05831308390399063,-0.061325393501967564,-0.06325176912455374,-0.06544004761323868,-0.30634852782502553
20800.0,480.7692307692308,-0.22712788948228183,-0.05813089870068723,-0.06112104704079026,-0.06301833125032331,-0.06518634288625837,-0.3045800815173188
20802.5,480.71145295036655,-0.2268569582280024,-0.057949510845616066,-0.06091765932555009,-0.06278609635499303,-0.06493399953773503,-0.30282303975970454
20805.0,480.6536890170632,-0.22658032606642345,-0.05776891606767224,-0.06071522476076399,-0.06255505671088876,-0.06468300850317873,-0.30107735426056487
20807.5,480.59593896431574,-0.22629800518055584,-0.057589110120917074,-0.060513737788363726,-0.06232520464806179,-0.06443336078811605,-0.29934297598150456
20810.0,480.5382027871216,-0.22601000933070903,-0.05741008878444095,-0.060313192887432504,-0.062096532553815816,-0.06418504746749688,-0.2976198551709983
20812.5,480.4804804804805,-0.22571635384236946,-0.05723184786222519,-0.060113584573943155,-0.06186903287223742,-0.06393805968510674,-0.29590794139720766
20815.0,480.42277203939466,-0.2254170555932339,-0.057054383183005146,-0.059914907400498096,-0.061642698103731144,-0.06369238865298384,-0.2942071835799785
20817.5,480.36507745886877,-0.22511213299941396,-0.05687769060013307,-0.059717155956070675,-0.06141752080455817,-0.06344802565084132,-0.292517530022037
20820.0,480.3073967339097,-0.22480160600082347,-0.05670176599144119,-0.05952032486574897,-0.061193493586378156,-0.06320496202549457,-0.2908389284393932
20822.5,480.24972985952695,-0.22448549604576606,-0.05652660525910582,-0.05932440879047982,-0.060970609115796354,-0.06296318919029369,-0.2891713259909699
20825.0,480.1920768307323,-0.22416382607473753,-0.05635220432951103,-0.05912940242681595,-0.06074886011391336,-0.06272269862456031,-0.2875146693074686
20827.5,480.1344376425399,-0.22383662050345932,-0.056178559153112824,-0.05893530050666396,-0.06052823935587904,-0.06248348187303004,-0.2858689045194879
20830.0,480.07681228996637,-0.22350390520516233,-0.056005665704303986,-0.058742097797034126,-0.06030873967045031,-0.06224553054529927,-0.2842339772849061
20832.5,480.0192007680307,-0.22316570749213677,-0.05583351998127887,-0.05854978909979157,-0.060090353939552706,-0.062008836315277045,-0.2826098328155435
20835.0,479.96160307175427,-0.22282205609656866,-0.055662118005898806,-0.05835836925140951,-0.05987307509784519,-0.061773390920641706,-0.28099641590311636
20837.5,479.9040191961608,-0.22247298115068162,-0.055491455823558036,-0.05816783312272413,-0.05965689613228941,-0.06153918616230214,-0.27939367094449796
20840.0,479.8464491362764,-0.22211851416620426,-0.05532152950304955,-0.05797817561869026,-0.059441810081721724,-0.06130621390386407,-0.27780154196629736
20842.5,479.7888928871297,-0.22175868801318355,-0.055152335136431536,-0.05778939167813977,-0.05922781003642966,-0.061074466071100376,-0.2762199726487714
20845.0,479.7313504437515,-0.22139353689816513,-0.054983868838894785,-0.05760147627354091,-0.059014889137731154,-0.06084393465142696,-0.2746489063490828
20847.5,479.6738218011752,-0.22102309634176387,-0.054816126748629374,-0.05741442441075922,-0.058803040577558155,-0.060614611693382364,-0.2730882861239162
20850.0,479.6163069544364,-0.220647403155644,-0.05464910502669306,-0.05722823112882058,-0.058592257598043436,-0.06038648930611252,-0.2715380547514646
20852.5,479.5588058985733,-0.22026649541893428,-0.05448279985687877,-0.05704289149967503,-0.05838253349111029,-0.060159559658859704,-0.2699981547528023
20855.0,479.5013186286262,-0.2198804124540997,-0.054317207445583826,-0.05685840062796296,-0.058173861598067166,-0.059933814980456204,-0.26846852841265256
20857.5,479.44384513963803,-0.21948919480229342,-0.05415232402167889,-0.05667475365078257,-0.05796623530920398,-0.05970924755882224,-0.2669491177995653
20860.0,479.3863854266539,-0.21909288419821285,-0.05398814583637708,-0.05649194573745836,-0.05775964806339359,-0.05948584974046834,-0.2654398647855164
20862.5,479.3289394847214,-0.218691523544484,-0.053824669163104466,-0.056309972089312384,-0.05755409334769498,-0.059263613930002325,-0.26394071106494
20865.0,479.2715073088905,-0.2182851568855983,-0.053661890297370236,-0.05612882793943592,-0.05734956469696136,-0.059042532589640234,-0.2624515981732072
20867.5,479.2140888942135,-0.2178738293814263,-0.053499805556637706,-0.05594850855246337,-0.05714605569345072,-0.05882259823872198,-0.26097246750456166
20870.0,479.1566842357451,-0.21745758728033368,-0.0533384112801958,-0.05576900922434724,-0.05694355996643949,-0.05860380345323086,-0.2595032603295252
20872.5,479.09929332854233,-0.2170364778919235,-0.0531777038290307,-0.055590325282135235,-0.05674207119184049,-0.058386140865317765,-0.2580439178117827
20875.0,479.0419161676647,-0.21661054955943093,-0.053017679585698384,-0.055412452083748176,-0.05654158309182311,-0.05816960316282905,-0.25659438102456134
20877.5,478.9845527481739,-0.2161798516317941,-0.05285833495419769,-0.05523538501775999,-0.056342089434437546,-0.057954183088839005,-0.2551545909665103
20880.0,478.9272030651341,-0.21574443443542798,-0.05269966635984337,-0.055059119503179314,-0.056143584033241364,-0.05773987344118633,-0.25372448857709773
20882.5,478.86986711361186,-0.21530434924572528,-0.05254167024913997,-0.054883650989231855,-0.05594606074693026,-0.057526667072014634,-0.2523040147515308
20885.0,478.8125448886761,-0.21485964825830972,-0.05238434308965667,-0.05470897495514503,-0.05574951347897102,-0.05731455688731693,-0.2508931103552128
20887.5,478.75523638539795,-0.21441038456006742,-0.052227681369901705,-0.05453508690993374,-0.05555393617723853,-0.05710353584648437,-0.2494917162377464
20890.0,478.6979415988511,-0.21395661209998082,-0.05207168159919797,-0.05436198239218786,-0.05535932283365502,-0.056893596961858896,-0.24809977324649402
20892.5,478.6406605241115,-0.21349838565979043,-0.05191634030755921,-0.054189656969860764,-0.055165667483833,-0.05668473329828963,-0.2467172222397051
20895.0,478.5833931562575,-0.21303576082450898,-0.05176165404556598,-0.05401810624005989,-0.054972964206721,-0.056476937972693465,-0.24534400409922058
20897.5,478.52613949036964,-0.212568793952813,-0.05160761938424336,-0.05384732582883836,-0.05478120712425246,-0.056270204153619524,-0.2439800597427643
20900.0,478.4688995215311,-0.21209754214733556,-0.0514542329149379,-0.053677311390988386,-0.05459039040099738,-0.05606452506081725,-0.2426253301358319
20902.5,478.41167324482717,-0.211622063224885,-0.051301491249195946,-0.05350805860983574,-0.05440050824381736,-0.0558598939648085,-0.24127975630318466
20905.0,478.35446065534563,-0.2111424156866132,-0.051149391018642465,-0.0533395631970359,-0.05421155490152319,-0.055656304186463376,-0.23994327933996043
20907.5,478.2972617481765,-0.21065865868815706,-0.05099792887485999,-0.0531718208923719,-0.05402352466453565,-0.0554537490965799,-0.2386158404224084
20910.0,478.24007651841225,-0.21017085200977656,-0.050847101489268416,-0.05300482746355291,-0.05383641186454907,-0.05525222211546707,-0.23729738081825857
20912.5,478.18290496114764,-0.2096790560265121,-0.0506969055530052,-0.05283857870601512,-0.05365021087419775,-0.055051716712532346,-0.23598784189673336
20915.0,478.1257470714798,-0.20918333167838413,-0.05054733777680649,-0.052673070442723215,-0.053464916106725456,-0.05485222640587177,-0.23468716513821158
20917.5,478.0686028445082,-0.20868374044065655,-0.05039839489088815,-0.05250829852397362,-0.05328052201565766,-0.05465374476186477,-0.23339529214355184
20920.0,478.0114722753346,-0.20818034429418664,-0.05025007364482805,-0.052344258827199605,-0.05309702309447617,-0.0544562653947715,-0.23211216464308465
20922.5,477.9543553590632,-0.20767320569588163,-0.05010237080744825,-0.052180947256776765,-0.05291441387629731,-0.054259781966334936,-0.23083772450528178
20925.0,477.89725209080046,-0.2071623875492838,-0.0499552831666983,-0.05201835974383081,-0.052732688933552284,-0.05406428818538519,-0.22957191374510957
20927.5,477.8401624656552,-0.20664795317530416,-0.049808807529538895,-0.0518564922460461,-0.05255184287767054,-0.053869777807448484,-0.2283146745320757
20930.0,477.78308647873865,-0.20612996628312374,-0.04966294072182591,-0.051695340747476344,-0.05237187035876558,-0.053676244634359035,-0.2270659491979766
20932.5,477.7260241251642,-0.20560849094128417,-0.04951767958819529,-0.051534901258355324,-0.052192766065324005,-0.05348368251387413,-0.22582568024435226
20935.0,477.66897540004777,-0.20508359154898304,-0.049373020991948506,-0.051375169814910596,-0.052014524723896616,-0.05329208533929334,-0.22459381034965764
20937.5,477.6119402985075,-0.20455533280759575,-0.04922896181493801,-0.0512161424791771,-0.05183714109879253,-0.053101447049080486,-0.22337028237615614
20940.0,477.5549188156638,-0.2040237796924391,-0.049085498957454364,-0.05105781533881339,-0.051660609991775804,-0.0529117616264892,-0.222155039376544
20942.5,477.4979109466396,-0.20348899742479534,-0.048942629338112796,-0.05090018450691769,-0.05148492624176469,-0.052723023099191794,-0.22094802460031118
20945.0,477.44091668656006,-0.20295105144421224,-0.04880034989374094,-0.05074324612184697,-0.05131008472453354,-0.05253522553891143,-0.21974918149984668
20947.5,477.38393603055255,-0.202410007381096,-0.04865865757926724,-0.05058699634703608,-0.05113608035241713,-0.05234836306105753,-0.21855845373629482
20950.0,477.326968973747,-0.20186593102961242,-0.04851754936760937,-0.050431431370818514,-0.05096290807401753,-0.052162429824364295,-0.21737578518516754
20952.5,477.2700155112755,-0.20131888832091016,-0.0483770222495639,-0.050276547406248845,-0.05079056287391373,-0.05197742003053281,-0.21620111994172292
20955.0,477.21307563827247,-0.2007689452966818,-0.048237073233696144,-0.05012234069092597,-0.05061903977237345,-0.051793327923875795,-0.21503440232611118
20957.5,477.15614934987474,-0.20021616808307502,-0.04809769934623033,-0.049968807486817785,-0.0504483338250676,-0.05161014779096591,-0.21387557688829897
20960.0,477.09923664122135,-0.19966062286496788,-0.047958897630941265,-0.0498159440800875,-0.050278440122787135,-0.05142787396028699,-0.21272458841277508
20962.5,477.0423375074538,-0.1991023758606201,-0.04782066514904549,-0.04966374678092058,-0.050109353791162284,-0.051246500801888466,-0.2115813819230447
20965.0,476.9854519437157,-0.19854149329671203,-0.04768299897909368,-0.04951221192335345,-0.04994106999038447,-0.05106602272704278,-0.21044590268591726
20967.5,476.9285799451532,-0.19797804138378283,-0.04754589621686345,-0.049361335865103245,-0.049773583914930176,-0.05088643418790586,-0.2093180962155951
20970.0,476.87172150691464,-0.19741208629207802,-0.04740935397525277,-0.04921111498739879,-0.04960689079328745,-0.050707729677180555,-0.20819790827756612
20972.5,476.81487662415066,-0.19684369412781683,-0.04727336938417375,-0.049061545694812816,-0.04944098588768493,-0.05052990372778324,-0.20708528489230812
20975.0,476.7580452920143,-0.19627293090988782,-0.047137939590447306,-0.048912624415095765,-0.04927586449382269,-0.05035295091251302,-0.2059801723388082
20977.5,476.7012275056608,-0.1956998625469827,-0.04700306175769829,-0.04876434759900997,-0.049111521940605855,-0.05017686584372431,-0.20488251715790426
20980.0,476.64442326024783,-0.19512455481517468,-0.046868733066251084,-0.04861671172016608,-0.04894795358988031,-0.05000164317300191,-0.20379226615545176
20982.5,476.5876325509353,-0.19454707333595092,-0.04673495071302571,-0.048469713274859924,-0.048785154836170665,-0.04982727759083919,-0.20270936640532258
20985.0,476.5308553728854,-0.1939674835547041,-0.046601711911435015,-0.04832334878191079,-0.04862312110642049,-0.04965376382631914,-0.20163376525223864
20987.5,476.47409172126265,-0.19338585071969033,-0.04646901389128171,-0.04817761478250124,-0.048461847859734924,-0.049481096646798034,-0.20056541031444736
20990.0,476.41734159123394,-0.19280223986145953,-0.04633685389865643,-0.0480325078400174,-0.04830133058712516,-0.049309270857591965,-0.19950424948624176
20992.5,476.3606049779683,-0.19221671577276178,-0.04620522919583643,-0.047888024539891084,-0.0481415648112555,-0.0491382813016666,-0.19845023094033037
20995.0,476.3038818766373,-0.1916293429889363,-0.046074137061184565,-0.04774416148944286,-0.047982546086192235,-0.04896812285932886,-0.19740330313006135
20997.5,476.24717228241457,-0.19104018576878518,-0.045943574789048806,-0.04760091531772601,-0.047824269997154965,-0.048798790447921916,-0.19636341479150504
21000.0,476.1904761904762,-0.19044930807593677,-0.04581353968966271,-0.047458282675372214,-0.04766673216026979,-0.04863027902152281,-0.1953305149453998
21002.5,476.1337935960005,-0.1898567735607003,-0.0456840290890462,-0.04731626023443751,-0.04750992822232494,-0.04846258357064261,-0.1943045528989631
21005.0,476.07712449416806,-0.18926264554241573,-0.04555504032890684,-0.04717484468825067,-0.04735385386052815,-0.04829569912192919,-0.19328547824757486
21007.5,476.02046888016184,-0.1886669869922987,-0.045426570766541906,-0.04703403275126111,-0.047198504782266344,-0.048129620737872844,-0.1922732408763344
21010.0,475.9638267491671,-0.18806986051678407,-0.04529861777474057,-0.046893821158889404,-0.04704387672486716,-0.04796434351651432,-0.19126779096149643
21012.5,475.9071980963712,-0.18747132834136704,-0.04517117874168745,-0.046754206667377896,-0.046889965455362934,-0.04779986259115545,-0.19026907897178846
21015.0,475.8505829169641,-0.1868714522949433,-0.045044251070865765,-0.04661518605364289,-0.046736766770256115,-0.04763617313007251,-0.18927705566961492
21017.5,475.79398120613774,-0.1862702937946485,-0.0449178321809619,-0.04647675611512802,-0.046584276495287305,-0.04747327033623168,-0.18829167211214953
21020.0,475.7373929590866,-0.18566791383119455,-0.044791919505769724,-0.04633891366965817,-0.046432490485204675,-0.047311149447007726,-0.18731287965232102
21022.5,475.6808181710073,-0.18506437295470443,-0.04466651049409635,-0.046201655555294985,-0.046281404623535916,-0.047149805733904315,-0.1863406299396947
21025.0,475.6242568370987,-0.1844597312610422,-0.044541602609667705,-0.04606497863019339,-0.04613101482236172,-0.04698923450227752,-0.18537487492125335
21027.5,475.5677089525621,-0.18385404837863656,-0.04441719333103495,-0.04592887977245898,-0.04598131702209137,-0.04682943109106142,-0.18441556684208066
21030.0,475.51117451260103,-0.18324738345579708,-0.04429328015148142,-0.04579335588000663,-0.045832307191240276,-0.046670390872496074,-0.18346265824595048
21032.5,475.45465351242126,-0.18263979514851858,-0.04416986057893014,-0.0456584038704199,-0.04568398132620949,-0.04651210925185794,-0.18251610197582444
21035.0,475.39814594723083,-0.18203134160877232,-0.04404693213585225,-0.045524020680811954,-0.045536335451066653,-0.046354581667192946,-0.18157585117426117
21037.5,475.34165181224006,-0.18142208047327968,-0.04392449235917476,-0.04539020326768724,-0.0453893656173295,-0.046197803589051546,-0.18064185928374074
21040.0,475.2851711026616,-0.18081206885276502,-0.04380253880019068,-0.04525694860680387,-0.04524306790375051,-0.04604177052022604,-0.17971408004690514
21042.5,475.22870381371035,-0.18020136332168335,-0.04368106902446777,-0.04512425369303777,-0.045097438416104176,-0.04588647799549082,-0.17879246750672026
21045.0,475.1722499406035,-0.17959001990841936,-0.04356008061175955,-0.044992115540247166,-0.04495247328697512,-0.045731921581344044,-0.17787697600655958
21047.5,475.1158094785604,-0.17897809408595214,-0.043439571155915575,-0.04486053118113852,-0.0448081686755491,-0.045578096875752455,-0.17696756019021342
21050.0,475.05938242280286,-0.17836564076298103,-0.04331953826479298,-0.0447294976671331,-0.044664520767404695,-0.04542499950789762,-0.17606417500182636
21052.5,475.0029687685548,-0.17775271427550787,-0.04319997956016814,-0.04459901206823498,-0.04452152577430774,-0.0452726251379251,-0.17516677568576441
21055.0,474.9465685110425,-0.17713936837886968,-0.04308089267764922,-0.04446907147289958,-0.04437917993400697,-0.04512096945669521,-0.17427531778641553
21057.5,474.89018164549447,-0.1765256562402161,-0.042962275266588905,-0.04433967298790347,-0.04423747951003124,-0.04497002818553656,-0.17338975714792484
21060.0,474.8338081671415,-0.17591163043142596,-0.042844124989998,-0.044210813738215185,-0.044096420791489226,-0.0448197970760013,-0.17251004991386704
21062.5,474.7774480712166,-0.17529734292245652,-0.042726439524459287,-0.04408249086686668,-0.04395600009286999,-0.04467027190962274,-0.17163615252685893
21065.0,474.72110135295515,-0.1746828450751196,-0.042609216560041796,-0.043954701534826106,-0.043816213753845826,-0.04452144849767495,-0.17076802172811276
21067.5,474.66476800759466,-0.17406818763727722,-0.042492453800216504,-0.04382744292087125,-0.043677058139076255,-0.04437332268093463,-0.16990561455693434
21070.0,474.6084480303749,-0.1734534207374507,-0.042376148961770964,-0.04370071222146433,-0.04353852963801441,-0.04422589032944501,-0.16904888835016646
21072.5,474.5521414165381,-0.17283859387983636,-0.042260299774725944,-0.04357450665062717,-0.043400624664714296,-0.04407914734228171,-0.16819780074157986
21075.0,474.4958481613286,-0.1722237559397203,-0.042144903982251965,-0.04344882343981773,-0.04326333965764024,-0.04393308964732085,-0.16735230966121495
21077.5,474.4395682599929,-0.17160895515928531,-0.04202995934058603,-0.04332365983780744,-0.043126671079477624,-0.043787713201008854,-0.16651237333467422
21080.0,474.3833017077799,-0.1709942391438034,-0.04191546361894949,-0.04319901311055927,-0.042990615416945516,-0.04364301398813479,-0.16567795028236845
21082.5,474.3270484999407,-0.17037965485820497,-0.041801414599466194,-0.04307488054110722,-0.04285516918061053,-0.043498988021604144,-0.1648489993187187
21085.0,474.2708086317287,-0.16976524862401884,-0.04168781007708084,-0.04295125942943597,-0.04272032890470266,-0.04335563134221497,-0.1640254795513141
21087.5,474.21458209839955,-0.16915106611667394,-0.04157464785947832,-0.04282814709236214,-0.04258609114693226,-0.04321294001843574,-0.1632073503800298
21090.0,474.158368895211,-0.1685371523631566,-0.04146192576700323,-0.04270554086341607,-0.04245245248830908,-0.04307091014618535,-0.16239457149610415
21092.5,474.10216901742325,-0.16792355174001433,-0.04134964163258,-0.04258343809272437,-0.0423194095329622,-0.04292953784861487,-0.16158710288117822
21095.0,474.04598246029866,-0.16731030797169902,-0.04123779330163346,-0.04246183614689369,-0.04218695890796215,-0.042788819275891274,-0.16078490480629898
21097.5,473.9898092191018,-0.16669746412924147,-0.041126378632010144,-0.04234073240889534,-0.04205509726314401,-0.042648750604983014,-0.1599879378308868
21100.0,473.93364928909955,-0.16608506262924969,-0.041015395493899744,-0.04222012427795026,-0.04192382127093232,-0.04250932803944758,-0.15919616280167
21102.5,473.87750266556094,-0.16547314523322237,-0.0409048417697571,-0.04210000916941556,-0.04179312762616736,-0.04237054780922079,-0.1584095408515875
21105.0,473.8213693437574,-0.16486175304717043,-0.04079471535422514,-0.04198038451467146,-0.04166301304593278,-0.042232406170407855,-0.15762803339865947
21107.5,473.76524931896245,-0.16425092652153808,-0.04068501415405756,-0.041861247761009086,-0.04153347426938501,-0.04209489940507653,-0.15685160214483015
21110.0,473.70914258645195,-0.16364070545141557,-0.04057573608804253,-0.04174259637151953,-0.0414045080575837,-0.041958023821051654,-0.15608020907478126
21112.5,473.65304914150386,-0.16303112897703612,-0.04046687908692702,-0.041624427824982976,-0.041276111193324,-0.04182177575171201,-0.15531381645471948
21115.0,473.5969689793985,-0.1624222355845482,-0.04035844109334086,-0.041506739615759555,-0.04114828048096981,-0.04168615155578839,-0.15455238683113784
21117.5,473.5409020954185,-0.16181406310705662,-0.04025042006172205,-0.04138952925368027,-0.041021012746288894,-0.041551147617163796,-0.15379588302955263
21120.0,473.4848484848485,-0.1612066487259227,-0.04014281395824211,-0.04127279426393919,-0.04089430483628912,-0.04141676034467518,-0.15304426815321753
21122.5,473.4288081429755,-0.1606000289723177,-0.04003562076073213,-0.041156532186986214,-0.04076815361905598,-0.04128298617191709,-0.15229750558181496
21125.0,473.37278106508876,-0.15999423972902016,-0.03992883845860916,-0.04104074057842088,-0.0406425559835918,-0.0411498215570468,-0.15155555897012724
21127.5,473.3167672464797,-0.15938931623245017,-0.03982246505280292,-0.04092541700888662,-0.04051750883965599,-0.041017262982591264,-0.1508183922466869
21130.0,473.260766682442,-0.15878529307493264,-0.03971649855568345,-0.04081055906396614,-0.040393009117606876,-0.04088530695525575,-0.15008596961240855
21132.5,473.2047793682716,-0.15818220420718193,-0.03961093699098879,-0.04069616434407748,-0.040269053768244766,-0.04075395000573402,-0.14935825553920282
21135.0,473.1488052992666,-0.15758008294100045,-0.03950577839375318,-0.0405822304643706,-0.04014563976265611,-0.04062318868852032,-0.1486352147685733
21137.5,473.09284447072736,-0.15697896195218367,-0.03940102081023591,-0.0404687550546253,-0.04002276409205945,-0.04049301958172266,-0.14791681231019665
21140.0,473.0368968779565,-0.1563788732836236,-0.03929666229785063,-0.040355735759149386,-0.03990042376765224,-0.040363439286878355,-0.14720301344048964
21142.5,472.9809625162587,-0.15577984834860464,-0.0391927009250946,-0.04024317023667764,-0.03977861582045912,-0.04023444442877037,-0.14649378370115929
21145.0,472.92504138094114,-0.15518191793428296,-0.03908913477147926,-0.04013105616027209,-0.039657337301181574,-0.04010603165524583,-0.1457890888977419
21147.5,472.8691334673129,-0.15458511220534377,-0.0389859619274605,-0.04001939121722219,-0.03953658528004847,-0.039978197637035744,-0.1450888950981282
21150.0,472.8132387706856,-0.1539894607078281,-0.03888318049436969,-0.03990817310894651,-0.03941635684666832,-0.039850939067576675,-0.1443931686310771
21152.5,472.7573572863728,-0.1533949923731233,-0.03878078858434527,-0.03979739955089474,-0.039296649109882544,-0.039724252662833436,-0.14370187608471915
21155.0,472.70148900969036,-0.1528017355221093,-0.03867878432026437,-0.039687068272450436,-0.039177459197619675,-0.03959813516112377,-0.14301498430504841
21157.5,472.64563393595654,-0.1522097178694548,-0.038577165835675366,-0.03957717701683474,-0.039058784256751626,-0.039472583322944316,-0.1423324603944065
21160.0,472.5897920604915,-0.151618966528056,-0.038475931274730674,-0.039467723541010497,-0.038940621452950006,-0.03934759393079795,-0.14165427170995654
21162.5,472.53396337861784,-0.1510295080136118,-0.0383750787921196,-0.03935870561558749,-0.03882296797054475,-0.03922316378902306,-0.1409803858621495
21165.0,472.4781478856603,-0.15044136824932886,-0.0382746065530023,-0.039250121024727955,-0.03870582101238304,-0.039099289723623705,-0.14031077071318393
21167.5,472.4223455769458,-0.14985457257074988,-0.038174512732943824,-0.039141967566053065,-0.03858917779969005,-0.038975968582101714,-0.13964539437545737
21170.0,472.3665564478035,-0.14926914573069996,-0.038074795517848405,-0.03903424305055014,-0.038473035571930506,-0.038853197233289914,-0.1389842252100131
21172.5,472.3107804935648,-0.14868511190434297,-0.03797545310389448,-0.038926945302480365,-0.03835739158667128,-0.03873097256718703,-0.13832723182498047
21175.0,472.25501770956316,-0.14810249469434436,-0.037876483697470015,-0.03882007215928733,-0.03824224311944571,-0.03860929149479376,-0.1376743830740108
21177.5,472.19926809113446,-0.14752131713613267,-0.037777885515108245,-0.03871362147150618,-0.03812758746361826,-0.038488150947950515,-0.13702564805470843
21180.0,472.14353163361665,-0.14694160170325468,-0.03767965678342389,-0.03860759110267367,-0.03801342193025103,-0.038367547879176164,-0.13638099610705862
21182.5,472.0878083323498,-0.14636337031281885,-0.037581795739049635,-0.03850197892923847,-0.03789974384797085,-0.0382474792615087,-0.13574039681185146
21185.0,472.0320981826764,-0.1457866443310211,-0.03748430062857329,-0.03839678284047246,-0.03778655056283781,-0.03812794208834672,-0.13510381998910342
21187.5,471.976401179941,-0.14521144457874774,-0.03738716970847504,-0.03829200073838284,-0.03767383943821463,-0.038008933373292704,-0.13447123569647623
21190.0,471.92071731949034,-0.14463779133725024,-0.03729040124506518,-0.03818763053762429,-0.03756160785463737,-0.03789045014999724,-0.133842614227695
21192.5,471.8650465966733,-0.14406570435388708,-0.037193993514422666,-0.038083670165412434,-0.03744985320968697,-0.037772489472004976,-0.13321792611096328
21195.0,471.80938900684123,-0.14349520284792663,-0.03709794480233353,-0.03798011756143764,-0.037338572917862016,-0.037655048412601505,-0.1325971421073786
21197.5,471.75374454534733,-0.14292630551640778,-0.037002253404229836,-0.037876970677779315,-0.03722776441045255,-0.03753812406466187,-0.13198023320934713
21200.0,471.6981132075472,-0.14235903054005203,-0.036906917625129175,-0.03777422747882135,-0.03711742513541473,-0.03742171354050016,-0.1313671706389983
21202.5,471.6424949887985,-0.14179339558922333,-0.036811935779574596,-0.03767188594116765,-0.037007552557246914,-0.03730581397172043,-0.13075792584659937
21205.0,471.5868898844612,-0.14122941782993084,-0.036717306191574754,-0.03756994405355854,-0.036898144156866285,-0.03719042250906901,-0.13015247050897144
21207.5,471.5312978898974,-0.14066711392986994,-0.036623027194544286,-0.03746839981678793,-0.03678919743148687,-0.03707553632228784,-0.1295507765279061
21210.0,471.4757190004715,-0.14010650006449826,-0.03652909713124518,-0.03736725124362084,-0.036680709894498585,-0.03696115259996925,-0.12895281602858358
21212.5,471.4201532115498,-0.13954759192314095,-0.03643551435372792,-0.03726649635871147,-0.036572679075346635,-0.03684726854941195,-0.12835856135799284
21215.0,471.36460051850105,-0.13899040471512256,-0.03634227722327335,-0.037166133198522466,-0.03646510251941314,-0.03673388139647806,-0.12776798508335396
21217.5,471.3090609166961,-0.1384349531759211,-0.03624938411033474,-0.03706615981124399,-0.03635797778789826,-0.03662098838545166,-0.12718105999054233
21220.0,471.25353440150803,-0.13788125157334027,-0.0361568333944804,-0.03696657425671405,-0.036251302457703645,-0.036508586778898205,-0.12659775908251653
21222.5,471.19802096831194,-0.13732931371369642,-0.036064623464336525,-0.03686737460633894,-0.036145074121315804,-0.03639667385752541,-0.12601805557774878
21225.0,471.14252061248527,-0.13677915294801674,-0.035972752717530504,-0.036768558943014666,-0.036039290386691125,-0.036285246920045144,-0.12544192290865855
21227.5,471.08703332940763,-0.13623078217824508,-0.0358812195606346,-0.03667012536104878,-0.03593394887714155,-0.0361743032830365,-0.12486933472005042
21230.0,471.03155911446066,-0.1356842138634519,-0.03579002240910987,-0.03657207196608255,-0.03582904723122102,-0.03606384028081014,-0.12430026486755526
21232.5,470.9760979630284,-0.13513946002604565,-0.03569915968725074,-0.03647439687501441,-0.035724583102613366,-0.03595385526527375,-0.12373468741607611
21235.0,470.92064987049685,-0.13459653225798185,-0.03560862982812955,-0.036377098215922964,-0.03562055416002053,-0.035844345605798425,-0.12317257663823786
21237.5,470.86521483225425,-0.13405544172696718,-0.035518431273541894,-0.03628017412799153,-0.03551695808705227,-0.03573530868908653,-0.12261390701284224
21240.0,470.8097928436911,-0.13351619918265548,-0.03542856247395188,-0.03618362276143283,-0.03541379258211613,-0.03562674191904037,-0.12205865322332698
21242.5,470.7543839002001,-0.13297881496283348,-0.03533902188843821,-0.03608744227741394,-0.03531105535830903,-0.03551864271663212,-0.12150679015623068
21245.0,470.69898799717583,-0.13244329899959223,-0.03524980798464017,-0.035991630847982535,-0.03520874414330903,-0.03541100851977486,-0.12095829289966274
21247.5,470.6436051300153,-0.13190966082548328,-0.03516091923870426,-0.035896186655992895,-0.03510685667926859,-0.03530383678319461,-0.12041313674177849
21250.0,470.5882352941176,-0.1313779095796556,-0.035072354135231264,-0.035801107895032845,-0.03500539072270831,-0.0351971249783035,-0.1198712971692605
21252.5,470.5328784848841,-0.13084805401397206,-0.03498411116722326,-0.03570639276935169,-0.03490434404441166,-0.03509087059307397,-0.11933274986580542
21255.0,470.47753469771817,-0.1303201024991023,-0.03489618883603136,-0.03561203949378735,-0.03480371442932063,-0.034985071131914076,-0.11879747071061707
21257.5,470.4222039280254,-0.12979406303059013,-0.034808585651303625,-0.03551804629369585,-0.034703499676432124,-0.0348797241155438,-0.11826543577690547
21260.0,470.36688617121354,-0.1292699432348933,-0.034721300130933413,-0.03542441140487959,-0.03460369759869527,-0.03477482708087243,-0.11773662133039259
21262.5,470.31158142269254,-0.1287477503753936,-0.03463433080100804,-0.03533113307351738,-0.03450430602290956,-0.03467037758087685,-0.11721100382782419
21265.0,470.25628967787446,-0.12822749135837563,-0.034547676195757486,-0.03523820955609441,-0.03440532278962379,-0.03456637318448113,-0.11668855991548875
21267.5,470.2010109321735,-0.12770917273897156,-0.03446133485750419,-0.03514563911933281,-0.0343067457530358,-0.034462811476436706,-0.11616926642774299
21270.0,470.14574518100613,-0.12719280072707095,-0.034375305336612386,-0.035053420040123025,-0.03420857278089311,-0.034359690057204,-0.11565310038554424
21272.5,470.0904924197908,-0.1266783811931938,-0.03428958619143799,-0.034961550605455104,-0.03411080175439432,-0.03425700654283472,-0.11514003899499003
21275.0,470.0352526439483,-0.12616591967432483,-0.03420417598827921,-0.03487002911235115,-0.03401343056809122,-0.034154758564855246,-0.11463005964586483
21277.5,469.98002584890145,-0.1256554213797074,-0.03411907330132713,-0.03477885386779793,-0.03391645712979197,-0.03405294377015105,-0.11412313991019399
21280.0,469.9248120300752,-0.12514689119659683,-0.034034276712616364,-0.034688023188679834,-0.033819879360464745,-0.03395155982085189,-0.11361925754080511
21282.5,469.86961118289673,-0.12464033369596966,-0.033949784811976844,-0.03459753540171273,-0.03372369519414219,-0.033850604394218255,-0.11311839046989706
21285.0,469.8144233027954,-0.12413575313818963,-0.033865596196985,-0.03450738884337813,-0.03362790257782702,-0.033750075182528524,-0.11262051680761634
21287.5,469.75924838520257,-0.12363315347862756,-0.03378170947291602,-0.03441758185985751,-0.03353249947139794,-0.033649969892967015,-0.11212561484064115
21290.0,469.7040864255519,-0.12313253837323526,-0.0336981232526959,-0.03432811280696779,-0.033437483847516436,-0.03355028624751325,-0.11163366303077367
21292.5,469.6489374192791,-0.12263391118407112,-0.033614836156854164,-0.03423898005009676,-0.03334285369153455,-0.033451021982831904,-0.11114464001353923
21295.0,469.59380136182205,-0.1221372749847773,-0.03353184681347665,-0.034150181964139034,-0.033248607001403196,-0.03335217485016365,-0.11065852459679475
21297.5,469.5386782486207,-0.12164263256600737,-0.03344915385815869,-0.03406171693343271,-0.03315474178758115,-0.033253742615217186,-0.11017529575934373
21300.0,469.4835680751174,-0.121149986440803,-0.03336675593395881,-0.03397358335169637,-0.03306125607294501,-0.03315572305806169,-0.10969493264956066
21302.5,469.4284708367563,-0.12065933884991951,-0.03328465169135227,-0.03388577962196656,-0.0329681478926996,-0.0330581139730207,-0.10921741458402211
21305.0,469.3733865289838,-0.120170691767099,-0.03320283978818543,-0.033798304156535654,-0.03287541529428942,-0.03296091316856645,-0.1087427210461476
21307.5,469.3183151472486,-0.11968404690429084,-0.033121318889630075,-0.03371115537689009,-0.03278305633731047,-0.03286411846721534,-0.10827083168484722
21310.0,469.2632566870014,-0.11919940571681821,-0.033040087668138096,-0.03362433171364966,-0.03269106909342309,-0.03276772770542403,-0.10780172631317847
21312.5,469.208211143695,-0.11871676940849066,-0.032959144803396775,-0.03353783160650629,-0.032599451646265216,-0.03267173873348673,-0.1073353849070112
21315.0,469.15317851278445,-0.11823613893666184,-0.03287848898228364,-0.033451653504164076,-0.0325082020913666,-0.03257614941543294,-0.10687178760370056
21317.5,469.09815878972677,-0.11775751501723197,-0.032798118898822566,-0.03336579586427925,-0.03241731853606349,-0.03248095762892643,-0.10641091470076888
21320.0,469.04315196998124,-0.11728089812959447,-0.03271803325413952,-0.03328025715340106,-0.032326799099414084,-0.032386161265164644,-0.10595274665459577
21322.5,468.98815804900926,-0.11680628852152657,-0.032638230756418606,-0.03319503584691262,-0.03223664191211487,-0.0322917582287793,-0.10549726407911643
21325.0,468.9331770222743,-0.11633368621402326,-0.032558710120858946,-0.03311013042897239,-0.032146845116417154,-0.03219774643773762,-0.10504444774452883
21327.5,468.87820888524203,-0.11586309100607456,-0.03247947006963107,-0.03302553939245615,-0.032057406866044705,-0.03210412382324442,-0.10459427857600921
21330.0,468.8232536333802,-0.11539450247938539,-0.032400509331834214,-0.03294126123889931,-0.03196832532611192,-0.03201088832964488,-0.1041467376524363
21332.5,468.7683112621587,-0.11492792000303854,-0.03232182664345374,-0.03285729447843979,-0.03187959867304248,-0.031918037914328415,-0.1037018062051237
21335.0,468.71338176704944,-0.1144633427380995,-0.03224342074731859,-0.032773637629760904,-0.031791225094488895,-0.03182557054763291,-0.10325946561656141
21337.5,468.65846514352666,-0.11400076964216392,-0.032165290393059355,-0.03269028922003524,-0.03170320278925265,-0.03173348421275015,-0.10281969741916529
21340.0,468.6035613870665,-0.11354019947384741,-0.03208743433706641,-0.03260724778486855,-0.03161552996720469,-0.031641776905631795,-0.10238248329403579
21342.5,468.5486704931475,-0.11308163079721671,-0.03200985134244846,-0.032524511868244205,-0.031528204849206994,-0.03155044663489621,-0.10194780506972474
21345.0,468.4937924572499,-0.1126250619861638,-0.0319325401789913,-0.03244208002246796,-0.03144122566703449,-0.031459491421735854,-0.10151564472101092
21347.5,468.43892727485655,-0.1121704912287212,-0.03185549962311677,-0.032359950808113144,-0.03135459066329761,-0.0313689092998259,-0.10108598436768441
21350.0,468.384074941452,-0.11171791653131985,-0.03177872845784203,-0.03227812279396648,-0.031268298091365554,-0.03127869831523298,-0.10065880627333937
21352.5,468.3292354525231,-0.11126733572298857,-0.03170222547273936,-0.03219659455697382,-0.031182346215290046,-0.031188856526325165,-0.10023409284417534
21355.0,468.2744088035589,-0.11081874645949616,-0.0316259894638958,-0.032115364682186925,-0.031096733309729892,-0.031099382003682542,-0.09981182662780737
21357.5,468.2195949900503,-0.11037214622743532,-0.031550019233873246,-0.03203443176270987,-0.03101145765987588,-0.031010272830008352,-0.09939199031208465
21360.0,468.1647940074906,-0.1099275323482492,-0.03147431359166903,-0.03195379439964647,-0.03092651756137638,-0.030921527100041053,-0.09897456672391769
21362.5,468.1100058513751,-0.10948490198220014,-0.03139887135267621,-0.031873451202047855,-0.030841911320263777,-0.03083314292046708,-0.09855953882811394
21365.0,468.05523051720104,-0.1090442521322815,-0.031323691338644925,-0.03179340078686039,-0.030757637252880977,-0.030745118409834137,-0.09814688972622251
21367.5,468.000468000468,-0.10860557964807223,-0.03124877237764305,-0.03171364177887399,-0.03067369368580898,-0.03065745169846543,-0.09773660265538658
21370.0,467.94571829667757,-0.10816888122953441,-0.031174113304018057,-0.03163417281067085,-0.030590078955794724,-0.030570140928374442,-0.09732866098720522
21372.5,467.8909814013335,-0.10773415343075436,-0.031099712958358405,-0.031554992522574626,-0.03050679140967966,-0.030483184253180407,-0.09692304822660307
21375.0,467.8362573099415,-0.10730139266362726,-0.031025570187455543,-0.03147609956259969,-0.030423829404328844,-0.030396579838024643,-0.09651974801070894
21377.5,467.7815460180096,-0.10687059520148601,-0.03095168384426607,-0.031397492586401135,-0.030341191306560482,-0.030310325859487255,-0.0961187441077425
21380.0,467.7268475210477,-0.10644175718267382,-0.03087805278787429,-0.03131917025722486,-0.030258875493076234,-0.030224420505504765,-0.09572002041590999
21382.5,467.67216181456797,-0.10601487461406156,-0.03080467588345469,-0.031241131245858193,-0.030176880350391917,-0.030138861975288343,-0.09532356096230761
21385.0,467.61748889408466,-0.10558994337451058,-0.03073155200223494,-0.031163374230580736,-0.03009520427476877,-0.030053648479242686,-0.09492934990183399
21387.5,467.56282875511397,-0.10516695921827961,-0.030658680021459127,-0.031085897897115678,-0.03001384567214527,-0.029968778238885472,-0.09453737151611065
21390.0,467.50818139317437,-0.10474591777837858,-0.030586058824351066,-0.031008700938581327,-0.029932802958069635,-0.029884249486767572,-0.0941476102124109
21392.5,467.45354680378637,-0.10432681456986735,-0.030513687300078078,-0.030931782055443214,-0.0298520745576325,-0.029800060466394006,-0.09376005052259723
21395.0,467.3989249824725,-0.10390964499310186,-0.03044156434371478,-0.03085513995546628,-0.02977165890540053,-0.02971620943214514,-0.09337467710206666
21397.5,467.34431592475755,-0.1034944043369262,-0.03036968885620721,-0.03077877335366754,-0.02969155444535026,-0.029632694649199057,-0.09299147472870464
21400.0,467.2897196261682,-0.10308108778181255,-0.030298059744337257,-0.03070268097226922,-0.02961175963080255,-0.029549514393454036,-0.09261042830184701
21402.5,467.2351360822334,-0.10266969040294856,-0.030226675920687316,-0.030626861540651928,-0.02953227292435767,-0.029466666951452173,-0.09223152284125036
21405.0,467.180565288484,-0.1022602071732731,-0.030155536303604985,-0.03055131379530843,-0.029453092797830652,-0.029384150620303005,-0.09185474348607021
21407.5,467.12600724045313,-0.10185263296646016,-0.030084639817168263,-0.030476036479797637,-0.02937421773218736,-0.029301963707608323,-0.09148007549384773
21410.0,467.07146193367583,-0.1014469625598523,-0.030013985391150792,-0.030401028344698905,-0.029295646217480906,-0.02922010453138729,-0.0911075042395042
21412.5,467.0169293636894,-0.10104319063734334,-0.029943571960987403,-0.030326288147566823,-0.02921737675278877,-0.029138571420002174,-0.09073701521434363
21415.0,466.9624095260331,-0.1006413117922113,-0.029873398467739922,-0.030251814652886025,-0.02913940784615004,-0.029057362712084693,-0.09036859402506368
21417.5,466.9079024162484,-0.10024132052990141,-0.029803463858063085,-0.030177606632026715,-0.02906173801450361,-0.02897647675646311,-0.09000222639277398
21420.0,466.8534080298786,-0.0998432112707608,-0.02973376708417078,-0.03010366286320015,-0.02898436578362655,-0.02889591191208957,-0.08963789815202305
21422.5,466.7989263624694,-0.09944697835272408,-0.029664307103802568,-0.03002998213141473,-0.02890728968807293,-0.028815666547968403,-0.08927559524983253
21425.0,466.74445740956827,-0.09905261603395132,-0.02959508288019016,-0.0299565632284321,-0.02883050827111335,-0.02873573904308468,-0.08891530374473969
21427.5,466.690001166725,-0.09866011849541821,-0.02952609338202454,-0.029883404952723923,-0.02875402008467472,-0.028656127786333637,-0.08855700980584752
21430.0,466.63555762949136,-0.09826947984345975,-0.029457337583422727,-0.029810506109428786,-0.028677823689280645,-0.02857683117645027,-0.0882006997118828
21432.5,466.5811267934212,-0.09788069411226714,-0.02938881446389544,-0.029737865510309113,-0.02860191765399219,-0.028497847621939913,-0.08784635985026164
21435.0,466.52670865407043,-0.09749375526633872,-0.02932052300831445,-0.02966548197370918,-0.028526300556349225,-0.02841917554100913,-0.087493976716163
21437.5,466.4723032069971,-0.09710865720288583,-0.029252462206880308,-0.029593354324512457,-0.02845097098231201,-0.02834081336149716,-0.08714353691160973
21440.0,466.4179104477612,-0.09672539375419367,-0.029184631055090327,-0.029521481394100078,-0.028375927526203378,-0.028262759520807965,-0.08679502714455697
21442.5,466.3635303719249,-0.09634395868993778,-0.029117028553706795,-0.02944986202030906,-0.028301168790651452,-0.028185012465842835,-0.08644843422798872
21445.0,466.30916297505246,-0.09596434571945676,-0.029049653708725337,-0.02937849504739112,-0.028226693386532588,-0.028107570652933466,-0.08610374507902135
21447.5,466.2548082527101,-0.09558654849398193,-0.028982505531343492,-0.029307379325971668,-0.02815249993291495,-0.02803043254777556,-0.0857609467180148
21450.0,466.2004662004662,-0.09521056060882406,-0.028915583037929384,-0.029236513713009074,-0.028078587057002394,-0.027953596625363092,-0.08542002626769125
21452.5,466.14613681389113,-0.09483637560551808,-0.028848885249990946,-0.029165897071754415,-0.0280049533940788,-0.0278770613699229,-0.08508097095226134
21455.0,466.0918200885574,-0.09446398697392605,-0.028782411194145006,-0.029095528271711236,-0.027931597587452922,-0.0278008252748499,-0.08474376809655706
21457.5,466.0375160200396,-0.09409338815429916,-0.02871615990208668,-0.029025406188595667,-0.027858518288403623,-0.027724886842642873,-0.08440840512517288
21460.0,465.98322460391427,-0.09372457253929914,-0.028650130410558968,-0.02895552970429699,-0.027785714156125373,-0.02764924458484053,-0.08407486956161334
21462.5,465.92894583576003,-0.0933575334759797,-0.02858432176132263,-0.028885897706838453,-0.02771318385767446,-0.027573897021958456,-0.08374314902744835
21465.0,465.8746797111577,-0.09299226426772826,-0.028518733001126097,-0.028816509090338106,-0.027640926067915447,-0.027498842683426103,-0.0834132312414753
21467.5,465.82042622568997,-0.09262875817616925,-0.0284533631816758,-0.028747362754970193,-0.027568939469467934,-0.02742408010752462,-0.08308510401888847
21470.0,465.76618537494176,-0.09226700842302844,-0.02838821135960649,-0.02867845760692675,-0.027497222752653937,-0.02734960784132513,-0.08275875527045554
21472.5,465.71195715449994,-0.0919070081919599,-0.028323276596451716,-0.028609792558379348,-0.02742577461544554,-0.027275424440627305,-0.08243417300170076
21475.0,465.6577415599534,-0.09154875063033528,-0.028258557958614934,-0.02854136652744134,-0.02735459376341305,-0.027201528469898505,-0.08211134531209575
21477.5,465.60353858689325,-0.09119222885099644,-0.028194054517340028,-0.028473178438130207,-0.02728367890967339,-0.027127918502213633,-0.08179026039425655
21480.0,465.54934823091247,-0.09083743593397188,-0.028129765348682965,-0.028405227220330086,-0.02721302877483909,-0.027054593119195006,-0.08147090653314774
21482.5,465.4951704876062,-0.09048436492815717,-0.028065689533482794,-0.028337511809754856,-0.027142642086967456,-0.026981550910953216,-0.08115327210529374
21485.0,465.44100535257155,-0.09013300885296052,-0.028001826157333293,-0.028270031147911236,-0.027072517581510254,-0.026908790476027903,-0.08083734557799643
21487.5,465.3868528214078,-0.0897833606999134,-0.027938174310554863,-0.028202784182062228,-0.027002654001263875,-0.026836310421329546,-0.08052311550855962
21490.0,465.33271288971616,-0.0894354134342469,-0.02787473308816616,-0.028135769865190844,-0.026933050096319553,-0.02676410936208124,-0.08021057054352038
21492.5,465.2785855530999,-0.08908915999643474,-0.027811501589856433,-0.028068987155964002,-0.026863704624014363,-0.02669218592176125,-0.0798996994178868
21495.0,465.22447080716444,-0.08874459330370282,-0.027748478919957627,-0.028002435018696772,-0.026794616348882236,-0.02662053873204584,-0.07959049095438248
21497.5,465.17036864751714,-0.08840170625150628,-0.027685664187417056,-0.027936112423316905,-0.026725784042605647,-0.026549166432752604,-0.07928293406269736
21500.0,465.1162790697674,-0.08806049171497436,-0.027623056505769805,-0.027870018345329414,-0.02665720648396739,-0.026478067671784254,-0.07897701773874528
