3357
MM Point Charges
-0.00634827 24.17547665 92.88067171 -35.93338000
-0.00971482 29.02999766 90.32224890 -27.20414780
-0.01056092 29.78234925 91.84348843 -16.65581387
0.00848458 28.36088027 92.55971158 -26.64326236
0.00944129 31.23605202 93.64760287 -18.23012381
0.01968427 20.57184918 96.64623632 -23.06760525
-0.04401210 20.61673592 83.13850105 -27.38479743
-0.05137413 27.91161674 87.30113733 -36.07501137
0.03917094 14.87351676 88.98037772 -33.27101323
-0.08234159 28.15019468 82.17700379 -25.67691686
-0.08885228 13.61667338 92.07817838 -30.51387500
0.05520806 28.69763272 84.87264360 -35.51725519
0.06079015 29.75996562 80.12816007 -17.99637937
0.06090138 25.23546751 90.61372680 -36.05586500
0.02279639 23.54094581 86.43760717 -29.23248639
0.09700653 27.36781978 93.95023370 -29.96413419
0.02570446 29.21148880 91.21507868 -14.22230986
0.02883261 31.09748660 89.87163154 -15.73622648
0.01058008 32.31450274 87.88268598 -21.41269049
0.00620120 30.94021238 89.17738595 -28.55481534
0.02937089 13.95401501 94.35830452 -31.16287596
0.00710396 19.43864495 88.10307270 -31.69937388
0.01782783 28.71082631 93.08297845 -18.88223202
0.16583308 32.67220486 84.76731458 -35.11552415
0.05783903 28.28811029 85.08336895 -23.71295845
0.03577562 31.82413507 89.42456777 -30.77404090
0.03073414 24.95618951 95.34645351 -35.62257131
0.12144182 22.39822170 97.43924336 -21.07043628
0.06005400 31.75424050 88.63759403 -23.76324556
0.03251797 28.64716972 89.61811684 -35.45667664
0.19241324 25.25950653 82.70116160 -21.32649953
0.02629854 26.33093718 84.87679975 -13.57351011
0.03007383 23.68550813 90.53577925 -33.80558154
0.08721793 23.87293603 82.68353918 -16.98672389
0.04225093 15.27966722 90.48919785 -28.92512390
0.05523689 16.82082614 91.33750946 -22.84113613
0.04931325 14.44220735 92.32471665 -25.80300669
0.23554035 27.41192237 94.98033100 -31.40676158
0.09317501 25.11619565 95.47343636 -29.27172897
0.05672025 15.72423871 84.04818767 -26.02054761
0.05771706 15.91577057 95.76662893 -27.57335528
0.05902183 14.63072854 85.12769069 -28.08458449
0.06862879 28.28522053 84.01992637 -26.90368743
0.08061608 18.14076356 95.56512681 -23.88695445
-0.35418373 32.43608648 87.05787227 -30.45926038
0.01497045 28.05320186 82.27485337 -22.40558216
0.06205497 14.49723523 90.01693692 -31.41335107
0.05169550 22.74775552 94.92037361 -31.77716104
0.05178561 16.48195246 88.81960852 -30.59840852
0.05773636 33.23423471 94.84360745 -18.49543912
0.01231818 19.30557144 86.44521275 -32.29969501
0.05299335 27.09735620 80.00374326 -15.59231515
0.08995707 28.76080698 83.30241458 -26.25146393
0.04284496 17.00395725 89.64728776 -35.16249504
0.01319734 15.08719722 93.58261999 -24.10772279
0.06968015 19.14844570 95.27357760 -32.68977488
0.03294482 19.38636145 81.26713919 -28.98709182
0.01346364 27.82874646 83.68913775 -29.57117454
0.07418262 27.82370817 93.93546673 -21.04903196
0.32532379 22.19505865 86.29909779 -17.95141736
0.06025989 15.68865965 87.26703186 -30.92394017
0.03565476 16.72718810 83.55925316 -33.42139539
0.02263160 34.85075561 93.29810000 -19.60162358
0.06319788 16.32489144 87.60341750 -29.30944601
-0.02404565 21.92384159 82.14670773 -23.02313731
0.08257011 17.59756028 96.33854235 -27.70220381
0.02330300 23.71109045 86.55319944 -13.33258925
-0.57092314 26.50445712 85.92886653 -33.66762099
0.06705699 15.32593793 89.09905546 -27.81409082
0.12182239 29.76410271 82.93837684 -35.15448643
0.06759377 20.21808456 94.87906560 -29.10847250
0.08602921 19.22890453 83.06078089 -32.20511652
0.07588025 30.25943460 81.65292579 -19.40580178
0.06909551 27.63906904 93.90119089 -36.51913225
-0.50206229 30.36571508 93.20640160 -32.67587013
0.02816042 31.57468022 83.18650580 -33.62762521
-0.49416573 24.80121677 81.85845133 -21.36402290
0.08885829 15.44336337 89.66812335 -24.28366360
0.05388856 21.93358382 90.58384692 -34.09382002
0.07081874 22.44886649 94.81276354 -30.03525052
-0.02673028 20.53450698 93.97215787 -31.33676718
0.11696185 28.18493836 86.89390632 -25.41821718
-0.52882952 19.78189329 93.61850213 -34.36062276
0.07215213 14.67585789 93.55772003 -33.99339696
0.02709766 33.37759605 92.95025675 -17.07366769
0.03262282 29.82958553 91.02330603 -29.88899252
0.02201791 21.43892949 87.57223842 -32.94189087
0.07424513 26.12119114 94.04672596 -37.45079859
0.02226874 29.96666706 83.18805256 -30.57936047
0.07474179 14.73011317 82.10483537 -30.31241082
0.00407954 22.06063306 83.82073507 -29.68693051
-0.34814574 20.89336013 81.97798481 -25.47769610
0.04402345 13.56157407 83.01585275 -27.46223818
0.07755320 18.81031487 95.26135155 -30.11293333
0.14027627 16.16837424 96.21490311 -25.24911413
0.04485457 18.89727754 80.24148939 -27.63695353
0.02901572 19.16607786 95.39087839 -21.66783343
0.03467485 22.70232389 99.26615353 -24.10528014
0.44211001 30.88804727 82.53047551 -14.37349617
0.68676069 29.41870712 91.31796764 -27.80558579
-0.55179847 23.38350795 96.53741649 -27.56182228
0.08726864 14.22859093 93.48611064 -27.13125948
-0.91060277 27.80921371 94.65536647 -30.53689948
0.03489778 21.95586122 83.88580604 -16.67099439
0.07865677 23.22075607 91.29883048 -17.20787025
0.08778139 27.83001738 80.73320384 -19.54330752
0.02358354 32.62546010 94.44668117 -22.24320657
0.03261689 24.68351077 88.92360972 -11.77756156
0.01859048 28.09520545 84.30725967 -21.09768341
0.80534554 20.70544513 87.98296047 -19.43992967
0.44778593 32.04479710 81.41076980 -15.07187187
0.04598389 17.76080418 84.97307977 -33.48956887
0.03511767 30.58897513 85.14852512 -26.83547211
0.15878491 21.49344756 84.85521492 -16.85678551
0.15203402 29.93494515 88.67047271 -25.44046675
0.24093529 24.93135516 80.12091572 -15.94968745
0.06874214 23.17575733 85.84069203 -31.67636934
0.09203017 26.58206524 94.85194960 -20.16118197
0.03512299 27.42951461 85.83919513 -11.65294670
0.17572998 25.14637436 83.13483281 -19.06892502
0.08403277 13.05923153 93.42661550 -33.25581883
0.03136366 31.75552629 86.33954119 -20.81402147
-1.03599330 21.62591421 87.16668879 -19.19823227
0.52927787 25.89589713 82.31137561 -14.06891894
-0.11766522 30.06791400 85.84755978 -22.76994747
-0.44883056 30.84544475 94.34200042 -17.60936465
-0.11766522 31.00104652 87.86372706 -23.74814122
0.34006811 26.21043955 86.84244413 -33.64417101
0.01254546 31.05030607 86.84972888 -22.77108237
0.11913660 29.55512188 95.45315128 -32.81632594
-0.97200790 28.96951123 92.49651820 -27.44680556
-0.17040000 27.57339418 96.62466893 -25.99380024
0.15600000 26.59340049 89.20541820 -36.94920850
-0.03213310 32.13177057 86.84775257 -21.70186266
-0.29768347 27.06464813 94.53085424 -37.19859068
0.02912044 15.16763935 91.26440511 -35.74232193
0.04205779 27.48658637 93.99298432 -18.01280147
0.06470355 24.63976646 97.94849577 -20.13117880
-0.58940000 32.82340602 82.06922549 -19.06967879
0.01873689 27.55485490 82.98658459 -20.05961848
0.07665203 21.78763595 84.45288376 -22.22738714
-0.51082660 24.38766682 90.14801787 -36.34646762
0.26960681 21.13499964 81.07640732 -25.09186181
0.10114431 18.08228901 91.75179024 -21.65610260
0.08477890 18.19760986 79.86967573 -30.63612871
0.46061701 23.12301119 92.24067860 -35.93651978
0.10228179 14.29570963 86.58753930 -27.12633806
-0.40564435 16.58369483 96.46086220 -28.08327352
-0.37098528 20.48006936 97.49957928 -22.53517159
0.01873689 29.22377297 83.60255626 -19.92808238
-0.31152455 22.14195141 95.30637356 -30.95734117
0.14140227 30.11017864 85.06473134 -22.02712093
0.06470355 24.40191734 96.19081398 -20.04046127
-0.12560000 26.58074058 97.57888331 -26.27499902
0.27300779 20.95048418 82.63438666 -23.07646608
0.54969623 29.35178179 92.93066940 -16.26629625
0.07911031 22.62104339 92.01090987 -18.71830485
-0.48656131 14.18052584 88.25549621 -33.15095184
0.06840000 17.63899127 81.50581419 -24.72823409
-0.83460216 31.32147094 81.61853813 -14.39827292
-0.29929431 13.73617494 94.07816585 -33.80838540
-0.30361482 14.74383153 89.60271047 -28.58583143
0.02839053 16.04224947 92.80450106 -35.65347061
-0.10042764 28.98191627 86.88143144 -24.68947140
0.10228179 15.41432374 85.59975927 -25.20815440
0.17106636 31.86814466 92.55577796 -15.24493670
-0.30361482 15.83792880 88.04737989 -30.17769932
-0.44494365 27.59438459 94.88428484 -20.56400161
-0.00320317 32.40643622 89.85650015 -29.96012574
-0.00371981 31.45115838 90.11431251 -28.77663201
0.14300000 27.80805309 95.85758848 -26.71693511
0.07911031 24.33152924 93.63019549 -18.82337959
-0.48677222 27.87662573 84.43117781 -35.90604671
0.06264461 19.66484906 83.44095463 -24.60267576
-0.22426234 22.88391661 90.19745594 -34.46215375
-0.01719710 30.99633562 89.68391747 -36.10204417
0.34034736 22.78406522 84.58530747 -29.97008299
-0.10951544 17.43984698 84.09436608 -34.04898686
-0.33656902 30.22719401 79.35692531 -18.45135230
-0.31152455 19.87165687 95.45963237 -29.96347536
0.49517963 26.94049506 86.67659339 -36.50965127
0.09203017 27.65586445 95.67435543 -21.31240587
-0.15963498 29.03519298 85.86322437 -23.72250151
0.14470000 14.79486170 80.49387090 -27.94908091
0.07911031 25.10197511 93.05642653 -17.33386552
-0.51746978 33.41426346 84.16038414 -35.16642109
-0.21977978 24.37470185 82.37925532 -19.06406129
0.07920141 13.75038275 83.34896402 -31.07858154
0.53361309 21.00647068 98.62717240 -23.02985213
-0.06664666 30.39816272 91.22180222 -28.98046665
-0.12697365 19.67755870 80.41067370 -28.37900394
0.10156653 16.59028366 96.23262714 -29.14908948
0.09691263 23.75322259 92.88045257 -15.23351782
-0.00139039 33.17657842 95.06398124 -17.42950740
0.02375839 20.53008419 88.79971699 -33.79819232
0.10114431 16.82719452 92.94090520 -22.08331174
-0.40269675 13.91504633 85.60864357 -27.41781473
-0.06555704 19.33606903 87.49341390 -32.59708845
-0.11898275 28.50937613 94.03310851 -18.38749011
0.50638439 20.81168018 82.06528176 -26.81184401
0.10000000 18.18509345 86.15391765 -22.16965725
-0.40738430 17.03326985 91.88285092 -21.92158776
0.07843741 33.57577353 90.39686859 -15.66827630
0.51421536 12.59698384 91.40519391 -30.34218763
0.21381328 21.25777719 97.34120964 -27.15848753
-0.22734346 27.03612391 80.06488532 -14.50575559
0.04650127 22.85771699 89.10777237 -34.46380342
-0.06551427 28.40623101 83.38120119 -20.61417747
-0.38534254 21.99768209 97.34616146 -20.14793729
0.13300000 26.05987063 97.54669474 -27.22054466
0.06030000 32.97304521 91.98927834 -24.65355437
0.19130816 25.94994277 96.57907922 -31.33281817
0.28695103 26.80421842 95.90559172 -36.56536422
-0.02966192 15.02463012 82.12916321 -32.77153220
0.20063893 27.22767648 84.76805881 -11.64751028
-0.56790000 22.29747419 91.10994986 -14.38739639
-0.17894074 23.64683020 82.13027485 -17.88626509
-0.40269675 15.00696214 84.61209703 -25.42420948
0.30567770 20.65546948 95.04880499 -31.21718663
0.17969413 29.10531523 81.57806402 -24.94502785
-0.04268354 28.86550695 82.38506931 -21.68717231
0.06840000 15.91559505 81.26536553 -25.07829752
0.28619445 13.97924525 95.37657401 -33.04023005
0.05239299 30.55979802 90.58376917 -35.66868203
-0.27880072 20.22889397 97.78192885 -26.42905873
-0.20460236 24.80778984 96.48287354 -29.50046621
0.06418807 21.45935973 85.41996047 -31.44912000
0.54612742 35.04808734 93.18920275 -21.72070594
-0.11208985 17.38463623 96.21144764 -23.46631211
-0.01509565 33.79217323 93.87394508 -16.66990376
-0.08539598 20.12530078 95.71908091 -32.50168769
-0.31513214 13.71616650 92.78327872 -26.47433543
-0.15963498 29.96844670 87.88260390 -24.70253678
0.01872483 18.40839377 87.76161742 -33.10264207
0.08296212 13.79261922 89.90583582 -28.14832771
0.10000000 16.56476901 86.14183350 -22.87662248
0.08477890 17.61548888 78.88889248 -29.27127833
-0.16917251 24.33796902 97.12549622 -19.48334345
0.01860010 30.38664431 95.30556251 -22.30238807
0.03616151 24.33615934 87.41583497 -10.93120434
-0.08322775 13.78546781 89.32172599 -30.96819200
0.33092054 33.64519670 83.67268079 -33.85724912
0.07062355 27.89287869 80.65333406 -14.17743424
-0.56790000 34.68086406 88.77719838 -22.38355673
0.03984902 15.81969939 91.94653187 -36.28786810
0.01864144 27.81233926 82.14506169 -28.70894031
-0.40954005 19.68111795 83.34018523 -33.15671309
-0.10720000 28.25156315 96.66064965 -24.76368888
-0.19491651 33.15442704 89.49429091 -15.22564705
-0.46304104 24.67194142 80.30869456 -14.99180065
0.10028482 13.49949174 91.00455241 -24.13682051
0.20393773 22.25905702 85.11607875 -14.11724750
0.02950000 24.28098330 98.95404684 -26.00951498
0.10907970 22.61056915 94.74831277 -35.44477220
-0.00328141 22.72316852 88.09342531 -12.19531484
0.56725912 33.28043648 87.55022286 -29.70872213
-0.00065390 17.13063598 91.21675948 -36.61847177
0.02942824 31.82705380 79.75117564 -16.40856605
-0.06585297 28.17145596 82.65490273 -29.60291809
0.36324904 23.89624259 97.15861403 -28.65813564
-0.63363247 28.16058115 91.43170920 -11.82693086
0.01267148 25.73188693 80.77088523 -14.08377946
-0.10768547 13.10348999 83.36673089 -26.53749818
0.08965014 13.29109608 91.97651643 -27.07145240
0.03376503 29.64813319 78.78401885 -15.85361645
-0.04189441 29.69665709 92.42047903 -36.41751290
0.10028482 14.51039173 88.47128136 -25.20519871
-0.23879141 29.22052680 82.37545595 -35.91326540
0.10062120 20.01501660 84.37655637 -33.10627693
-0.58026378 31.95276868 89.63751089 -13.12785270
-0.06273815 23.90759590 88.36438421 -11.25475908
0.02950000 24.77754912 99.92752686 -24.63266955
0.20796929 28.40314775 92.49972760 -12.71764376
-0.39899879 28.78981599 93.09073860 -15.06893149
-0.06491486 14.16968317 93.95451915 -23.65169878
0.41095204 29.23738956 93.32867194 -27.95263907
0.60140044 31.68507688 95.25001453 -17.10376415
-0.51960553 21.67143188 85.79759552 -14.57586517
-0.62826604 24.07046356 84.01190178 -30.02602856
0.36115700 13.68171465 84.75380145 -26.17271014
0.02365257 30.11997476 83.17214816 -28.82593282
-0.04290421 29.70488744 82.63385081 -29.67801120
-0.22655119 22.48301938 85.05089424 -31.38579400
-0.41092624 14.83919681 88.76404015 -24.20806310
0.10062120 17.86620285 81.39274709 -33.37146156
0.07920141 15.34737990 80.10634718 -31.37486775
-0.05926064 30.48274715 80.98832565 -20.24038933
0.03638230 30.32406555 83.26502823 -37.54389296
-0.03061052 18.71132116 96.31053616 -21.29969432
0.43922158 24.10821163 83.37824487 -29.30583750
-0.47482614 18.40905312 79.00305815 -30.00973776
-0.15207094 16.27341896 96.58726205 -24.24079198
0.02377368 29.71173796 82.81503094 -22.22301329
-0.04271141 20.53137828 87.74578960 -33.52010443
0.07843288 21.04320306 83.38308357 -21.04636772
-0.41538017 26.67293261 82.85343935 -13.11918303
-0.32189211 20.94650473 83.78102005 -22.05651448
0.12970000 29.00741667 95.92094957 -24.54475958
-0.43465625 32.89400163 83.72235573 -30.72799582
-0.31915838 22.56530322 92.06012868 -17.63084414
0.26804222 31.69099131 91.17077489 -31.99302832
0.81053814 28.93773873 95.17179602 -30.11555302
-0.17040000 27.94743352 97.66034943 -23.82354758
0.01180000 26.25284015 98.56407042 -25.32582404
0.31307449 14.48691815 88.65190064 -29.76314320
-0.03897711 29.60145529 95.15111681 -19.88237220
-0.05360000 16.64119006 81.46968928 -24.29098365
0.02640165 20.78998061 84.74402233 -17.68193465
0.52970286 20.72179845 94.40542366 -34.51576409
0.55341258 32.43459840 83.07963798 -31.67482922
-0.31879076 13.88052324 82.27177268 -30.97455025
-0.54838278 16.43885358 87.37970264 -34.74039406
0.55756098 21.92313774 87.09618391 -14.38833550
-0.40781679 25.57411229 97.17202615 -34.82476248
-0.01674395 31.29314982 91.01420787 -34.98676142
-0.41220083 14.60647925 96.32249340 -30.84806953
0.01653089 32.04665875 90.37492558 -27.90166928
-0.04299976 32.47447548 95.35363441 -22.82864567
-0.31915838 24.36682673 93.75082138 -17.74064973
-0.41210000 17.26713090 85.57416519 -22.26626284
0.10028482 15.45623010 87.97393958 -23.78015012
0.71435738 19.01926254 89.74510638 -35.82574196
-0.02769799 27.76145803 96.33407827 -36.26839320
-0.02784787 14.67297609 95.98799747 -33.61729079
-0.05592837 29.45476082 94.16342103 -17.17550290
-0.01461487 36.45586245 91.96168734 -19.98709982
0.62646363 13.46220232 88.25848514 -32.02149999
0.58882536 31.36057493 93.77248274 -32.21746260
-0.02996294 30.06016585 83.35935802 -25.82326481
-0.12560000 26.95117222 98.61303082 -24.10349279
0.13300000 26.71451614 99.37078631 -23.37123504
0.08100203 20.01454153 96.51983346 -29.75452961
0.00530889 34.38784211 84.30315400 -33.36828908
0.32495855 28.60293557 95.14902830 -19.44527597
0.02398802 13.77523222 95.29520965 -25.29145465
-0.02824987 13.85591834 87.84370965 -29.39332325
0.44119328 29.00143692 91.10099432 -11.50257340
0.02360013 32.30039369 95.05557939 -23.86255033
0.73410000 24.47587304 89.04573792 -37.07769932
0.35529344 18.66743885 83.18440063 -34.29424751
0.02598827 23.13203526 90.70889151 -35.88136387
-0.54875699 34.92392875 92.51453774 -22.74612319
-0.11916830 21.13381333 99.09214991 -25.54168697
0.02970252 34.86195991 93.85125847 -16.87760532
0.04674278 13.36434529 82.65500189 -25.75423737
-0.03112383 20.73313035 85.27543174 -15.58473942
0.73779676 27.92454848 83.13257670 -36.21160987
0.25822494 33.12406783 84.83199483 -29.12581272
0.01890581 13.66663003 93.15063785 -23.11428636
0.34233388 24.08832902 81.64068692 -20.23190347
-0.26370000 25.86974858 88.66791789 -37.56200751
-0.04555073 26.65433122 85.24936896 -36.03431209
0.01756709 22.20801503 89.03285446 -12.39579008
-0.40570412 20.96479362 95.40933745 -33.66770939
-0.00214184 19.76218914 97.43055215 -21.25087399
0.17562706 35.91979890 89.53834531 -18.82573680
0.01625623 30.25695961 95.96972237 -32.16159095
0.01035187 31.98075959 82.11463495 -36.11502184
0.10000000 17.48986317 84.62698274 -22.75752174
-0.42953512 33.40230223 88.86971420 -29.52605513
0.12160147 28.96587201 80.67321759 -24.37213136
0.60169582 30.74246838 79.59337760 -19.66220588
0.30292757 25.82452823 85.29656128 -34.72717652
-0.31804202 28.02630215 80.31542738 -20.53074595
-0.05968453 20.98047624 80.77856551 -27.64510979
-0.39540313 12.58617411 90.08368044 -30.55614368
-0.57020345 27.73851121 78.06030907 -17.48103043
-0.43660741 33.47623588 85.46578346 -28.42268111
0.73410000 32.74854433 81.98652529 -20.29855160
0.27190153 35.30534358 94.98719654 -20.84679987
0.27470000 17.91715912 96.93168451 -32.52611151
-0.05204089 31.06732982 84.43713248 -26.16227235
0.05322373 26.33022019 83.38373599 -33.84465078
-0.62217171 28.27445644 84.09928854 -10.95983616
0.10228179 12.97652220 85.75031498 -27.95372528
0.03632749 27.60550804 93.23606339 -12.61924969
-0.03430000 25.10910087 99.52524462 -25.58992694
0.10397851 34.18653270 86.43705124 -21.29288478
-0.16658355 25.29049402 97.11097657 -30.66303364
0.03341187 17.86036225 91.94904484 -36.96395532
0.10114431 16.20628798 89.35787349 -21.63993548
0.03402849 30.90327144 92.18087841 -29.09508934
0.06840000 16.41690123 82.43065846 -23.82802312
-0.52293622 21.92581685 92.81801823 -35.92908626
0.08142491 33.88198689 88.69300671 -15.35487307
-0.50763362 20.86732377 99.70089107 -22.44896469
0.03616102 22.89959504 97.34371882 -18.99661847
-0.02188896 20.16374065 89.53952517 -17.51253919
0.00999249 19.42490029 87.85876462 -18.60293347
0.29888270 14.15258705 81.63269420 -32.34590457
-0.41569766 35.18667280 94.52170531 -21.73524680
0.72843117 33.00339007 89.76353657 -13.73643380
0.08443195 27.65703982 94.65152774 -38.10556932
-0.01630353 13.57376056 88.83060266 -35.58608145
-0.06599963 31.20775193 96.02198645 -22.27750507
-0.00935266 30.10943330 82.26428390 -37.16899990
-0.02188896 18.67161987 89.86849818 -18.38282193
0.03694378 26.28410524 84.59825610 -11.12891484
0.03049440 36.66363795 91.09895264 -20.62004430
0.08100203 22.31913005 96.37838568 -30.87075451
0.14300000 28.47403389 97.68957955 -22.88108383
0.29935431 19.75252678 79.17611566 -29.29990409
-0.00106292 36.60851315 91.56587701 -18.52688884
0.01306927 17.51332867 96.68284074 -22.14765790
-0.49634207 23.65252003 96.67604127 -33.76848849
0.10228179 14.83322794 84.09670791 -24.47959823
0.46238469 29.68517647 82.12743779 -12.82855103
0.01403712 30.31386307 91.60350224 -36.79128643
0.17000000 16.04014870 79.16849755 -26.24902626
0.01860010 31.37324343 96.33444714 -21.24644680
0.27843808 21.77698053 95.99155523 -33.81427289
-0.42928103 30.25184330 82.27010062 -25.00385197
0.27190000 35.03226172 90.49492109 -24.08363718
-0.18929154 32.53816583 93.11108362 -14.60532259
0.59730000 34.57287721 88.04266649 -23.36913579
0.04198671 14.08119329 87.22555565 -34.20359512
-0.25511138 30.09564962 78.03180000 -17.83012966
-0.51196414 29.48554612 94.71554179 -29.12499462
0.10114431 17.45379173 89.67018935 -20.43352723
0.01864144 27.75100968 82.17244807 -30.48528000
0.08403277 13.29956609 94.33624696 -34.77319771
0.07816615 21.72300499 81.02101832 -28.40535170
0.07843288 20.01957397 84.34984288 -22.12958627
-0.19720000 14.44495046 79.51144514 -27.66836347
-0.08748859 22.99124179 93.56904933 -15.59864688
0.23407861 12.27186907 93.77091524 -29.04653316
-0.18417517 36.25882433 90.26830535 -18.10558299
0.12300071 21.84925868 99.54575805 -26.22760085
0.28885601 15.10924626 97.10782158 -31.23612748
0.13125894 29.25372116 80.97908161 -21.18029719
0.16560000 26.70042571 99.37282018 -20.93141265
-0.00067720 30.39771699 78.14244544 -16.31687490
0.08884911 27.14779168 80.47139203 -21.15684001
-0.17617919 29.50160408 96.35509929 -30.88073820
-0.00224838 33.47980163 86.21999556 -22.09383356
0.03130456 21.86292960 81.73998416 -15.95286887
-0.55238753 21.21492028 87.98604905 -14.86126964
0.01890581 14.44030294 94.73417372 -22.93965790
0.83390325 30.82826592 80.70726693 -13.61399003
-0.40954005 18.31493061 81.69139641 -34.31885338
-0.35883239 31.35623949 95.05705942 -31.85814431
0.28060925 28.43760616 94.00746943 -14.83301514
0.03934311 11.22540515 93.64751766 -31.36087027
0.52178563 33.25622767 85.18713368 -27.13871064
0.07920141 12.98673719 81.83911767 -30.52504437
-0.57656890 20.01969416 90.43962181 -35.99480127
0.07911031 21.53488735 91.84620180 -17.34698181
0.03918972 21.67880170 94.24647374 -35.70567034
0.07696185 32.14526839 83.45274648 -27.74194835
0.67256246 24.54418970 97.48405666 -34.04015042
-0.18250000 33.19510535 92.43016404 -25.62536174
0.07911031 24.67194927 94.77466395 -17.52444277
-0.41264066 31.67629860 81.50318349 -20.92407126
0.04114555 19.18888350 89.12752153 -17.77332136
-0.57480000 22.44968008 79.22099003 -23.58654927
-0.34790000 26.04803319 87.21760956 -37.35348107
0.66154850 20.66784548 97.33002097 -20.00563458
-0.05377347 18.56452034 87.67853847 -19.24742267
0.35863140 16.12767539 97.89636180 -27.82936902
0.57742097 33.03428485 91.15310326 -30.49780583
-0.03553448 16.47245464 98.16719475 -26.83143276
-0.04229301 13.23290234 94.54730965 -24.71298769
0.13920000 24.84402946 79.24353765 -22.35546137
0.08879195 22.07102996 85.61893376 -33.89229688
0.56750796 15.45243252 86.64948864 -34.61617648
0.02850000 26.73432233 91.11432457 -38.64951673
0.29853892 22.98326656 93.45382433 -17.14229509
0.34000000 22.29533058 100.89287542 -21.45156559
0.28536968 27.07812598 82.24327090 -12.42375723
-0.28548248 25.44350406 83.92829436 -34.16913541
0.29022814 26.26004216 97.89446054 -34.99117376
0.08884911 28.17828723 79.23961516 -20.44340669
0.37181482 27.07711903 77.77688139 -15.69969548
0.09060293 28.67207494 97.01057099 -31.14595082
-0.42159805 32.45118675 91.68675785 -31.57353973
-0.00103271 22.62506250 81.16328099 -17.87601404
-0.55900370 13.24333484 95.58986522 -29.22765946
0.28982624 21.11776722 92.21252269 -35.90592884
0.59730000 21.41344570 91.95761816 -14.54927008
-0.03568690 15.10047420 91.52007007 -21.08261194
-0.04113399 29.77545587 91.11622043 -37.60416739
0.27372485 18.15196285 87.92612612 -35.82665244
0.06030000 33.09967587 93.51295403 -25.54437295
0.10062120 20.54968317 82.71020434 -33.34859314
-0.04112152 11.21676358 91.47468523 -32.64375261
0.03341187 16.94708461 90.51041391 -37.42809251
-0.00147041 34.21427748 86.63855310 -28.90592605
-0.56790000 23.58909933 79.70108692 -27.55170769
-0.32189211 19.88778751 81.62407231 -22.63176947
0.01642319 32.38281628 83.97046630 -26.81262722
0.03632749 29.35001505 92.97542247 -12.46218951
0.08443195 25.19236192 96.45363389 -37.91234966
0.06470355 25.01273443 97.08130487 -18.62845232
0.13244233 12.61087829 93.50957804 -25.67863788
0.35714056 16.13967258 91.35251117 -20.79960895
-0.05900540 11.28928714 92.09078452 -29.89727220
-0.41092624 12.83428059 90.16352359 -23.94121246
0.27190000 25.26002307 94.33839841 -14.71317760
0.01756709 22.02497818 87.42424063 -11.69250007
0.08477890 20.68404523 80.21375051 -30.95732681
-0.41477392 31.93992415 81.84651745 -31.52214780
-0.56790000 35.41420926 95.94996163 -18.88429141
0.04027022 31.78772772 78.73398241 -16.01886098
-0.47897410 21.44731457 79.61839989 -26.86883334
0.06322895 20.01669244 86.05106245 -15.85531845
-0.31879076 14.52250494 80.16430924 -32.08502394
0.08839649 29.15680141 80.53946631 -28.00292519
0.03511767 31.30552523 84.97383866 -25.24395355
-0.05147822 16.71338458 84.61614835 -35.31074608
0.01882550 19.70439636 86.11454743 -34.66295805
-0.40738430 16.40846615 89.84676384 -20.68693579
0.07843288 19.81826435 80.80106786 -23.34305663
-0.29768347 26.19172162 96.80229190 -37.65193209
-0.41284624 33.97203521 96.27002519 -17.18357731
0.05322373 24.77467398 84.05859612 -33.31837857
0.03267316 18.34864095 96.11053078 -20.29144751
0.59730000 22.70951477 79.16652009 -26.87504485
0.01879417 31.43778801 81.55073426 -36.87350464
-0.38943816 33.97497698 86.84831668 -23.31820179
0.27190000 28.87470560 97.41956194 -33.67871084
0.06874214 22.58678099 84.20635846 -32.06703754
0.17572998 22.85255231 80.11594688 -21.12584644
0.45754850 13.41940053 90.72103074 -36.65056290
0.75800938 28.67185668 77.51938506 -18.06939807
-0.04304627 23.01080952 95.51022340 -37.80606455
-0.41311769 15.50567645 85.33945514 -34.88702655
0.08403277 11.95653099 95.60693763 -32.28722118
0.04641590 14.16717108 97.39793920 -27.10251168
-0.41291004 19.02008181 88.41415186 -35.99489076
-0.41570000 35.02898284 89.92792379 -24.91946444
0.60665686 13.87256577 96.51024913 -29.75171924
-0.56790000 30.48765355 80.88814540 -33.80817915
0.61166261 19.89951268 97.22891569 -32.39772244
0.09286509 25.48778235 80.47355039 -13.06392341
0.63180164 27.18114941 78.67982440 -13.90162093
0.06030000 32.47516742 92.06477177 -26.35767148
0.03049440 37.20576140 92.71850398 -20.21727457
0.08477890 18.44292139 78.10693396 -30.62934562
0.35410571 13.63133648 89.02997907 -23.30781325
-0.29929431 12.63818562 96.12223350 -32.96391587
0.63383765 23.38845850 80.11536110 -14.67888107
-0.03527627 12.99751155 85.28752837 -25.51308812
0.12300071 20.43448059 99.86908562 -25.23280770
0.00356483 24.90564696 85.84859289 -34.92470764
-0.83460216 29.95462071 81.15606079 -12.76586413
-0.21977978 23.06757673 80.66868350 -20.22326910
0.05922558 13.35528056 87.77139819 -35.45024087
0.43671182 24.03836562 90.92794665 -10.85435170
0.02850000 24.98315293 90.96030794 -38.82081334
0.27250573 31.57311173 81.37284863 -32.33528470
-0.34790000 18.63483541 97.64234248 -32.52952902
0.09295861 23.10544894 79.13588299 -16.53790476
-0.00109245 33.59370892 93.85746192 -15.16358014
-0.54017185 12.63481267 87.38944830 -31.76501117
0.10028482 12.37007906 89.83846070 -24.87231468
-0.03599718 13.99080826 89.35267027 -22.33070047
0.01900746 12.07338058 92.77191345 -25.08277902
-0.47352402 11.55928768 93.08371985 -28.84629630
0.27358903 14.65468569 84.80277357 -34.79818435
-0.34614805 28.88928336 81.03772296 -35.38939964
0.08831015 22.63011059 96.50497148 -18.35476027
0.01883762 29.51154710 80.38256220 -22.05539172
0.08485182 29.13867856 95.03046919 -16.59548626
-0.41564580 21.68683956 93.18228072 -15.01672545
-0.23870000 15.14689360 78.76550999 -26.70300488
0.10831985 19.21409798 98.36503541 -21.13072354
0.08879195 22.64068121 86.69955023 -35.18198470
0.01870011 33.77124082 96.70912589 -21.76740522
-0.56400139 31.29601912 96.18892520 -16.40705038
-0.12552886 10.58558218 92.81744246 -31.06136863
0.26285076 34.10731905 89.20220652 -28.88379017
-0.03587575 19.15591157 83.46468806 -35.22748555
0.06346690 22.32974042 90.35740356 -36.53011529
-0.05377347 19.52631732 87.00630390 -17.93127420
0.07926295 33.46383858 81.59233104 -34.42777394
-0.04304627 22.44653737 93.93400925 -38.35021435
0.02801631 35.11150482 85.53954292 -30.53190128
0.04622295 17.26717956 91.56392540 -18.97350529
-0.18659833 34.20873232 82.26061139 -33.99576230
-0.01427020 21.86808064 80.86171984 -16.59841089
0.08348332 26.02466561 84.78791386 -36.79502155
-0.09566905 15.28905472 97.43409464 -23.70066304
-0.31824964 21.82450916 86.05192964 -34.86174891
0.44867796 27.94297908 83.80245471 -10.10917879
-0.63969744 33.68969102 85.90029881 -26.23175399
-0.05061803 11.56822961 83.35258655 -26.68828193
0.13059028 30.30523715 81.20659325 -29.73580978
0.10062120 17.61146814 81.47192084 -35.12201517
0.28517572 11.72309528 89.57738211 -30.41880863
-0.20460236 23.52084207 98.48264905 -28.95888663
0.08319420 34.58196021 87.21771997 -28.05888662
0.13117451 20.50654222 86.84293581 -34.78175440
-0.51225437 31.15046504 79.42402055 -13.65887396
-0.58940000 23.49945108 88.37619492 -37.41575348
0.71408700 23.49820702 89.16728656 -10.02489944
0.31876708 31.10679529 82.01369622 -24.53118051
0.03900000 25.94203353 90.62634963 -39.21719610
-1.02376959 27.20376872 77.64843190 -14.70593436
0.01430000 35.13202961 88.47399367 -24.73797415
0.44800297 19.95969448 84.06414429 -15.04058031
-0.04159482 19.94540617 78.28315936 -28.70532309
-0.18417517 37.04759487 92.51395524 -17.57912230
-0.47482614 20.83218269 79.30171241 -30.37910397
0.11686476 13.49897500 86.38787691 -33.81964751
0.09203017 27.37627777 96.52248361 -18.31263325
0.59730000 34.99126134 96.65692755 -17.95699189
0.23051384 20.76631365 79.10166183 -26.33094641
0.07843288 20.15881329 81.21746978 -21.65743925
-0.00070000 26.07363910 89.09271002 -39.03754536
0.13030073 33.73948485 96.24465999 -22.75298339
0.10156653 17.92574657 98.71922281 -28.68140962
0.04965801 15.10632453 92.44252041 -37.55762287
-0.22620886 36.32256594 89.92758907 -16.74148397
0.27190000 20.27624938 89.65258287 -14.93554459
0.01860010 30.93036608 96.88655740 -22.88055859
0.17118211 36.04237191 88.93732674 -16.41396134
0.10062120 19.21458583 81.10275547 -34.49835830
-0.44494365 28.32157743 96.52866011 -18.85528371
-0.10847369 14.59728141 98.08538085 -27.83088654
0.10070000 23.94298680 78.25870243 -25.41887145
-0.70984841 20.51298435 83.28133819 -14.26866480
0.08690049 34.92193796 94.78368550 -23.81146165
-0.52642779 22.82017232 99.75005242 -18.70674938
-0.00314398 32.69767909 93.02936819 -32.11472237
0.03638230 29.57037082 81.71339817 -37.93973835
0.09430381 11.27859051 84.09724916 -27.42969077
-0.84391922 12.61124877 91.31509454 -36.53194888
-0.58643191 26.96889369 82.52185913 -36.69973552
0.64091922 22.77214490 98.63888522 -18.16764929
0.07920141 13.66430656 79.62696564 -31.68146850
0.08832877 12.16286648 94.88155221 -27.25101925
0.67901042 30.73846043 97.19783450 -32.94838554
-0.05969966 35.03110299 95.39487356 -22.91556368
-0.00131436 22.47102448 79.67408672 -15.83367619
0.59730000 29.49368412 80.41999586 -34.36767486
0.04622295 16.82406029 93.08355929 -19.71660241
-0.05956700 31.77771231 81.16803606 -30.22351936
0.27470000 34.31897416 84.45611834 -20.45622311
-0.56790000 19.03405913 78.47575839 -25.09186195
0.07843288 18.91753751 82.11482875 -22.55513581
-0.17894074 22.33477566 80.43351751 -19.04535432
0.08709359 32.38877020 81.67954235 -29.47983378
0.16108087 30.79396879 77.33046925 -18.28684241
-0.56372054 31.34982136 78.73989380 -20.31559636
0.01342519 22.13114173 94.95378826 -38.12958464
0.30398366 10.30067552 91.96496683 -32.31435001
0.10480000 34.51762640 87.99673580 -25.50140884
0.16673684 31.56227868 92.48643745 -12.77399270
0.01860000 30.19702411 96.53149856 -27.00028406
0.14365116 14.42943273 97.71202999 -24.29244267
0.09277274 17.37866784 85.31232338 -35.82147009
0.27470000 25.28611469 86.62582723 -37.65244401
0.07093754 33.11331150 79.27956549 -14.41099001
0.01030000 17.88600844 97.39983754 -35.08904146
-0.11340000 13.29522512 78.98079429 -28.28012738
-0.02969613 22.27533998 94.17828140 -17.54491432
0.14170000 12.76950437 79.56041226 -29.02448017
0.20570000 25.55979107 78.45305352 -22.18451328
0.28907728 33.89400428 86.31477623 -24.17194791
0.05018289 32.15673884 78.76918448 -14.52315717
0.35310000 16.66906589 85.32869282 -20.88012246
0.08443195 26.13702689 97.83429446 -37.30540776
0.03376503 30.32315124 77.15312077 -15.86545805
-0.24000000 33.89574878 82.49019948 -21.18103101
-0.58940000 15.97720036 98.23509942 -32.42629666
0.07920141 14.84451679 79.69075549 -33.01246878
0.08443195 26.81708604 96.79119764 -38.54462217
-0.41570000 29.80740201 97.80706725 -33.68319134
0.59730000 34.83265130 90.53759843 -26.09359553
0.01035187 31.22847680 80.56247355 -36.46408178
0.10028482 12.07010797 90.50508810 -23.24302180
-0.23249291 32.36216203 93.06618001 -13.21043804
0.01030000 22.61263228 102.11967308 -23.22206693
-0.23410000 27.17388942 100.09490299 -20.28270048
-0.91500432 23.67631044 90.46737110 -10.03161674
0.09060293 30.17135941 96.90657272 -30.22088805
0.02942824 32.54151140 78.14479190 -16.54113009
-0.00096140 24.89590704 98.42336992 -30.97643771
0.30909582 32.19538584 95.45273675 -31.45892313
0.01685738 32.88212812 92.14681254 -34.05708473
0.18646634 22.83917233 99.00563495 -28.30450879
-0.41570000 24.65563405 95.14728261 -14.73607897
0.45754850 11.85189451 90.93799471 -35.98304957
-0.53316078 22.95132557 80.26522108 -13.53927380
-0.38540000 22.13951790 101.57210729 -20.72048890
0.27390105 31.72267584 81.39874647 -21.92758734
-0.01596448 35.43764753 86.17799945 -29.71086218
0.17562706 37.29185178 93.51669123 -17.89733770
-0.40564435 16.84827433 98.80603404 -28.82146920
0.01874166 29.71313597 80.62862104 -30.44536123
-0.01630353 13.75588964 87.25565275 -36.32294919
0.16990000 25.32165286 100.78499105 -19.41908942
-0.80140000 25.46565358 102.07295458 -22.76452966
0.34000000 22.04412356 101.04949067 -19.86149327
0.08608996 10.57262670 93.60766812 -33.68642211
0.58960000 21.77717119 78.23724966 -23.89585636
-0.10893897 16.45484687 92.08582513 -19.47930782
-0.08738782 12.97961800 81.74977371 -33.35253103
0.14300000 17.90718118 78.80955785 -33.05831077
0.03470057 32.53670643 94.78181239 -34.27133686
-0.34790000 33.89576226 83.96164449 -21.22854864
0.59737788 23.40186565 94.97868854 -15.16522703
-0.89920829 34.07221763 90.16880687 -13.09323871
0.09203017 28.27784947 97.26913097 -19.65396415
0.08403277 12.80071933 97.13918949 -32.60686873
0.10000000 18.62750204 85.12686681 -20.00701781
0.02801631 35.92017930 87.05233768 -30.14766450
0.03620000 35.37458107 82.11929884 -19.64273266
-0.56717190 12.95712494 84.01778054 -34.14881005
0.27376658 33.68889656 96.84888296 -16.40584839
0.06241272 32.86466303 82.31833167 -38.28857049
0.46238469 29.43223901 80.56447226 -12.13559333
0.08403277 12.18740138 96.18132754 -33.95457266
0.05528021 21.11679022 94.92347396 -36.97160370
-0.27370000 16.58718501 80.16676948 -23.03044525
0.03370000 34.62589919 92.06627937 -26.05336658
0.07937495 10.61913628 91.32486963 -29.50692248
0.08839649 30.82221708 81.02715557 -27.63299398
0.07926295 34.49843055 81.88174667 -33.01564220
0.02398802 12.43682180 95.05706251 -24.17030252
0.02410000 13.95230756 80.28542026 -24.46981558
-0.03890000 23.06686900 77.96262241 -25.99580678
-0.03610000 16.49488841 86.29648974 -20.40987657
-0.31968623 30.18678253 80.52011845 -28.35910450
0.03270000 27.06554927 88.78273538 -39.36637783
0.10156653 16.59766246 98.52501647 -29.84436743
0.05322373 24.92416350 83.35710876 -34.93863398
0.08230000 35.31044522 92.46141015 -25.30278712
0.09203017 29.13353616 96.80535299 -18.18277873
0.03321713 26.41904873 98.69533941 -32.44163056
0.59806579 12.43417838 83.18515270 -33.41200813
0.61092913 11.04926934 81.98682357 -27.16461613
-0.58680056 33.97965874 91.68847793 -29.91616373
-0.50681391 20.16234673 97.26051869 -18.88628341
-0.77163743 11.14380703 89.73939432 -34.91316319
0.07019558 15.76155414 93.14171681 -38.07714172
0.07019558 14.91908461 91.59853682 -38.22150084
0.63503442 33.38892610 84.68799218 -22.23351672
-0.00240000 25.39819701 100.70306389 -26.52761285
0.60101040 16.38082595 83.48922908 -36.30028989
-0.51797291 13.82881384 93.12135740 -37.25930753
-0.57270000 26.68236834 78.26679936 -22.90658029
-0.11208985 16.53373335 97.53904595 -21.61195014
0.08477890 21.81880602 79.32064753 -29.91616135
0.82518126 12.71639087 92.58585958 -36.79205022
0.83128667 31.63253230 92.19688519 -37.31496328
-0.05871844 11.60066013 94.16287312 -26.65476246
0.10114431 15.77902776 89.39122672 -19.92248060
-0.56437223 15.49252292 82.67929960 -36.03380797
-0.01752236 20.21914334 94.39473442 -37.29217418
0.07926295 35.09268997 82.28371183 -34.63308912
0.35685607 30.67346410 78.82366291 -13.00149725
0.27608333 28.10342140 80.57213065 -35.82038648
0.34000000 22.99522227 102.10749532 -20.68531878
-0.56790000 27.42433333 95.54056855 -14.62301801
0.08430000 11.44735401 85.57378179 -32.71589891
0.27190000 10.73733454 82.65259988 -29.04808025
0.08748323 21.09718669 88.25683309 -36.28644094
-0.04765879 32.33615912 81.38271363 -38.10580435
-0.00122359 24.55596098 98.92071318 -33.50079145
0.08477890 20.79026508 78.43824625 -31.04300808
-0.66064383 27.34137121 78.51894827 -12.69971634
-0.00240000 19.94821675 91.62275803 -14.23216421
-0.56790000 27.66013818 99.08543444 -34.73939215
-0.41570000 19.58132049 90.38532107 -14.91898364
-0.05929932 20.24945614 87.59347449 -36.11495260
-0.22620886 37.11060035 92.17549601 -16.21053601
0.08810000 26.39088876 76.33978376 -18.54343704
0.27224860 13.97331882 81.92180467 -35.22362708
0.08118898 18.96569964 88.15306119 -15.88542751
0.27190000 27.09099241 101.01328224 -25.27668221
-0.55424434 20.84763053 98.00624717 -32.28322811
-0.41570000 10.66295769 81.85244472 -28.43625906
-0.41570000 11.40401278 83.47061232 -32.61098210
0.33347434 36.73098823 90.88314466 -15.78792480
-0.00365108 33.40488692 92.91251668 -33.48391913
0.42868123 34.94117370 90.31441640 -13.58701488
0.06980000 10.85330169 86.04599015 -28.40088233
0.09780000 25.59513501 100.31302258 -27.52620394
0.01860000 22.83561907 97.91835487 -36.67379289
0.27193545 20.93081509 93.85016407 -15.06632747
0.10000000 15.75162450 76.72593238 -28.63423996
-0.19060000 26.39661397 100.88918490 -19.41710739
0.16990000 26.62050371 79.76389103 -30.35614716
-0.41570000 28.47294447 76.50256612 -18.90466926
-0.41570000 22.00045873 77.57645208 -25.04274311
0.03130456 20.83198954 80.65109001 -16.86346009
0.11470000 31.85539277 98.28642214 -17.97638080
0.03934311 9.64725646 93.23655651 -30.69806586
-0.05098854 13.83192143 97.93148126 -29.16200179
0.85179074 11.00637606 88.51480716 -34.65567463
0.27470000 24.51947649 102.46532238 -24.82067994
0.04570000 14.69981437 85.15747363 -21.70286902
-0.01328473 25.42253463 99.08664913 -32.23684733
0.02916925 18.42168867 88.90588595 -16.45587175
0.08379400 33.34434787 93.58915491 -31.43903073
-0.46942326 9.81072380 92.86405274 -33.45267075
0.03270000 25.33249410 88.59380882 -39.66196750
0.42868123 33.95195645 90.45873603 -12.13325244
0.01860000 31.74270972 96.38083763 -26.14913566
-0.79248264 32.68663424 91.51964990 -37.27679270
0.00430000 29.59022594 97.87653922 -36.43410294
0.01438335 11.83946420 87.51572383 -35.46791787
-0.01752236 20.84336453 95.94842672 -36.72098255
-0.46825537 33.08561849 83.06222768 -25.90478594
0.04583016 13.49491405 86.95643150 -22.79710022
0.60712052 11.00224521 93.13309717 -27.62964230
-0.00940000 35.28386000 82.00650764 -20.72307904
0.13300000 28.55589351 99.45373149 -27.18250981
-0.16658355 24.02755369 99.11702628 -30.10971417
0.10000000 16.56250618 76.88585164 -31.41882414
-0.59197579 23.02676367 88.63597571 -9.02916509
-0.41210000 17.70273564 84.55272042 -20.06414655
0.04641590 14.40917966 99.09378250 -27.46231584
0.10000000 17.43555159 76.39095950 -29.09398022
-0.53202292 32.85684600 84.16096806 -23.21290676
0.08879195 21.71981410 85.21688051 -35.55444671
0.59730000 24.15249733 101.59559066 -26.61840922
0.37181482 27.19461806 76.71358294 -14.32373241
-0.18929154 34.47939568 94.55443325 -14.31715740
-0.41516704 13.39554884 81.28647070 -34.69198799
0.02950000 20.34014628 90.69470209 -12.32904586
0.36490000 24.71595487 77.45359882 -20.53954574
0.04583016 12.48089692 87.43261234 -24.14969805
-0.52950000 25.89934666 92.58271499 -40.76552935
0.59730000 10.37858821 84.96867785 -30.94553337
-0.40621460 10.96973722 83.68002164 -25.38533686
0.10000000 14.89856583 76.99693101 -30.81270544
0.80760000 24.80612165 93.32993912 -40.77710431
0.02950000 28.24626791 80.16490382 -32.03188382
0.06410000 20.18743683 78.67906426 -22.52480669
-0.06600000 31.12040957 97.05036375 -26.74291786
-0.55494172 10.96449572 81.06057249 -26.36278524
0.14260000 33.73141603 82.10826669 -22.18861315
-0.41570000 18.70065827 83.87744527 -15.44559048
0.10000000 22.09968372 80.73898915 -33.21022539
0.14300000 17.19481107 99.68926729 -23.69836518
0.06030000 29.80277154 78.61039298 -23.63697922
-0.15207094 15.42368161 97.91348845 -22.38615158
0.10000000 17.90774919 83.59105001 -20.53452803
0.34560000 26.75820607 93.11395590 -40.78125770
-0.06541514 33.43878753 94.17826137 -34.37170799
-0.56790000 34.78874179 89.91441235 -27.15844555
-0.02490000 10.75508272 84.78254054 -32.42815635
0.18029301 21.56183210 79.67934665 -19.03174945
-0.24000000 18.20287621 99.01731635 -32.84452253
-0.10988613 12.81950343 87.73216536 -23.15787426
0.27190000 11.05876211 82.73010153 -32.01722275
-0.79248264 31.62389308 93.35972694 -37.77544065
0.06030000 30.06788903 78.49465628 -25.39496640
0.11230000 17.64804079 76.81986357 -26.23298615
0.09863799 25.02454451 99.52403168 -34.27831102
0.06420000 10.72649092 96.27818222 -30.22941953
0.06980000 14.48764686 95.63078783 -20.87508324
0.12920000 32.38006426 98.76176521 -18.79196037
-0.86270000 24.90007954 94.62140110 -40.74608591
-0.11020000 15.32962167 84.57573615 -21.02979783
-0.38110000 25.46435569 77.52814873 -21.21367212
0.35312363 13.78035094 94.12297619 -37.37980870
0.01685738 34.42014364 92.54702920 -33.32973320
0.09702423 12.16932167 81.11145188 -33.00030528
0.14730613 16.63346170 97.91638457 -20.60493950
-0.41570000 10.29828910 86.19498346 -30.41829666
0.27810419 11.31167831 83.15877063 -24.59068147
-0.34790000 23.90692986 102.46291467 -25.62372869
0.17106636 35.28947317 95.12933674 -14.74102153
0.12430000 14.71153486 77.47600779 -26.31821367
-0.49021149 31.91379739 97.58002462 -32.89408576
0.06840000 20.15826480 99.56025128 -29.83480159
-0.41570000 26.58964602 101.41113894 -26.05800230
0.02950000 27.08200981 80.31302051 -33.32462619
0.01030000 21.00253622 102.38275782 -23.91369697
0.06840000 20.02118303 100.31225668 -28.22739523
0.09364434 14.26624544 98.61900550 -29.88779362
0.14300000 28.04684119 98.51617988 -29.41255466
0.27190000 18.28217016 84.58504015 -16.03234628
0.12970000 26.97287762 77.34418430 -27.45838242
0.27190000 10.51646222 86.99356587 -30.99689085
0.01870000 21.84077587 102.86564784 -23.41143038
0.44780000 25.81360224 95.05075683 -40.78121352
-0.56790000 10.18415256 83.97212777 -30.24279787
0.07093754 32.28959845 77.74369427 -14.17845538
0.08839649 30.48412341 79.47324557 -28.42030721
0.04570000 15.51773061 83.61188118 -21.50276656
0.79940000 25.38128951 102.98053545 -21.89737142
0.11350000 20.15311120 101.83744081 -21.40527119
0.06241272 31.74121730 81.14225484 -38.98689729
0.01870000 17.80029172 98.45310830 -35.35620049
-0.04250000 14.02220904 97.67999816 -35.37903902
-0.32039819 33.64661052 97.37722645 -23.79478452
0.73410000 16.70877151 99.21191189 -32.57940224
-0.84391922 11.69976413 93.35704832 -36.56629152
0.43671182 23.58181623 90.94601237 -9.14726594
0.01030000 34.75476081 79.91980727 -20.74622887
0.04860000 26.00801164 91.10679316 -40.67605718
0.59730000 18.84400032 77.37029992 -24.57357207
0.08608996 9.57270762 90.20766162 -31.29586916
-0.57270000 31.88329448 98.96819236 -20.08313627
0.16560000 25.03617410 78.20500445 -29.26721193
0.10000000 23.41126808 81.93326655 -33.10006523
0.08820050 33.71309978 96.96275667 -24.80071364
-0.80140000 24.40447312 103.07206602 -21.11859049
0.27190000 29.26104180 76.11254321 -19.40154789
0.32260000 28.57738796 100.22841406 -20.29952265
-0.56790000 31.93900109 80.42504456 -23.53986159
-0.55790000 29.32823582 99.43899570 -21.11115689
0.04400000 14.58491576 81.26625112 -22.30186855
0.03420000 13.88222503 79.66799666 -23.57428407
0.00180000 14.84488553 80.23125755 -22.52391424
0.10156653 16.54935443 99.83997631 -28.64910591
0.23752472 33.13944605 83.34245241 -24.93593019
-0.34790000 22.66108874 98.51753443 -16.83830131
-0.56790000 23.41520177 101.51200284 -27.60088313
-0.86270000 23.59340567 92.86463204 -40.82102308
0.08608996 9.62575666 92.24658285 -34.33165779
-0.02660000 20.65805275 77.78748935 -22.93919155
-0.01430000 20.98275395 102.44098323 -21.03712371
0.11407156 33.72374648 80.35795036 -36.82623761
0.03470057 33.46796557 93.85094491 -35.41099274
-0.46942326 9.22539408 90.91256350 -32.05123968
0.44780000 24.04653183 95.16087855 -40.72310214
-0.20410000 36.59635655 88.02400372 -24.94177781
-0.17040000 18.00846882 77.98485850 -33.74824713
0.01880000 27.20423584 75.76263096 -18.98327949
0.08820050 32.70595899 97.91926376 -23.69747130
0.16135497 35.47727492 83.50708682 -29.07266522
-0.41210000 16.45860859 75.94369100 -28.91059019
0.11350000 17.61121885 96.81194098 -37.49056443
0.45754850 10.86585381 92.98482972 -36.13485157
-0.53909407 36.72394416 90.55327027 -14.46907064
0.01860000 30.87251999 97.93850055 -26.16165740
-0.03430000 19.70909890 91.49369278 -12.71826778
0.59730336 36.27825362 96.27839032 -23.11036967
0.39426252 18.46633834 90.19489474 -15.62774603
0.00430000 25.30542013 95.61217696 -12.26586782
-0.26010000 12.83996469 77.69657643 -27.92612936
0.09780000 19.32143108 92.43018134 -14.61072259
0.03390000 16.37441977 77.52285737 -24.00628916
0.45754850 11.85479855 94.34491951 -36.70837371
-0.56782595 22.60798108 95.91730652 -15.23910106
0.30616061 22.51635522 98.83383253 -32.87674240
-0.04005202 11.64366134 86.49703710 -35.13319476
-0.41210000 15.65714157 76.31850979 -31.20309950
0.01880000 35.64360995 98.02677762 -17.66592231
-0.58190000 12.39508012 93.22583940 -20.45775124
-0.02520000 10.00843809 86.40102557 -28.99101177
-0.51630000 17.16218456 83.38528069 -37.37854872
0.17118211 37.40742603 92.90846751 -15.47497612
0.32481463 33.25006497 93.75785781 -12.36338442
-0.03890000 30.02931059 98.93198384 -34.60958677
0.07970000 37.25103977 88.67887244 -24.36676753
0.02410000 14.20305964 78.65720307 -23.82619774
-0.39027106 21.42251535 78.73585873 -15.43403983
0.10000000 34.22977232 77.94076568 -19.29825681
0.59730000 26.70448214 96.53768934 -14.66120588
-0.00140000 28.81064647 79.15064895 -33.83080241
-0.04005202 11.50725471 87.57569525 -36.50432610
-0.67610000 31.52177355 97.50021345 -35.88283549
0.06030000 19.87946439 100.65658528 -19.05477017
0.79504786 21.58928018 95.58539257 -39.42542650
0.27190000 13.06650844 91.59899670 -19.68305751
-0.03890000 25.22904254 96.42606308 -14.26486087
-0.56789680 36.85499040 96.76112253 -22.13098576
-0.77163743 10.17596698 88.04454303 -33.84896115
0.27470000 22.56877853 97.59385064 -16.44031702
0.12970000 17.99762534 100.65218976 -25.84186979
0.59863064 32.26896106 79.72006484 -30.32826417
-0.65325274 17.05064542 88.42506369 -16.68815481
0.01030000 16.74617982 98.72925062 -35.38254933
0.44780000 22.85080807 93.54907544 -40.80709025
0.36540000 30.43893161 98.40506677 -35.99998623
0.59730000 28.71662359 99.72247703 -34.73972711
-0.01520000 27.73902053 79.60591689 -32.81822496
-0.57480000 11.21051649 96.97272846 -26.51739529
-0.00940000 18.53225277 99.32377735 -34.31914549
-0.02660000 26.55565033 76.69435767 -21.30635170
0.00430000 24.43770739 77.10551803 -27.39562053
0.27190000 36.40147196 98.01693342 -19.64392553
-0.40886526 10.55485894 94.89701476 -25.92598821
-0.05360000 20.37178700 100.45470015 -29.24959219
0.02950000 20.03260359 92.41781878 -12.23927261
0.08230000 28.98177266 97.07313354 -15.84179017
-0.41570000 34.90785315 92.71885117 -27.33736045
0.41960000 35.48231775 85.77199919 -25.71641624
-0.02660000 33.66197181 99.24270981 -18.75116886
0.27190000 31.04627961 97.39280004 -14.95581044
0.08608996 8.88883643 93.36622532 -33.15933417
0.29360000 17.86570305 84.09617851 -37.51922435
0.09325505 14.62866245 93.05083300 -18.89773624
-0.41210000 23.15998385 80.91380153 -33.39272014
-0.18250000 30.31230473 78.05810824 -24.42657222
-0.01422799 33.35270227 80.26133865 -37.84657814
0.27190000 21.40032135 76.80739873 -25.30446331
0.44780000 23.42747798 91.88025328 -40.97451521
0.03620000 36.04258321 82.63291021 -21.19218212
0.29360000 22.09930168 87.09119298 -37.80473302
-0.36331995 23.21689983 99.45464732 -33.25612567
0.27190000 11.40536823 80.00676543 -24.94877623
0.03620000 19.60489196 99.19320159 -34.46230489
0.27615938 12.03454790 98.05995445 -28.04087315
-0.55856286 10.11014127 92.36376169 -27.26100958
-0.02750000 17.77971366 76.44380597 -25.21842031
-0.58190000 33.68898269 81.53467376 -27.44607540
0.36540000 23.51355285 76.80304569 -26.90312848
0.02360000 24.47166329 99.66207530 -36.54402337
-0.19060000 26.33026403 78.85854844 -30.86851133
0.01870000 35.56293627 80.54870670 -21.11964311
0.12920000 27.32226416 77.15334524 -22.34389889
-0.81880000 12.92718425 95.80385960 -37.01624829
-0.00115532 36.45303468 85.42834623 -28.86453883
-0.56790000 11.87739176 81.94432813 -23.24720267
-0.17040000 17.46706703 100.73302616 -23.75170244
0.14260000 18.74327991 99.71960233 -32.20981080
0.06030000 18.49038564 100.02512400 -19.97089118
0.27190000 34.70741806 92.20100856 -28.18102419
-0.12560000 28.83051692 100.00634643 -28.06885038
0.06870000 26.95810356 90.79152865 -41.10737464
0.53660000 33.64087424 81.90545251 -26.27101942
-0.56790000 10.55743490 81.02965102 -31.18970883
0.10000000 17.34264328 84.39338411 -19.04775901
0.13300000 15.89508731 77.86043870 -34.15432530
0.13800000 13.53920289 76.96822400 -26.95621138
-0.05120725 15.28175864 92.27720514 -18.49392246
-0.06600000 22.50965649 98.93352590 -36.90023531
0.53660000 11.83914564 94.22417854 -20.93039447
0.08608996 9.04453574 90.34642309 -32.96495513
-0.58190000 23.72481867 84.89520941 -37.42773518
-0.40918795 12.44007812 98.32591906 -28.92682621
0.21572023 16.34318150 89.11416112 -16.89968111
0.03321713 25.54136972 100.15211472 -32.03996685
0.07910000 12.42262734 98.85532940 -25.38749912
-0.23249291 34.31353810 94.50208530 -12.91798581
0.02360000 31.94226009 96.51772292 -28.62195762
0.12970000 28.66749812 99.78172732 -31.47262336
-0.10720000 27.86149358 76.73067882 -27.47771105
0.19130816 23.73533730 100.13218850 -30.33433857
-0.56790000 21.47259279 77.55838777 -17.35495271
-0.56790000 17.50198204 86.26107851 -16.30101738
-0.58940000 35.60829748 94.67184243 -26.47195115
-0.17040000 28.54863605 99.46953308 -29.33692549
-0.73625367 17.55126780 91.02048449 -15.67547240
-0.05970000 9.80843683 80.75201749 -28.92085128
-0.04790000 21.35576092 103.48721768 -22.09327903
-0.82932438 22.19840275 95.31666732 -40.49485914
0.41906858 33.70734925 96.59303517 -33.27674443
0.20570000 32.87521519 99.54701307 -20.78237911
0.12970000 20.15486340 77.86259925 -33.54369484
-0.02520000 13.65466747 95.73384824 -20.17965316
0.06840000 21.44699295 100.63360488 -29.24460327
0.06870000 25.20929429 90.63364055 -41.24726469
0.27190000 25.91704576 74.97345551 -16.83483076
0.39920000 30.19265623 99.27400812 -20.72752872
-0.56408855 19.25561702 85.83404519 -37.43889593
0.15838178 14.67472566 98.56871686 -21.96645964
-0.56790000 33.40564129 97.67810717 -14.71382812
-0.23410000 25.42929543 77.97534449 -30.24655422
0.27190000 23.95278607 101.36268494 -17.35954253
0.59730000 10.29541570 80.23981403 -30.28282335
-0.56790000 10.02450547 88.80062842 -29.23267035
0.41020000 32.15842786 97.91604205 -35.29686582
-0.00500000 16.42323141 76.55474362 -24.50475856
-0.41570000 12.39328575 95.43981023 -20.86800256
0.59730000 13.16647364 80.08040885 -35.22119174
0.06210000 19.46933003 98.34738264 -36.71027779
0.10000000 33.24028165 76.63223763 -18.60987163
0.14260000 21.92549500 102.96076842 -26.12803223
0.73410000 10.01577210 84.58300133 -25.16128321
0.08810000 36.14936787 97.95697619 -16.70288686
0.27470000 25.71160377 81.24751279 -37.56069853
0.58960000 10.47116149 96.23023676 -25.86590071
-0.24380000 9.75115593 96.47783424 -29.78561780
-0.20018612 36.29907821 84.04649778 -28.62536519
0.04570000 22.53761707 82.61805550 -35.17476363
0.27190000 32.02546478 78.01740345 -22.09399346
0.07970000 36.85443426 88.11886549 -25.99652724
0.28853249 21.06942297 78.81394848 -14.49099864
0.10000000 23.74698804 80.22846320 -32.78129718
-0.14150000 15.21982878 76.46724644 -25.39456048
-0.41570000 13.32067132 90.86367778 -19.03899629
-0.04620000 34.61201473 99.16932702 -17.58234932
0.08800000 28.04832429 102.67253989 -22.22749289
0.41020000 23.14822586 96.23861242 -12.98071497
-0.41570000 36.61246571 98.35820394 -18.71704018
-0.24000000 22.80436237 103.44135368 -25.69822889
0.02530000 21.56817555 77.60537599 -20.96227670
0.71300000 36.88881448 86.59157471 -24.50363918
0.08820050 34.44736800 98.10198513 -23.64777411
0.02360000 24.13622683 99.33207478 -38.23787915
0.06210000 36.83758083 80.10692858 -19.45357123
0.08760000 28.30526800 78.66308297 -34.66445173
-0.56663486 31.73599308 78.95129358 -31.13112630
0.60130877 20.22702091 86.57250092 -37.27806556
0.04020000 34.02808427 99.05954120 -16.66852778
-0.10720000 17.92386840 101.27734913 -24.96429554
0.10000000 18.29135480 81.14366640 -20.02043065
-0.12560000 16.86863647 77.44679761 -34.37227650
-0.56790000 33.75086662 96.13176162 -30.50415834
-0.04790000 18.42621416 98.66189844 -36.74329917
0.08608996 8.30039545 91.38195868 -31.71635897
0.06980000 13.79821683 95.01383125 -19.37400545
0.09780000 14.27936078 99.98718591 -31.93671329
0.08430000 14.72876515 80.37085436 -36.65166368
0.10000000 16.54933059 75.23480935 -28.08757389
0.41265640 37.21868510 91.17109653 -13.92580283
-0.04620000 26.83570203 75.48198715 -20.45041031
0.08230000 18.43845421 81.92976580 -14.74014270
-0.00110000 27.02013365 101.82500938 -18.56834236
-0.38110000 33.95626197 99.72672705 -20.00412731
0.36540000 25.04071907 96.55681374 -12.74094180
-0.04300000 31.84453503 97.43290900 -28.03801958
0.29360000 10.48931966 91.99790837 -21.53386068
0.01360000 13.57327458 98.02806142 -36.30931380
0.59730000 32.39890008 79.52852489 -24.25235371
0.06420000 9.03200246 95.77003069 -30.19784612
0.08690000 9.85908898 79.92073607 -28.21764062
0.01860000 22.05691593 99.36306485 -36.00657911
-0.41094310 15.84485037 92.73737751 -17.21491840
-0.10720000 19.27924461 77.45115095 -34.02369766
-0.41210000 34.25820929 76.96636329 -18.81057764
-0.00940000 22.42944461 103.96143100 -24.30543692
0.80540000 13.52281121 96.86613476 -37.31752514
0.35310000 15.97310621 75.23193083 -30.16835302
0.27190000 36.18739695 96.08044346 -25.12423321
-0.04300000 23.72275551 99.76876035 -37.32878743
-0.18250000 18.79141058 100.61770948 -19.10699006
0.10000000 34.79215175 77.06147067 -17.86508284
0.06980000 9.95884003 90.40985078 -23.07236662
0.59730000 21.01845279 77.72762402 -16.21740494
0.11350000 20.66167744 102.96821905 -20.13877274
0.73410000 35.34726104 93.97264807 -27.45374027
0.27637045 9.89838672 94.35198487 -25.38553373
-0.03610000 24.54980051 80.86425220 -35.01545929
0.09220000 24.28617947 82.62564961 -36.83120001
-0.56790000 11.10241019 90.24353740 -20.87769028
0.13300000 18.45775269 89.07194888 -12.47524096
-0.05165246 11.59444097 87.75828346 -22.21651704
0.11120000 12.34274968 77.16830367 -30.93726275
0.11470000 28.24904797 76.71281281 -22.68065307
0.27190000 33.57510095 80.01934242 -28.82296536
0.03370000 17.82304538 82.79606064 -14.98284822
0.09246261 10.86988779 88.46981281 -22.61255804
0.14300000 28.43444281 77.33762347 -29.46837827
0.15720000 11.96262818 77.27264489 -28.39192080
-0.51630000 10.14758679 92.77044965 -22.08748828
0.06420000 9.81151106 96.33548133 -28.70664071
0.06980000 9.14633460 85.78992111 -28.72374895
0.06030000 27.98640472 98.94592062 -17.22787534
-0.01430000 17.68221724 97.85160986 -37.81017326
-0.00700000 21.23619409 76.96605817 -21.78029957
0.60413496 14.41202080 91.02406053 -18.28458594
-0.41570000 11.60479913 79.25720606 -24.30186591
0.59730000 9.71099051 87.83317606 -28.54398789
0.34171216 31.79498539 78.89224634 -37.69920444
0.10000000 15.29260826 75.88436980 -32.13408604
0.10070000 30.82352653 99.57351674 -34.22780722
0.04570000 21.69445290 81.29165442 -35.94541551
0.27190000 30.19637644 78.48380728 -32.35137588
-0.25480000 19.60305713 76.95806643 -23.52853706
-0.58940000 9.49179308 85.23590021 -26.06175581
0.59730000 16.69744540 87.14331233 -16.59230305
0.10070000 24.69916878 97.25265111 -14.73823710
-0.59310000 37.72605564 86.35476342 -23.64874468
0.11407156 34.19541921 80.38204829 -38.52728360
0.04400000 14.73732862 79.64996566 -21.60814624
0.06030000 29.96969894 77.02348703 -24.40985778
-0.56790000 12.01330494 99.11181817 -31.00372189
0.68523775 34.67927392 95.03550154 -34.15701292
0.59730000 11.79168363 89.38868825 -20.32519659
-0.91910000 36.18699169 85.60522115 -25.01234200
-0.67610000 22.56595656 76.52243502 -27.90397928
0.27501138 16.13508956 92.02510525 -16.56029318
0.11240000 11.37919401 79.00811977 -32.29985210
0.06210000 22.13309719 104.13641870 -21.69030737
-0.02370000 12.41273890 79.60348996 -23.13502424
0.11050000 10.45948078 94.80749611 -22.44173936
-0.41570000 29.77877934 78.21338783 -33.23034694
-0.58940000 27.39663860 79.18547649 -37.05087478
0.07910000 30.22643127 74.69308250 -16.89277061
-0.41451599 11.99788616 88.17724550 -20.86130623
0.07910000 31.78872774 75.20506229 -16.21256238
0.09220000 32.42083586 76.44857761 -20.66984837
-0.41570000 16.23671765 100.45363736 -32.53886814
0.14300000 27.55572017 75.93376982 -25.49752435
0.01860000 21.77245314 98.88797577 -37.70183120
0.03620000 23.30917074 104.39008124 -23.82539302
0.07910000 19.67449688 75.31881949 -29.27093841
0.06030000 29.70024547 99.12664988 -16.81454741
0.27190000 11.92554131 96.21142277 -21.32180224
0.59730000 27.14532463 102.45928333 -26.67709694
0.02360000 31.22206247 98.13224332 -28.59619486
0.08800000 16.49850383 81.46489424 -37.93512265
0.13920000 32.80438777 99.83138159 -21.82185994
-0.41570000 33.24337387 79.34394478 -29.49668581
-0.17040000 28.68938657 76.72930775 -28.61318451
0.59730000 11.63082981 98.83274979 -29.86250239
-0.82932438 20.58253029 96.33028729 -39.37803111
0.01030000 35.58320108 80.46555974 -22.20627827
-0.41570000 24.54622548 101.09193794 -16.58842267
0.06030000 31.67656833 96.10148174 -12.43609605
0.59730000 27.33837058 74.45434195 -18.19060830
0.14300000 37.01387303 81.72130020 -32.10659709
0.03810000 17.28737955 82.16942314 -38.19859018
0.29360000 12.66920256 99.55963738 -33.32978388
0.03970000 10.44857496 94.12601633 -21.59111187
-0.26370000 22.67104931 99.67021818 -15.92329438
0.59730000 9.46740884 92.49552670 -23.20497534
0.07910000 13.31795358 100.35510654 -25.59616834
0.59730000 11.92379164 80.93160841 -22.54691214
0.02530000 22.05755890 76.34235128 -22.13307539
0.21170000 9.53768846 84.86775875 -33.36007046
0.02950000 29.64025100 101.08940507 -25.84465286
0.15600000 22.09311416 100.47521979 -16.37723809
-0.41570000 36.67107605 96.53540240 -24.36319942
-0.01730000 11.62834672 97.97355629 -35.34938456
0.08230000 18.80622472 99.07585531 -17.63016265
0.08810000 10.59401281 78.55768953 -26.60456015
-0.05180000 14.52984322 84.33483690 -19.73040875
-0.03030000 26.49817223 104.01983737 -21.71387018
-0.17040000 28.19350528 75.93297543 -26.36909208
-0.10720000 28.89426366 100.18534969 -30.49688414
-0.95404688 34.58403017 96.23177542 -33.62463105
0.53660000 18.63094533 81.47557237 -37.92890482
-0.55407004 33.07732136 93.69355669 -11.01830874
0.07910000 20.78270514 75.79482962 -30.55485372
-0.41570000 27.16307938 97.72847416 -15.06045196
-0.56790000 12.47291555 79.22519124 -34.65422324
-0.23410000 29.20133763 101.17843061 -19.46541913
-0.41570000 26.57618112 74.26145121 -17.11535972
-0.04790000 36.88954936 80.02775707 -20.53944974
-0.41570000 10.40780399 78.91977916 -30.45807824
0.73410000 16.06105514 94.00692278 -16.86809628
0.16135497 37.64973648 87.18371195 -28.46200374
-0.38345921 32.74290261 78.92208383 -38.04657969
-0.12560000 17.34172667 101.55095308 -22.61277694
-0.41570000 30.70761625 97.90077565 -14.15121577
-0.51630000 21.34927793 86.44467499 -38.00368862
0.06420000 24.54797817 75.68154260 -25.38112901
-0.58190000 19.68384043 82.12221392 -37.89875060
-0.56790000 11.21374361 97.29350636 -22.94494507
0.03620000 18.30015460 100.36955737 -34.52057731
0.13300000 16.96513515 101.13050329 -21.69201554
-0.58940000 15.84126893 94.94070436 -17.63563688
-0.02970000 13.19835704 99.65389655 -23.22558017
0.03370000 31.82825136 78.09674153 -24.20715039
-0.59310000 27.32835644 74.82901631 -14.14731643
0.27190000 32.83009189 98.48032552 -30.77733635
-0.67610000 23.68935499 96.84522185 -12.47002210
0.14260000 34.79049024 94.05025586 -29.51046894
0.03370000 28.57646587 97.97299871 -15.37911524
-0.11020000 22.68468347 81.70055556 -35.74455825
-0.31920000 12.40397955 99.92624410 -25.18528151
0.11350000 16.67251894 98.25068017 -37.90689815
-0.20018612 37.52880932 86.12613928 -28.27947386
-0.02490000 13.81373185 79.78270863 -36.58167170
0.03520000 9.88270949 84.84718239 -34.39381984
0.03810000 27.78707782 103.69894094 -22.48508256
-0.00110000 26.83191958 78.58066437 -32.15624026
0.10000000 16.63565985 80.51349373 -20.21123829
0.73410000 24.10289556 100.16811863 -15.73861512
0.02360000 8.45374666 82.86744172 -27.60965954
0.27267443 12.52617568 87.50889308 -20.31879342
-0.02520000 9.15413417 91.01958517 -23.48318152
0.01180000 18.27048838 91.21661134 -12.30828908
0.04020000 25.94652399 74.85174006 -20.46624991
0.03620000 27.02405137 80.70760543 -39.74384933
0.07910000 19.24649465 75.00843645 -30.97233045
0.02950000 25.32178589 103.04573633 -18.08615468
-0.01730000 23.25436251 86.26261198 -39.87229545
-0.00240000 14.79747882 100.73378482 -32.53858054
-0.04250000 14.21681386 98.80912501 -36.71415818
0.53660000 27.62162036 103.74914449 -24.01788455
0.06980000 19.66448489 78.97097528 -36.40323201
-0.03610000 16.78666682 74.60737355 -30.53733363
0.08800000 34.04806393 81.54475492 -24.20152739
0.27190000 8.87869453 91.42501062 -25.56320603
-0.59310000 22.58673139 75.83859308 -14.61915960
-0.24380000 23.79487366 75.50591807 -26.14930183
0.06210000 20.48828943 104.11408014 -22.29976358
-0.41570000 8.96965837 90.66916747 -24.89948101
0.06030000 17.85609456 83.49309356 -12.93630984
-0.56140146 14.70844075 90.19682284 -17.42322816
-0.56790000 30.40781180 75.02998602 -20.49477620
-0.56790000 9.08461794 93.37352209 -23.97672538
0.41020000 23.04780481 76.35203108 -28.71662417
-0.03890000 12.42432648 89.69038455 -18.95980428
0.19330000 12.69955761 77.53098809 -33.54360457
0.36490000 34.81515087 100.18718231 -20.26945786
-0.25480000 28.72234156 101.06513370 -34.83544616
0.59730000 14.38842031 85.59812556 -18.86718371
-0.31920000 31.28578978 74.44854386 -16.81491872
-0.31920000 20.06205618 75.03611554 -30.24970118
0.42750000 9.27402269 86.79561209 -33.38218510
0.07970000 32.87793541 77.97597642 -33.30775497
-0.01220000 26.73751140 104.06924045 -20.65161900
-0.57480000 20.21394598 75.38610682 -26.12373610
-0.17040000 36.74477819 80.67598456 -32.07047860
-0.41570000 28.54479455 103.08175052 -24.72027768
0.11050000 8.80466879 90.01837349 -27.38156052
0.06980000 20.82842617 100.39263640 -33.08350708
-0.57480000 27.35838152 100.83214577 -37.27451607
0.04020000 27.64406958 74.91849535 -20.91636912
0.06420000 26.90091271 97.43809649 -12.08714249
-0.41570000 18.59655589 80.15243382 -37.75302384
0.59730000 22.91060648 100.73674229 -33.44071156
0.10000000 19.26709002 78.98588691 -19.55667067
-0.51630000 13.06231757 100.03152879 -34.13158309
-0.51630000 33.42482122 79.75136612 -25.07085377
0.16673684 34.99207927 95.03350884 -12.26716279
0.35310000 23.48162111 80.69945473 -34.87426798
0.53660000 8.91371013 89.40361926 -25.33641245
-0.03610000 18.32109174 80.25629255 -17.68235289
0.01870000 33.76830587 97.43069286 -27.10012636
-0.56790000 13.60565479 86.49280824 -19.18647194
-0.24380000 30.88406781 99.47950678 -36.98566162
0.29360000 15.17688613 96.49968076 -18.34957587
-0.19060000 28.42121747 101.97558842 -18.60632578
0.41960000 36.36212165 84.65826833 -24.70784812
-0.56790000 18.97748723 94.72353915 -13.91281770
0.10000000 16.97423555 81.80166477 -19.04200564
-0.81880000 14.12222763 97.00670545 -38.41392478
0.06030000 18.39644063 101.62857354 -19.20823824
-0.41570000 32.13278612 77.45591732 -22.92665159
-0.18250000 28.68858343 99.10446585 -16.40939570
0.04570000 13.88666458 74.99302912 -29.68827857
0.02130000 10.71698596 78.32990983 -31.76169592
0.01180000 29.43168150 101.27542333 -27.95141028
0.05600000 12.18619177 98.63415713 -36.01309820
0.14260000 10.08408936 84.02558326 -23.09736890
0.09220000 15.06072927 83.58778192 -19.14034972
0.03390000 16.34979247 75.79294827 -23.72863045
-0.17040000 18.26813999 102.63845184 -25.03191089
0.07910000 31.73273954 74.46298161 -17.80896420
0.27190000 29.32960416 102.69889224 -24.21273933
-0.01520000 26.20155303 102.64336603 -17.58395207
-0.41570000 18.15571177 75.02261667 -25.31257348
-0.34790000 25.06935532 80.62207527 -38.02594122
0.27190000 10.10607811 78.30682294 -29.71420219
-0.12560000 17.79968823 89.89153133 -12.22697459
-0.41210000 17.36767900 80.89346165 -19.49858793
-0.58190000 26.69943450 104.36876048 -24.56123875
0.53660000 22.71528794 84.36853288 -37.90749526
0.59730000 33.12830030 98.18759280 -13.62640116
0.13300000 36.10498997 80.73551028 -30.00931762
0.03370000 18.25123954 99.99469957 -17.81941733
-0.34180000 13.36483378 75.71571961 -26.40029554
0.03520000 8.90918851 83.99325550 -33.19174745
0.10000000 22.08772673 79.05162580 -35.05037032
0.10070000 13.00253468 88.81645602 -18.65976529
0.06410000 26.81383465 101.69382182 -34.26303982
-0.58190000 9.15527625 88.45253291 -24.58684558
0.59730000 14.22987236 100.66454044 -33.96679679
0.27190000 17.70689015 79.67995131 -37.82624290
0.04020000 35.14175983 100.11909112 -17.50873767
-0.12310000 11.47532384 77.00965013 -31.57796729
0.00430000 9.29837663 98.02987204 -31.18786817
0.06420000 22.88252149 75.12602939 -25.68952217
0.34000000 19.26090417 97.43678355 -39.10475426
0.59730000 13.71168557 97.13285732 -19.56079549
-0.51630000 9.10490498 87.93989949 -27.35856060
-0.24000000 9.60979414 84.80233170 -23.69720782
0.03620000 21.68127601 104.74580758 -24.41988190
0.06210000 18.38669426 99.72075157 -36.99897479
0.59730000 16.80770945 82.35613514 -16.05793422
0.06420000 30.08193307 100.19774174 -37.15541912
0.06840000 32.05357587 99.95398555 -15.69115558
0.36540000 9.30301412 97.90414049 -30.10515369
0.06420000 31.13277403 99.01443093 -37.93957464
-0.18250000 17.11574296 83.25519029 -13.70010443
-0.56790000 26.57304905 103.09447171 -27.56662473
0.13030000 8.32956854 81.21574209 -29.00451431
0.59730000 11.09345268 78.06253971 -24.59101138
0.03810000 34.17333771 81.01105021 -25.14363407
0.34171216 33.23240731 78.20754814 -37.52703206
-0.56790000 16.42505223 83.14527785 -16.92206429
0.29360000 8.99813740 87.09239676 -26.81963257
-0.24587393 37.19532510 83.37285816 -27.77189138
-0.65460000 8.74513344 86.02493383 -33.16317396
0.59730000 34.38849752 96.64753694 -29.57914124
0.58960000 26.80573702 101.51803531 -36.41003035
0.27190000 16.86515294 101.21857133 -32.73898956
-0.27370000 19.53123122 101.87701091 -29.98842789
0.14260000 17.06897440 93.40521557 -15.07555799
0.01870000 8.24257442 81.91935506 -29.83244062
-0.05180000 23.35840235 82.10821885 -37.07531911
-0.24380000 25.83711694 97.67490478 -12.06816374
-0.12560000 36.23076743 80.11700672 -30.88569302
0.11350000 38.04608894 81.83900313 -20.86654255
-0.00240000 28.52818731 102.91024271 -26.17664490
-0.03430000 29.62211839 101.89686305 -26.57662529
0.27190000 26.53883051 98.52145209 -15.02043719
0.06210000 36.98610659 78.96908244 -20.78025210
-0.16380000 14.37161590 75.41801906 -25.50421393
0.09220000 14.71057710 87.64496925 -17.22726620
0.59730000 29.42231295 98.26310902 -14.12267873
0.08230000 32.29186753 77.52370671 -25.01013889
0.59730000 30.31569402 77.15161646 -33.84856644
0.34171216 32.71790943 78.69115282 -39.02951041
0.27190000 12.57393340 84.46121033 -20.53796477
0.01030000 36.41246224 93.84452649 -31.48837252
0.71300000 26.28108147 74.19803623 -14.04967239
-0.01220000 26.12927271 105.00061881 -22.01400674
-0.11020000 14.74513901 74.34801511 -29.87557373
-0.00140000 25.77691830 101.84689811 -16.33900593
0.06980000 35.69643144 97.94423974 -13.93974864
0.27190000 25.06785842 104.62468798 -26.03915650
0.03970000 8.48610855 89.15422746 -26.79857449
0.08760000 26.57651933 101.13506904 -16.13398227
-0.38540000 18.38084764 97.93231097 -39.11279048
0.40194049 33.86502367 93.96231125 -10.53986725
0.59900125 10.93879855 86.36384985 -22.25072664
0.32260000 25.02393318 76.79834330 -30.90677779
0.27470000 9.83841408 86.91557968 -23.83582217
0.29850000 12.35295381 100.17537316 -23.67441604
-0.56790000 23.71433922 101.53474988 -33.92789120
-0.41570000 13.20893028 83.81297988 -20.09447721
0.59730000 10.64904952 98.26939105 -23.45214047
0.08800000 12.31564946 78.83011762 -22.37307346
0.59730000 37.69452432 99.12374281 -18.57578553
-0.41570000 15.17205023 85.67106947 -17.79367712
0.14300000 18.60820662 103.06938790 -25.96199031
-0.05180000 15.22873543 86.77202839 -16.83029486
-0.34790000 10.09327400 86.12498673 -23.26126431
-0.61723497 35.78797786 94.64471695 -34.49413952
-0.02660000 27.51114529 101.85575562 -35.08501056
-0.51630000 14.61338049 97.30126592 -18.59458022
-0.02520000 19.75718599 79.32491882 -37.42998881
-0.02660000 9.34822278 96.81741366 -24.99945857
0.10480000 38.01972414 98.87452259 -20.67058369
0.13030000 33.23850561 98.05948707 -27.81568894
0.01880000 10.11478834 78.02979033 -25.78008118
-0.10720000 36.90706761 79.87347165 -33.21415154
0.12970000 37.30450602 80.30303536 -34.12185122
0.16560000 30.27486598 101.29312562 -19.49338186
0.03520000 12.71739049 81.31788476 -37.63008365
0.06030000 16.51845151 84.14345698 -13.90583630
0.03370000 31.68158091 98.16488995 -13.08733211
-0.04300000 7.86744378 81.95546051 -27.72208417
-0.56790000 28.15517643 73.60639515 -18.54410685
0.73410000 26.51299070 78.61979951 -37.70186250
0.41960000 25.73216232 75.04838706 -12.30619074
0.06980000 20.66696474 79.92146789 -37.49729451
0.58960000 19.32463506 74.60070457 -25.80163379
-0.05180000 32.92815191 75.76661104 -21.35223529
0.27190000 15.77444367 84.88350662 -17.60139760
0.29360000 33.68786644 79.01902600 -25.71474111
-0.18250000 31.51628249 97.08910303 -12.00364633
-0.24000000 16.52562114 94.28267044 -15.42618790
0.73410000 23.13332861 104.61740306 -26.61254406
0.01180000 17.68918336 102.91515769 -22.67562262
0.03970000 21.73569511 85.22128379 -38.74096853
0.02360000 8.04354482 81.32461522 -26.85080787
0.04400000 19.69784070 103.01487136 -27.89244358
-0.58940000 24.81433304 99.71890431 -14.84108443
0.04020000 9.03535036 79.82485744 -25.22885234
0.01180000 16.99327168 76.37833727 -35.28118566
-0.03890000 10.15989318 99.01531925 -29.48088720
-0.41570000 16.84738022 99.64573791 -18.03261859
0.07910000 11.54407229 100.38050528 -25.67752790
0.41906858 35.45650635 96.71383559 -33.46180975
-0.41570000 14.14900165 78.35368823 -36.72123543
-0.59310000 33.04013886 77.28252724 -35.79995291
0.06030000 30.51084811 97.13526104 -11.58523082
-0.17040000 19.40910076 76.39089640 -34.93759143
0.27190000 21.59180433 82.69462048 -38.11132887
0.06980000 19.35116301 97.30921197 -15.57703076
-0.12560000 29.85107444 75.93623126 -28.63648720
0.08820000 32.65003952 99.36818001 -26.18803362
0.04400000 21.19745479 103.12933146 -28.80254134
0.01890000 20.07060842 76.07615319 -21.36123969
0.04570000 34.73513934 76.88584650 -21.59704514
0.06410000 9.10466529 96.11864530 -24.19914424
0.03270000 21.04847552 98.76032607 -14.90911817
0.06980000 32.47622222 100.25612503 -32.05001991
-0.34790000 17.40239211 95.46872055 -15.36317542
-0.24000000 35.53360590 94.53110157 -28.87433471
-0.41570000 33.49141145 98.92188332 -30.15461315
0.34000000 38.13448886 92.49614517 -33.31775712
-0.56790000 29.95994277 76.80891950 -34.98124888
-0.12560000 18.15431316 103.45078375 -23.89040211
-0.01430000 38.15813586 80.76398839 -21.00757870
0.35310000 34.98715744 75.95832466 -19.70261909
0.27190000 16.33463981 100.16279305 -18.73251622
-0.56790000 16.16045296 78.63026479 -37.69101599
0.15727124 37.07675370 82.31627959 -27.58220294
-0.56628249 11.26709799 85.48870752 -21.44695946
-0.12560000 29.35851128 75.14235122 -26.39383637
0.01920000 19.39792080 75.77700801 -22.69739033
-0.41210000 23.15526258 79.23115529 -35.17779238
-0.91910000 25.49148705 74.37852913 -13.02275130
0.35310000 17.64200059 79.84173429 -18.42738764
0.05600000 22.44469404 85.56043663 -40.07101102
0.06420000 24.16652779 74.76562925 -26.85778163
-0.41570000 11.56726630 80.94085121 -21.25955728
0.12970000 15.07820864 102.40235986 -26.51705781
0.09690000 11.10842819 82.99043581 -21.16667648
0.01430000 19.93591215 76.77834768 -15.66459909
0.02130000 19.38669071 76.63322285 -20.72090444
0.03970000 12.27464516 100.04702293 -35.39027208
0.34000000 37.14529728 93.71028233 -33.83501346
0.34000000 17.81730257 97.53650002 -39.85160565
-0.24000000 25.63824420 79.42376205 -38.67784758
-0.10720000 14.97540708 102.32687082 -27.58950109
0.13030000 23.45328715 101.27695869 -37.56994306
-0.00940000 26.43863529 79.80919488 -39.93941892
-0.00070000 21.96088751 99.27839154 -14.61380546
-0.25480000 9.69637087 98.11329410 -24.40133976
0.27470000 17.11190703 96.27151063 -15.90285490
0.06420000 31.76208078 100.00440452 -36.60926766
0.03910000 18.33810033 75.57271035 -22.54526401
0.27190000 17.47567396 74.33100193 -25.03093754
-0.41570000 22.47625315 83.05391860 -37.78153931
-0.31190000 12.02369176 76.42796175 -33.20977764
0.06420000 25.52458346 97.76235771 -11.02759936
-0.41570000 25.58665745 102.03659531 -36.57257858
0.06980000 20.04295222 96.96052668 -13.98640425
0.16560000 15.81522233 76.56530484 -21.56501338
0.59730000 18.48642856 95.62718165 -14.59332212
0.04570000 14.92919119 73.76983183 -28.97007395
-0.56790000 19.65501606 101.22923062 -16.31920191
0.10070000 10.07986939 98.92864387 -28.39728929
-0.56790000 14.80895133 101.22327157 -34.89661757
0.21170000 12.88442832 80.24403538 -37.71402879
0.59730000 23.75968893 80.90496361 -37.94418624
-0.56790000 12.95866068 98.02992895 -19.93590261
0.59730000 32.51512990 76.18498967 -22.77328667
0.06980000 8.24722361 90.76562663 -22.93443953
0.07910000 31.41060601 74.01597186 -14.20922553
0.03620000 37.14433403 93.15804834 -29.25137562
0.06210000 25.26187925 82.08858990 -40.88136637
-0.24587393 38.43291912 85.45095543 -27.43584362
-0.55790000 24.16842718 75.93575898 -30.29216807
-0.01730000 11.64437488 98.71248601 -36.95564787
0.53660000 16.20559282 98.70048223 -17.34549439
-0.17040000 29.51895682 101.44008190 -30.38295237
0.03910000 16.58259515 74.26791818 -32.93517804
-0.03890000 37.68477098 97.54572869 -24.73147801
0.01430000 26.62785603 73.01782626 -16.34133711
-0.02520000 21.54612552 101.20045651 -32.94056703
0.00430000 39.22366422 96.34263002 -23.83086418
0.71300000 21.52656966 75.41667248 -14.17902964
0.06030000 28.48604815 100.06511246 -15.93586062
0.13300000 17.75536635 93.29887114 -12.04385681
-0.17040000 16.08823114 102.53731902 -28.42307514
-0.80140000 36.15419856 82.81082243 -24.22764771
-0.20410000 32.83948969 76.89383447 -33.43261686
0.10000000 23.70833865 78.58296327 -34.49804682
0.10070000 37.67810729 98.31712045 -23.96140647
0.34120000 12.59676671 75.08911629 -26.59407924
0.07970000 24.78295077 73.40230246 -15.32044241
-0.12560000 17.40289451 92.27950676 -11.98854189
-0.03030000 17.15321007 82.49008583 -39.69608266
0.11050000 20.85278521 84.61901304 -38.95507487
-0.05970000 34.10041919 98.08187523 -29.10707327
-0.41570000 24.38678670 105.07542301 -26.63336419
0.07970000 20.32545835 77.04728121 -13.54180943
-0.00240000 33.84884493 78.00464367 -29.46906497
0.59730000 31.21125734 74.12880706 -20.74485172
-0.41210000 18.33355719 78.65672519 -19.10030612
-0.17040000 13.72523739 102.01884302 -28.15474065
0.01030000 34.47973849 97.47059185 -36.70476594
0.10000000 17.68502056 78.23813381 -19.86990447
0.08690000 25.34836765 101.39884087 -38.56659103
0.06980000 21.62927608 101.38686224 -31.86984871
0.27190000 10.22101245 79.24900625 -34.12370086
0.59730000 15.27035050 77.88764030 -37.28215422
0.11120000 10.82380635 76.26622504 -31.11867868
-0.03610000 36.03030002 76.26881807 -19.76218006
0.27470000 35.77430582 96.50576572 -28.13920857
0.14300000 17.05067076 102.76482614 -27.98908156
0.03910000 30.48417901 101.59749343 -33.77980617
-0.11020000 34.44972555 75.93413569 -21.14884177
0.07910000 29.84299843 73.37385256 -14.74493689
0.02950000 17.61863050 103.14529528 -20.56750447
-0.19060000 26.39786737 77.42305615 -32.83341796
0.00180000 20.11249116 103.19462821 -28.88433638
0.06420000 25.66224513 98.62252212 -12.57761508
-0.20410000 25.81127817 73.15877801 -15.05335057
0.07970000 39.81942930 97.80863263 -19.12631810
0.06980000 27.89023800 76.93106774 -36.26562295
0.05600000 9.33146470 94.61014554 -20.63448889
0.02950000 26.80429107 103.49305481 -17.26327091
-0.34790000 35.30806590 95.98558662 -28.86868865
0.59730000 12.79136046 82.55840724 -19.92516842
-0.58190000 16.76664007 98.04216940 -16.46475017
0.01870000 23.00456975 101.70412469 -36.67312505
0.16990000 28.90244094 102.71019943 -17.97770054
0.03270000 22.56906066 98.57481608 -14.04529356
0.03620000 33.79880811 99.33038514 -35.36453306
0.14300000 12.86423821 101.86255487 -27.52176669
0.01430000 38.52926736 99.36696032 -19.84234949
-0.56790000 11.31412397 77.07254318 -23.89038343
0.06420000 9.27601670 81.34469349 -34.55341088
0.30637501 38.26176055 84.07634426 -27.16973613
-0.08750000 11.05365258 99.68814041 -22.99256466
0.27190000 13.46201376 77.68755390 -36.39811002
-0.01220000 17.74878322 83.37221366 -39.93112393
0.01180000 35.89417969 78.74959442 -30.83865719
0.16990000 26.74550971 77.21786063 -33.83513584
0.59730000 18.49783717 100.93008643 -16.61718478
0.01920000 29.84886235 101.95429841 -34.59046186
0.02950000 14.89925999 75.96456176 -35.29252756
-0.41570000 16.35960898 81.09350249 -15.98890856
0.03620000 27.14815329 79.00637102 -40.13981614
0.06420000 38.61847697 95.26045743 -26.00888705
-0.56790000 30.54009778 103.15517247 -22.47463147
-0.51630000 28.87265708 104.57694068 -22.01623009
-0.56790000 38.05892428 99.57837630 -17.48822269
-0.32040000 33.11384940 99.44979626 -27.17104864
-0.04620000 8.81379472 78.77391830 -25.41469985
0.06030000 16.46562894 82.46332461 -13.32808195
0.06840000 31.37805904 101.32741523 -16.58347577
0.34000000 18.56583050 98.89705550 -39.34764565
0.03910000 19.88685801 74.91763196 -23.15620712
0.27190000 20.48727882 75.31986189 -17.11801377
0.01180000 30.19586645 75.13924678 -27.52633087
-0.41570000 34.06858038 98.75044942 -12.85948146
-0.05360000 31.96084410 101.03989698 -15.70837903
-0.12560000 15.94742217 102.44114259 -29.82023731
0.10480000 27.66297339 72.82254855 -16.06115961
-0.03430000 14.52991239 102.10252350 -31.90200033
-0.12560000 18.27109224 75.86170814 -35.57107329
0.09780000 33.51419701 77.43016881 -30.33283023
-0.01220000 35.89066686 80.46399858 -26.34373722
0.01030000 7.65287842 83.17685734 -24.90736957
-0.58190000 9.35629969 77.23289295 -28.35800691
-0.56790000 33.56418788 77.74997184 -27.09473283
0.11350000 38.97811599 80.43804388 -20.36766072
-0.20410000 20.24495244 76.22857717 -14.25689092
0.27190000 11.86977945 99.13976927 -21.09279935
0.13300000 30.48192803 75.94280127 -29.51306003
-0.08750000 11.42080764 82.19106541 -20.49471980
-0.12560000 29.78451038 101.98728692 -29.11312478
-0.56790000 28.91870201 98.84014949 -13.15971126
0.27190000 25.20586765 102.58304519 -35.81330647
0.10480000 19.01981963 77.36495078 -15.59552165
0.02130000 33.55353972 100.53242468 -24.35868455
0.01430000 31.42285924 76.38878095 -33.08788734
0.10480000 31.26414577 76.62378533 -32.03542193
-0.01730000 22.88338574 84.64310601 -40.46363700
0.02950000 30.59375425 102.38915569 -26.53573442
-0.04250000 21.05223445 87.04168680 -40.76607496
0.20620000 14.46336178 74.48620693 -24.96596770
-0.38540000 38.10651203 93.42528606 -33.71274153
-0.80140000 14.78191247 82.06193498 -39.62768995
-0.41570000 32.47973100 74.39788063 -21.06508814
0.06030000 32.23538968 97.25064266 -11.20059591
0.07910000 13.49554723 102.00148520 -23.91027476
0.09220000 14.35264141 73.93352293 -31.94505160
-0.03030000 35.66623305 80.69070603 -25.30146383
-0.17040000 36.56253506 78.51049397 -33.17239962
0.00430000 10.75384075 90.80536317 -18.16036367
0.10000000 14.63161129 89.12826793 -15.17955489
-0.56790000 18.06756243 73.14532500 -28.19237004
-0.03610000 15.73989814 87.27722106 -14.05503143
0.36540000 11.32805634 89.91644188 -17.89922031
-0.05970000 24.80900720 101.98802026 -37.82493152
-0.12560000 13.58897016 101.92929729 -29.55126486
0.27190000 16.64113104 80.53124730 -15.19852060
0.71300000 33.31587129 76.57129814 -34.84103167
-0.02520000 35.51454010 98.64091852 -13.12142456
0.14300000 29.78337119 101.99367774 -31.27178174
0.08820000 32.50193783 100.10751509 -27.78835752
0.09780000 28.75915205 103.86471538 -26.64965375
-0.04250000 10.24138150 93.95761627 -18.78478093
0.13300000 16.80403290 102.58677582 -30.46164760
0.13300000 18.41209916 104.49789540 -23.94957927
0.01180000 14.69584811 102.15067887 -30.39220652
0.10000000 18.55584974 77.88826903 -18.35992726
0.02950000 18.41735368 104.47630899 -21.38907083
0.13300000 29.61104647 74.53346220 -25.53833692
-0.56790000 36.60056045 97.68634333 -26.88395562
0.14300000 20.38363570 75.98289164 -35.16167490
0.01870000 37.09509034 94.48927757 -30.93482445
-0.03430000 17.56735537 103.79590148 -21.44053372
0.29850000 31.45734519 73.06898581 -16.15810367
0.02530000 8.36986342 97.19384914 -26.89937273
-0.58190000 36.43412481 101.09515120 -20.38724498
0.06030000 24.24635945 102.63434625 -30.68949242
-0.56790000 13.45348138 81.69666703 -19.34463981
0.10000000 33.94257569 74.27331074 -18.82117235
-0.02520000 19.11379678 97.02043576 -14.55313316
-0.31920000 30.91781932 73.19341321 -14.72754827
-0.23410000 25.50740991 76.52555100 -32.20680394
0.11050000 12.79972324 100.66888030 -36.11531512
-0.58190000 20.53442223 101.45539932 -35.57754312
-0.00940000 36.93571543 94.21353748 -29.42608054
-0.67610000 7.98402274 98.04003061 -29.62865080
0.02530000 34.59422038 101.46926802 -22.07675226
0.03810000 14.73031430 98.46218381 -17.70687117
0.41960000 24.66347450 73.80330666 -12.96258330
-0.58940000 22.25069616 105.11557828 -27.30365487
-0.01730000 9.48822326 95.67250745 -20.44763607
0.27190000 11.63971087 80.08397814 -20.72981836
-0.17040000 16.47278375 89.63232636 -11.83856092
0.27190000 24.71448888 104.22143169 -28.88370357
0.29850000 20.75479787 73.66851013 -30.16736046
0.41020000 12.84329192 90.15225982 -16.74693503
0.59730000 9.43842045 78.16555116 -32.59919319
0.79940000 36.60035745 81.79294042 -24.79933193
0.08230000 31.47384645 99.13753391 -12.64133754
-0.32040000 7.41724266 80.01367030 -29.31480562
0.42750000 13.96710578 80.71614743 -39.22828223
0.79940000 15.71345271 82.69117828 -40.17656735
0.02130000 20.41096699 75.16753983 -20.86457257
0.03520000 11.92521670 79.73489317 -37.62029063
-0.41570000 9.77156916 76.67745365 -26.22315726
0.13300000 12.62302309 101.70346192 -29.97828279
-0.41570000 19.70299849 75.65188243 -16.57508676
-0.31920000 12.55273375 101.68059663 -23.46729228
0.04020000 8.12265852 78.73096411 -26.25647520
0.08820000 21.51078903 100.98832188 -38.49787221
-0.03430000 15.75618094 75.79243595 -35.94380305
0.02950000 35.73518132 78.71076717 -28.70760443
0.34000000 22.81931139 104.76480130 -17.36000961
-0.05180000 14.41606131 73.36367245 -31.01804173
0.03910000 30.42974930 102.07338644 -35.50505959
-0.00940000 8.08782705 84.72914867 -23.46958729
0.08820000 7.71522097 79.53077877 -30.24546362
0.36540000 39.10140533 96.93725375 -24.73616855
0.06840000 32.95575581 101.48141469 -15.76592663
-0.12560000 36.06395541 77.94800907 -31.98350330
-0.02520000 32.93139896 100.97277116 -31.36640270
-0.00700000 8.09527161 97.05939118 -25.85313133
0.08820000 22.86555339 101.05203413 -39.65140616
-0.03430000 35.37697222 78.12699182 -29.55553930
0.10000000 24.69689490 73.90134013 -22.38966799
0.04570000 14.88496219 85.30334189 -15.30787568
0.27190000 17.86831033 72.82837672 -30.46629992
-0.04250000 9.05165093 92.83322266 -19.43584953
-0.01730000 8.37109721 94.50398249 -21.13899292
0.01360000 21.53549777 86.14679132 -41.15814659
0.01030000 36.85032461 95.52918787 -31.15110284
0.10000000 23.43708583 78.96804641 -36.19732536
-0.41570000 26.31898420 77.30188200 -37.62173827
-0.41210000 34.96587280 74.59419998 -19.01608728
-0.02970000 21.56497828 73.75995234 -29.44393423
-0.32040000 22.45956491 101.47163475 -38.73096643
0.59730000 33.45452930 77.22842277 -28.20645998
0.08820000 7.46610136 79.28541388 -28.50526541
0.07970000 33.53965641 76.46090671 -32.71816601
0.34000000 38.48934367 93.36174568 -34.64521644
-0.01220000 17.56429166 81.65620498 -40.26507786
0.42750000 26.90805044 104.90346209 -27.44686009
0.34000000 36.15102785 96.36245948 -36.19475386
0.06210000 38.81984538 93.19396908 -31.09139027
0.14300000 16.11650117 88.61396096 -11.78962361
-0.20410000 39.92395688 98.73615391 -19.68923750
0.59730000 30.17092038 104.25084232 -22.04951541
0.10000000 35.50998026 74.66695097 -18.07441150
0.59730000 33.75277696 100.22348864 -30.31985740
0.01360000 9.26801595 93.88865667 -19.27048161
0.27190000 29.48548846 72.50642009 -19.06045679
0.34000000 38.14508413 81.12975565 -23.07550804
0.08800000 14.34344128 99.35241507 -18.20277267
0.06980000 32.13420493 101.49377422 -30.83617967
0.02950000 13.50965407 102.40310270 -32.14037863
-0.55790000 13.66237860 77.53074808 -20.44129804
0.01030000 7.91451012 82.57964904 -23.25887030
0.59730000 37.32320353 98.24540881 -26.05320928
-0.41570000 11.18879664 99.75028605 -21.52132769
0.15727124 39.25316061 85.97482877 -26.96769822
0.27190000 11.54245808 101.47588291 -33.47254438
-0.65460000 13.42809600 79.95867462 -38.98883442
-0.38540000 38.51339179 80.46141834 -22.41385725
-0.41570000 9.41157579 78.73549488 -33.80554738
0.03910000 9.22393254 99.62899125 -25.76584619
0.14300000 36.69777917 77.89122448 -34.04682246
0.59730000 19.25302300 72.81884979 -28.29842358
-0.41570000 9.65383231 100.33354368 -29.91325817
-0.01220000 35.88952151 79.79695627 -24.71883698
0.01870000 7.46247822 83.37428105 -23.85244229
0.59730000 25.57628559 102.75533211 -15.10850360
0.29360000 28.61623937 105.48937373 -21.66720828
-0.11020000 14.50935536 86.29766393 -15.54942042
0.14260000 24.82598823 78.76755146 -38.99046180
-0.04790000 24.71522826 81.23573362 -41.28374626
0.53660000 9.31135936 76.40240936 -27.44624978
0.01870000 34.79246076 98.46419715 -37.02578586
0.03620000 7.60959246 85.51675526 -24.05188356
-0.23410000 15.60580926 76.14265591 -20.59346149
0.09690000 29.70068954 72.19830026 -17.01300891
0.39920000 24.10192695 75.11245947 -30.78140778
0.02950000 15.19053710 102.83996795 -32.35790595
0.27190000 9.53348624 100.48201847 -30.90500921
0.59730000 19.90069356 78.10465902 -38.33910971
0.01030000 34.03909570 98.82795669 -37.72451378
0.06980000 35.98642304 98.22741807 -12.23010898
0.12970000 28.34279694 75.64423399 -31.71669026
0.09780000 32.58430327 75.63814349 -26.33576207
-0.06600000 6.40072631 82.39136862 -27.72356787
0.01030000 13.90254187 93.26047756 -15.47890050
-0.02970000 32.52358306 72.85041480 -16.09924887
0.08820000 34.10378009 99.88951259 -27.04945183
0.02130000 35.32072177 100.84243604 -24.29635859
0.01870000 25.62165185 79.99323234 -41.23424241
0.05600000 6.94298911 89.04282909 -26.91651862
0.01710000 28.66937070 72.95805172 -21.16925471
-0.57480000 17.97606170 102.84012226 -33.22181147
0.53660000 10.89620321 100.73341642 -35.21135084
0.02360000 31.42496856 76.07866930 -37.82157226
-0.02520000 27.09324911 76.38463311 -36.76991996
-0.00700000 27.96709448 103.32023500 -35.06554303
-0.00940000 34.80092258 99.38380826 -35.78998822
0.02850000 21.03911386 101.20899745 -14.30903694
0.34000000 38.19609829 79.54184720 -22.68555410
0.06030000 24.83204843 103.21561716 -32.26381239
0.11470000 9.08718785 79.33785770 -22.58509986
0.02530000 21.30218442 73.48980756 -24.61460782
0.07910000 22.14882992 74.13627110 -31.75438805
-0.41570000 21.04199515 102.40167731 -33.60312918
0.01920000 8.78165882 99.13271035 -24.90201729
0.09690000 10.27545708 100.39059424 -23.29100660
0.03620000 37.67029705 94.79757701 -28.87165374
0.03620000 35.46653897 98.98018841 -35.02700389
0.08690000 35.06559891 98.51370011 -28.84239315
0.01920000 16.40180050 73.25469747 -33.29405981
0.01890000 34.32828413 101.28820107 -24.22956194
-0.67610000 11.89360157 90.10460505 -16.61492415
-0.00940000 15.33383791 94.54136843 -14.47952991
-0.02660000 19.57357239 73.08892759 -25.87260679
-0.56790000 32.59040945 75.37824770 -23.70911942
-0.24380000 39.37750504 96.04002884 -25.94373572
-0.91910000 21.46218826 74.24148129 -13.61172865
-0.58190000 21.21956899 73.66676173 -18.31645926
0.02530000 7.37895058 96.24381442 -25.75403972
0.03910000 26.99790406 100.63168924 -14.07190670
0.06030000 25.87707583 103.32242902 -30.84311119
0.27190000 33.76742109 99.24663690 -12.03291886
0.53660000 20.50207413 102.42688596 -34.82650444
0.01030000 24.84933208 105.71849771 -17.88506792
0.03520000 29.96080392 73.95467472 -23.09364075
0.06420000 9.78910449 88.61432966 -18.68355480
0.03900000 21.50765523 100.43297167 -13.70376768
0.04570000 15.71006767 78.90971717 -18.51020137
0.02530000 33.10969408 102.22361526 -22.73565951
-0.56790000 22.90267676 80.20709412 -38.48678647
0.41960000 22.30336350 73.68589774 -13.54961984
-0.04790000 38.54734251 94.21242442 -31.36814235
0.80540000 22.30042951 86.51376438 -42.44457154
0.06210000 23.82648994 81.07463141 -40.67359154
-0.11020000 16.34744666 79.35839673 -17.74827281
0.01860000 25.76276689 73.23890682 -26.52143225
0.01860000 6.23537875 83.11656541 -26.92679340
-0.00700000 34.16872371 102.03157753 -22.90793093
-0.00240000 15.43245714 76.35533284 -37.33859911
-0.41570000 30.42236678 72.27397918 -19.35766737
0.04570000 34.97352459 75.15654863 -21.70480273
-0.56790000 25.22822316 71.95942610 -18.00791835
0.07910000 12.58661218 101.91401548 -22.40311856
0.01860000 6.15610083 82.85998108 -28.67680488
0.59730000 26.12127644 71.81473087 -17.16535823
-0.01730000 22.63560340 72.79107251 -15.96885648
0.01030000 26.33640914 80.06839874 -42.05373780
-0.01730000 6.67729931 89.01056772 -27.97314950
0.07970000 25.80833463 72.19916355 -14.53640611
0.41020000 7.80596285 98.98141855 -29.56794774
0.02130000 28.94268487 103.27496363 -33.14651508
0.09220000 15.19707660 81.17560912 -17.73138698
0.71300000 40.59824074 98.38099898 -20.99832620
0.10000000 23.57783274 73.21469280 -23.58502339
-0.05180000 15.52438989 80.43174444 -17.00500494
0.07910000 20.65768653 73.35509778 -32.31166898
0.01890000 29.22337131 103.29006412 -34.19964721
0.13300000 30.24192972 102.96225066 -29.03179789
-0.24380000 8.34261658 81.19402606 -35.09577976
0.02360000 35.36094669 101.66914926 -15.74433193
-0.56790000 24.60768259 103.52114461 -15.08379294
0.34000000 12.04907348 75.81026929 -22.73004820
-0.00310000 30.75880884 72.65845298 -20.72525328
0.27190000 9.81435897 75.93899107 -25.53544891
-0.08750000 19.82063523 72.52575965 -29.69774806
-0.18250000 24.84593876 103.39543713 -31.18883786
-0.81880000 21.71576719 106.36040592 -19.36700980
0.35310000 14.68110735 87.17024426 -14.29086547
-0.01730000 6.50153522 89.94390596 -26.49074928
0.27190000 33.12182133 73.63119370 -21.20656461
-0.31920000 21.40926059 73.36991793 -31.52235483
0.59730000 36.24640406 99.94595491 -13.45567789
-0.17040000 16.07694078 92.02101957 -11.59450807
-0.08750000 30.76073509 71.94852650 -16.96810627
-0.41570000 10.73756120 101.43221858 -34.08109720
-0.25480000 20.03427016 72.71278984 -27.20675834
-0.01220000 36.01161567 98.98926966 -31.79311787
-0.41210000 14.06087197 88.55623217 -14.44802951
-0.41570000 33.04415551 75.96806139 -28.35771573
0.01030000 14.69482017 92.51432448 -14.07951203
-0.41570000 18.70945609 72.29719416 -30.64070701
0.02130000 18.46517912 73.33749473 -33.91921819
-0.41570000 38.64103513 100.79826988 -20.15096990
0.07910000 11.73562959 102.23822986 -23.92498843
-0.59310000 40.20164416 98.79639100 -22.07980678
0.13300000 18.38371914 75.05791452 -36.28355621
-0.58595928 39.10895800 83.45235451 -26.31094135
-0.24380000 10.36995602 88.73210522 -17.76876522
0.37912245 38.67198760 82.75928967 -25.81060920
0.39920000 13.00187040 77.87733858 -19.83696940
-0.56790000 18.92246738 77.43659765 -38.67175680
0.34000000 21.63779088 104.58955000 -16.22778650
-0.04250000 6.71994307 86.89940052 -26.68052425
0.07970000 19.41023324 75.60373932 -13.93920823
0.27190000 29.42139481 75.35647112 -36.44035090
0.14260000 27.17544715 105.81425516 -18.67138893
-0.81880000 23.29861768 85.85853751 -42.83158443
0.03620000 7.88631853 84.91947478 -22.41541877
0.53660000 37.57608808 101.56621353 -20.40951068
0.10000000 26.11053469 72.31724743 -20.95352950
0.02950000 15.87308265 74.71143219 -36.02038361
0.04570000 16.60782980 78.57370853 -17.03794466
0.13300000 35.82547203 76.89539962 -31.94425423
0.10000000 25.32643352 73.10883526 -23.84948988
0.01860000 27.48133795 72.98193138 -26.16898161
0.08820000 6.38697511 80.34540589 -29.44364046
-0.01430000 38.82227185 94.41405341 -32.86736831
0.32260000 14.48187342 76.60274240 -19.87721129
-0.41210000 24.54175713 73.08350296 -23.09335459
-0.41570000 24.52779594 105.02864865 -29.46132537
-0.56790000 37.37286372 99.88110001 -13.94633251
0.01870000 14.26270165 93.43758067 -14.46548088
0.03910000 15.45957074 73.20737783 -33.84001226
-0.02490000 24.77465053 106.29815747 -27.35753633
-0.38540000 22.22034597 105.25707466 -16.71269704
-0.56790000 8.48651098 77.50839951 -32.17472435
0.03620000 14.85698713 95.47611680 -14.77441829
0.06870000 23.38065666 101.47396990 -13.49377055
0.59730000 15.48837155 72.24966985 -31.17961383
-0.02660000 8.12918692 78.21902812 -24.19399506
-0.58940000 33.06031873 101.65443928 -35.31077056
0.16560000 25.19475371 75.62935894 -32.72205699
-0.41570000 17.45045582 101.40812833 -15.93102090
0.03520000 26.31905134 106.63139104 -25.91165089
0.06420000 10.93181701 87.81805003 -17.57663104
0.06980000 26.44309466 75.97209799 -35.99841987
0.06420000 8.25235075 81.95923390 -35.86675918
0.59730000 31.28906262 71.93624347 -18.40558723
0.02530000 28.23746333 103.63758758 -36.07266213
0.07910000 31.11776467 72.27918314 -14.16870604
0.06410000 18.65341912 72.54964090 -25.64768896
-0.67610000 9.47442503 79.68030171 -36.52190168
-0.27370000 31.13622340 101.59099091 -14.19047508
-0.80140000 15.53383772 83.42419914 -41.17792136
-0.81880000 21.90568671 87.50221228 -43.10938238
-0.80140000 37.83080025 81.58363572 -24.87964814
-0.80140000 37.23409406 97.29805064 -33.62563482
0.02530000 27.20493565 103.97870009 -34.64884381
0.04570000 23.53638515 72.57588341 -20.66937463
-0.03430000 31.45815000 74.28515423 -27.53824761
-0.41570000 13.08666914 72.78068659 -30.78673074
0.27190000 25.56924756 76.90896510 -38.17275318
-0.25480000 16.37835512 72.29358984 -32.19641652
-0.10720000 15.60914936 90.69696581 -11.52585919
0.03420000 19.71681695 104.61132626 -29.32820759
0.41020000 40.04330863 98.36284432 -23.86166872
0.27190000 22.15348020 105.22413942 -29.44944371
0.29360000 21.88315296 78.43398860 -38.47883515
0.27190000 17.56058175 98.46561531 -14.59554357
0.11050000 20.36709990 106.89049984 -21.66354133
0.06420000 7.50750046 81.29556179 -34.40269141
-0.00240000 32.75460102 75.05822149 -27.24283921
-0.91910000 34.09274424 75.52517919 -34.99513530
0.04570000 13.44617771 86.19976217 -15.76889504
0.06420000 40.35667109 95.57563167 -25.82682098
0.14300000 28.06342855 75.21406175 -34.15608976
0.27190000 17.19090870 76.62326144 -38.49538655
0.03910000 22.08759411 73.02499896 -27.27153496
-0.01220000 14.15351524 97.21538890 -16.05528555
-0.58190000 9.74995027 101.34301974 -27.92457037
-0.04250000 20.76034555 85.41959791 -41.39986941
0.01860000 34.97157694 102.81228010 -17.78750045
-0.65460000 27.17082015 105.81671110 -27.58302829
-0.91910000 41.61788292 97.56049258 -20.92092875
-0.00360000 29.51583336 72.43035861 -21.60873136
0.27190000 12.73230823 72.72285383 -29.84270218
0.41020000 11.67116644 75.77074446 -35.39226452
0.16990000 17.29559617 74.79374370 -20.59839812
0.07910000 10.59027144 97.75492067 -18.76046280
-0.80140000 11.06450109 74.03184210 -26.64148914
-0.01220000 9.87779911 74.63034672 -29.42959154
0.02410000 19.99410264 105.32555630 -28.55290893
0.06420000 11.39763129 77.53631749 -37.09889412
-0.41570000 18.22920511 98.04045606 -13.96921527
0.07970000 40.57978436 99.39516833 -19.12030007
0.12920000 8.39180585 78.57410416 -22.90057516
0.41960000 41.92452506 97.22144389 -20.02030808
-0.04250000 6.60956835 87.79991914 -25.17316219
0.34000000 21.60450298 105.80627291 -17.29513186
0.03620000 15.71471992 94.66780144 -13.46609781
-0.56790000 19.54519086 106.63635904 -24.26332413
0.34000000 39.51594412 80.45411128 -22.53609105
0.41020000 9.42588614 80.33110974 -37.22595927
-0.38540000 37.12190738 96.63805527 -36.23399301
-0.41570000 31.35950866 74.92293537 -33.22652339
0.01890000 7.52730732 98.37284215 -25.32241859
0.01860000 5.75970877 81.52655689 -27.55240507
0.01860000 33.71617422 76.15198376 -38.78511549
0.34000000 37.41235727 96.70394422 -35.26889849
0.10000000 35.46349096 73.85777643 -19.64708370
-0.58190000 10.00959627 100.63367685 -36.06257815
0.02950000 35.80854389 77.13015205 -29.46522196
0.08820000 29.58235562 76.05858853 -39.62858316
0.14300000 28.40815593 73.75124091 -30.12430104
0.06980000 22.19648083 107.20610644 -25.55470473
0.06420000 39.37391975 96.62853235 -26.86120570
0.10000000 14.44000090 85.50298563 -12.94034432
0.08820000 22.24716304 102.53020797 -38.88066016
-0.03030000 13.86419076 98.18225344 -16.46706743
-0.41570000 33.71279884 101.93857334 -32.14387266
0.29850000 10.35370022 82.07623969 -19.38909524
-0.67610000 40.08686613 97.94620807 -24.72545717
0.27190000 16.52402951 101.11276968 -16.20415368
-0.51630000 21.13972993 77.79183676 -38.71349859
0.03910000 8.51202699 99.86147862 -24.13762507
0.07910000 8.66643856 82.47095365 -20.68748679
0.03910000 28.31934922 101.79127127 -14.37320381
0.27190000 21.06508143 103.27180511 -33.09083617
0.27190000 10.11907202 77.15696826 -35.38744553
0.02410000 18.63226448 104.64584581 -29.43141944
0.07910000 23.12366601 75.19224267 -34.49286195
0.01890000 17.54660390 72.83132619 -34.21605786
0.02850000 20.75269460 100.03333146 -13.02669878
0.01860000 32.48151868 76.31943157 -40.04254625
-0.56790000 18.93414095 97.88131443 -11.82929411
0.01920000 27.39975860 101.61208911 -13.81611786
-0.19060000 16.43627279 75.14370624 -20.04568797
0.27190000 33.02325683 75.57479385 -29.28777437
-0.25480000 26.44486984 102.68258775 -14.07847631
0.59730000 18.51762756 75.07798794 -16.78372422
0.21170000 26.21237982 106.66977849 -26.99573924
-0.06600000 26.56149753 72.49761245 -26.49674402
0.09780000 14.48081749 75.93128318 -37.65901115
0.01360000 6.32097767 87.80534886 -26.22425042
0.10000000 14.09861455 89.09280173 -13.49999592
0.59730000 24.69034122 103.40007391 -38.42998577
0.01030000 25.01775584 79.10143239 -41.40188173
0.09780000 15.44691035 103.92970412 -21.52073070
-0.00240000 16.27362595 104.61908493 -21.34927662
-0.56790000 34.60163461 100.81584026 -29.65321169
-0.01220000 37.25852807 97.92568890 -31.15805512
0.10000000 13.02342242 88.46674469 -14.77019415
-0.56790000 11.00402077 102.61143344 -31.71078720
0.27190000 13.20216528 80.22724268 -18.05794274
-0.10720000 28.22003844 74.63520771 -32.08165194
-0.81880000 23.43222450 72.33717382 -13.30852917
0.79940000 10.81787088 73.59944891 -27.78925048
-0.06450000 29.67128657 72.90429214 -23.06240070
0.11350000 38.53242214 95.42686621 -33.14719118
0.53660000 9.51325398 101.40909572 -29.12858514
0.07910000 22.50857161 75.83915902 -36.01846587
-0.00700000 20.67804093 72.64266927 -24.89904076
0.04860000 22.59415133 101.08470731 -12.84725381
-0.41570000 37.76113195 99.49185451 -26.23106862
-0.41570000 16.47200151 75.94354289 -38.29225745
0.07910000 9.03121416 80.74280907 -20.47675180
0.36540000 8.30854761 79.80810156 -35.74110216
0.34000000 12.84479875 74.38949932 -22.48779705
0.41960000 34.47894802 75.33228951 -35.90823134
0.27190000 31.16941502 74.53366620 -34.13890429
0.08430000 24.13632975 107.10768079 -27.00353266
0.41960000 20.58467016 73.82319596 -13.33767833
0.11350000 25.16657186 81.70322175 -43.33442497
0.07910000 9.39471621 98.20739311 -19.99605931
0.08800000 20.24252052 104.19223894 -31.35858081
-0.04300000 31.84937277 75.19408735 -38.29643554
0.02360000 27.09740546 72.70290624 -28.55875711
0.03520000 28.70796419 72.81473572 -23.56448597
0.03910000 33.14076842 102.53335013 -25.50603335
-0.01430000 24.27764312 81.58125506 -42.71552921
0.27190000 34.70669772 101.05125150 -12.78756870
0.11350000 23.75971186 82.54017071 -42.69733365
-0.41570000 28.96210852 74.85847353 -37.18945523
0.59730000 27.71632005 75.20753491 -37.52776896
-0.41570000 21.85550525 105.09414404 -30.40569389
0.07910000 9.95103169 84.20148403 -19.27931359
-0.41570000 35.62575337 101.10337974 -13.20316859
0.41960000 42.07595325 97.28264180 -21.77712564
-0.01220000 12.82716572 98.09293110 -16.79064222
-0.56790000 32.46925576 71.68111349 -18.64615633
0.08820000 24.11861950 72.75985948 -28.16867354
0.03370000 24.28390453 104.79221603 -30.88695845
0.09690000 11.76366329 99.98595577 -19.08385714
0.02950000 31.34751292 73.49460289 -26.79602938
-0.03030000 37.08451905 98.79700668 -31.78942424
0.04020000 31.70304321 104.06305796 -19.78398566
-0.38540000 11.96894299 74.87514622 -22.35691408
0.59730000 20.47172633 107.43613374 -24.32268594
-0.03890000 8.24300089 78.67049877 -34.70788327
0.08500000 31.56304642 72.02543032 -21.10019763
0.59730000 10.50194736 100.56996156 -20.71621315
0.11050000 18.95857531 103.41985139 -35.90864576
0.34000000 37.65397427 95.92177295 -36.70722516
0.08760000 18.88491923 74.39627327 -18.75388373
0.06210000 36.01947733 97.58821510 -38.56402582
0.59730000 24.57755786 106.23241844 -28.88137060
0.53660000 20.63884005 72.73902008 -17.74106421
0.06210000 39.20058009 94.88974048 -30.81802880
0.14300000 15.41841840 92.84199651 -11.35213337
0.58960000 18.33234439 104.01670145 -33.24817745
-0.41210000 13.99848661 86.48587422 -13.10494953
0.01870000 25.15114084 106.42454916 -17.11143878
-0.04790000 36.12658228 98.33803425 -37.78018909
0.27190000 24.41472611 104.24248371 -36.61300988
-0.56790000 32.00675376 103.31320799 -32.58372706
-0.06600000 32.91166003 75.63666358 -39.30980761
-0.31920000 8.98221289 81.70909794 -19.97477177
0.29360000 23.43629369 71.33015454 -17.98959098
0.11350000 39.89675084 94.31975463 -33.02454859
0.06870000 23.01789271 100.32472010 -12.19077551
0.02130000 17.31981201 73.02567428 -35.26433931
0.04570000 29.12929922 106.54459735 -24.96484458
0.07910000 11.12437234 83.62391632 -18.07836480
0.27190000 38.36464072 99.88493699 -25.52299511
0.01030000 25.64241385 105.86518777 -16.31528365
0.27190000 34.69771729 101.75816139 -32.27612700
0.02950000 31.54698769 73.79537033 -28.50794848
0.02130000 29.89077832 104.12569955 -34.41031530
0.41960000 34.34361913 74.95416656 -34.20071567
-0.80140000 11.52695046 72.71828711 -28.32649320
0.27190000 39.55508677 101.22719200 -20.12569220
-0.56790000 15.52261776 71.32863593 -30.35698067
0.08820000 24.99836603 72.90521926 -29.70346390
0.01880000 31.20509111 105.25881847 -21.50067574
0.01920000 21.38835109 72.20086423 -27.13025111
-0.04300000 35.66078892 102.71709455 -15.74645772
0.05600000 22.04156013 71.88399028 -15.85743551
0.11350000 5.52927730 82.04954116 -25.22779369
0.79940000 37.51502298 98.45032535 -33.21962418
-0.56790000 11.55986517 78.70239598 -19.14481802
0.06410000 17.63636529 104.42394888 -31.26724862
0.80540000 8.20411917 94.47239657 -18.31943831
0.06980000 20.66447206 107.14468083 -26.43644393
0.09690000 20.40784263 71.60953287 -29.63597441
-0.03030000 9.56890720 74.09864207 -28.52960466
0.73410000 34.27225238 101.84266712 -35.31497883
0.04020000 32.77557355 103.81481287 -21.14779792
0.02410000 30.47490198 103.36136862 -16.44918423
0.06420000 9.67818195 88.90687785 -16.94474899
0.03970000 19.78045737 103.71779551 -35.25761610
0.08230000 36.31207355 100.26133477 -27.50357860
-0.24000000 35.17259184 100.85755866 -36.08998592
0.01860000 33.83068332 103.49641012 -16.61074954
0.07910000 21.90084629 72.39775256 -31.48577028
0.02130000 6.90591070 98.17877044 -24.44817413
0.03810000 8.67109714 75.02015342 -27.67780163
-0.41570000 26.67174217 70.63023698 -16.88792645
-0.17040000 28.25091384 73.56220271 -31.17593808
-0.56790000 29.84504785 105.28590636 -18.14646963
0.80540000 20.88929872 107.16093536 -18.86926564
-0.02970000 10.64914540 81.29577320 -18.68789441
-0.04790000 5.94312326 83.39774911 -23.61188687
0.10070000 18.46631667 102.90953677 -14.87487684
-0.06600000 34.88370978 103.40503206 -16.87699242
-0.56790000 31.39622638 104.86209911 -25.64487778
0.42510000 32.03109286 73.55387059 -23.98284509
-0.02520000 21.20857431 107.65802405 -25.64364361
-0.41210000 25.95474314 71.57041102 -21.73203111
0.02130000 6.96645728 98.91124710 -26.08640022
0.58960000 18.66453367 71.36418837 -31.59649712
0.59730000 33.18329105 103.00477951 -32.75217773
-0.56790000 16.56398666 104.78393842 -18.94292692
0.59730000 18.17492073 98.37372603 -12.67098829
0.06210000 10.57519055 76.79892943 -20.93013779
0.02360000 32.36252051 74.61498305 -37.52870021
0.06980000 8.68129487 101.51379583 -33.61312094
0.27190000 27.35340409 70.60852072 -16.14296378
0.02410000 29.14114554 103.58285036 -15.30900068
-0.31920000 9.63869646 98.25709988 -18.93487949
-0.67610000 11.78603188 75.13977435 -36.10660783
-0.02370000 20.40377663 105.00478269 -30.65015427
-0.02520000 9.56441596 102.15100421 -33.56661518
-0.31920000 23.33504247 75.29883467 -35.55684406
0.59730000 9.84308849 102.53138063 -32.10043050
0.59730000 22.80172098 104.92059255 -31.33622503
-0.24000000 27.44945383 106.74452747 -18.17377944
0.01920000 34.19267963 102.42160297 -25.24317137
0.10000000 14.13199293 87.08184318 -12.20212247
-0.17040000 28.05926302 74.39055116 -33.45736847
-0.31920000 10.19980942 83.38348963 -18.60322519
-0.56790000 24.83765207 103.56424516 -39.63962740
-0.56790000 17.51812163 75.42691000 -16.15596427
0.04570000 17.22707611 106.02296211 -25.55203181
0.27190000 30.12021961 106.11702941 -19.90153436
0.73410000 12.37179276 72.22213156 -31.76415036
-0.01730000 21.19834028 72.11174005 -15.20535476
0.02530000 20.26176717 72.17046093 -24.00918921
0.34000000 11.27791442 74.42147863 -22.93723451
-0.41570000 16.26043986 105.64752517 -22.39805527
0.02360000 36.72294115 102.75473599 -15.98835948
-0.56790000 28.97177562 70.69054925 -15.18642554
-0.01430000 37.30238790 97.95803195 -36.87407112
0.12970000 14.58746597 90.49663105 -11.23875317
0.11350000 23.58370966 105.53191579 -15.10947165
0.06210000 5.53398605 84.28079283 -24.10274443
0.07910000 24.24661459 75.88056409 -35.69368555
-0.11020000 23.43590965 71.70372988 -21.31540261
0.06420000 12.28644253 76.56098937 -38.29402494
0.03970000 20.29861266 107.94873423 -21.91563382
-0.41570000 24.51994650 104.43441789 -37.59900854
-0.51630000 20.86137015 108.14737951 -23.26141105
-0.58940000 27.74138005 107.57526838 -20.40197472
0.10000000 26.72031955 71.67514775 -22.50081079
-0.03890000 17.57881727 102.28863883 -14.75268615
0.11350000 11.86004262 92.45210730 -14.72274727
-0.02660000 34.90252194 103.35180719 -23.15516390
0.02130000 26.92630616 101.08898797 -11.78094730
-0.56790000 31.71799970 74.46585873 -31.05678694
0.01710000 29.26866007 71.36875480 -21.61044479
-0.02660000 17.38131901 71.24601534 -32.44647494
-0.01430000 22.98145151 106.13352699 -15.79024414
0.01860000 26.31175450 71.71758002 -25.77752411
0.59730000 14.26170593 79.78857607 -16.40435773
0.10070000 7.33104032 78.79505265 -34.12400443
-0.04620000 32.23692367 104.57628385 -20.58378055
-0.24380000 11.31866492 76.72191551 -37.81904196
-0.00140000 18.47232630 73.95764036 -17.84533088
-0.04300000 26.77809894 71.90003945 -27.89426674
-0.56790000 14.59648963 104.80450556 -23.64724260
-0.41570000 30.90146277 70.61964059 -16.33420372
0.14260000 34.94287159 101.05819578 -37.13644397
-0.81880000 20.28517070 106.86114645 -17.81410394
-0.58940000 12.71737762 72.28493710 -32.94664398
0.35310000 24.57022244 71.74204250 -22.35798868
0.07910000 30.08332727 104.34057375 -31.18798372
-0.38110000 7.24918636 77.16264088 -24.15253977
0.02130000 22.55564021 71.62960489 -25.38053232
0.03910000 34.78092966 102.20910337 -26.13586729
-0.32040000 29.94402818 75.10235867 -40.00662702
-0.01730000 22.19581438 108.42998895 -21.01226536
0.27470000 33.72321892 74.28584373 -24.97672738
-0.04250000 23.84348735 70.71914476 -15.67774110
0.59730000 31.53282639 74.06818126 -32.20705480
0.11350000 37.39807291 98.71430133 -36.09496704
0.27190000 16.91665358 106.40848659 -22.29595666
-0.32040000 24.52402973 72.20565467 -29.01519457
-0.51630000 22.47584478 71.10533958 -18.20661285
-0.51630000 19.23545835 104.48486673 -34.12038677
0.03970000 21.43935681 71.51600014 -17.23436481
0.59730000 16.02025113 105.23055553 -19.95521912
-0.41570000 9.27990016 76.67846371 -35.68227265
0.58960000 36.38087871 103.22704498 -22.74018375
0.04570000 15.65610475 105.48860760 -26.12717411
0.02360000 28.28218664 70.39726968 -18.93418278
-0.08750000 10.81884362 100.51394109 -19.21287868
0.11350000 12.37830848 75.23759298 -20.31552037
-0.23410000 14.20052049 76.07116139 -18.60031955
-0.80140000 14.77336270 100.15024251 -15.35612265
0.01890000 21.51778120 71.65715342 -25.71248098
-0.56790000 12.69096129 102.53700011 -19.94610595
-0.57480000 37.20485701 102.65903526 -23.45607760
-0.41570000 30.59834977 106.36850663 -20.75491179
0.03810000 37.81979705 103.05562898 -20.74414852
0.08810000 31.73568909 105.65596855 -22.36603010
0.02130000 28.68503667 101.29276104 -12.08244761
0.11350000 5.59461263 81.26513563 -23.64706786
-0.01430000 5.24881342 82.15121411 -24.17941207
-0.41570000 13.15831539 79.76551764 -17.16072904
0.03370000 37.38792267 100.35153445 -27.35353621
0.13920000 17.62462501 70.64362202 -27.64923992
-0.02970000 28.87138017 105.41019104 -29.40217888
0.08800000 8.53504284 74.54454834 -26.70651924
-0.41570000 19.32281163 72.80198758 -17.48820038
0.07910000 27.69812428 104.98057214 -31.48034165
0.03620000 25.66563647 107.89469640 -18.58206823
0.79940000 13.93660396 99.21125408 -15.33102560
-0.81880000 8.46607621 94.56101409 -17.09239817
-0.00940000 26.14541564 107.43160444 -17.71982775
0.59730000 29.41789262 105.69132668 -17.06571402
-0.58190000 23.80794944 76.63239008 -38.76303366
0.29360000 36.39907987 100.48808420 -29.66679851
-0.56790000 9.55800013 73.67750153 -31.97371077
-0.56790000 9.61323322 101.31605196 -21.12975726
0.03910000 21.56852308 71.41050136 -27.85892340
0.03520000 26.40341589 107.68890123 -27.33188577
-0.04790000 13.05490148 93.84859596 -13.61235982
0.80540000 23.18662944 71.15864020 -13.66064051
0.13030000 30.71219015 74.34200028 -38.90968707
0.07910000 8.85688655 97.73155482 -18.38654070
0.04570000 22.48548865 71.79573164 -21.84107966
0.03420000 30.16854125 103.86875976 -15.53441851
-0.56790000 14.29676511 79.27298341 -15.28553864
0.02530000 15.88068484 104.84718733 -33.28890726
-0.51630000 36.69101336 103.62123573 -21.50152265
-0.04790000 23.90561194 107.11368558 -16.53183197
-0.81880000 7.08937117 94.83311010 -18.77069965
0.00180000 31.08846892 103.39318565 -14.40877991
0.08820000 30.59232556 75.27303836 -40.86609118
0.03270000 5.98575254 77.41996922 -29.63627702
0.01360000 22.89866168 70.82202304 -15.14405503
0.06210000 5.74566153 83.47031235 -22.54238022
-0.34790000 28.28702742 106.41000169 -16.99614668
0.00430000 7.43506641 79.74444310 -36.39000788
0.06210000 23.35517474 107.61323247 -17.32906009
0.06210000 36.35115224 99.28909871 -38.26304029
0.36490000 6.87156684 76.66493108 -24.94613695
0.73410000 28.18433821 107.55785979 -19.25797293
-0.57270000 7.66450298 77.72524756 -22.06560924
0.59730000 33.94862693 74.12214974 -26.97806454
0.01890000 27.68530422 101.65725835 -12.31861940
0.27190000 29.02884296 106.79853117 -27.29955790
-0.56790000 27.06176753 74.60862702 -38.37991381
-0.56790000 22.50797464 104.80525020 -32.52903733
-0.01430000 11.55819968 74.87479153 -20.93511534
-0.00700000 17.67404322 71.33715469 -33.94707240
0.06410000 34.44332548 104.13025480 -22.54585569
-0.01730000 21.02210211 104.06641742 -36.98774211
0.29360000 21.61883269 108.80630090 -23.37175312
0.01870000 34.37565331 103.23225164 -14.08792758
0.08230000 24.85525935 105.52247751 -31.45999655
0.10000000 12.93233623 86.37148089 -13.30074958
-0.02660000 17.77799586 104.98573172 -32.19052409
0.03620000 34.75791980 73.47753899 -23.32778189
-0.51630000 8.82926538 102.66798133 -31.24278731
0.59730000 17.76797339 101.46489601 -13.47849225
0.29360000 35.99407861 104.11568836 -20.96310163
0.09220000 24.29597157 70.41143661 -19.83227975
0.10000000 26.04185513 70.57532297 -21.29578563
0.59730000 15.44690802 105.66850052 -23.45868441
0.59730000 8.13543658 77.32845393 -35.44624736
-0.51630000 7.34310593 75.16391781 -28.29852702
0.10000000 18.07093941 106.60315008 -27.76239041
0.59730000 29.99021091 70.08155992 -15.51240307
0.04400000 32.10003607 103.75376506 -14.59536635
0.04570000 30.56869470 106.95858089 -24.06999744
-0.00110000 16.15149578 74.59851612 -18.77729972
-0.05970000 29.74175004 73.78423425 -37.83593894
0.27190000 9.03509976 74.85977566 -34.10894958
-0.94070000 31.81895487 72.58724018 -24.18464794
0.69510000 30.67654280 72.05452771 -23.82538895
-0.01730000 21.67568753 104.68585059 -35.48040493
0.03810000 21.50686015 76.59579870 -39.47953718
0.06210000 12.63802084 94.77249619 -14.01325906
0.07910000 25.43174948 108.97733782 -21.60230820
0.03810000 9.01864919 102.73337860 -29.77127704
-0.52950000 22.03157169 102.20128895 -12.05659465
-0.56790000 30.69750155 73.33965374 -35.66855191
-0.11020000 29.94679884 107.26359755 -24.91160864
0.10000000 27.34827513 108.38961591 -25.15946806
0.14260000 9.08233022 78.31224090 -19.82896830
-0.80140000 38.07838393 99.29758572 -33.95169301
0.05600000 21.15500706 108.73696114 -20.90936262
0.41020000 16.94503859 104.39090157 -16.05445449
0.01860000 33.32310815 74.76485294 -39.81848937
0.10000000 16.57503222 105.91842839 -28.45220245
-0.05970000 36.22585845 102.44892246 -13.30119116
0.13030000 35.43612829 103.30401030 -14.32947358
0.73410000 16.54010211 74.75935794 -38.90324444
-0.02660000 26.40350751 103.58732753 -12.93181286
0.07910000 8.24596235 81.63999355 -19.17398462
-0.41570000 34.82854861 102.85600373 -34.63916869
0.34560000 21.09965504 102.50628805 -12.29868589
-0.04790000 10.33015097 75.76259204 -20.69762783
0.27470000 37.00073457 100.74056632 -34.98314933
-0.58190000 18.05410447 107.66298648 -21.11567211
0.29360000 7.28448691 75.07691012 -29.30306540
-0.01220000 8.98842069 73.22699647 -28.83188014
-0.01220000 38.54057415 103.25247547 -18.71546140
0.16560000 13.34523446 76.42165777 -18.04171667
-0.57480000 19.61589797 70.62149781 -31.82003434
0.06420000 10.60340749 77.00161700 -38.59252388
-0.25480000 34.65632645 103.63303025 -24.57155034
-0.58190000 36.56589427 101.56346016 -32.51950508
0.27190000 31.71868557 70.07588333 -16.57205973
0.08800000 20.70558156 75.86013939 -39.40983623
0.36540000 10.86111316 75.43352776 -37.13661930
-0.56790000 24.41641625 107.27157001 -29.51362457
0.01860000 35.29891389 104.39371120 -17.07248880
-0.56790000 18.72526381 101.70262040 -12.73614665
0.80540000 4.78215496 87.76245487 -26.29049506
0.08690000 37.24798663 102.35662167 -13.66839020
0.06980000 9.38418600 103.05825296 -34.14325826
-0.38540000 23.38441657 80.55880817 -43.31184327
0.27190000 16.13419904 100.33332843 -13.88681435
0.02360000 27.60956884 71.19797825 -27.83207547
0.08800000 38.72091718 103.10666665 -21.35527760
-0.34790000 34.25863542 73.83501693 -25.70486665
-0.11020000 16.21216160 106.35541355 -25.77003382
-0.34790000 36.62061028 101.06135040 -35.86218913
0.59730000 11.04436497 78.71938384 -18.02082597
-0.51630000 37.34815382 100.16308792 -29.78401960
-0.41570000 16.91380683 100.45389993 -13.25611426
0.03810000 37.81293233 99.99714735 -31.16309272
0.03270000 5.06287773 78.04343566 -28.26814406
0.14260000 10.74685254 71.81350144 -30.44279101
0.06410000 25.45227638 103.44943189 -12.41776623
-0.05180000 23.37683180 70.45101832 -20.41684376
0.06030000 37.15452888 102.06935406 -26.05948116
0.06870000 4.77291390 79.38535027 -30.82819666
-0.01430000 11.99979327 92.74150634 -13.68119976
-0.57480000 27.08246704 105.42761410 -14.34845121
0.29850000 9.72011924 99.71818927 -18.47005037
0.14260000 18.46169953 75.25069690 -39.66805676
0.08800000 9.78484060 103.47966094 -29.56124283
0.08820000 29.09736713 74.50347942 -40.34220052
0.11350000 12.36542854 91.87055043 -13.13727964
0.53660000 18.80981246 108.33532090 -21.81192783
0.59730000 22.21036137 70.58128329 -19.41146345
0.59730000 31.77227213 105.93691793 -26.11061208
0.13030000 25.56194981 71.18073427 -28.53155384
0.01360000 20.73681191 108.58267419 -19.43597090
-0.01220000 37.10737686 104.20698084 -19.05114623
0.06410000 16.94648088 70.26809465 -32.23986960
0.11350000 22.27507392 106.71285804 -15.19567850
0.07910000 9.40762135 83.28061676 -17.86163541
0.08820000 23.71267237 71.70342937 -29.54204296
0.05600000 20.76234765 104.58960994 -36.06747165
0.07970000 32.54805933 104.32518655 -35.16489213
0.34000000 23.81196473 79.64380962 -43.32110874
0.06210000 9.51273701 75.43582578 -21.34040256
0.06210000 13.36019874 94.01096827 -12.57866255
0.01430000 34.08499992 103.77108227 -33.75328637
0.20570000 6.97950943 76.89246082 -22.86699131
0.11350000 38.22351349 97.96443758 -37.45681338
-0.03610000 24.41701138 70.94879508 -23.08968877
0.27470000 27.96116746 106.68158684 -16.07954488
-0.00700000 16.41258382 105.53121738 -32.62763068
-0.04250000 4.90047264 79.11111529 -24.98071200
0.08690000 25.65655215 69.47914233 -18.32994059
-0.67610000 16.13930427 103.92994137 -15.80966428
-0.19060000 15.03382256 75.07069641 -18.05756783
0.02530000 18.66114769 70.95938749 -34.21356298
-0.03030000 38.06107664 103.88078903 -19.46606408
0.34000000 22.49122610 80.54176830 -42.84064472
-0.02970000 22.55011393 73.36640784 -36.05138165
0.44780000 3.84306668 82.99599341 -30.21194626
0.59730000 38.07320937 99.97618264 -28.68158237
0.44780000 24.15079417 101.54092168 -10.86986235
0.09220000 33.62932668 104.17666952 -26.87853793
-0.05970000 26.30579498 69.32538394 -17.46800014
-0.58940000 6.29363664 75.83206395 -26.43610680
-0.81880000 4.20328182 86.72771898 -26.72617551
-0.12560000 28.10809137 72.24369692 -31.64435127
-0.56790000 26.94369184 105.83632936 -37.11244537
0.53660000 22.77482964 75.96869904 -38.87840780
0.73410000 6.26900672 75.61049382 -27.64630881
0.01030000 36.80442590 73.23338817 -22.20953003
0.07910000 10.92166414 99.32160918 -16.70854547
0.29360000 7.89542454 102.76891341 -31.61407847
-0.24000000 11.12769204 71.40888803 -31.38052744
-0.86270000 3.82031963 81.99067357 -30.30633923
-0.12560000 27.92826182 73.07313839 -33.92858490
0.44780000 4.05815723 81.54165087 -31.17921890
0.27190000 18.89854205 72.03771348 -16.98225404
0.29360000 19.45694337 105.46952990 -34.08190541
0.59730000 30.49629897 72.92547723 -36.81131413
-0.02370000 30.21826885 105.38138628 -15.79084001
0.02530000 16.90332013 70.80160055 -34.50139059
-0.41570000 21.36792099 109.07334843 -25.97814599
0.29850000 23.48123372 73.91212027 -36.20407170
-0.41570000 29.98475278 107.11300396 -27.38585266
0.02530000 15.80937215 105.74852724 -31.74614723
0.02130000 21.06846872 70.66530450 -25.66295493
-0.31920000 30.34223063 105.36590516 -30.92385671
-0.03890000 9.42259026 75.52767128 -36.59619023
0.02950000 16.04719539 97.75282180 -11.43907209
0.20570000 18.21451447 69.75724825 -27.46820263
-0.00070000 5.05635960 77.31276653 -29.07695849
-0.01220000 20.76796269 77.52867627 -41.26964812
0.29850000 29.13728341 106.02972537 -30.25866640
-0.03610000 29.05491716 108.59839344 -23.50989398
0.59730000 11.91181118 102.74704638 -19.01673079
0.36540000 16.37440338 103.23422082 -14.60513385
-0.81880000 4.10953653 88.72501328 -25.85006596
0.09690000 24.69803621 74.56709686 -37.84014502
0.11050000 20.74525783 70.68751745 -17.09314279
0.04400000 30.73534930 103.83253957 -13.47584179
0.08690000 24.42171439 70.66009982 -26.78788184
-0.04300000 28.19690584 69.33593793 -19.16742491
-0.05180000 30.82273810 107.14825646 -26.17973383
-0.41570000 10.98273756 101.86377951 -18.63653894
0.58960000 26.55763582 105.06650986 -13.29678784
-0.02490000 11.89395943 79.09972118 -16.78458628
0.07910000 27.08705066 106.48339698 -30.76340806
0.59730000 19.77771248 106.27662727 -31.28146651
0.10000000 33.19208947 104.26465822 -29.05550961
-0.58940000 15.71820279 73.85886220 -38.71023011
-0.31920000 27.95156835 106.01056739 -31.22939248
0.07910000 25.56019702 73.66478859 -35.64439470
0.59730000 9.46613781 72.68525184 -32.69860489
-0.00140000 17.14027769 99.42695047 -12.22615781
0.07910000 24.40049789 73.16215036 -34.39231905
-0.02660000 33.24410662 105.51634177 -19.95829406
0.13300000 27.83972170 72.88549435 -34.98846738
-0.18250000 37.68237546 101.80842267 -26.97675567
-0.41210000 17.05493927 106.82670774 -28.08776000
-0.56790000 34.58722595 73.63817668 -27.91432508
0.01870000 31.17679535 73.48267641 -39.39322169
0.03620000 26.37954776 108.21247017 -16.99627262
0.42510000 32.44195768 71.98017281 -24.69791625
0.59730000 30.82635689 107.66909863 -20.97163663
0.53660000 37.62154792 101.31497041 -31.92896882
0.27190000 35.83170713 102.96367366 -34.68584925
-0.80140000 13.12227482 99.03997671 -14.39869028
0.06210000 24.23260133 107.86934544 -15.81757946
-0.02520000 24.69478479 105.83363046 -37.99501611
-0.01220000 22.51239618 77.65274574 -41.07095901
0.01860000 30.00715663 69.50057994 -20.33419242
-0.05180000 15.57120034 106.84130644 -24.45232140
0.08690000 29.04897248 73.11396750 -38.34476320
-0.41570000 8.89244020 74.04269440 -34.68525356
0.11350000 11.33003925 73.85759900 -20.61673624
0.27190000 22.16627043 109.56625939 -25.60427939
0.07910000 31.19554481 105.34524283 -30.24597229
-0.01520000 17.04338538 73.50242645 -18.19685165
0.11470000 32.56806000 105.57524802 -17.88518056
0.27190000 17.27712682 108.11156142 -24.30352586
-0.81880000 23.22433765 70.22961963 -12.81421701
-0.04250000 22.38072771 69.86425636 -15.19431885
0.02360000 27.53218297 69.23511570 -20.02537511
0.27190000 13.50515572 104.68472086 -19.55015075
0.80760000 3.43207726 81.26977515 -29.29566553
-0.41570000 29.35534142 108.12937600 -18.95300264
-0.41570000 15.17815228 106.26954005 -19.89339011
0.01030000 37.20780817 73.95089981 -23.76043442
0.44780000 3.22119246 82.92750196 -28.20495644
-0.00700000 27.54103073 103.14125351 -12.01111872
-0.24000000 17.65016544 74.57774989 -39.94492402
0.35310000 29.38263143 108.65513900 -24.54791257
0.02950000 15.23117180 98.55792900 -12.75479085
0.34000000 23.17809753 80.80017370 -44.27063450
-0.03030000 21.65965189 76.98269493 -40.96159634
-0.56790000 39.24942284 99.61312551 -28.72907831
0.13300000 28.14949667 71.41712284 -30.95047623
-0.25480000 18.60404919 106.18099366 -31.95101706
-0.04250000 19.70873453 108.92280154 -19.31158680
-0.41210000 28.16833954 109.07501293 -25.37353082
-0.02520000 31.48705712 72.56714011 -32.53779675
0.03620000 16.69780980 75.98193060 -41.27702544
-0.56790000 23.28789808 110.07291999 -23.68515976
-0.04250000 21.36394091 109.24911763 -18.84380218
0.29360000 6.88996404 78.43277780 -20.48488092
-0.01220000 31.06636228 71.35525543 -28.47343793
-0.02970000 8.75607675 100.18801770 -18.66494455
-0.31920000 25.23042041 109.94156048 -21.13557236
0.10000000 34.78075608 103.60980544 -29.52359619
-0.00940000 35.42606588 72.74932677 -23.78755131
0.08800000 38.87619900 99.75744901 -31.17350903
0.01870000 25.93548670 70.67370839 -29.42121388
0.36490000 18.46736324 69.82275423 -25.38778167
-0.20410000 33.34773298 104.82090019 -34.61453750
0.06980000 30.57162807 72.38413301 -33.10046486
-0.41570000 22.69158684 74.71354147 -38.43069194
-0.24000000 8.76852001 77.97249066 -18.84195627
-0.60860000 30.44840159 70.88860442 -24.09158402
-0.01730000 21.10062895 109.79521020 -21.16480906
-0.01220000 7.85477086 103.16172883 -28.00584315
-0.38540000 3.77221065 82.25584259 -24.07984343
0.07910000 30.61517011 105.89745017 -31.83548288
0.07910000 24.15271730 110.09140619 -21.07074949
0.00430000 15.48590064 102.64943315 -14.36704394
-0.31920000 9.93210167 99.71086941 -16.94800688
0.00430000 10.90168788 74.63057947 -37.87264109
-0.86270000 3.10426483 81.92446543 -28.22363548
-0.56790000 21.06774231 70.28657755 -19.76626713
-0.01220000 6.92028156 102.50378174 -29.34598849
0.80760000 22.61777639 102.82058046 -11.04602591
-0.34790000 9.75888892 78.39196291 -17.82817601
0.59730000 26.16126184 106.28434756 -37.94913238
0.12920000 33.25379557 105.91269072 -18.64826585
0.08760000 17.53479632 99.90293766 -11.32844295
0.27190000 21.82694965 74.21561763 -38.58747217
0.01030000 10.73284666 75.93446319 -18.58242019
0.01870000 36.85268460 73.03872921 -23.28092151
0.07910000 28.19855320 106.54663494 -32.14576044
0.02950000 17.10698014 72.69972268 -18.93151002
-0.56790000 7.03942718 76.88727101 -35.79888181
0.10480000 34.81975342 104.30251555 -33.14845864
0.06980000 32.31932865 72.34938285 -33.20712933
0.08800000 31.25298596 105.63764933 -16.01841339
-0.34790000 10.08293905 71.52927953 -32.41708446
0.01860000 30.25796732 68.85504610 -18.70127053
0.07910000 25.62716736 109.92940671 -20.12041508
-0.81880000 18.54040191 105.12543780 -37.81044092
-0.41570000 16.34752727 107.97655313 -23.93242163
0.02530000 28.46201994 103.65034208 -12.29521094
-0.52950000 3.38671757 79.94890289 -29.32785505
0.04860000 3.79953222 79.07706585 -30.44663459
-0.03030000 7.72091934 103.19661785 -29.08703125
-0.56790000 19.98895674 73.49463595 -38.70336827
0.34000000 10.34171943 93.97000820 -13.62683961
0.03620000 12.40080403 69.92461884 -30.49895813
0.09690000 25.77006147 110.17358911 -23.88747598
0.13030000 27.58340906 68.59161551 -17.95630761
0.10000000 33.88929359 104.70072282 -30.61143949
0.34000000 3.45294186 83.16613332 -24.37908488
0.27190000 14.82383453 106.63519251 -20.76566202
-0.05970000 24.91519265 70.12488400 -27.59912987
0.01870000 28.30491323 68.61031104 -17.13949598
0.35310000 16.27239084 107.39784003 -26.90453826
0.10000000 14.33341218 106.90826852 -27.71671128
-0.38110000 18.65000351 69.35548598 -26.26437037
-0.01520000 15.81638660 98.73466885 -11.85235692
0.10000000 28.40227322 109.06250610 -26.43805771
-0.06600000 29.59589118 68.84444462 -19.56708968
0.03520000 10.73881683 80.86746043 -16.29318912
0.06030000 38.75293612 101.94110345 -26.82056197
0.59730000 9.02393835 74.16892948 -36.00907427
-0.31920000 24.60471272 73.17261675 -35.46296689
0.27190000 28.82071563 106.07944688 -14.32640450
0.08430000 12.13310818 78.17019352 -16.26797561
0.27190000 29.63795784 108.09783802 -17.98386224
0.06980000 24.31183355 105.97510957 -39.00567547
0.06980000 24.11886003 106.47195880 -37.32498109
0.01870000 9.90631729 75.63541790 -19.22702954
0.10070000 8.76833136 75.69184210 -37.45239914
0.59730000 25.51069696 68.51235208 -16.43235239
0.59730000 36.32327851 103.07564988 -11.89384585
-0.86270000 23.73808839 102.39946351 -10.53419544
-0.26370000 4.99877428 75.90057101 -28.46330068
-0.41210000 34.12786703 104.48136373 -29.57073593
-0.56790000 31.47257360 108.06519559 -21.93820425
0.07910000 27.70250142 109.92611017 -22.22880132
0.03620000 35.11358047 71.77068724 -23.42324645
0.01180000 27.95495795 71.99731060 -33.02298870
0.34000000 3.32563104 81.56240350 -24.66278116
-0.05180000 34.07117847 105.10435418 -26.51485338
0.01360000 4.00581263 78.50009170 -25.10044148
-0.41570000 33.01715846 106.12481956 -26.56201255
-0.01220000 5.36525100 80.93124644 -20.56996835
-0.51630000 18.36126598 109.37921510 -22.52072598
-0.38540000 10.69903057 93.17281101 -13.11997487
-0.56790000 20.33826928 107.37451285 -31.16369611
0.09690000 28.50400488 107.86368302 -29.36191532
0.06030000 37.35087690 102.46964166 -27.77737945
-0.04250000 4.31551050 77.52870312 -25.48591709
-0.01220000 5.05777687 79.54552114 -21.60288354
0.13920000 6.31744908 76.11138554 -22.52348063
-0.56790000 25.84091199 68.53400689 -15.24357357
-0.57270000 18.58238431 68.88061281 -28.41571099
-0.01220000 33.28385842 72.22749060 -35.85078941
0.41960000 31.18993246 106.16261471 -35.10444771
0.07910000 9.18051013 99.08342596 -16.46891945
0.44780000 2.84694669 81.40657082 -27.39557797
0.02950000 16.57613656 73.08799956 -17.30352654
-0.56790000 35.52410701 102.76009599 -11.00935193
0.16990000 14.82494616 74.66776971 -17.07755652
0.59730000 37.48356682 101.66272434 -36.69895060
0.59730000 34.58454448 104.88423147 -25.06777927
-0.02520000 30.23396901 68.65154109 -15.01166986
-0.32040000 35.81717842 104.79690163 -14.29606747
0.06420000 17.47848050 104.86479315 -13.71496932
0.27190000 28.69570495 68.88213614 -13.55586507
-0.08750000 23.76997876 74.00873076 -37.71753132
0.03520000 11.82398772 80.32204567 -15.00599220
0.59730000 30.44242246 107.43224897 -28.60047227
-0.38110000 34.25392371 106.20898002 -20.59508497
0.09220000 14.55363978 107.17612658 -24.65373141
-0.00310000 30.29241754 108.69583338 -19.94499912
-0.02520000 8.65530914 72.76849996 -33.99355539
-0.41570000 29.79349007 106.13149603 -14.59305625
0.34000000 10.03443158 92.41875885 -13.21905540
0.10000000 17.10491301 107.56197272 -28.89087125
0.08820000 35.22469077 105.35843745 -15.01838037
0.27190000 10.37697045 102.11770867 -17.86929509
-0.58940000 19.40153069 109.30472564 -27.05235870
0.34560000 3.04946344 79.48697250 -28.49539633
0.29360000 19.01717105 109.88531830 -23.09843950
-0.00940000 11.53969949 69.93980208 -31.16706730
0.03900000 3.87876968 77.60120259 -30.03172501
-0.00940000 17.14572610 74.99011093 -41.33839375
0.73410000 20.44198476 109.79139451 -26.61998870
-0.41570000 23.30566937 69.24356342 -21.26436542
-0.24000000 35.26544446 72.81859260 -25.32681033
-0.08750000 29.43561647 107.45788724 -29.75628865
-0.51630000 6.56141532 78.75257228 -19.58494225
-0.41570000 13.03331463 104.95567527 -18.69923976
-0.03610000 16.78863903 108.29255267 -26.55657730
0.21170000 11.13470474 79.98977983 -15.78225835
0.34000000 3.45834856 82.08303113 -23.13552447
0.36490000 34.46123929 106.21431841 -21.58356527
0.10070000 15.42814208 106.79130601 -17.88099135
0.01360000 20.31939521 106.02317901 -36.41808994
0.02130000 17.07575313 106.62852419 -34.36385397
0.06980000 31.19764425 68.62219921 -14.50317282
0.09220000 31.46700633 108.02614796 -26.22794930
0.10000000 27.85606445 110.07848274 -25.08434161
0.71300000 32.74811317 105.97234002 -33.81985569
0.27190000 25.89310053 73.04642194 -38.80110050
0.01890000 16.76007013 106.83319872 -33.34084235
-0.24380000 16.57449517 104.28866512 -13.51751748
0.02530000 27.30727580 103.31530833 -10.96080269
-0.57270000 31.58247283 103.56818085 -10.87664858
-0.00940000 8.64110595 76.43242168 -18.85752864
-0.41570000 31.53669684 71.64068860 -31.38769711
-0.56790000 37.16357308 102.01842816 -37.83588464
0.08820000 36.87397671 104.92622243 -14.52963531
-0.51630000 30.93219729 71.73894333 -37.24064664
0.07970000 34.03946157 105.25165471 -35.33845847
0.73410000 7.38951825 78.59567780 -18.55464421
0.15600000 4.97041638 75.16861096 -29.27047560
0.07970000 28.34782833 69.49784042 -24.75733627
-0.02520000 11.97506304 104.05937019 -18.22626522
-0.51630000 26.16299432 105.93713932 -12.37384035
-0.81880000 2.76985936 80.39358865 -25.92106372
0.80540000 3.05954191 79.18095978 -26.08690172
0.01030000 18.94611386 75.84482528 -42.15395694
0.10000000 22.79151384 69.81739996 -31.82335955
0.01710000 39.36687108 99.88210375 -36.50054961
0.08500000 29.75867655 109.46296102 -20.50601241
0.27190000 30.71637941 71.08908149 -31.18054245
0.79940000 38.96847083 105.08989728 -19.71461589
-0.91910000 31.65416511 106.52964344 -34.28598377
0.02850000 4.00337384 76.99149467 -30.92661643
0.03620000 7.84893808 76.14967060 -19.55079841
-0.41570000 25.94467821 69.25805352 -27.01949085
-0.04250000 20.08277750 106.56054638 -35.49974908
0.27190000 22.86359917 69.32599125 -22.16873063
-0.03890000 14.64374920 106.83860702 -18.63636583
0.07910000 9.83700863 100.71775480 -16.54151192
-0.34790000 18.17494377 73.20021770 -40.00876947
0.59730000 23.91031346 111.12164534 -23.51410053
0.27470000 9.41463293 78.49270057 -16.88401244
-0.41210000 14.87990221 107.79696495 -27.40100891
-0.03030000 4.77001866 80.02322075 -20.66634798
0.80540000 19.13997658 106.15023918 -37.39451591
0.06870000 3.06974765 79.16924866 -31.25100889
0.06980000 30.28949129 67.99142741 -15.87727248
0.13920000 29.87386209 102.87620616 -9.77976031
0.06980000 12.15258744 103.81610342 -17.17869342
0.27470000 9.97009867 70.76539094 -33.06811446
0.53660000 15.95904381 108.79516294 -22.94512409
0.03620000 11.85059821 69.51332636 -32.12077673
-0.03030000 31.33664534 70.31800486 -28.67132329
-0.41570000 29.18753128 68.18082583 -14.09100224
-0.04250000 21.17808484 106.52705839 -36.86177793
0.14260000 36.21593932 73.10275382 -25.77837658
-0.08750000 25.44707674 111.10594761 -23.42434635
0.16990000 16.16662144 98.78979196 -9.15294739
0.44780000 24.09114469 102.89040990 -9.72522706
0.29850000 25.88954683 111.06973104 -21.94071221
0.59730000 19.34502429 72.80063571 -39.49370961
-0.34790000 38.65279727 102.17373891 -31.91636812
-0.56790000 34.91434016 105.86234598 -24.38460018
-0.86270000 22.12192131 103.88848868 -10.49673214
0.01030000 9.70034721 74.58374857 -19.02785961
-0.57270000 34.28365972 106.84289969 -18.47629915
0.27190000 26.77941221 69.09891546 -27.56538342
-0.51630000 24.47338212 67.79895051 -16.87784746
0.44780000 21.32726549 104.38596613 -10.87241748
0.06420000 16.65230405 103.81164707 -12.54053250
0.08800000 25.60979290 107.63625479 -13.43668863
-0.80140000 35.00296951 72.21854241 -37.82351510
-0.56790000 22.70722957 69.22190413 -27.80794093
0.07910000 24.66283355 72.13830120 -35.80195585
0.53660000 32.63959253 71.37437479 -30.68179102
-0.01730000 4.05662482 77.79253744 -23.08463455
0.08820000 35.60250691 105.22852327 -13.31845865
0.06980000 8.93285056 71.93478398 -34.63852748
0.06980000 7.59656177 72.67659752 -33.75125823
0.29360000 25.77627863 105.57399780 -11.51437380
0.27190000 39.28014917 101.47430913 -34.11351509
0.29360000 24.30069460 67.77903820 -17.87277752
-0.58940000 33.76752464 70.98636513 -25.62657894
-0.58190000 33.70703808 71.92793624 -30.96621672
0.01920000 17.94782703 107.34346052 -32.53234131
-0.31920000 27.40839669 110.88863103 -21.81028549
0.07970000 27.22647030 68.98848723 -23.48778699
0.29360000 30.76192328 71.50937739 -38.20936144
0.59730000 23.83750776 69.27653994 -28.28539237
0.34000000 10.78120173 93.42297347 -12.14489842
0.27190000 33.23692101 107.01992220 -26.97504435
-0.51630000 26.53460820 107.22822852 -38.81190454
0.10000000 23.58193714 70.14903658 -33.36949101
0.08800000 28.60650981 107.07955431 -38.69481766
-0.59310000 33.25761888 106.41147343 -32.79491293
0.06420000 16.11393518 108.84362346 -19.77654142
0.03620000 16.37286855 74.28894624 -41.65329125
0.01860000 29.54693124 67.83615995 -19.97826428
0.20570000 34.87323303 106.97436461 -19.67824057
-0.04250000 21.73070106 68.34891506 -17.50657561
-0.03030000 33.25356159 71.31746708 -36.44998906
0.79940000 21.83618658 75.79660750 -41.91416541
-0.80140000 40.21215808 104.89868381 -19.75205833
-0.41210000 30.40271976 109.79073765 -24.64250906
-0.81880000 2.60381677 78.50602144 -27.03308264
-0.56790000 8.83389450 73.22449343 -36.77214501
-0.58940000 24.28430043 67.85029226 -19.81718305
-0.01730000 3.17654270 79.30523964 -23.31493114
0.20570000 30.39975491 103.69094484 -10.25519654
-0.01220000 31.57636808 69.85671009 -27.71328283
-0.41570000 38.88945899 102.18505509 -34.71542966
0.05600000 3.34922077 78.31252351 -23.73061726
0.07910000 27.68870583 110.90689448 -20.75710291
-0.56790000 31.62663265 107.72448728 -28.79349208
0.29360000 34.12328961 71.25285296 -28.45130726
0.03970000 16.96956834 109.86568630 -22.48971520
0.02130000 15.92794681 107.53713734 -33.32894176
0.27470000 3.31639421 76.63953378 -27.36437395
0.59730000 13.46190041 106.04429297 -18.05182611
-0.38210000 37.32388481 103.92915032 -11.65345377
0.73410000 34.86970399 71.45086851 -25.90043387
0.79940000 33.90485706 71.60030290 -37.81773098
0.41960000 31.23079211 107.28588889 -33.76738863
0.01870000 18.26505844 75.02820260 -42.39352063
0.26810000 37.95080894 104.15764103 -12.41164833
-0.34790000 3.76524797 75.78213622 -27.65334442
-0.02660000 19.32224330 68.16283535 -26.42174824
0.11470000 32.82045900 105.12139107 -11.86368227
0.11350000 37.70778897 71.03003608 -21.56153194
-0.56790000 24.84198344 68.73084091 -25.12095514
0.79940000 30.11368427 69.57368523 -29.23459100
0.59730000 25.85148315 68.66567713 -25.82669793
0.10000000 31.30747232 109.50057267 -24.10834965
0.01030000 10.11256548 69.50224085 -29.61079014
0.04570000 35.96229357 104.67551081 -27.43841796
0.79940000 7.31663335 104.62300044 -29.46245072
0.02850000 2.93055545 77.32921535 -29.56803023
-0.80140000 29.24413139 69.14759014 -28.43664903
-0.00310000 38.90130670 101.95590648 -36.16115003
0.12920000 31.92614470 104.85272953 -11.32107317
0.73410000 23.78145053 68.04227675 -20.92023682
0.27190000 29.36044408 70.84433094 -35.65080926
-0.11020000 35.22115959 105.47398841 -27.47383534
0.12920000 19.30420013 67.86949402 -27.76082956
0.10000000 14.33649006 108.29824740 -26.60006028
-0.58190000 14.88606305 108.65666053 -22.35058872
0.41190000 36.79378546 102.67758518 -9.68068218
-0.04790000 37.88607420 71.92090221 -23.51979652
0.06420000 15.71738609 104.96192309 -13.50380062
0.08810000 21.57892570 68.60805240 -25.10545991
-0.56790000 19.99655502 111.19502231 -24.06617147
0.41960000 30.41357141 69.05150629 -24.05573752
0.03810000 5.13147009 79.08176658 -19.49676950
0.03910000 17.59344414 107.99664112 -31.73492783
-0.00110000 14.96153447 99.45206437 -10.81650520
-0.41210000 23.22762019 69.35692568 -32.70985509
0.16990000 13.54250956 100.23124514 -12.24542461
-0.41570000 25.16447783 72.35040795 -38.87022528
0.27470000 39.47037562 101.91378192 -31.38336253
0.27190000 26.75697950 108.16463394 -36.62778351
-0.20410000 27.88024967 68.63407938 -24.28469800
0.03810000 31.79515683 70.80049487 -36.50164119
0.06980000 11.01225619 104.56409172 -18.30600855
0.73410000 38.38305636 103.27409448 -34.13694972
-0.80140000 38.45474796 106.21907925 -19.84353593
-0.32040000 27.34974817 67.11143693 -18.31050220
0.06210000 38.87819317 72.32873955 -23.32622628
0.03810000 26.15790775 107.40240925 -12.52400751
0.01710000 32.29910509 108.60833604 -19.14089237
0.35310000 34.81161031 105.69840709 -28.94515765
0.10000000 14.97695581 108.48271085 -28.24269353
-0.58940000 7.07610208 78.90217597 -17.40779309
0.59730000 23.96930027 72.63112652 -38.33925005
0.11050000 23.24784620 67.57604228 -15.20821377
-0.80140000 22.04549947 74.65545329 -41.45916988
0.03810000 32.59513320 70.27848604 -29.57730850
-0.00360000 39.90215204 100.83149999 -36.51540941
-0.56790000 28.91716132 108.25110428 -34.50208362
-0.81880000 19.77750666 68.83718667 -15.76345570
0.03620000 8.32656041 76.11034429 -17.86484117
0.01870000 10.44262960 69.05802855 -30.54985025
-0.80140000 2.98855292 81.26926414 -21.64781836
0.03910000 18.63639506 107.87480752 -33.18933687
-0.03430000 27.86220541 70.57332185 -33.52604981
0.10000000 30.64933117 110.00139680 -25.68313617
0.27470000 17.67892131 72.54570189 -40.59670598
0.03620000 22.36393262 110.93353383 -28.13179031
0.11050000 16.71623915 110.12653624 -21.46215472
0.29360000 25.84288243 107.59862908 -39.44784683
-0.19060000 15.28904751 99.34554651 -9.44858450
-0.80140000 8.07775542 105.56441611 -29.14133361
-0.00360000 31.51841267 109.35711993 -19.27483599
0.08820000 26.63600595 67.02414733 -19.12967971
0.59730000 30.61370945 106.83488173 -13.79917263
-0.58940000 37.71261083 104.09880540 -34.75613321
0.04020000 20.67359377 70.79197457 -38.05730460
-0.65460000 10.07775851 79.27594860 -15.16047447
-0.41570000 29.91664007 70.42716438 -34.91819953
0.14260000 37.89057349 104.11933802 -32.24891789
0.02950000 27.29811037 70.00065213 -32.78987933
0.44780000 22.65128170 104.33075686 -9.75897965
0.03520000 40.82392420 100.26456909 -34.64527921
-0.80140000 29.99911941 69.41901958 -30.47102664
0.10000000 30.00214542 110.68973448 -24.17406033
0.06210000 17.10713452 76.16687060 -43.81832502
-0.03610000 34.13372603 106.54985480 -29.00523435
-0.24000000 38.66201199 103.45845329 -32.64415818
-0.80140000 33.35088991 71.19803430 -38.86585502
0.10000000 22.45818786 68.77951868 -33.22237361
0.03810000 27.86775968 107.85118115 -38.91147535
0.09220000 22.36779008 68.17910872 -30.28835054
0.53660000 31.23697313 70.31924063 -35.13654803
0.59730000 21.00367494 111.82169899 -24.38068272
-0.24000000 20.70736912 111.29680073 -26.79388965
0.08430000 21.53181616 111.99285520 -22.33314474
0.11350000 36.69513449 70.27633643 -22.80208594
-0.02970000 25.62097731 112.01868558 -21.47653945
0.06980000 27.45703190 67.53039970 -12.38939609
0.27190000 28.39472726 106.37782942 -11.84718909
-0.57130000 25.31235785 111.74667972 -26.16761580
-0.41570000 29.91446854 108.32539424 -30.85144511
-0.56790000 23.03996683 71.82788986 -38.36572755
0.04020000 18.99555128 70.34772161 -38.31905307
-0.01430000 37.67749912 70.70373417 -22.60110474
0.06420000 16.07167920 109.19553444 -18.03958854
-0.51630000 33.79462151 70.33359629 -28.71023842
0.79940000 3.28858390 80.42731883 -20.76513787
-0.56790000 31.81799986 106.90570871 -14.04391441
0.01030000 18.82307217 74.09187224 -42.39098216
0.02950000 27.29896306 70.54940360 -34.45894135
0.27190000 25.16911542 68.56869004 -29.61758052
-0.60860000 30.22724889 109.05979774 -16.04533297
0.07910000 27.94902792 111.68872594 -22.31591868
0.01030000 20.13404657 110.33491435 -29.26773697
-0.59310000 27.75194354 70.78112704 -37.91819114
0.13920000 35.71966697 107.61431525 -19.87927719
-0.24380000 15.49078899 109.21227712 -18.96175225
-0.01220000 33.86933547 70.57282804 -35.94557311
-0.80140000 21.74166802 76.03160129 -43.14471172
-0.41570000 23.29077685 112.30274735 -23.42089750
0.08800000 4.94897127 79.63525727 -18.57566089
-0.41570000 24.19867940 68.53896981 -29.33923470
-0.81880000 18.80759052 107.30985815 -37.73178683
-0.34790000 21.43584840 111.88796856 -25.65068308
0.08820000 26.96967074 66.57074841 -17.44372883
0.03970000 23.62103475 66.95440702 -16.02209358
-0.80140000 6.21033855 104.77384472 -30.03320247
-0.64960000 37.53333924 102.65807224 -9.06889089
0.34000000 20.15067017 109.19809181 -31.71495412
0.09780000 29.83968179 70.10379638 -32.85616093
0.36540000 14.26191077 108.32237199 -18.79946485
0.41020000 13.93971966 108.58597233 -20.69811082
0.08820000 28.28654847 66.63114596 -18.59303514
0.80540000 20.59818184 67.89136841 -15.72179095
-0.91910000 30.18945103 68.12737366 -23.71536075
0.10000000 36.74325462 105.17823878 -29.77199176
0.06210000 37.85073715 71.61164492 -24.56440710
0.42510000 32.18682798 107.77186863 -15.64116060
-0.94070000 32.21768705 108.28809289 -16.50872347
0.01430000 27.06092817 67.86388756 -25.33268032
0.53660000 27.57187762 108.00998291 -12.68043895
-0.41570000 26.09977740 112.24210835 -24.12661705
0.27190000 28.69286608 68.02985607 -26.72491092
0.01360000 21.30424452 67.46966037 -17.02372341
0.59730000 28.81266681 66.90683568 -13.94395820
0.01030000 9.59604529 68.99927169 -31.23391363
0.34000000 19.04143038 77.27836546 -44.70782200
0.69510000 31.22871227 109.12200892 -16.74300413
-0.41570000 28.61206952 107.25204964 -12.30391645
-0.19060000 13.80218425 100.15528194 -11.19986216
-0.03610000 25.13471472 69.04367770 -31.78428694
-0.01730000 17.15671373 110.93837052 -24.36234039
0.27190000 30.86580256 108.18260268 -31.15913940
0.34000000 20.28039679 76.37096134 -44.06832273
0.06210000 11.87662412 67.72829796 -29.65176122
-0.56790000 12.94852681 106.39796340 -16.98889782
-0.38110000 29.96423524 104.96140203 -10.31088083
0.27190000 24.14350619 72.87435672 -41.13131287
-0.01220000 28.26059236 107.41772693 -40.97060770
0.10000000 35.75032133 106.22389617 -30.81273530
-0.58190000 4.30324393 77.05948020 -20.50670247
0.01710000 40.23721066 100.99362910 -37.53988511
-0.80140000 23.20728215 107.08159881 -11.01097370
-0.04790000 17.67186968 75.23490724 -43.79343875
0.11470000 19.73423154 66.99333020 -28.22322719
-0.02490000 21.83537466 112.46601410 -23.26699327
-0.04620000 19.97068200 70.41689857 -38.80116833
0.04020000 19.31559753 67.57542397 -24.40792173
0.08500000 39.24633599 102.87134959 -36.64179530
0.01880000 19.86562093 71.42697922 -39.95809002
0.04570000 35.69670312 106.38395239 -27.10787807
-0.41570000 27.38578815 108.94634487 -36.74451391
-0.00240000 29.22409351 69.89438860 -33.73097439
0.42510000 33.03385427 108.24525492 -17.10213594
-0.02660000 30.91590793 105.71031372 -10.96890043
-0.51630000 35.77444931 70.82918833 -26.65539409
0.01710000 31.91411847 110.08827832 -19.97976498
-0.00940000 21.47906696 111.56929865 -28.10150600
0.06210000 22.13411865 110.48721888 -30.63225299
-0.58190000 31.98999853 69.83902301 -34.28448509
0.42750000 9.76039833 79.80292152 -14.42346122
-0.06450000 41.14877964 100.64981447 -35.61179638
0.71300000 28.93939772 67.74242902 -23.66370963
-0.41210000 36.04920499 106.01861405 -29.78481096
0.73410000 3.20588488 74.63899461 -27.23513095
-0.57480000 28.09979328 109.63140521 -31.09273728
0.27470000 23.75378277 67.55102991 -23.99046958
-0.04620000 19.88984136 67.32227222 -25.29913329
0.10480000 26.38036671 71.30764762 -40.18465971
0.05600000 16.88466623 111.15569662 -23.32945101
0.08800000 31.83098609 69.89554913 -37.10818060
0.27470000 22.25915906 112.44546016 -25.82805924
0.61230000 26.02843838 112.43541620 -25.45075655
0.53660000 4.29937794 77.77500187 -19.49942331
0.01880000 21.39168520 67.53852459 -25.00980467
-0.67610000 13.40581990 108.54524842 -19.90130197
-0.06450000 31.29728055 110.07471641 -17.93421209
0.14260000 19.72917548 111.77376074 -26.85510709
0.79940000 24.40716923 107.09968876 -10.65747942
0.29360000 36.65488890 71.30076591 -26.80552113
0.08800000 32.58853446 69.32032543 -30.09690961
0.27190000 21.95056951 71.78905385 -39.99953712
0.27190000 22.51372007 67.46349454 -26.81258834
-0.24200000 37.59255822 104.64776312 -10.38469614
0.53660000 28.12307486 108.96168966 -37.86021954
0.03520000 30.38959533 110.67639230 -17.98105210
-0.02520000 27.79386399 66.59724025 -12.84090148
-0.41570000 27.95395022 67.41752281 -26.41001827
-0.05180000 23.29653905 67.64597445 -30.08514073
-0.58940000 3.67226884 73.53173468 -27.50908673
-0.04790000 10.98925385 67.64407771 -30.27912262
0.03520000 41.78267434 99.88399171 -36.05877821
-0.81880000 20.88120411 67.30432280 -14.65263987
0.00780000 39.26323535 103.38452906 -9.87271643
0.58960000 29.22492497 109.29222482 -31.45727660
-0.58190000 27.71212749 109.12706189 -13.17795940
0.35310000 24.39336283 68.44651973 -32.31522900
0.41960000 30.91683828 67.46444098 -23.48836177
0.01430000 25.44008735 71.13868850 -39.65984804
0.01880000 30.03321593 107.53992334 -12.54831127
0.03970000 2.00960227 77.55165025 -23.72456306
-0.38540000 19.60436985 76.44665531 -44.81489334
-0.80140000 24.89177163 106.27203998 -9.84647943
-0.03030000 25.39359006 108.05202304 -11.34612438
0.59730000 28.56440749 109.43353594 -34.56511622
0.01870000 20.61186875 111.31121360 -29.34913133
-0.24000000 23.70758551 66.88274930 -21.94303658
-0.01730000 17.62457232 111.84502686 -22.92267954
-0.03030000 28.14009408 108.31500420 -40.36358673
-0.34790000 23.12718006 67.24419076 -23.26017932
0.05600000 22.41680037 66.42464846 -16.82417412
0.27190000 26.70483615 112.83520544 -23.57685305
-0.04250000 20.56065559 67.05163031 -17.70227152
0.27190000 23.84599805 113.14402974 -23.35709015
0.30250000 38.35353147 103.75195054 -9.39780476
0.03620000 25.72221209 66.78640492 -22.76116171
0.12070000 36.65658133 104.96419689 -9.92435203
0.59730000 21.81957753 67.19244704 -23.55941309
0.00430000 13.74205615 108.65082475 -17.89948141
0.06210000 16.98284399 74.41717391 -44.00475973
0.36490000 29.10808342 105.30297073 -9.89803359
0.27190000 26.36148258 65.96421847 -14.28940233
0.34000000 18.92962823 110.16935262 -31.23979547
-0.56790000 29.28050471 66.00099159 -14.63525409
0.06420000 15.18023619 110.23711513 -19.16513381
-0.41570000 21.16862222 71.58745652 -40.60618324
0.71300000 26.85384376 69.95731769 -37.80824910
0.27470000 1.52257369 76.80807651 -26.11002918
-0.38540000 19.66914756 110.06208783 -31.91929018
0.53660000 2.16345455 76.13953180 -24.31950276
0.08810000 19.15764942 71.01831918 -40.67911270
0.11050000 1.29550959 78.09779418 -24.34092258
-0.23410000 14.45153935 99.91764069 -8.46779499
0.10480000 26.64253739 66.98537710 -24.84149038
-0.01730000 22.76050516 66.08329544 -17.80061959
-0.01220000 24.86708839 108.93594191 -11.70610230
0.53660000 34.45474182 69.27165269 -28.22538611
0.06210000 11.28430054 67.17537156 -31.21793201
-0.34790000 1.82791197 75.98659994 -25.60798483
0.53660000 24.38090411 65.79460462 -15.34938503
0.03620000 25.54337319 66.03368655 -21.17604501
-0.02520000 27.54067537 109.88211829 -35.62565171
-0.80140000 2.45161077 79.91243974 -19.98905811
-0.41570000 22.20318599 66.88103826 -26.04811697
0.06980000 26.57785510 110.01261173 -35.13163979
-0.59310000 28.64741459 66.66083985 -23.16966024
-0.04790000 21.43872182 111.32649487 -30.64409881
0.06410000 30.76209693 109.39047288 -32.96246760
0.27470000 29.44397705 68.24447450 -31.83744709
-0.58190000 2.61801770 75.21221643 -23.64523138
-0.41570000 26.62386166 65.85491902 -13.32021926
0.29360000 2.14824026 77.78946886 -21.61800911
-0.41570000 23.85435683 71.94709296 -41.40821539
-0.01430000 18.74222193 75.24731562 -44.89142169
-0.00940000 40.03912353 104.13474967 -32.51512837
0.19840000 27.13981314 112.44782946 -27.84037752
-0.00940000 25.06756303 66.16753994 -22.14753284
0.16560000 14.68257950 99.81433890 -7.41786712
0.03620000 21.80236314 112.61008378 -28.12013056
-0.38540000 38.70716002 69.66013190 -22.83222705
-0.58190000 25.43501144 65.36092228 -15.81764141
0.08810000 30.14227634 108.61080817 -12.71981204
0.04020000 19.70512810 66.26879706 -25.50930364
0.10000000 25.37084449 68.75931063 -34.21414360
-0.56790000 20.98634067 66.87858480 -22.70329290
0.03620000 40.80670897 103.42868484 -32.83196639
-0.11020000 23.94745843 67.26390476 -31.42974791
0.03810000 35.65160145 69.48920540 -27.25728722
-0.01220000 29.09260281 108.84330726 -40.40510430
-0.04620000 30.84337754 107.18855666 -11.28662671
0.14260000 23.04375707 66.16138723 -21.46651848
0.06980000 28.30725441 66.02253384 -12.07003019
0.34000000 39.64511131 70.00224492 -22.67954813
0.10000000 36.54317410 106.90492238 -29.38662485
0.34000000 19.20986366 109.97444838 -32.81454760
-0.20410000 25.64431256 69.91464543 -38.73143889
-0.24000000 1.94189884 74.72207867 -26.36183743
-0.80140000 25.84698279 109.03665678 -40.72812080
0.34000000 20.11886649 76.55959898 -45.67666023
-0.80440000 39.15827020 105.92007595 -11.65827866
0.41960000 27.76030536 68.92278603 -36.33177299
0.11350000 9.63284220 67.26803491 -28.65411440
0.01030000 40.43899405 103.84603319 -30.40555786
0.03520000 32.13847056 110.74676495 -17.76435818
-0.23410000 12.95649720 100.72029123 -10.22155969
-0.01220000 26.11442743 108.37979547 -10.59708516
-0.51630000 1.49736370 77.54757905 -22.35145958
-0.58190000 28.97346530 109.83061870 -38.04748758
0.01030000 19.83693950 112.07583121 -29.40340245
-0.02660000 29.94884437 110.02048400 -32.60218079
0.04020000 31.85927956 107.56371196 -11.41032993
-0.04250000 14.84090339 111.32401983 -24.00293712
0.59730000 24.38289060 70.89072593 -40.77417212
0.59730000 22.90701575 66.38535275 -29.28796107
-0.91910000 26.92684700 69.01534778 -36.89469559
0.29360000 22.95860141 65.69695692 -13.94900234
0.69510000 42.01753650 101.88742708 -35.36284942
-0.02660000 20.40132431 69.02094943 -39.20814959
0.78100000 38.39203670 105.91323771 -10.66876975
0.01360000 15.50660383 111.84346364 -23.31364570
-0.25480000 29.05101670 110.35146317 -33.70878625
0.34000000 38.55624755 68.85090244 -22.24701320
-0.41210000 25.04096008 67.92281053 -33.59807269
0.27190000 24.58406616 66.50021303 -28.17433468
0.06980000 22.80132380 72.79153570 -43.00494719
0.79940000 27.05584740 109.16590174 -41.04592594
0.11350000 19.34950289 74.34519783 -44.81728829
0.04570000 23.23833782 66.65659534 -31.99226365
-0.01730000 21.98534818 65.56249939 -16.31559922
0.07970000 24.74869405 69.77360540 -38.12639760
0.06980000 28.97470592 66.67665910 -28.79582767
0.59730000 21.37777035 71.61857392 -41.92654136
-0.25480000 3.59302800 77.41748369 -18.40701237
-0.51630000 23.86982804 65.33997757 -14.19867049
-0.01220000 34.84880467 68.37135753 -25.59700650
0.21170000 21.48818895 113.95437665 -23.16580436
-0.01430000 20.57036142 111.24094368 -31.91012300
0.59730000 27.77938703 66.27156837 -27.06931501
0.02210000 26.88115170 113.53207346 -26.09703403
0.59730000 29.03992941 68.37425904 -33.79717717
0.11160000 27.91105898 113.39159107 -25.76892428
-0.01430000 9.98489452 66.74643134 -29.54410970
-0.04250000 15.08592628 111.75896524 -22.31165175
0.03620000 40.06098379 104.97806461 -33.20537705
0.34000000 38.61835326 69.32410098 -23.78054524
-0.56790000 21.87577277 65.77217330 -29.56201595
0.16560000 12.05702966 101.23935345 -10.51809334
0.14260000 2.03506151 73.89501870 -25.65799557
0.06210000 22.01657710 112.24957662 -30.68997344
-0.34790000 29.20969781 67.69903624 -32.65458769
0.01870000 40.40236610 104.66755646 -31.12100032
0.01030000 39.65503177 105.39334244 -30.80033426
-0.58190000 34.16201347 68.12561977 -28.57435221
0.15920000 26.84854667 113.37678328 -27.57147482
0.03910000 4.43788517 78.15782745 -16.64587167
0.11350000 18.23495080 75.24108569 -45.85617006
0.32260000 13.27530942 100.59821627 -8.85098380
0.08800000 36.53341972 69.37594032 -27.88789641
0.10000000 24.32684089 67.31847709 -34.15746075
0.03520000 20.40510020 114.07474453 -23.14274710
0.19840000 25.90628638 113.51986305 -27.90580261
0.11350000 21.22946005 111.20417194 -32.77749791
0.42510000 43.22055520 100.93958970 -34.00781966
0.06980000 27.84339312 110.85014783 -36.02487672
0.03520000 21.90638911 114.36698383 -22.24767334
0.53660000 25.83027437 65.08892488 -12.56674699
0.11470000 18.63811337 67.81353554 -38.74888084
-0.02520000 22.80716921 71.85946712 -42.43986874
-0.60860000 41.83585634 102.96687630 -35.91338107
0.03910000 3.16034149 79.19509294 -17.34831115
-0.56790000 20.46629273 71.42503976 -42.73982163
-0.41570000 23.69764081 66.02569106 -28.27014047
0.04570000 24.81733049 66.64060384 -31.22258077
-0.18530000 38.71993861 104.42880525 -8.07574876
-0.80140000 36.89006283 67.92860499 -24.10525260
0.34000000 8.32389123 67.16665793 -30.73121137
-0.03030000 35.76922852 68.38293569 -26.18077595
0.79940000 36.95750334 68.51123310 -25.21322416
0.04020000 30.41096210 107.70953187 -10.43240048
0.02920000 24.45838329 114.54072013 -24.99737200
0.01920000 3.47920717 78.16912249 -17.16443652
0.10000000 25.90791570 67.31210516 -33.34602746
-0.94070000 42.99963722 101.79990138 -34.48861282
-0.56790000 28.71686234 67.83309200 -34.85704481
-0.02520000 28.88805692 65.88327400 -28.05344618
0.05860000 39.15947343 103.69381382 -7.40143670
0.59730000 22.49071498 65.57016085 -26.09567563
0.07970000 25.76344440 69.02460313 -39.34928358
0.12920000 19.64829858 67.87786000 -39.12542989
-0.80140000 37.95633602 69.21441522 -25.50672957
0.03620000 0.34292772 75.45107843 -27.63472891
-0.56790000 26.79883226 65.55467317 -26.85980331
0.11350000 10.50167829 65.84766633 -29.20756953
-0.65460000 22.02359830 114.64967123 -24.27377085
0.36490000 22.37190197 69.26825197 -40.01457130
0.41960000 26.20093560 68.31627679 -36.82800773
0.27190000 1.63094650 78.12694632 -19.47212696
0.06980000 29.83081170 65.84295101 -27.50783860
0.06410000 3.46838964 75.32993440 -18.64271582
0.05860000 37.82546717 104.85207177 -7.61872933
-0.38110000 21.60928149 68.65531988 -39.76391232
-0.00940000 0.64647402 74.51046873 -27.17514838
0.02530000 30.78140898 111.35776608 -31.07965138
0.03620000 30.25593958 66.39062552 -30.61966690
0.03810000 24.53922691 64.49562542 -13.18240415
0.11350000 19.97422738 112.14977461 -31.99230051
-0.58190000 26.11377393 64.84751841 -11.38760662
0.01030000 31.80496818 67.36967436 -32.31230528
-0.38540000 8.82843822 66.36122386 -30.38942802
-0.58940000 27.34546438 66.06091788 -31.14850944
-0.80440000 38.22114670 106.92991965 -9.96448350
0.01870000 24.90332896 64.76911016 -22.78438937
0.03620000 0.83105942 73.78693107 -27.96920293
-0.80140000 27.40123452 109.89291367 -42.00681842
-0.02660000 2.84331657 76.15885857 -18.31064840
0.41960000 0.96202098 80.16009756 -18.93215315
-0.56790000 23.98019636 69.75116213 -41.01103989
0.19840000 27.44796053 114.05704837 -28.01649813
0.59730000 0.24038628 77.27854983 -21.98321789
0.11350000 27.09232407 65.09102637 -24.49168546
0.05860000 39.44548353 105.22361858 -8.24882488
0.06210000 26.91569756 64.27328455 -22.13104547
0.80540000 15.59275181 113.34028714 -23.67041389
0.06980000 23.05022413 71.04808901 -43.12593616
0.08650000 26.44646486 114.95146928 -25.67780892
0.11350000 34.01054569 67.62448135 -31.86197321
-0.02520000 23.34137628 65.02740969 -27.25675861
0.01920000 28.76807329 111.78020474 -33.72357217
0.08800000 23.84743993 64.42019480 -12.34345156
0.02130000 28.68766631 112.36829542 -31.65066508
-0.00700000 30.53040165 111.35694813 -32.14035644
0.01030000 24.45338956 64.86458382 -23.77258948
-0.41570000 1.09053972 77.28989886 -19.63770850
0.01250000 26.77570159 115.11922419 -24.65235202
0.03340000 24.92974728 115.19800470 -25.72805112
0.06210000 32.62529019 66.46804158 -30.12637043
0.03910000 27.69528461 111.97296443 -33.71526690
0.07970000 -0.22601368 79.56654002 -20.76109066
-0.27740000 24.11409675 114.92937269 -27.32953933
-0.56790000 22.10869875 64.79599138 -25.21778734
-0.01220000 35.85374138 67.41801764 -26.68066720
0.34000000 9.09760941 65.76674731 -31.16030013
0.42510000 43.55583496 102.62454070 -34.31336572
0.01030000 24.21067866 64.20366908 -22.16100128
-0.24000000 29.29118580 66.23075629 -32.53670420
-0.81880000 16.42328835 114.06496202 -23.06846405
0.11350000 42.33940782 105.07732882 -29.15297394
-0.55790000 12.43519783 101.09599116 -7.89966338
0.42750000 21.55260201 115.48386562 -24.33623242
0.58960000 1.54641204 76.13557161 -19.14081464
-0.04790000 41.78023720 105.34461928 -31.20602059
0.06980000 24.25927277 64.61304137 -26.83978782
0.34000000 8.16311680 65.85795803 -29.82006040
-0.00940000 30.43064192 65.88289902 -31.56824102
0.02530000 31.41103877 111.59505768 -32.73691551
0.06210000 42.50955316 104.61815449 -31.56441770
-0.56790000 -0.62498739 76.93830534 -22.79165025
-0.04790000 26.20833035 63.94956163 -22.89454781
0.73410000 27.99760516 65.56402008 -32.06283031
0.34000000 34.90769207 66.91574726 -29.69593287
0.03910000 29.22491679 112.22874978 -34.60572977
1.00000000 50.86992173 87.61770779 -22.98852345
0.01870000 31.80243714 66.29925041 -32.10666722
0.01890000 29.41547212 112.35069308 -32.46189223
-0.57270000 20.41257567 66.80641277 -39.61012593
0.01430000 -0.09997362 77.42834136 -20.48365780
0.06980000 22.79108001 64.21370467 -27.72915538
0.20570000 21.58844604 67.33463758 -39.99401103
-0.41570000 28.68743461 64.61234750 -28.75148441
-0.01220000 25.29258270 63.06765641 -14.63819460
0.27190000 28.34430475 64.65728267 -29.70034834
0.39920000 11.54254350 101.16691968 -8.24570875
-0.81880000 14.81578517 113.82537980 -24.53116639
0.01030000 -0.56196750 74.56302521 -25.37594976
-0.91910000 0.20078828 79.94175710 -18.30528673
0.01890000 2.42923609 77.44130856 -16.32745773
0.02530000 3.39622295 75.51930663 -16.32721187
0.06210000 41.72698535 106.16283229 -31.92420766
-0.01430000 26.84992883 64.04811391 -24.28753105
-0.04790000 32.88904395 65.99723178 -31.07340432
0.01250000 26.95415827 115.68441851 -26.30481235
0.01870000 -0.48727983 73.96494513 -26.28414734
-0.00700000 2.54763795 75.99854631 -16.81540606
-0.03030000 24.77154710 63.04986364 -13.68095600
-0.20410000 -0.76175635 78.79507025 -20.20799535
-0.01430000 34.19823747 66.58580573 -31.58989455
0.14260000 29.53096461 65.81237662 -33.51423439
0.02920000 24.73397298 116.22211197 -25.41028179
0.11350000 41.52600726 106.61486760 -29.49143706
0.34000000 36.01330802 67.15198054 -30.86648684
-0.01430000 42.25985731 105.89998817 -29.86361138
-0.57480000 0.94923336 75.06871257 -19.31072828
-0.38540000 35.26224989 66.54685875 -30.56674682
0.11350000 26.12371956 63.72647684 -25.03403779
0.34000000 28.81385860 63.58164825 -23.81435867
0.01030000 -0.23025559 72.94410417 -26.00144070
0.02130000 1.43783471 77.82864010 -16.56240042
0.41960000 0.13679962 80.33813442 -17.37852685
0.02130000 2.63210229 77.52782092 -15.26000231
0.03620000 30.43685987 64.80827866 -31.38589120
0.01030000 32.01290596 65.75929437 -33.02984168
0.06210000 25.96817529 62.90334485 -22.70518758
-0.01220000 25.43222116 62.55578803 -12.96856559
0.11350000 34.51055930 66.05324772 -32.48819237
0.13920000 22.40047894 66.77918254 -40.43951618
0.71300000 -0.79849326 79.21120892 -18.74369174
0.10480000 -0.81570411 76.64771690 -20.22586823
0.02130000 29.81927758 113.34692812 -32.64232315
-0.38540000 28.08137361 63.22890688 -24.41364510
0.07970000 -1.78471314 78.77581639 -20.58387873
-0.51630000 27.70146761 64.37953938 -32.59636697
-0.80140000 22.39697983 62.61967303 -13.44741105
-0.03410000 24.66644799 116.40694167 -28.22668685
0.34000000 28.42846888 63.23743898 -25.36209655
0.06210000 32.98395298 64.92070441 -30.93134254
0.53660000 28.89051410 63.39524714 -28.23472828
0.02530000 1.63647173 75.43065024 -16.62733487
0.11050000 25.69774443 64.00145725 -32.02858552
0.05970000 25.75503647 116.44736789 -28.26464224
-0.58190000 29.15522018 63.23368711 -27.03690027
0.79940000 23.51395678 62.17866553 -13.80745888
0.06210000 -2.22835699 74.99125542 -27.02998577
0.05970000 24.27709076 116.38202665 -29.24446893
-0.04790000 -1.86129648 73.96631071 -26.97654268
0.06210000 -1.76863515 73.56816829 -27.98698692
0.34000000 35.62311831 65.61169610 -30.44285111
0.34000000 43.96912693 106.86986965 -29.14892328
-0.38540000 43.57699080 106.55871607 -30.02614473
0.29360000 28.33665947 64.03096591 -33.30002292
0.03970000 26.63467416 63.45742931 -32.14815828
0.34000000 27.93569470 62.26837112 -24.13750165
0.05970000 24.29372639 117.29955497 -27.72427239
0.34000000 44.24809132 105.92270395 -30.43261784
0.53660000 26.96429065 62.80031933 -30.78712217
-0.58190000 26.08803376 62.58479633 -29.95233482
-0.59310000 -1.70143692 78.88482018 -17.98466420
-0.81880000 23.47000836 62.15591827 -32.04900981
-0.51630000 28.24762266 62.53886466 -30.52047125
-0.80140000 23.67781613 60.97705519 -14.14134345
0.34000000 43.51773132 107.35488864 -30.64477623
0.29360000 28.92538995 62.64498336 -31.26173650
0.03810000 28.77769468 62.18143377 -29.19334522
0.11350000 -2.76799088 73.34125541 -25.12358997
-0.01430000 -2.84631362 73.09401126 -26.18228665
-0.80140000 32.23505794 62.57293219 -29.82660586
-0.01730000 26.16955243 62.92189762 -34.18387040
0.11350000 -2.55257084 72.05064378 -26.29718752
0.08800000 28.09251186 61.47684803 -28.72198113
0.79940000 31.14382767 62.17380231 -30.28995855
0.80540000 24.00413775 61.67660785 -33.07540851
0.05600000 26.46348229 62.40949641 -33.26781852
-0.80140000 30.86436967 62.28263610 -31.51134430
-0.81880000 23.34992948 61.41949289 -34.11499914
-0.03030000 30.14256007 61.47279499 -29.35480560
-0.01220000 30.59355475 61.33414891 -28.37221626
-0.01730000 27.43935482 61.95865271 -33.44813475
0.34000000 -4.33597142 73.35056040 -27.62570051
-0.38540000 -4.25147137 73.27354514 -26.62218944
0.34000000 -4.63907121 74.11268546 -26.21510781
0.01360000 25.48058272 61.25615391 -33.02075409
-0.04250000 25.71009269 60.77024736 -32.07242896
-0.01220000 29.95479020 60.47833025 -29.75963094
0.34000000 -4.82869521 72.51631360 -26.28526429
-0.04250000 25.65512306 60.50805630 -33.79405019
1.00000000 30.41282241 114.45642563 -46.43399598
1.00000000 20.18597382 54.50468711 -17.51436704
1.00000000 -11.80262215 77.60034307 -12.10038240
1.00000000 6.33835437 120.54500208 -53.43752221
1.00000000 20.34241750 55.13142067 -53.21597544
1.00000000 -9.38150268 58.39654940 -14.19277411
