time_ps,phase,k_pull,r0_pull_ang,alpha_deg,cos_alpha,linker_e2e_ang,cr2_sep_ang,triple_product_ang,potential_kj_mol,temperature_k
10.0,ramp,0.0,52.67997022303109,100.72547492691359,-0.18610348764858842,53.40249952520594,25.829157654536655,-5.559410721615034,-1173474.3894543685,300.8030086749589
20.0,ramp,75.0,52.616570371915934,88.57614278741119,0.024848438636898396,53.52918595578834,25.989835825235236,-5.540687034697871,-1174387.3061132599,298.32558571191635
30.0,ramp,150.0,52.553170520800776,96.55643513041234,-0.11418180594908393,52.366531985536724,26.314467733055302,-5.357991674980162,-1174509.0144022945,299.63754642303815
40.0,ramp,225.0,52.489770669685626,96.7147735788826,-0.11692681988026685,52.480914712899484,25.777738644187735,-6.690570065735987,-1173155.1985636689,298.62967302804503
50.0,ramp,300.0,52.42637081857047,95.17538471924658,-0.09020472228658413,52.23622391640364,26.081067654105734,-5.606693724253059,-1172290.2769200243,300.19098648943276
60.0,ramp,375.0,52.36297096745531,99.64362129465945,-0.16751937181704313,52.30560563207762,26.30715369385724,-5.555743259615689,-1174557.5525138676,300.71552476988586
70.0,ramp,450.0,52.299571116340154,101.96335579285521,-0.2072860622375201,52.526909291641495,26.11756053542866,-6.244608650337009,-1172739.1720939819,301.1852708544885
80.0,ramp,525.0,52.236171265224996,96.75385734198277,-0.11760425385492024,52.05266410598465,26.405606582054418,-5.4179595615254765,-1173823.1634380445,298.26948956149613
90.0,ramp,600.0,52.172771414109846,95.17690422840941,-0.0902311345754122,52.02815087453258,25.924835864110356,-5.742126408845568,-1173039.8536907062,297.7390818954395
100.0,ramp,674.9999999999999,52.10937156299469,92.77579885914558,-0.04842788013495333,52.2335104611274,26.026352380823244,-5.643845971740063,-1173843.2461328264,300.3330765459026
110.0,ramp,750.0,52.04597171187953,90.73015919013613,-0.012743337002345256,52.133307467672886,26.071808843062104,-7.886742701502691,-1173334.6146542728,301.1040450041248
120.0,ramp,825.0000000000001,51.98257186076438,96.86896891493141,-0.11959914922100359,51.74351543296066,26.057804060421276,-5.092329744460829,-1174165.4454340283,299.0753442116498
130.0,ramp,900.0,51.91917200964922,92.80850865581027,-0.04899809602177255,52.18417815707507,25.934004266637515,-6.416422353000748,-1173932.337968234,300.8812285459152
140.0,ramp,975.0,51.855772158534066,98.64084613738856,-0.15024018939801975,51.51544596451766,25.664633677106245,-5.645570304116941,-1171855.1221897174,298.6015340363863
150.0,ramp,1050.0,51.79237230741891,98.82542348208464,-0.1534243213351888,52.052702158888046,26.274875548525042,-6.225582581429725,-1173323.7518252023,299.8069751666249
160.0,ramp,1125.0,51.72897245630375,98.7458472411407,-0.15205175002502244,52.189392199746884,26.2756889063536,-6.070024806947136,-1173297.1602317467,300.11575799274317
170.0,ramp,1200.0,51.6655726051886,96.2173818305008,-0.10830094648081467,52.090989920799124,26.053556481908274,-7.531823639120259,-1173667.5910296608,301.11798847545737
180.0,ramp,1275.0000000000002,51.60217275407344,96.93178682300272,-0.12068758692228619,52.23173547425899,26.12549836713184,-4.539346247929432,-1173156.5772353467,299.5328548389013
190.0,ramp,1349.9999999999998,51.538772902958286,89.10910474935632,0.015548428864402303,51.6769931465518,25.77304692792623,-5.9704510413489515,-1173305.101897275,299.19265609800465
200.0,ramp,1425.0,51.475373051843135,94.60612214829632,-0.08030543133375996,51.973113342142646,25.742184100197615,-6.336800544672967,-1172983.2956388146,301.04130579668606
210.0,ramp,1500.0,51.411973200727985,99.16984245085722,-0.15936158784991786,51.95723320889541,25.539977154715505,-7.521089540062434,-1174374.802708961,300.41540830178286
220.0,ramp,1500.0,51.34857334961283,96.62289624990852,-0.11533410791036147,51.32031095248014,25.921156469776342,-4.968845814426725,-1173716.3798310477,300.50883178195073
230.0,ramp,1500.0,51.28517349849767,96.38528237209385,-0.11121365830781663,52.13210732385811,25.79229962788171,-5.4778626609921375,-1173027.7730886396,298.4149414483852
240.0,ramp,1500.0,51.22177364738252,93.27066146152764,-0.057052814420806286,51.01945270984423,25.710878703700438,-5.91296633424418,-1173985.4098597467,300.2511117936822
250.0,ramp,1500.0,51.15837379626736,94.28686792343599,-0.07475017204697447,51.21772741483146,25.284225633510957,-7.121936766267696,-1171861.316533547,299.9788970349992
260.0,ramp,1500.0,51.094973945152205,92.236101253452,-0.03901742273670303,51.43356564657385,25.756862386449768,-6.1415088694136095,-1172325.307457449,299.10159698526274
270.0,ramp,1500.0,51.031574094037055,96.45554650153305,-0.11243230720063523,51.71316869574515,25.804055507304508,-6.867076207834627,-1172865.651438959,300.4419631998885
280.0,ramp,1500.0,50.9681742429219,97.45069535369923,-0.12967297752282875,50.73410323131246,26.01923936536411,-4.657048977316739,-1173003.2824629582,299.58088688000737
290.0,ramp,1500.0,50.90477439180674,91.47608521309999,-0.02575969729818553,50.807570203883856,25.83785154567045,-5.97420771653473,-1175044.6920131575,300.1006539207746
300.0,ramp,1500.0,50.84137454069158,97.4072957293953,-0.12892186948398598,50.80533998416609,25.9483907808037,-6.973252457319847,-1172800.5839164276,296.77285328688225
310.0,ramp,1500.0,50.777974689576425,94.04449687923422,-0.0705311778793967,51.19717150453318,26.17794058009758,-5.840412329974159,-1173320.881922312,299.63284063969826
320.0,ramp,1500.0,50.714574838461274,94.30402518230109,-0.07504878157346512,51.16180059241708,26.497501995554178,-6.561290945358148,-1173019.1751091331,300.1563953672894
330.0,ramp,1500.0,50.65117498734612,91.7015206662799,-0.02969277302647623,51.50421166442647,25.975822832532838,-5.494658974712464,-1174585.950064879,300.6504282917675
340.0,ramp,1500.0,50.58777513623096,93.11679639970686,-0.05437153415550659,50.53929511038048,26.086048364011674,-5.842869855679558,-1173498.4940625522,301.7007057790837
350.0,ramp,1500.0,50.52437528511581,94.89674466460579,-0.08536031432546966,50.4601372703374,25.569362374264042,-6.641399541623063,-1173390.6112440005,296.7994391678323
360.0,ramp,1500.0,50.46097543400065,98.50310684543487,-0.14786303998315176,50.54976716494202,25.976130132236648,-4.158194623744309,-1174320.0272515006,299.2241541434507
370.0,ramp,1500.0,50.397575582885494,91.5727940337254,-0.02744698703653564,50.300459636994255,25.653568810056623,-6.660006859346443,-1173693.247472085,299.95457802468167
380.0,ramp,1500.0,50.33417573177034,93.17252748226245,-0.055342760337877134,50.147342067401794,25.656894199062762,-6.340021876789973,-1172895.5606325492,300.41227088669126
390.0,ramp,1500.0,50.27077588065518,94.8008018651079,-0.08369178942732182,51.083699951174054,26.100655639143305,-4.908280698624568,-1175835.6266933307,299.149269041052
400.0,ramp,1500.0,50.20737602954003,88.49561573983347,0.026253441784915926,50.770874825810495,26.083075793525417,-6.303963564116165,-1174176.6468087304,299.764738153485
410.0,ramp,1500.0,50.14397617842487,96.67500173377736,-0.11623740361514187,50.43782490897218,25.838660319346072,-5.874331275099674,-1171787.5345923863,299.73163698496995
420.0,ramp,1500.0,50.080576327309714,93.64593694962475,-0.06359066820934942,50.50537089139255,25.852930137623385,-4.92222278446723,-1174535.9376694057,303.66401648796307
430.0,ramp,1500.0,50.017176476194564,95.5276295292551,-0.0963257475397827,50.74804476751754,26.231129857789448,-4.3958587473691875,-1170581.419811124,301.58607189528163
440.0,ramp,1500.0,49.953776625079406,94.1640971752273,-0.072613243095783,50.055904580981945,26.051843628696083,-6.642291867111423,-1174748.0500387717,300.64231821133905
450.0,ramp,1500.0,49.89037677396425,90.74286829303985,-0.012965134366322031,50.46656631703049,25.693328379404747,-4.599912405729552,-1171261.289323531,300.11820666159065
460.0,ramp,1500.0,49.82697692284909,91.49733194020581,-0.026130397808611608,51.301759562945215,26.403799876309165,-4.853269921720871,-1174610.1174072903,301.2389332939554
470.0,ramp,1500.0,49.763577071733934,97.09591970962319,-0.12353080800283778,50.119242571972606,25.622254618345192,-5.537472815376532,-1173747.6775940415,298.5830321541385
480.0,ramp,1500.0,49.700177220618784,97.8515263110051,-0.1366065007108337,49.928721128042405,25.669378637171118,-5.981748414781342,-1173092.391847698,301.5184903565505
490.0,ramp,1500.0,49.636777369503626,96.12849213228026,-0.10675852406035179,49.96605473036236,25.65414289085208,-4.607793044986524,-1173874.3811467718,300.32044492666864
500.0,ramp,1500.0,49.57337751838847,99.70002570003966,-0.16848982170258203,50.08320112651413,25.45115531214432,-6.496232720340192,-1173798.9326264206,300.3189184933278
510.0,ramp,1500.0,49.50997766727332,93.30248777726841,-0.05760737481151727,49.55241615228128,25.83795689753651,-4.078071606036797,-1172792.4581042714,301.07015232509434
520.0,ramp,1500.0,49.44657781615816,96.8554754342768,-0.11936533063953919,49.620451381595295,26.02987996421608,-6.263191414080788,-1175238.3941365816,301.00223568748623
530.0,ramp,1500.0,49.383177965043004,96.32395632840613,-0.11014989326831992,49.661880474825544,25.757980435598693,-4.1883639275153,-1172799.501428146,298.0487888922468
540.0,ramp,1500.0,49.319778113927846,93.09748819802708,-0.0540350378694609,50.419302984119625,25.79485653310301,-5.691092853630263,-1173677.3688017111,302.23925877645223
550.0,ramp,1500.0,49.25637826281269,95.00705956314849,-0.08727848584524943,50.00322844415708,25.532977435113217,-3.9390952631212413,-1175495.1597253792,302.48592615652535
560.0,ramp,1500.0,49.19297841169754,97.62436903291916,-0.13267796193679732,49.550423090943745,26.136784878234426,-5.439524852534564,-1172538.756316619,300.40096364477597
570.0,ramp,1500.0,49.12957856058238,99.10782719423759,-0.1582929566851306,49.43729249109211,25.764251151870408,-4.504917280089984,-1174851.501102807,301.7045731992723
580.0,ramp,1500.0,49.06617870946722,97.96870084044137,-0.1386321231289767,50.46958754620802,25.597131742382363,-4.399038304585914,-1171699.1000329852,301.50848853452055
590.0,ramp,1500.0,49.00277885835207,101.72539349245446,-0.20322126702642693,49.450994958542346,26.193778438169883,-5.7938112306639376,-1174025.3121006805,301.2278939014833
600.0,ramp,1500.0,48.93937900723692,98.28670224178627,-0.14412653840724893,50.20986720996161,25.887029825939297,-6.898385156411152,-1174012.0425053444,300.50246859470116
610.0,ramp,1500.0,48.87597915612176,96.43161183018312,-0.11201720730265018,50.51314383340843,25.801843645726407,-4.6585308754321755,-1173535.4972608518,303.39822493544045
620.0,ramp,1500.0,48.81257930500661,92.49039641373882,-0.04345193208470882,49.02047356644601,25.52065127601153,-4.121128090786836,-1174705.1057558097,300.52265573269545
630.0,ramp,1500.0,48.74917945389146,93.84707249341558,-0.06709364169062929,49.19736854997864,25.420466681027275,-5.334420930274737,-1173905.7785242926,300.21813224574106
640.0,ramp,1500.0,48.6857796027763,94.22762466268956,-0.07371903511371072,49.779742004616345,25.788739376283274,-4.81172713132616,-1174414.201879939,300.41542907988577
650.0,ramp,1500.0,48.62237975166114,99.19607060723575,-0.15981348868032477,49.67884315954619,25.18860983354461,-6.606748160837695,-1173136.699141629,300.05546945022803
660.0,ramp,1500.0,48.55897990054599,89.12836597993784,0.015212296738369394,49.00523017855082,25.707100115432773,-4.183686253555728,-1173187.964167254,300.63766956271314
670.0,ramp,1500.0,48.495580049430835,90.78783626644882,-0.013749903520177839,48.46414868908068,25.515272389108,-5.879559396824831,-1173830.496391967,299.1343263127614
680.0,ramp,1500.0,48.43218019831568,97.30221832283186,-0.1271030117202252,49.26804890596653,25.455574545192334,-4.111804966478747,-1172718.7192281522,300.2891690934815
690.0,ramp,1500.0,48.36878034720052,97.0741200276365,-0.12315323701135994,48.98755649578663,25.337037162968418,-4.781266141029415,-1173572.046735257,299.6620862510255
700.0,ramp,1500.0,48.30538049608536,96.87131015994285,-0.11963971825533408,49.32360698546591,25.55510529225681,-4.621285101250699,-1173760.2770792078,300.8086175163775
710.0,ramp,1500.0,48.24198064497021,93.65928033072636,-0.06382308107045102,48.74974097866113,25.32701721007988,-4.099659516531741,-1171777.346523039,302.26843618357844
720.0,ramp,1500.0,48.178580793855055,93.65469357048454,-0.06374319000973053,49.69817625810213,25.817751849799066,-4.900482082604798,-1173229.712435834,300.59626667153395
730.0,ramp,1500.0,48.1151809427399,100.77792420910276,-0.1870028300882588,48.93710949841167,25.55086817284471,-5.196941449905003,-1173837.8124997988,300.06918539649024
740.0,ramp,1500.0,48.05178109162475,96.83932455934568,-0.11908545532785317,49.26414327237881,25.747786919461944,-3.1312751309524742,-1174009.7637668718,300.9797846923008
750.0,ramp,1500.0,47.98838124050959,94.87586619258317,-0.08499724058578308,48.919763173448764,25.271302338269557,-6.148445695000247,-1175454.0706995353,300.7813412315204
760.0,ramp,1500.0,47.92498138939443,98.8982085713708,-0.15467949634674277,48.72487259746131,25.535307091102933,-4.162088136238555,-1173581.914282741,300.4917068731967
770.0,ramp,1500.0,47.861581538279275,96.35097883628391,-0.11061864284955344,49.06661212265188,25.740006751018356,-4.776606740655097,-1173197.8814265616,299.7542799253919
780.0,ramp,1500.0,47.79818168716412,93.43811093167407,-0.05997035084773569,48.75615439962806,25.137020011417555,-4.381290047083995,-1174647.5592423473,301.5001372155153
790.0,ramp,1500.0,47.73478183604897,96.18303586986502,-0.10770500283309196,49.01071041291155,25.4122962404502,-5.033856024851003,-1173216.3600652255,299.5341874365423
800.0,ramp,1500.0,47.67138198493381,95.32254537340458,-0.09276238898957086,48.808987791021124,25.378996259002168,-4.839602254098688,-1173120.6137405634,299.8466983441308
810.0,ramp,1500.0,47.60798213381865,93.22277568613394,-0.056218391471897555,48.873201104184815,25.37534350329517,-5.8590899137451995,-1171378.279155342,297.81294462263776
820.0,ramp,1500.0,47.5445822827035,91.34166986654715,-0.023414416684625794,49.23057170502423,25.167421892524086,-6.681622005771024,-1171113.094925519,299.3466633733045
830.0,ramp,1500.0,47.481182431588344,93.48787670107282,-0.060837341348116275,48.811142841052856,25.879595299092554,-5.122855231499266,-1172152.2494454328,301.3370299981133
840.0,ramp,1500.0,47.41778258047319,99.37095065442865,-0.16282574254971627,48.68193301451557,25.345523358309656,-5.627270173759077,-1173318.3742628247,301.69611910403364
850.0,ramp,1500.0,47.35438272935803,91.86597389549132,-0.032561631520462944,48.61925403715781,25.863319418934996,-4.371014094029196,-1173595.283284584,299.877856160903
860.0,ramp,1500.0,47.29098287824287,95.56767043404035,-0.0970213198574218,48.913776371871926,25.68567379619388,-5.58294487225587,-1171616.4416651838,302.3988095843305
870.0,ramp,1500.0,47.22758302712772,94.19983324983527,-0.07323529460370123,48.659179261227244,25.052043218404496,-3.636668791286418,-1174469.8187372666,299.7870540632848
880.0,ramp,1500.0,47.164183176012564,94.35306196920644,-0.07590219374604057,47.92005076266959,25.81273902771042,-4.258818707771412,-1174469.042637298,301.34832586067654
890.0,ramp,1500.0,47.10078332489741,91.24002080681842,-0.02164075637454245,48.20722007976975,25.324108918165997,-6.02768831461168,-1174469.2849165313,300.93981151547666
900.0,ramp,1500.0,47.037383473782256,92.77267952435032,-0.04837350127912361,48.61649813753512,25.630708154275627,-5.5858609229417615,-1171978.9058924709,299.14326961214636
910.0,ramp,1500.0,46.9739836226671,91.86493968120763,-0.03254359064235621,48.848180081325076,25.543391588818295,-5.863160473670904,-1173249.6295739282,300.00879806270973
920.0,ramp,1500.0,46.91058377155194,94.64908199511436,-0.08105277786683221,48.05720469640047,25.259244171794805,-3.481168539800688,-1172855.4604722932,301.08809293601706
930.0,ramp,1500.0,46.847183920436784,96.27507550270089,-0.10930191325167558,47.78005555296366,25.598977228047865,-6.24874393206973,-1172591.2988526542,297.6322568968849
940.0,ramp,1500.0,46.78378406932163,93.23147304879423,-0.056369948369683405,48.199150776263515,25.693817635210795,-4.363138111033843,-1173525.4559613857,300.64148201976735
950.0,ramp,1500.0,46.720384218206476,101.28213020387692,-0.1956402939700037,47.87152389128863,25.687912057095296,-5.138488419647527,-1173591.0172288436,298.5771508962143
960.0,ramp,1500.0,46.65698436709132,94.57631885337456,-0.07978693484576119,48.794526043271304,25.622681633817997,-5.323411991611834,-1174324.1969175003,298.96251429002757
970.0,ramp,1500.0,46.59358451597616,98.05538392181906,-0.1401302603852218,48.30979331300724,25.55595171940386,-4.741083665392443,-1173821.922133498,300.0096986592036
980.0,ramp,1500.0,46.53018466486101,98.10162523291861,-0.14092931456084642,47.94124009612482,25.37199112292525,-5.0091327829306405,-1173127.2772865612,298.62026727002353
990.0,ramp,1500.0,46.46678481374586,104.78614248707407,-0.2552119153096888,48.196028705589775,25.792003668242522,-3.697172376279246,-1174238.5324707013,300.4561118671385
1000.0,ramp,1500.0,46.403384962630696,94.685390481115,-0.08168437917567775,47.746899240502174,25.255156294446557,-3.8979772773274455,-1171474.888381876,300.1783491516335
1010.0,ramp,1500.0,46.339985111515546,98.43865408511606,-0.1467503989976482,48.04742474109303,24.934613341909973,-2.856656124953103,-1173557.9134018645,298.8279387434091
1020.0,ramp,1500.0,46.27658526040038,96.44904358075549,-0.11231952874117083,47.76813068944268,26.07103653636996,-6.6976058593651615,-1173585.3681493439,299.6679908990377
1030.0,ramp,1500.0,46.21318540928524,97.56042350787231,-0.13157168644489511,47.93201242123264,25.175948756367312,-3.0908021248412796,-1173691.7123274654,299.9303689266585
1040.0,ramp,1500.0,46.14978555817007,102.43648618850683,-0.21535723251700756,47.862294068907175,26.13551716694329,-5.094584845249926,-1175954.8116480168,300.21010494692666
1050.0,ramp,1500.0,46.08638570705493,106.36421083059679,-0.28174217702995685,48.103364860294775,25.82432408187418,-4.72192868815066,-1172707.8072808608,301.03865061872716
1060.0,ramp,1500.0,46.02298585593977,98.80218569243452,-0.15302353464396717,47.68021940690946,25.564776195880327,-4.6007458853847485,-1173670.4941445142,300.5339039060708
1070.0,ramp,1500.0,45.959586004824615,97.70211649648901,-0.13402279208011753,47.78542088453183,25.754487154036507,-6.763240626316032,-1172800.3616985288,301.8753992582235
1080.0,ramp,1500.0,45.89618615370946,91.13696988610256,-0.019842565684083546,47.52564159704106,25.78954450074825,-4.2121695234349845,-1173100.1321090478,302.20161128263913
1090.0,ramp,1500.0,45.8327863025943,93.88681407641027,-0.06778568401948877,48.089620486991414,25.116397819368316,-5.718995966706987,-1173796.349932164,300.9171298455571
1100.0,ramp,1500.0,45.76938645147915,92.53190197465442,-0.044175645125773474,47.73476459962498,25.731101356833754,-5.159770407583394,-1171371.772371715,301.5850285478831
1110.0,ramp,1500.0,45.70598660036399,97.97681094552192,-0.13877230298077686,48.215142136907424,25.517230247740542,-4.172897973859381,-1172871.5714079123,299.8910568485234
1120.0,ramp,1500.0,45.642586749248835,96.82877781353613,-0.11890268775087105,47.51921382965908,25.537789012035518,-5.5557326532454026,-1172819.8500809018,301.17538630196987
1130.0,ramp,1500.0,45.579186898133685,96.58608931849051,-0.11469596892181892,47.352386782939305,25.633476883796618,-5.791321820430227,-1174238.342310356,300.07047755649927
1140.0,ramp,1500.0,45.51578704701853,102.87169747830329,-0.22276858387102735,47.209861447506775,25.057361245576885,-5.8692222986011515,-1174558.6553765163,299.3788552124062
1150.0,ramp,1500.0,45.45238719590337,96.74132297155023,-0.11738700312652381,46.95965356827742,25.942119179367054,-6.933184376107959,-1173895.7658259366,303.01003736568634
1160.0,ramp,1500.0,45.38898734478821,101.86284201449774,-0.2055695504374651,46.95021791791821,25.696678090073185,-6.380757760265428,-1173233.9217941612,299.81900774163563
1170.0,ramp,1500.0,45.325587493673055,93.2448196203285,-0.05660251806659762,46.92285625591904,25.14080441300597,-4.637259217157078,-1173989.0356622245,301.9452714542922
1180.0,ramp,1500.0,45.262187642557905,96.14236593283745,-0.10699928057225663,46.61470849305844,25.967231023735508,-5.93690265973796,-1174240.057582343,300.96082271283666
1190.0,ramp,1500.0,45.19878779144275,98.17380857920917,-0.14217646584656485,46.658042366454026,25.245902639383225,-7.148012877366542,-1174159.0394232627,300.1563268034528
1200.0,ramp,1500.0,45.13538794032759,98.02314776657654,-0.13957316258615102,46.80000012609659,25.72887106648687,-3.2277903402539607,-1171428.6397050805,302.40851427591497
1210.0,ramp,1500.0,45.07198808921244,91.85618169418066,-0.03239081551835506,46.74387932775542,25.541768177099495,-5.144578288147948,-1173105.139785558,301.9906868477709
1220.0,ramp,1500.0,45.00858823809728,95.839978253181,-0.10175045267738052,46.406132817392425,25.780616443562838,-4.842319332493595,-1175909.849605715,300.77314332859254
1230.0,ramp,1500.0,44.945188386982124,95.03442903018903,-0.08775434030590185,47.03595937581756,25.57055690579733,-6.641532873462751,-1175256.3546879012,302.40798574440413
1240.0,ramp,1500.0,44.88178853586697,96.57978822872423,-0.1145867192284379,45.862874147424144,24.953603447823127,-4.539812552918938,-1173841.4732661918,300.48521838160815
1250.0,ramp,1500.0,44.81838868475181,98.47696646571916,-0.1474118039286793,46.21007030013831,25.77924592452584,-6.058013492664928,-1173554.1739520673,300.2609045309947
1260.0,ramp,1500.0,44.75498883363666,94.25588480454236,-0.07421091658809752,45.85972925918007,25.42290781627778,-5.9821724164595524,-1173185.4290772304,300.1878509158062
1270.0,ramp,1500.0,44.6915889825215,94.2779910206299,-0.07459567342126583,46.171820069217866,25.53756095367138,-7.504271024624601,-1174966.4556358755,302.32202317802904
1280.0,ramp,1500.0,44.628189131406344,100.4969696484924,-0.18218352126741655,45.87195888640516,25.46362228937513,-6.053968249766038,-1172657.8023463823,299.71253546211506
1290.0,ramp,1500.0,44.564789280291194,98.3135384775105,-0.1445900130152496,45.43954542781208,25.152535459164774,-6.2566968273799315,-1172973.1909361333,301.93791802806425
1300.0,ramp,1500.0,44.50138942917604,94.34460642811986,-0.07575504160827808,46.0933667370664,25.760252011976572,-5.7443946430091595,-1175313.5930834822,300.08272243516274
1310.0,ramp,1500.0,44.43798957806088,93.41659654935434,-0.05959552565531359,45.47971221724419,25.881962596577825,-5.529161272052365,-1173869.2620965652,300.42191633480115
1320.0,ramp,1500.0,44.37458972694572,89.49284678706779,0.008851377794008075,45.59567665915188,25.655367539084047,-5.7067987645966225,-1174758.5961656459,302.75514595612765
1330.0,ramp,1500.0,44.311189875830564,94.77986962451016,-0.08332772904643346,45.434761904124656,25.23451355822088,-6.134810713955134,-1175560.126052009,300.0858240137299
1340.0,ramp,1500.0,44.247790024715414,94.15245573591949,-0.0724105965163874,45.067985567263904,25.602337423573744,-5.090150154422118,-1172528.21768835,297.77676721901116
1350.0,ramp,1500.0,44.184390173600256,93.83300125785892,-0.0668486036702291,45.10882772336581,25.373222776468555,-5.56840108675661,-1174227.0742121432,299.72063253530945
1360.0,ramp,1500.0,44.1209903224851,95.01764791043041,-0.0874625806647566,45.617254206578735,25.59710926445784,-4.635950596265209,-1173346.7939791176,297.5813986058165
1370.0,ramp,1500.0,44.05759047136995,95.70638113379292,-0.09943057025209426,45.726175951596446,25.686817778900558,-6.458900143811763,-1173241.654062098,299.2934676841984
1380.0,ramp,1500.0,43.99419062025479,102.10664435240359,-0.2097319509348875,45.253120453715376,25.445236991719973,-5.697517018022463,-1174638.72129884,299.493536842691
1390.0,ramp,1500.0,43.930790769139634,100.09750224651265,-0.17532380747182336,44.33642217956317,25.420027010971552,-4.2586546095804625,-1176405.5536253657,300.6486825198345
1400.0,ramp,1500.0,43.86739091802448,98.0365275213177,-0.13980439379473086,45.56728548325868,25.612701827276457,-5.363834263530764,-1174476.999150483,299.99971079621116
1410.0,ramp,1500.0,43.80399106690933,92.72327834160758,-0.04751227949037287,45.12984609022188,25.585152054436946,-5.802973457745299,-1173339.3720376566,301.0847681163555
1420.0,ramp,1500.0,43.740591215794176,95.5601884815835,-0.09689135038473586,44.66470750659254,25.27046748322835,-5.598294868244939,-1174199.5387911368,297.63851677189217
1430.0,ramp,1500.0,43.67719136467902,93.96904566006756,-0.06921752447502405,45.15103877342778,26.041871319945134,-4.679252665824058,-1172353.218126079,299.58864320872635
1440.0,ramp,1500.0,43.61379151356387,91.08160316068535,-0.018876415169766847,44.85213016715435,25.601288926186008,-5.774298585795853,-1174024.3901026063,299.5192032664156
1450.0,ramp,1500.0,43.55039166244871,101.36943956396121,-0.1971344550233987,44.84760693392834,26.04468615391947,-2.917577481209591,-1173886.9811263084,300.11007337143286
1460.0,ramp,1500.0,43.48699181133355,95.87768045512578,-0.10240504296730582,44.64492656261426,25.69817475055695,-3.912324085971165,-1173596.0940419044,300.52381839901506
1470.0,ramp,1500.0,43.423591960218396,94.51477791745539,-0.07871622133994866,44.54404692941895,25.653706534601,-4.494179118956136,-1174403.6817756202,300.7494258290611
1480.0,ramp,1500.0,43.36019210910324,96.84270774510217,-0.11914408266772293,44.63325210371057,25.26338442476809,-4.484096311465273,-1173718.5907758512,301.30108077293505
1490.0,ramp,1500.0,43.29679225798809,93.07716798161032,-0.05368089793368602,44.62408941854041,25.323225211765468,-3.924069014026884,-1174540.0086339936,300.1657648546014
1500.0,ramp,1500.0,43.23339240687293,91.6870180816718,-0.029439765833174564,44.84185382421052,25.586490222689434,-5.589617549186774,-1173176.9018666986,298.4574036291651
1510.0,ramp,1500.0,43.16999255575777,97.0158477643158,-0.12214387270406657,44.94458445971938,25.584330658497997,-5.512793965127121,-1172386.9043818992,302.1824277206332
1520.0,ramp,1500.0,43.10659270464262,95.76532950678099,-0.1004542622142607,44.58960997683958,25.499459183121353,-6.215830362095866,-1173139.5518622994,300.47593819362334
1530.0,ramp,1500.0,43.043192853527465,89.29186766350892,0.012358926166623749,44.57271098448793,25.214848080159307,-5.722653461398522,-1174735.0057667866,300.0301676399627
1540.0,ramp,1500.0,42.97979300241231,90.89108930827906,-0.01555181539956113,43.96797705742928,25.637159401823464,-5.705902710407887,-1173125.1199120935,300.5825724764558
1550.0,ramp,1500.0,42.91639315129715,89.00158185264124,0.01742480209867879,43.48022351384809,25.659758797628413,-3.400227153556643,-1172190.9629653785,299.4080063174713
1560.0,ramp,1500.0,42.85299330018199,94.55828091140697,-0.07947311308893765,44.448485895853736,25.42300679035343,-5.60696423011627,-1173365.229914695,299.8550007530017
1570.0,ramp,1500.0,42.78959344906684,94.52669504948979,-0.07892356743763941,44.36577095587476,25.616776037570958,-5.605926668415042,-1171039.635051351,299.5168811813132
1580.0,ramp,1500.0,42.726193597951685,95.6202804101845,-0.09793516426102791,44.534622404499764,25.296654852287865,-4.192642507116307,-1173309.0820629317,299.7651545211163
1590.0,ramp,1500.0,42.66279374683653,92.22989307157589,-0.038909151801247516,44.34675939113891,25.30239504016917,-6.147878138246348,-1172874.126662651,301.3126211863602
1600.0,ramp,1500.0,42.59939389572138,88.56712884902092,0.025005712655614215,44.05024181591287,25.69457885440979,-5.1602972623036205,-1174462.221605057,300.6609077168296
1610.0,ramp,1500.0,42.53599404460622,92.21850873469604,-0.03871060733349854,44.42625126387925,25.22422441642129,-4.768013701172233,-1173573.2322614845,300.13681732264206
1620.0,ramp,1500.0,42.47259419349106,99.55507135464593,-0.16599552397936873,44.69066634872736,25.264444702700274,-4.9200821136181965,-1173968.759248808,298.4443557556135
1630.0,ramp,1500.0,42.409194342375905,93.9247221333163,-0.068445767751481,44.433911458904625,25.46498004190617,-6.131069512654712,-1174806.6084683333,300.9324642370862
1640.0,ramp,1500.0,42.34579449126075,97.2248651193735,-0.12576377790256527,44.546924963081416,25.954018016863657,-4.320566623365092,-1172460.9270063322,299.2858725152384
1650.0,ramp,1500.0,42.2823946401456,89.37043749147911,0.010987717517719514,44.14109059768077,25.52511402021517,-5.328779435402456,-1173410.593564352,301.8059493325351
1660.0,ramp,1500.0,42.21899478903044,91.65701751367698,-0.028916380087382204,44.28258191629619,25.279745809322165,-5.080469508380101,-1172575.8652019314,301.32386957832017
1670.0,ramp,1500.0,42.15559493791528,95.0996215766992,-0.08888771827964183,43.89984002965002,25.500469030493996,-4.198859101035913,-1175689.1896284055,300.15673497171053
1680.0,ramp,1500.0,42.09219508680013,96.67284060877728,-0.11619994046374958,43.8168036619495,25.93084878896218,-6.1454585796486265,-1172846.1805428676,302.3914688324814
1690.0,ramp,1500.0,42.028795235684974,91.75825766111184,-0.030682569046610417,43.86778740714651,25.689866645613467,-6.0517034984836755,-1173492.6766960751,299.0340615516468
1700.0,ramp,1500.0,41.96539538456982,88.67007254023723,0.02320952872017562,44.18594013804168,25.00936162618816,-5.3892317346361045,-1171869.5790268183,300.78277210101385
1710.0,ramp,1500.0,41.90199553345466,88.53582921670234,0.025551819718181823,44.21155158291497,25.442319506134435,-4.336512266889524,-1173726.142074151,299.0257978844312
1720.0,ramp,1500.0,41.8385956823395,90.2901413678173,-0.005063900522060433,43.93297283747993,25.903053575739506,-5.7981179917794705,-1173598.571338866,299.564904919745
1730.0,ramp,1500.0,41.77519583122435,93.27951889037911,-0.05720715323093699,44.00127627141761,25.573015351253314,-5.665447873471373,-1174239.0172973536,299.16014352561155
1740.0,ramp,1500.0,41.711795980109194,86.90953485032028,0.05391264122426731,43.75879918079863,25.288084866208155,-4.955706927553404,-1173475.409962168,297.1826180378623
1750.0,ramp,1500.0,41.64839612899404,90.88705590662504,-0.015481427735650075,43.27630247629403,25.916308739190214,-5.200040688846882,-1172663.486044282,300.23442723447096
1760.0,ramp,1500.0,41.584996277878886,90.49015012293627,-0.008554629130501812,43.429637936305674,25.240258037918075,-6.035562419326273,-1173947.3712598197,299.005268913612
1770.0,ramp,1500.0,41.521596426763736,93.88680639164859,-0.0677855502035935,43.63907894389593,25.737170507719014,-6.5001881520284,-1173095.9377321452,300.27462409988897
1780.0,ramp,1500.0,41.45819657564857,94.98278479961327,-0.0868564202382754,43.344889938898305,25.735309298865666,-5.822524352476754,-1174231.8205902707,302.783084936309
1790.0,ramp,1500.0,41.39479672453342,92.0455906863372,-0.03569470843153445,43.2192787340094,25.688275669327474,-4.841799253868768,-1173398.726394629,297.9897214797896
1800.0,ramp,1500.0,41.33139687341826,91.86201505418673,-0.03249257326640606,43.22527292060916,25.763860578147415,-5.9013959184441065,-1174718.828215193,299.32176491924463
1810.0,ramp,1500.0,41.26799702230311,95.45888394544657,-0.09513142111206524,43.127949012542025,25.36101758627022,-5.600730148639091,-1174053.0374261476,301.15177372474994
1820.0,ramp,1500.0,41.20459717118795,90.96186453822315,-0.01678691462334178,43.25293620002473,25.221422159779934,-5.746299807419264,-1173800.6128297132,302.91639125365566
1830.0,ramp,1500.0,41.141197320072806,87.39592494096476,0.04543403799546958,43.04560973036179,25.458980123351367,-5.823946176996411,-1173982.1847232226,301.09298006257853
1840.0,ramp,1500.0,41.07779746895764,91.7029667648718,-0.029718001070101627,43.178131327814825,25.45163074344215,-6.1207249795706495,-1173636.9719743729,299.7060233118717
1850.0,ramp,1500.0,41.01439761784249,87.98305384320217,0.0351950812306126,42.882400301045244,25.06883956202041,-5.885635898470493,-1173858.9672166854,302.48035476168
1860.0,ramp,1500.0,40.950997766727326,86.82351451322664,0.05541173454500434,43.11969032901841,25.75050176179952,-4.8894339091861765,-1172154.0527730286,300.7035266948194
1870.0,ramp,1500.0,40.887597915612176,87.14959818048385,0.049728378266713336,42.654113494438384,25.77831579802813,-4.865431803215339,-1174231.5434312485,300.1043542412787
1880.0,ramp,1500.0,40.82419806449701,88.16573631124666,0.03200847252465419,42.48779583247566,25.414829605942874,-5.388131764816139,-1173345.1666573863,300.9506017197372
1890.0,ramp,1500.0,40.76079821338187,91.47419223138169,-0.02572666948392141,42.95396862500707,24.90335551820995,-3.1317259537728352,-1173470.2741560452,301.7202355174625
1900.0,ramp,1500.0,40.69739836226671,85.61102621474788,0.07652715013540914,43.02360849501436,25.608302621256378,-4.099624454408035,-1174209.9455659129,299.02941837706703
1910.0,ramp,1500.0,40.63399851115156,87.04355647101698,0.0515767791964655,42.351038668808734,25.59044379316338,-6.236165179416766,-1174615.6203116458,303.5514695484761
1920.0,ramp,1500.0,40.5705986600364,83.82034462858728,0.10764634503121445,42.10588104284157,25.36905481555644,-5.425053841082455,-1173616.6462559253,301.7525868064433
1930.0,ramp,1500.0,40.507198808921245,83.27038917716551,0.11718399839674438,43.05972770080603,25.544056795310894,-4.0113630509785,-1173352.5177951306,300.9943630072751
1940.0,ramp,1500.0,40.44379895780609,92.27999931974702,-0.03978299359017451,41.90137307145074,25.74608261079737,-3.1396638552055194,-1173440.1349761765,300.98776593711096
1950.0,ramp,1500.0,40.38039910669093,86.43084872824038,0.06225316100919166,42.14633981497982,25.049256253444028,-5.0257873394761425,-1173204.128798088,300.46932404998824
1960.0,ramp,1500.0,40.31699925557578,90.32541469764755,-0.005679527373773044,42.44563162826595,25.342927417865734,-4.607953158236849,-1173013.66562571,302.0106847836202
1970.0,ramp,1500.0,40.25359940446062,88.86027073008785,0.019890716511901926,42.26338423012537,24.889345502513383,-6.114966303538151,-1173250.4123429433,300.8943765474881
1980.0,ramp,1500.0,40.190199553345465,93.8217555039871,-0.06665276599448144,42.418716355567504,25.257526127394648,-5.979936696172615,-1173529.1020966303,301.1310009243935
1990.0,ramp,1500.0,40.126799702230315,83.97265019456161,0.10500318055428641,41.91936160253094,25.379527435085567,-5.994881005562151,-1173468.0914062727,300.2483996824953
2000.0,ramp,1500.0,40.06339985111516,87.84472859281104,0.03760771166761062,42.10473755332134,25.16122543155999,-6.050308541304971,-1174915.4212293979,299.6842328033467
2010.0,hold,1500.0,40.0,92.82618354614816,-0.04930620818678007,42.55064772520785,25.152253417855412,-6.128438958039917,-1174928.042852493,298.76566790372067
2020.0,hold,1500.0,40.0,91.27769258059814,-0.022298094158860707,41.71186252675951,25.202879361816297,-5.6122560219596895,-1173204.1053557117,299.8952710367297
2030.0,hold,1500.0,40.0,92.84276162509371,-0.04959519625599723,41.747858624149565,25.19529763890568,-4.991415296065363,-1174326.907895133,299.0111692154892
2040.0,hold,1500.0,40.0,89.97725289357564,0.00039701189197716147,41.806548097790355,25.521461999002142,-4.7667707376419575,-1174247.108675301,301.3966366196097
2050.0,hold,1500.0,40.0,83.74375492565879,0.10897522347239436,42.397127429937555,25.49043225987848,-5.500702808690907,-1173716.3982098773,300.9933323755598
2060.0,hold,1500.0,40.0,88.41343077548007,0.02768731809878569,42.35489283504389,25.241590516878883,-5.5268150466317865,-1173686.9388690237,300.5060386214463
2070.0,hold,1500.0,40.0,86.98700667087117,0.0525624204802026,41.75448068350126,25.143940024474485,-4.329219439470114,-1171902.7501171473,299.8395079604515
2080.0,hold,1500.0,40.0,84.71889186468418,0.09204226686564332,41.960426176060004,25.45517001410945,-5.823012971266164,-1171957.2471084464,300.61773107353866
2090.0,hold,1500.0,40.0,82.1557567118425,0.13648057851157555,41.53420945362674,25.261187341929457,-6.595821456465104,-1174226.687576631,299.56754607993525
2100.0,hold,1500.0,40.0,83.6694546521479,0.11026419284648477,41.53482131905486,25.025247060448674,-3.411730109031822,-1173147.4638517387,299.6984953545347
2110.0,hold,1500.0,40.0,90.1577984989782,-0.0027540998801909577,42.075771453578646,25.753258084548076,-4.354132330855532,-1173156.6995317377,301.0747554058971
2120.0,hold,1500.0,40.0,87.48240668301442,0.04392615435757205,42.32639938146327,25.680111487331118,-5.210062943490066,-1172942.1805092823,299.11998990034317
2130.0,hold,1500.0,40.0,84.25765599040531,0.10005511079583616,42.21309377544559,25.273634540986656,-5.103839290443527,-1173213.882306235,301.91946221208764
2140.0,hold,1500.0,40.0,88.62982511604754,0.02391178377960112,41.63635423665627,25.598058519107273,-4.447074954034397,-1173954.817720918,300.74549635754454
2150.0,hold,1500.0,40.0,84.86240240310687,0.08954788167694909,41.92060289524198,25.635689784051866,-4.406153298431093,-1172328.9258351922,300.9460541352803
2160.0,hold,1500.0,40.0,88.80372140334538,0.020877483342828074,41.965050261017026,25.58798810674611,-5.081885114413335,-1172947.9649321716,300.53901716420154
2170.0,hold,1500.0,40.0,87.38760013757722,0.045579182703640725,42.156649708093845,25.67826074215849,-7.169617890038458,-1172605.3167278245,300.7443799641932
2180.0,hold,1500.0,40.0,92.5934055619802,-0.04524801165520226,42.27307193620339,25.471660804458594,-5.339053059473014,-1173570.9995473642,299.0975293183241
2190.0,hold,1500.0,40.0,91.2997987202882,-0.022683821483164668,41.78244845271181,25.669658549354647,-5.915492540135111,-1172922.6484755557,301.0729105787837
2200.0,hold,1500.0,40.0,85.91467757809748,0.0712419255254012,42.12245538113176,25.14873036521836,-4.423370710833524,-1172400.509439826,298.5094093565718
2210.0,hold,1500.0,40.0,87.85210604227512,0.03747904166064342,41.627926473828744,25.72967790689209,-7.496979229081194,-1174675.607890794,301.38576323825725
2220.0,hold,1500.0,40.0,87.02601156353435,0.051882585611902066,41.68497649143273,25.52021277757688,-5.458365890335809,-1173317.6220325828,300.74037772759607
2230.0,hold,1500.0,40.0,89.74060748107405,0.004527238045199042,41.5349352447997,25.417436740282866,-5.181879687010646,-1173419.252874596,300.4877078146031
2240.0,hold,1500.0,40.0,83.71509967853535,0.10947235970136493,41.42062144461527,25.238936338963995,-5.393625545045179,-1173383.6221246924,298.0810512142534
2250.0,hold,1500.0,40.0,90.09746482818849,-0.0017010813363817212,42.19863838696052,25.410015254593144,-3.881807932237707,-1174109.3892845325,302.00161288090254
2260.0,hold,1500.0,40.0,84.63662811970255,0.09347184999710484,42.258897477094294,25.442907054721804,-6.107858630812058,-1174305.572027944,301.67322357533857
2270.0,hold,1500.0,40.0,83.70606682608525,0.1096290638365616,41.52623701667631,25.763309747395706,-4.8522071238206985,-1172582.5796168502,301.0130710596385
2280.0,hold,1500.0,40.0,88.28515475003444,0.029925227537037552,41.0916435795575,25.60183351924159,-6.017102999429925,-1173992.8125522472,300.03864829170203
2290.0,hold,1500.0,40.0,89.14503694792573,0.014921366486089715,41.26633904564878,25.74567916598875,-5.875452597667582,-1171684.8573916536,298.64648604102814
2300.0,hold,1500.0,40.0,88.78747062290513,0.021161050304513013,40.83362462466741,25.60655930543945,-5.716673550809521,-1173409.6788764,298.9456920758582
2310.0,hold,1500.0,40.0,86.04145881317227,0.06903462538719396,41.21208845680272,26.08386534538729,-5.8541514653530005,-1173188.5868540406,300.6162134569963
2320.0,hold,1500.0,40.0,83.63921421665376,0.11078875430098747,41.57666049332255,25.550143212025855,-4.298152415061489,-1172586.3883429635,299.5999218254575
2330.0,hold,1500.0,40.0,83.72443620551837,0.10931038448646468,40.79902379533116,26.068460260068267,-5.2970993873042485,-1172237.5499968044,303.50299483807925
2340.0,hold,1500.0,40.0,86.50959087886555,0.060881458486572226,41.57479500622156,25.073205881269025,-4.075475813506317,-1172769.2486842778,302.0396844410396
2350.0,hold,1500.0,40.0,90.1605573300518,-0.0028022503801069243,41.49009569466526,25.483892173594583,-4.763856519084251,-1172159.5341205727,300.49777493425677
2360.0,hold,1500.0,40.0,93.5695924264552,-0.06226084567507689,40.88949855429669,26.18474913397896,-5.485875991992389,-1174353.2908033244,299.43285724847925
2370.0,hold,1500.0,40.0,91.82118818845699,-0.03178037809724768,40.801769107830786,25.55146371441072,-7.012489992796368,-1171654.333933156,299.9224678655936
2380.0,hold,1500.0,40.0,86.31089113177849,0.06434261719144502,41.268361065726154,25.89737529866943,-5.054698551276881,-1174616.4918101225,299.61600932706085
2390.0,hold,1500.0,40.0,90.26613405537363,-0.004644898815444609,41.833529936261485,26.053951442811897,-5.7058763456808475,-1173805.2927749027,298.8927285124917
2400.0,hold,1500.0,40.0,83.88126368681505,0.10658922445258742,40.96493084598543,25.934351308716025,-4.679725660438541,-1174335.906256238,300.8519362587424
2410.0,hold,1500.0,40.0,89.41158091050485,0.010269669967666595,41.24340517573512,25.622856554853595,-5.130301982435294,-1173549.165652655,301.6739076490914
2420.0,hold,1500.0,40.0,86.57313866228023,0.05977436062427985,41.393662359967095,26.17970789851663,-4.821568896938624,-1174525.2461137976,299.906649593506
2430.0,hold,1500.0,40.0,82.4374211231636,0.13160897760821347,41.20281684146298,25.39907147522114,-3.3621318194794387,-1174511.938033104,299.6374981861274
2440.0,hold,1500.0,40.0,84.73552269306533,0.0917532324156308,40.98873325046761,25.50627115680182,-6.157988017626874,-1172691.9533355553,302.2248315237501
2450.0,hold,1500.0,40.0,85.38770106067214,0.08041288802906071,41.42229504986821,25.232909319829957,-5.588635782476931,-1173690.8954305183,300.2653569572656
2460.0,hold,1500.0,40.0,89.78870995135505,0.003687698667258696,40.831771889716535,26.153398254942427,-4.422691368986039,-1172606.3381954134,298.4355119962688
2470.0,hold,1500.0,40.0,93.66378027396378,-0.06390145957648453,41.35924689691234,25.700391090877964,-5.087446197382827,-1172379.7265251223,298.8953525001632
2480.0,hold,1500.0,40.0,94.39031483353659,-0.07655048718514855,41.23615001418621,26.328525221333503,-5.2848933449176565,-1173226.0150311552,301.41900906015803
2490.0,hold,1500.0,40.0,89.89425101472573,0.0018456669258043318,40.898776894069464,25.99084300244271,-3.9382944725142464,-1176587.0535714235,300.97211375283035
2500.0,hold,1500.0,40.0,84.33288130538178,0.09874868392274713,41.52447884043404,25.73719763901666,-6.372158441759532,-1172919.9939118084,299.0270712267825
2510.0,hold,1500.0,40.0,80.74495965580307,0.1608293916459474,41.19096434683667,25.472773173995204,-4.449117209470582,-1174240.6298602354,303.5447063769427
2520.0,hold,1500.0,40.0,82.52119957604963,0.13015934631353704,41.48708838226174,26.015827620352113,-5.727278111394354,-1174799.9575634282,300.7469285853791
2530.0,hold,1500.0,40.0,83.69542799001944,0.10981362547380061,40.91849243038887,25.47998343953913,-4.936880306332219,-1175134.4449341726,297.81933457481693
2540.0,hold,1500.0,40.0,87.36064255939812,0.046049187163544336,41.51646480398804,25.82265615081657,-6.313320028370596,-1174631.5838766117,299.4951068273505
2550.0,hold,1500.0,40.0,90.08407793163845,-0.0014674362087017945,41.24291011437563,26.26588397619195,-5.613172906859239,-1173775.6416286752,300.0851722443985
2560.0,hold,1500.0,40.0,84.1915391779679,0.10120320932082982,41.287812718344796,26.08348021892789,-3.220378165751428,-1174066.3125868049,300.14591922552466
2570.0,hold,1500.0,40.0,90.04044228954899,-0.0007058510510626892,40.881109260264594,25.86086695385962,-5.932033756588899,-1173054.7126153465,299.9339317897609
2580.0,hold,1500.0,40.0,84.4894872616042,0.09602838808999059,41.23273953919192,25.17599594547533,-6.3523758090086195,-1171700.265659662,300.6255069783712
2590.0,hold,1500.0,40.0,80.74025449830799,0.16091044256737203,41.39034997754774,25.688861586123487,-4.542679145906026,-1174649.1448270269,300.3856909942894
2600.0,hold,1500.0,40.0,86.70337517227767,0.057505216670706155,41.60226187682293,26.641538147043256,-5.385448819427321,-1173822.5776749812,299.5374847837249
2610.0,hold,1500.0,40.0,90.03403566130092,-0.0005940343178577057,41.393231114606394,25.868317841199826,-3.935170124405836,-1173838.5086759664,301.5738911536794
2620.0,hold,1500.0,40.0,85.50446600574112,0.07838138926804317,40.945314841381226,25.77378631327866,-3.466123595976856,-1174545.3801148962,300.9158997389981
2630.0,hold,1500.0,40.0,88.07472148239623,0.033596125948499284,41.1617360391778,26.076567069393274,-4.641789382014309,-1173972.471464036,300.52814398352416
2640.0,hold,1500.0,40.0,88.53434299100597,0.02557775077212733,41.407137677120026,26.248981629147085,-6.020131457067467,-1174217.1702836417,300.36771015901917
2650.0,hold,1500.0,40.0,83.82297852612992,0.10760064185446683,40.695090247168956,25.87482086600405,-4.604725348428787,-1174444.415766172,298.3506408903774
2660.0,hold,1500.0,40.0,80.56471869932167,0.16393343757426973,40.73786619094102,26.00528106543874,-3.2710866940838113,-1173120.618775377,300.3555030748077
2670.0,hold,1500.0,40.0,86.25641844188733,0.06529134572594017,41.16169652831712,26.01707626310321,-5.279159702410062,-1175082.0166278146,299.5040891877104
2680.0,hold,1500.0,40.0,87.61599227657506,0.04159677905430181,41.26362526542611,25.882066483510055,-4.394391196426632,-1172168.5857044067,300.9877710779035
2690.0,hold,1500.0,40.0,87.93362324485149,0.03605726022565903,41.49398238680574,26.01623659121099,-3.592456526940701,-1173787.710709,301.4356869126698
2700.0,hold,1500.0,40.0,86.12792419965365,0.06752904199299234,41.625256449799664,25.766073569430095,-6.528428675629767,-1174522.671096241,300.4922196481803
2710.0,hold,1500.0,40.0,87.10341021427745,0.05053349674297232,41.2838229494627,26.061816490041984,-4.882109116711801,-1172935.4487486333,302.536652757697
2720.0,hold,1500.0,40.0,86.00220433081826,0.06971809457980951,41.67773478874788,26.209626079421454,-3.499713913443583,-1172434.6366610639,299.687039294878
2730.0,hold,1500.0,40.0,82.20629049345277,0.1356067975872032,41.045756394206876,26.067437176403274,-3.0291883448880474,-1175719.029767206,298.430653054205
2740.0,hold,1500.0,40.0,80.47566556407062,0.16546648226586871,40.983069718044135,26.104639652325048,-2.83994077576895,-1173124.3448073007,300.7502314728245
2750.0,hold,1500.0,40.0,88.0578677358726,0.03389011180664564,40.81310501799153,26.081619823311833,-4.582754672899503,-1173980.7796869613,298.3210465018977
2760.0,hold,1500.0,40.0,85.296099405508,0.08200635773607241,40.902402510875504,26.214153293064445,-4.6283477353791564,-1174397.57670445,298.3980975055061
2770.0,hold,1500.0,40.0,91.36772928406566,-0.023869112192087483,40.87279497426097,26.209865041724836,-6.079387942753147,-1173232.3754136283,300.12058931129854
2780.0,hold,1500.0,40.0,89.92083167007921,0.0013817475807445523,41.125847088624674,26.579472501316594,-6.491020799028055,-1173275.1401427463,300.97939274846095
2790.0,hold,1500.0,40.0,91.05642398200625,-0.018437032091143973,41.0210357265642,26.109290023294484,-3.000410562529824,-1173703.7242585123,300.3285175691957
2800.0,hold,1500.0,40.0,92.92039441355243,-0.05094843068526089,41.05630656580452,26.501447113794033,-6.268888187088425,-1173261.1574338377,301.85626126573175
2810.0,hold,1500.0,40.0,83.97583347925509,0.1049479287286977,41.341534319745776,26.032977926813402,-5.423713668707107,-1174500.9695822634,298.98872944778003
2820.0,hold,1500.0,40.0,85.60604879721281,0.07661376741748971,41.35963875258046,25.959189831171837,-3.5920937346614084,-1173640.7996628843,298.56112072680446
2830.0,hold,1500.0,40.0,90.74700021776928,-0.013037243962131267,41.5529722911854,25.519304695251975,-3.4315527699280413,-1174072.9269259386,301.2366970258881
2840.0,hold,1500.0,40.0,80.51562158985138,0.1647786907578762,41.302087177184276,25.535000665755856,-3.9792110359030026,-1174038.0604146887,299.14221424670416
2850.0,hold,1500.0,40.0,93.73317773600152,-0.06511015114943351,41.64656223799481,26.22489082958834,-6.1660795472295025,-1173470.5014839042,300.31185218115314
2860.0,hold,1500.0,40.0,84.40270321702306,0.09753594478455858,41.719936058547894,26.074373236788265,-4.40431138459783,-1174300.3154011667,301.38063936709375
2870.0,hold,1500.0,40.0,85.10843366358732,0.08527026496980233,41.528241813778486,25.729614132945795,-5.75103613124206,-1173805.4929561876,302.69846016177456
2880.0,hold,1500.0,40.0,91.09596626617504,-0.019127053390001217,41.617464754202885,26.151666799859527,-4.3466093143523175,-1173482.7946866043,300.2242537801141
2890.0,hold,1500.0,40.0,86.890352208923,0.05424695153332968,41.2327937507568,26.215143908579424,-5.454088100912151,-1172844.73526497,299.7058318577308
2900.0,hold,1500.0,40.0,87.01259104633789,0.052116500933013954,41.5120958406083,25.91679359777335,-4.94182858418647,-1174993.5388061013,300.3744279082522
2910.0,hold,1500.0,40.0,87.95331614395323,0.03571377567722221,41.429571907647045,26.08382001606171,-4.567000480300799,-1172854.856898073,299.8883042581477
2920.0,hold,1500.0,40.0,89.69348006373623,0.005349756592231553,41.126516498171355,25.86560201797441,-6.002632672389516,-1172596.4912743624,298.67358543859547
2930.0,hold,1500.0,40.0,84.54704384678888,0.09502843032878834,41.73939226199187,26.224949779376193,-4.550236347766362,-1174671.5200148672,299.5405677746718
2940.0,hold,1500.0,40.0,91.12648512088775,-0.01965960770693631,41.272539945908115,25.82360854399521,-5.492544628458557,-1173988.9921614714,300.22413533804195
2950.0,hold,1500.0,40.0,81.67842770340454,0.14472875474310826,41.633610900519095,25.93368921261707,-3.179821062130781,-1172562.81764202,298.05368742493846
2960.0,hold,1500.0,40.0,90.06428347048653,-0.0011219579792134879,41.258894854964595,25.275147198861482,-4.3314388028340565,-1175497.3426957764,300.9334647385683
2970.0,hold,1500.0,40.0,87.837935261624,0.03772619352340071,41.554231148664165,25.71166231764965,-4.595593880544883,-1175557.3895290382,301.2419839761974
2980.0,hold,1500.0,40.0,84.78984113113484,0.09080915476258276,41.084108461556504,25.876041659277238,-4.208826225680912,-1173805.458162887,300.73888262914625
2990.0,hold,1500.0,40.0,88.36719236604617,0.028494012098602105,41.892930217652356,25.64675751087528,-3.893800648562422,-1172667.2081514373,296.64051165596726
3000.0,hold,1500.0,40.0,90.29704601590048,-0.005184407782622337,41.25659050774959,26.122482771581907,-3.367466277720802,-1173618.832865892,300.41007386150386
3010.0,hold,1500.0,40.0,92.79215778585547,-0.04871306028790992,40.83465245037656,25.806831494039095,-4.449899553154326,-1173506.0247999094,300.25600233509516
3020.0,hold,1500.0,40.0,86.28317576187872,0.06482533176159284,41.001329977595276,26.1601540585783,-5.640546076256188,-1174146.8998689633,300.16301849848753
3030.0,hold,1500.0,40.0,87.21299597256407,0.04862321682511729,41.084071173654834,26.25588054751407,-5.946637924205431,-1171961.7682272214,301.2675947884156
3040.0,hold,1500.0,40.0,96.59778394787838,-0.11489872932522346,40.92759608653686,26.117649296890846,-6.073074567452322,-1173448.2704420798,301.82362109492243
3050.0,hold,1500.0,40.0,86.98052214690765,0.05267543998659402,41.385842003186646,26.218651154487187,-4.419013903736273,-1174710.8436427359,301.16981007331435
3060.0,hold,1500.0,40.0,90.51637751265436,-0.009012365773115434,41.27109751000405,26.20197923892073,-4.900552966423003,-1174263.2445221543,300.2752106705223
3070.0,hold,1500.0,40.0,84.88925088349936,0.08908116004985467,41.25738657006297,25.97962340572771,-3.3989984214079847,-1173911.5377523638,301.73804360730463
3080.0,hold,1500.0,40.0,85.88467337098724,0.07176425732003809,40.83450290340314,26.179217297604275,-4.271090296964665,-1174652.6484567542,300.9364984524357
3090.0,hold,1500.0,40.0,86.69634756005334,0.057627668240976856,41.10003412215806,25.81121932781964,-3.6532188830149614,-1173497.8842288107,299.98647981702516
3100.0,hold,1500.0,40.0,88.86917441222039,0.01973534844762885,41.64422285721373,26.064547356230232,-5.764992039813346,-1172220.846000079,299.3000439492343
3110.0,hold,1500.0,40.0,87.41176815937145,0.04515780548380684,41.406382401098504,25.66653793985329,-4.7354226611467105,-1173877.8680705074,300.0178971891909
3120.0,hold,1500.0,40.0,84.08105368272372,0.10312145512963454,41.152867725178446,26.563168595818343,-3.432442979516537,-1172846.3272394836,298.15813497197286
3130.0,hold,1500.0,40.0,88.36136121401123,0.028595743429551956,41.040740381528494,25.684182119878887,-4.294441350747789,-1175013.1250824947,300.6897493190972
3140.0,hold,1500.0,40.0,90.73514745185958,-0.012830391475597253,41.335015941145315,26.102285801095046,-5.103203749185786,-1174620.575664036,299.5093558291077
3150.0,hold,1500.0,40.0,87.55812955594052,0.04260577857510395,41.26583247022507,25.77352858596497,-5.079748616812766,-1172485.78552231,303.1935616267918
3160.0,hold,1500.0,40.0,90.00019077890487,-3.3297200332446653e-06,41.17463548969963,25.59721632584555,-4.470465851323098,-1174370.5178187918,297.86523774975086
3170.0,hold,1500.0,40.0,87.4145523654253,0.045109261439763085,40.75222718202996,25.96233633778787,-3.7929508387474815,-1172456.221522281,298.45650361887664
3180.0,hold,1500.0,40.0,87.46821799836982,0.04417355324552162,41.35024271978038,26.066159385594716,-6.117903744071379,-1174717.2325055692,300.4630155691362
3190.0,hold,1500.0,40.0,86.92724587378225,0.053603972540654465,41.43996213795419,25.993749456580055,-4.278740127596081,-1175128.443653427,299.8885692992199
3200.0,hold,1500.0,40.0,89.39935759691356,0.010482995549807014,41.273447086699996,25.85580934719319,-5.738767941518201,-1173842.6674697697,303.4681936600226
3210.0,hold,1500.0,40.0,84.3221937647436,0.09893430328003547,41.469768234134975,25.524382951446793,-5.560456808858545,-1174689.535428308,300.29483131217916
3220.0,hold,1500.0,40.0,89.33292837678584,0.011642333147752204,40.54998739002161,26.135486700621417,-5.3109109903084715,-1172966.6460398398,300.06551555440825
3230.0,hold,1500.0,40.0,88.20407860826776,0.03133960898100359,41.45833280711226,26.148851450866502,-5.976271856936348,-1175082.3364894837,300.57328312427103
3240.0,hold,1500.0,40.0,78.78448845077891,0.1944999157394709,41.12617907460726,25.906588050778385,-3.1993248233431135,-1173681.241436096,299.1993930068006
3250.0,hold,1500.0,40.0,85.75138159453701,0.0740844431075717,40.87412985721329,25.99002152786238,-4.259819673597275,-1174604.340049971,300.23337700738125
3260.0,hold,1500.0,40.0,80.27865313493224,0.1688566144402926,41.523476219500544,26.274253425655193,-5.7722835429096495,-1173952.724151142,299.927429833383
3270.0,hold,1500.0,40.0,82.07798644313836,0.13782509858045905,41.33748293154415,26.15423022564499,-3.8853059514192676,-1174873.8792432193,301.1305970131646
3280.0,hold,1500.0,40.0,85.40211473972771,0.0801621339920952,41.238742053129734,25.82599583594019,-4.614583503086751,-1174202.4995352942,300.9418116340256
3290.0,hold,1500.0,40.0,86.44955329243533,0.06192733466481772,41.60673000435791,26.354959885734694,-4.976893698571326,-1173942.844698079,298.26063229688106
3300.0,hold,1500.0,40.0,91.24030632593167,-0.021645738455857225,41.683318223305434,25.99089352653925,-3.797143878573742,-1174786.007236993,300.31285827333977
3310.0,hold,1500.0,40.0,84.06966955293301,0.10331908437548658,41.59766234972001,25.98842970720407,-3.360449942824129,-1173214.9887959324,300.6594321476461
3320.0,hold,1500.0,40.0,91.10324136308625,-0.01925400440142887,41.38601187875229,25.986126629514175,-3.9316621260293534,-1173306.3012067508,298.4157052258609
3330.0,hold,1500.0,40.0,89.63543866116946,0.006362752755015515,41.04201305288962,26.001763602914906,-6.104995198385712,-1173096.384294875,300.48022081658615
3340.0,hold,1500.0,40.0,83.5670775348788,0.11203993819982336,41.14373552923797,26.616493849803348,-4.710763977149363,-1173279.5296554845,301.0047037011768
3350.0,hold,1500.0,40.0,81.88738879081491,0.141119139781632,41.35039802070856,25.787279011725385,-5.8165920333270025,-1173791.5466427635,300.0116391678048
3360.0,hold,1500.0,40.0,83.51678137412247,0.11291220142574883,40.83104635354138,26.154254661042764,-3.6835828035207783,-1175305.1990513783,300.2806556890468
3370.0,hold,1500.0,40.0,85.19645971185062,0.08373941615209163,40.75044547239656,26.20984668813708,-3.9787642759438615,-1174613.7468787208,297.3858836838509
3380.0,hold,1500.0,40.0,84.33414725099263,0.09872669697061347,41.224585038833396,26.26409723260188,-4.197799687291337,-1174731.8683956638,301.4162451929703
3390.0,hold,1500.0,40.0,84.6086471615107,0.0939580606026954,41.11500266674127,26.07596643315512,-4.3657936820625,-1176570.2626262195,302.47709789063623
3400.0,hold,1500.0,40.0,87.55254966014444,0.042703077494823084,41.17918742221606,26.15806822176099,-5.778762566089586,-1173208.0363454018,301.02991895688564
3410.0,hold,1500.0,40.0,86.32248088641087,0.06414075564842289,41.56999277456041,25.67252424427398,-6.487982072097104,-1172901.3120097313,299.722835752016
3420.0,hold,1500.0,40.0,82.24614273895284,0.13491763694827413,41.20301679489304,25.998550026676465,-6.111213142298397,-1173508.5282755308,302.0574783395026
3430.0,hold,1500.0,40.0,88.32186252019338,0.029284836920013324,40.91851006387785,25.636345477600575,-6.383430104571522,-1174413.56073053,299.86319589153817
3440.0,hold,1500.0,40.0,82.5370665770977,0.12988476574631386,40.87108481703001,25.893418119625906,-5.05910516007137,-1171917.0928443205,299.3709829461223
3450.0,hold,1500.0,40.0,82.86604933431514,0.12418946218916216,40.90070099707789,25.96653531520545,-4.524238327110915,-1174687.8675236478,300.63411071021534
3460.0,hold,1500.0,40.0,80.01367870709944,0.17341306121812922,41.06288951657128,25.561101395214877,-3.099298626823324,-1174713.6638970897,298.1928954616008
3470.0,hold,1500.0,40.0,87.1681763305625,0.04940452693923762,41.455430328175005,25.679732726646314,-4.273104226392414,-1174086.596428793,300.0499242108981
3480.0,hold,1500.0,40.0,84.10462711360891,0.1027122058766339,41.29627791553092,25.448081972878487,-3.964336836606849,-1173704.193676088,300.1672518120689
3490.0,hold,1500.0,40.0,86.82302800046061,0.05542021274658213,41.10855842062631,26.119294433562647,-4.920838946031609,-1173557.0881103985,300.4151438197353
3500.0,hold,1500.0,40.0,84.61820996917838,0.0937918951657574,41.549654928651606,26.16568026580194,-5.565483652378362,-1176920.6167495511,300.77218910955116
3510.0,hold,1500.0,40.0,80.98206298152579,0.15674366311127558,41.38414617119427,25.943533094343216,-4.865272251151761,-1174989.6622528974,299.2370053067469
3520.0,hold,1500.0,40.0,81.74662393629458,0.1435509353937035,40.89169889296009,26.11434378516664,-4.912312562422477,-1174249.79564913,303.52289775657346
3530.0,hold,1500.0,40.0,86.59033748833211,0.05947471853436345,41.00162159892101,26.10902790401044,-4.504621559292209,-1173050.789200632,300.9860289641281
3540.0,hold,1500.0,40.0,84.16994490317515,0.10157815827469771,41.077405993992784,25.833283865169978,-5.570027308657533,-1172906.5082058515,301.2743708382202
3550.0,hold,1500.0,40.0,84.02736127219127,0.10405352311722274,41.33167725296576,26.017540598039382,-3.1123235904264774,-1171312.296159858,300.3361241520507
3560.0,hold,1500.0,40.0,79.61490935696803,0.18026319676188005,41.439474411849105,25.494747530771438,-1.707851725831901,-1173659.4705206156,300.3057026854785
3570.0,hold,1500.0,40.0,88.08512720668631,0.03341461376837189,41.40439901772963,25.863603260086332,-4.5228734226683915,-1173992.0903540961,301.78388550052364
3580.0,hold,1500.0,40.0,89.00508253722721,0.01736371287027097,41.26426601323669,26.074723070317795,-2.9046565357000107,-1174728.1489988565,302.7424198984078
3590.0,hold,1500.0,40.0,88.37219562475386,0.028406724108784358,41.41614914373225,26.056481799097604,-5.27598336992431,-1172854.7724588402,301.2113872976243
3600.0,hold,1500.0,40.0,83.65283736245077,0.1105524461326422,41.41179852344327,25.7020003101506,-3.5531074752454277,-1173367.9251691103,300.6903024771969
3610.0,hold,1500.0,40.0,88.63216157767802,0.023871016471258298,41.40541168653278,25.964980575891296,-4.585341982211368,-1174414.2872132156,299.99879794911146
3620.0,hold,1500.0,40.0,83.52803101858395,0.11271711153673139,41.30090029792617,25.783411844121595,-6.613945138226411,-1174388.9395957422,298.65215603180525
3630.0,hold,1500.0,40.0,88.54982271770541,0.025307666034367696,41.03622280802664,25.823046153502915,-6.1046082144810585,-1173475.3052086122,300.28013015881197
3640.0,hold,1500.0,40.0,87.63867210723926,0.04120128069258805,41.13896364526977,26.124542518581034,-6.377103691339528,-1172481.4934056941,298.22561145876017
3650.0,hold,1500.0,40.0,87.64407202003014,0.04110711427985722,41.180104758896,26.32588040518493,-4.590905747295915,-1173031.3242904078,299.26010802506414
3660.0,hold,1500.0,40.0,85.36500677448423,0.08080768904425573,41.588673749374856,25.946677617272503,-4.982614304788701,-1173477.8433985133,300.5291032466462
3670.0,hold,1500.0,40.0,91.85185149944488,-0.032315278926861,40.99492865234834,26.25802107186376,-5.96857397211953,-1173586.0335136596,301.8288258744768
3680.0,hold,1500.0,40.0,84.6777802805164,0.09275672976162877,41.361538305007,26.19570284244135,-6.301764503277983,-1173280.5618784633,298.16832366072396
3690.0,hold,1500.0,40.0,81.55504586831505,0.14685916422726042,41.174138945616065,25.79732198609081,-4.8943785302889005,-1174463.1876397114,299.0165253755137
3700.0,hold,1500.0,40.0,87.34271400346253,0.04636176528952242,41.08158309685228,26.57217613702441,-5.457087181274371,-1174294.6982911732,299.5770700983999
3710.0,hold,1500.0,40.0,88.61117845836829,0.024237135024682797,41.835058797998464,26.214499623437113,-4.524778676396066,-1173659.141248135,300.51607644929055
3720.0,hold,1500.0,40.0,83.83111488399152,0.10745945899639163,41.253994610266574,25.532596579530566,-4.625607050897159,-1172605.8882642016,302.0338709218786
3730.0,hold,1500.0,40.0,91.80696687219223,-0.03153229370421748,41.53789808333096,26.248260415847998,-6.5870858069077425,-1174674.8043739144,300.5435642769799
3740.0,hold,1500.0,40.0,87.36616053064004,0.045952982348707275,41.354938989032085,25.997869032838945,-5.269776283733574,-1174024.3866267987,299.9056076936924
3750.0,hold,1500.0,40.0,84.54112261662584,0.09513130710171971,41.125197272985424,26.111656217481546,-4.96436463993867,-1173269.5960952193,300.96563537961316
3760.0,hold,1500.0,40.0,83.49395222179108,0.11330808826521169,41.07367848715367,26.25203325897414,-5.301406967601514,-1173510.9325769395,300.16357205574263
3770.0,hold,1500.0,40.0,89.19707448341295,0.014013235240574452,41.39799100334723,26.23803864596006,-4.449103413004986,-1174295.8613368124,299.5485982180459
3780.0,hold,1500.0,40.0,85.83602979612141,0.07261103287754808,41.81092268644548,25.69055618005995,-5.615424410552991,-1171274.235384129,300.4428338571184
3790.0,hold,1500.0,40.0,85.91485594198151,0.07123882039803495,40.89823514011108,26.039424541963427,-5.040021659581666,-1172957.506893959,299.46224240653413
3800.0,hold,1500.0,40.0,86.99717711344815,0.05238515732315116,40.89873543633111,25.86521030922254,-6.399062697901305,-1172363.8967457805,301.3830032943404
3810.0,hold,1500.0,40.0,85.1924303217401,0.08380949506186586,40.838171012619675,25.957730937909684,-3.4447368278422825,-1174481.1918317005,299.4525218003256
3820.0,hold,1500.0,40.0,87.39318803939666,0.04548175655928101,41.33728559307459,26.176309959944348,-4.86285535449212,-1175068.241453819,300.969734576819
3830.0,hold,1500.0,40.0,82.57621219494074,0.12920730305605788,41.420290587606,26.077027778901765,-4.8435099513095405,-1174165.9317723904,298.47134355675325
3840.0,hold,1500.0,40.0,87.49289910460452,0.04374320307681036,41.798249817013186,26.021865015686075,-5.947139813490562,-1173435.9365828056,299.7681438309732
3850.0,hold,1500.0,40.0,80.04709258256229,0.17283868530582103,41.60307901549905,26.174632444848818,-4.012960070143941,-1174065.1951823533,300.3552823444066
3860.0,hold,1500.0,40.0,83.46824124067633,0.11375392817809166,41.606996903969154,25.616228306768527,-3.2367150711811536,-1174240.9921325054,298.6156678028168
3870.0,hold,1500.0,40.0,90.88791768646209,-0.015496466826913621,41.36233786316813,26.094374176858793,-4.669937094352957,-1173418.0763219614,300.4790808492986
3880.0,hold,1500.0,40.0,80.32694982997846,0.16802572224066353,40.960460489212984,25.84086810631517,-4.444058737653256,-1172920.5483253188,299.20082039499357
3890.0,hold,1500.0,40.0,84.0227117443091,0.10413423184043362,41.035811197569046,26.0741811281163,-6.874859022370347,-1172851.6410404406,301.5935455559827
3900.0,hold,1500.0,40.0,88.23248951526725,0.030843984849189706,41.15407786842194,26.126507251067792,-6.0298111447443725,-1172840.6628796626,301.4051731094777
3910.0,hold,1500.0,40.0,80.6618170095972,0.16226144447117363,41.22030736754436,25.818265105257925,-5.944735584000831,-1172813.0358318705,299.7723260622307
3920.0,hold,1500.0,40.0,80.76254440287572,0.1605264676502963,41.64883296146276,26.12238889311035,-5.1000154480111775,-1173423.7364968993,298.2128318943517
3930.0,hold,1500.0,40.0,91.01198093698598,-0.017661481004102107,41.24321783885495,26.303824656793633,-6.491525071970522,-1173787.1239478718,302.1179052097878
3940.0,hold,1500.0,40.0,82.7688381304442,0.12587280359122482,41.085046352259475,25.92531930025176,-4.178044220028067,-1175361.33403009,302.7052939520304
3950.0,hold,1500.0,40.0,82.99033804592229,0.12203671761823835,41.07974727764604,26.21219734701675,-6.246325985237442,-1174780.7297492437,301.25270030519016
3960.0,hold,1500.0,40.0,85.42069274071422,0.07983892597847107,41.237302323649345,26.394039128172526,-5.130076007852853,-1173913.8087877855,301.5677113705734
3970.0,hold,1500.0,40.0,80.45203837329312,0.1658731560765884,41.196371268635275,26.146182044759016,-5.8647030648154175,-1174054.357196901,301.0420522181613
3980.0,hold,1500.0,40.0,81.65420412960424,0.14514707160843351,41.12535402994191,26.18426249387926,-3.0828183061499415,-1172311.7621278148,300.2914482989689
3990.0,hold,1500.0,40.0,84.13703094248615,0.10214962712348835,40.94990786064841,25.727423103639484,-4.479275811730821,-1173901.7959342618,301.47348899029936
4000.0,hold,1500.0,40.0,82.84814103814345,0.12449959518344035,41.58341163866112,25.97151106812219,-4.045992140016604,-1173555.490248995,302.4289969695045
4010.0,released,0.0,40.0,84.17717357151669,0.10145264597932412,41.302910460062456,25.647753658729812,-3.873291376729381,-1172637.8451399151,300.0967672312651
4020.0,released,0.0,40.0,79.90931260049896,0.17520670701968089,41.501115825237385,26.171314664243504,-7.414266075877853,-1172335.9086994566,301.11139461166715
4030.0,released,0.0,40.0,81.54756295219167,0.14698834843992017,41.36577712235465,26.03790136241749,-3.778821219905531,-1172849.6707912944,299.4446734764093
4040.0,released,0.0,40.0,77.2871562996027,0.22006487939192262,40.931558858458374,26.312811450799547,-3.0250845392845545,-1173360.991355,298.945249007375
4050.0,released,0.0,40.0,84.78242969562419,0.09093797350444949,41.10908326478799,25.557543608348364,-5.844752174288276,-1174194.6003126688,300.4783835054746
4060.0,released,0.0,40.0,84.10467372894547,0.10271139658848444,41.56083770294515,25.789014160808076,-5.404213922841306,-1174498.209950827,300.76366061598407
4070.0,released,0.0,40.0,81.67248453115909,0.14483138977485213,41.83866672614366,25.92595051298681,-3.9076485208790706,-1175152.0845143292,297.82103453503294
4080.0,released,0.0,40.0,80.9898190038562,0.1566099667912872,41.79834367581663,25.830003291716096,-5.3613800025296845,-1174666.5754945595,299.4925316818646
4090.0,released,0.0,40.0,93.10521062547097,-0.05416962225261404,41.79475754945343,25.81112016965371,-6.641965666348755,-1173413.2688650936,300.5090594561689
4100.0,released,0.0,40.0,79.68043002460932,0.1791382609504807,41.57059900768266,26.121301896914954,-4.953809223406625,-1174360.4221881647,301.1065661825515
4110.0,released,0.0,40.0,83.67689629599334,0.11013510270477923,41.55072424010745,26.15991793238372,-6.256429037113194,-1174903.6988647133,302.0988022022931
4120.0,released,0.0,40.0,84.31373264339682,0.09908125213107524,41.518650156076006,25.930673708832146,-5.525983143280476,-1173194.4923588969,300.38556913138046
4130.0,released,0.0,40.0,85.19636803702033,0.08374101055981631,41.884880614914216,26.288637105238912,-5.4644491162774855,-1172557.4406204652,300.0786353027969
4140.0,released,0.0,40.0,83.07343440918794,0.12059712482287246,41.71347333194251,25.931834794882757,-5.033866699646307,-1175926.7729272656,297.402903609138
4150.0,released,0.0,40.0,85.1451526519705,0.08463171438679416,41.59284786483902,25.975412594938817,-4.8531750198270895,-1173119.0321420114,300.42677702253377
4160.0,released,0.0,40.0,78.90701125524727,0.1924018848031481,42.31184871549143,25.93719807711403,-4.891333475414031,-1173471.043163946,302.0829929609328
4170.0,released,0.0,40.0,82.14008534022034,0.13675153106799764,41.564510104425835,26.06187250694064,-5.19013264370934,-1173263.2848845907,298.97500524093084
4180.0,released,0.0,40.0,87.8117600962266,0.03818270716901838,42.10061260045286,26.178663621418643,-3.5790954690995767,-1175301.669540448,301.5035448366764
4190.0,released,0.0,40.0,84.15683870747183,0.101805718706689,42.45664624382227,25.89072135533364,-4.7986856027527995,-1173702.372124169,301.52358515739604
4200.0,released,0.0,40.0,89.82806809722872,0.003000773289078674,42.42813361352974,26.0345923229514,-4.876682222424545,-1173963.7410815265,300.8214661511077
4210.0,released,0.0,40.0,92.66041032483263,-0.046416236401151,42.582711734037005,25.773124210894238,-5.46060192807547,-1173034.2967469469,300.2307325452453
4220.0,released,0.0,40.0,84.81232138678803,0.09041841439087876,42.312625747502004,26.011838961064548,-6.140472267055429,-1174979.2383371852,299.13256766083657
4230.0,released,0.0,40.0,83.88022726975728,0.10660721027538285,42.94159802751186,25.959266916422827,-5.92331892756891,-1173680.2017171122,302.1557457823945
4240.0,released,0.0,40.0,82.88191932286544,0.12391461813797812,42.68682573958829,25.830999329016926,-4.799019128027149,-1174756.596530348,299.24824130015696
4250.0,released,0.0,40.0,86.16516142265894,0.06688059917991289,41.96590796495765,26.250905458865084,-6.6130193862070445,-1173040.516526537,299.68500239222186
4260.0,released,0.0,40.0,85.2787417249268,0.0823082822550898,42.91104447144999,25.862859999385904,-4.968840007796903,-1173990.5409159325,300.40604568003744
4270.0,released,0.0,40.0,83.08875350931065,0.12033170316185729,42.05396338281454,25.97991357966944,-5.897120126992984,-1173462.986528108,299.244535369069
4280.0,released,0.0,40.0,85.47358618732075,0.0789186742396238,42.193882064921276,25.241835372603937,-4.209568857858598,-1174291.5507429503,298.9655821804679
4290.0,released,0.0,40.0,88.41913425632515,0.027587811604311924,42.266163657189146,25.2643375620854,-4.556550453943559,-1173489.2453988083,300.3201332738073
4300.0,released,0.0,40.0,84.25717582312173,0.10006344923816676,42.08801035069151,25.658406352408615,-5.2009028226303275,-1174210.9820619952,300.7094964871009
4310.0,released,0.0,40.0,87.86698817462617,0.037219480681302444,42.535455840543044,25.678768328263548,-4.541530235797059,-1174904.8723016381,299.70400486722514
4320.0,released,0.0,40.0,86.5891402842424,0.05949557668621594,42.10332342368317,25.458910492011967,-4.784948308066913,-1174452.6868351176,300.0753375857936
4330.0,released,0.0,40.0,84.97587256662929,0.08757523573543421,41.80167797506082,25.996658993828603,-3.07978536893755,-1175320.3120665178,301.8908923109026
4340.0,released,0.0,40.0,88.98827824590958,0.017656958114601783,42.43620749538069,25.699316239770507,-3.658177144425669,-1175604.696918143,299.16394886953805
4350.0,released,0.0,40.0,83.2933107256693,0.11678668883984611,42.58305927427314,25.57812700016822,-5.3353867198537435,-1173781.4918917995,301.30977630722845
4360.0,released,0.0,40.0,88.81931391643975,0.020605401196282517,41.960999413167876,25.86757589951496,-4.520764440616629,-1173215.9254816081,300.7664643858513
4370.0,released,0.0,40.0,85.5112813537043,0.07826280440904605,42.05359807425438,25.333058796111242,-5.097475530533395,-1174068.6021510903,298.8735682070491
4380.0,released,0.0,40.0,83.40394990591831,0.11486866823038627,42.22585365094117,25.54439745126906,-2.8181433393234308,-1172537.9969316293,299.91246075511043
4390.0,released,0.0,40.0,84.3059788639822,0.09921591429659433,42.3461804639464,25.69160093625375,-4.248239220094369,-1174591.1458951328,300.25354899367267
4400.0,released,0.0,40.0,87.4896141717391,0.043800481020505454,42.16491500257223,25.539952488330794,-4.773626740631167,-1173214.322481662,301.4377697750332
4410.0,released,0.0,40.0,83.74947073328941,0.10887605738978172,42.594067126273295,25.24411686630669,-5.592220189356541,-1173178.4693282675,301.75190498683963
4420.0,released,0.0,40.0,86.10744256148773,0.06788569369475062,42.22494804533197,25.988351048832445,-6.971410051485429,-1173102.8518064953,302.51071473014224
4430.0,released,0.0,40.0,80.87161284042203,0.15864726140096247,42.36649997178479,25.84692151326262,-8.88823384567825,-1173858.135136705,300.3586071882866
4440.0,released,0.0,40.0,88.25152471117809,0.030511914380534667,41.437628193208646,26.096558850329256,-4.561447697403075,-1173842.4362362511,298.50333177587447
4450.0,released,0.0,40.0,84.84349158096174,0.08987660690976847,42.17409020568121,25.70319524188298,-5.7268999232576965,-1174303.1741551869,299.98264418520233
4460.0,released,0.0,40.0,84.93734244731999,0.08824510960611841,41.90282249446887,25.515841486199633,-4.89515006146979,-1173274.957675945,300.36603568122774
4470.0,released,0.0,40.0,88.7044296809206,0.022610040887698694,42.3575088071714,26.31547249948082,-4.7352777900436305,-1173760.4091362525,299.76245630724554
4480.0,released,0.0,40.0,84.7920113175424,0.09077143429473443,42.530279501208916,25.386568855985175,-4.440533491220238,-1173907.8601444121,299.07236087211135
4490.0,released,0.0,40.0,86.23646512577204,0.06563884973966674,42.424135564246406,25.845639679651775,-4.014198083259206,-1175206.033796858,300.51485896903995
4500.0,released,0.0,40.0,93.65182577868761,-0.06369323931062143,42.17974893727403,26.074885389421436,-4.135941020968476,-1173940.9454344828,298.0309156364581
4510.0,released,0.0,40.0,82.25389644628511,0.13478354531725292,42.12215309914589,25.60495540989004,-5.4163898840124,-1174540.5819875523,299.58162910333874
4520.0,released,0.0,40.0,91.93122396906493,-0.03369983489312983,42.40652440566978,25.81733467326805,-4.27136400198016,-1173835.9717325624,302.42229313837805
4530.0,released,0.0,40.0,89.38824977654286,0.01067685273709881,41.960863619227354,26.255759747624275,-5.905223609424471,-1174368.5809603296,301.68783601867875
4540.0,released,0.0,40.0,85.38332665325345,0.08048898836522027,42.80874778648591,25.909489670383937,-5.664738068564671,-1173141.6622015908,300.87959920843105
4550.0,released,0.0,40.0,80.69126053629714,0.16175434670996314,42.63826247427156,26.154505172095945,-6.149982314576246,-1171808.7008009385,300.40153536190536
4560.0,released,0.0,40.0,88.04802130174048,0.03406186528236925,42.56441830443204,26.165257421135014,-6.020560124453807,-1175720.059163684,299.6300447326588
4570.0,released,0.0,40.0,87.1704226369892,0.04936536933382127,42.363073416793185,26.334906805681477,-4.596519158427656,-1171876.1378257852,300.8682076102324
4580.0,released,0.0,40.0,91.9559653099727,-0.034131404325100645,42.918388408354225,25.958712574791544,-5.046856773310608,-1174371.5020019356,299.1862382995809
4590.0,released,0.0,40.0,80.96901865145226,0.15696851144253376,42.7021767375296,26.333826839025896,-3.6893444386580754,-1173886.434246743,301.8493435316169
4600.0,released,0.0,40.0,87.21459711259651,0.04859530469455221,42.92314325798886,25.760822588312394,-4.396363036891724,-1175018.0622884482,300.53276245522414
4610.0,released,0.0,40.0,85.6070795724644,0.07659582985972438,42.74208308968356,26.10388271637764,-4.907341518552155,-1173954.3424035478,299.8689013965566
4620.0,released,0.0,40.0,82.71834444646836,0.12674702626812825,42.54529141507824,26.06519779070019,-3.4582872850368815,-1174554.5343160704,298.8994499118619
4630.0,released,0.0,40.0,86.98835301107052,0.05253895487914182,41.97116130560824,26.39936680129694,-4.6015671195182914,-1173908.9492465202,301.4349963561339
4640.0,released,0.0,40.0,84.05406765778038,0.10358992767977798,42.78456034832924,25.806013603700038,-3.4679906652918273,-1174284.410172034,300.7886318651888
4650.0,released,0.0,40.0,82.87440922450517,0.12404468279914196,42.824345094879526,25.871801858940035,-4.811122671361349,-1172810.5862179957,300.3744692896547
4660.0,released,0.0,40.0,84.81452685008247,0.09038007939871365,42.444387684823184,26.36752758753465,-5.5559341536435785,-1175640.4603531305,299.71484033124995
4670.0,released,0.0,40.0,85.1797203937494,0.08403054264545867,42.569589978329205,25.90789858216864,-3.757306846766056,-1173651.7831635922,301.78219501616945
4680.0,released,0.0,40.0,87.78083843314671,0.03872199286132107,42.844446221000226,26.399355265030458,-4.025719928177679,-1174190.8641254064,298.51123719949953
4690.0,released,0.0,40.0,83.73288788013662,0.10916375767485961,42.52809844545455,25.99459982617801,-5.82068596667103,-1173915.0524881147,300.6042887865439
4700.0,released,0.0,40.0,89.31417701284661,0.011969583377711271,42.40957172794124,26.029563419288287,-4.19790996312188,-1173845.518871965,300.28308171363943
4710.0,released,0.0,40.0,91.17725199900364,-0.020545477802261403,42.76590216512197,25.807881483428435,-5.358849162943218,-1173893.7134489138,300.98963807356546
4720.0,released,0.0,40.0,87.16597507014035,0.0494428992291988,42.39395673454008,25.74646270939681,-5.72398419388997,-1173750.2656530887,300.01404030674723
4730.0,released,0.0,40.0,88.51450108571406,0.02592394250956388,42.36266482329504,26.085144112265368,-6.053577613454588,-1173793.194631828,297.5660732868687
4740.0,released,0.0,40.0,83.86355158079733,0.10689659282622416,42.70639033021322,25.84008642358822,-6.200966897029969,-1173759.5647633448,300.1021180162129
4750.0,released,0.0,40.0,87.83658099045492,0.037749813177232874,42.88807502347221,25.91144588403126,-4.413894188735547,-1173841.9580732565,302.6195701339765
4760.0,released,0.0,40.0,86.53273120880647,0.06047832777133987,42.59309043093241,26.355285504135296,-5.049443136929838,-1173351.9370928593,299.78556869836376
4770.0,released,0.0,40.0,82.65592783876488,0.12782754042784988,42.34229189973411,26.28732257331558,-4.824965967200854,-1174253.657247968,300.034921070387
4780.0,released,0.0,40.0,83.6619860097065,0.11039374946244067,42.66385284457823,26.02888553851322,-6.041866416957147,-1174224.3095700499,300.98070346123336
4790.0,released,0.0,40.0,85.64777677028744,0.07588759720109511,43.666706255124076,25.570220068182604,-5.529752139682774,-1174148.2557689399,302.7789704220418
4800.0,released,0.0,40.0,85.3069799839128,0.08181709396728436,42.387494755387785,25.675148656129256,-4.70590056714322,-1174481.092497902,300.14902550606394
4810.0,released,0.0,40.0,83.57872442273356,0.11183793923489485,42.4788203460465,25.625212637731966,-4.109678652451396,-1172881.783939274,301.3801822758559
4820.0,released,0.0,40.0,83.42843761906121,0.11444409556785734,43.261038050770864,25.531031549059026,-4.057110583971459,-1174282.3447150514,299.4293962594074
4830.0,released,0.0,40.0,83.9680189756179,0.10508356339257054,43.40644743500217,25.587396502587666,-3.503505262454798,-1174596.4671992622,298.63118399844365
4840.0,released,0.0,40.0,84.08484043168166,0.10305571601467159,43.16197135129904,25.63526887210067,-3.271036075074864,-1172788.7446244787,301.2412705012287
4850.0,released,0.0,40.0,79.91193317386605,0.17516167668768667,43.23925694941976,25.80879661231987,-5.369917084232438,-1172741.3045210782,299.39534619061334
4860.0,released,0.0,40.0,77.96945141397744,0.20843318353085344,43.177356415750054,25.482443278814237,-3.8162912620707328,-1173365.4375354443,301.7356320937201
4870.0,released,0.0,40.0,85.122495515833,0.08502573065844085,42.08666995464439,25.78380830624776,-3.216283963472378,-1172961.9474538323,300.6512357933333
4880.0,released,0.0,40.0,84.75433758147591,0.09142623091122312,42.346622487221545,25.939144051583195,-5.372812970884241,-1174442.8356734514,299.8148528670389
4890.0,released,0.0,40.0,86.46249486543675,0.061701893554792664,42.253920983535416,26.44671066245792,-5.502124049295597,-1173833.8611375,300.02044634757
4900.0,released,0.0,40.0,87.28154377980329,0.04742821247455666,42.65020892275278,25.754944504063815,-7.032692166275129,-1174771.1502476595,298.0916425757251
4910.0,released,0.0,40.0,84.81493025862535,0.0903730674047597,42.121967941578816,25.740454858418325,-4.49029559038249,-1174376.8856485449,300.0518197488178
4920.0,released,0.0,40.0,79.7036517564962,0.17873950666880634,42.88897754047415,25.995893201757347,-6.066456968158277,-1174913.04912919,301.1362069818494
4930.0,released,0.0,40.0,87.77091760133952,0.038895013600054276,42.653763076566335,25.77966282697225,-4.204606369145679,-1174657.055431556,300.67342717418336
4940.0,released,0.0,40.0,91.13315754882603,-0.01977604090271133,42.958729123258955,26.06579759724245,-4.830504547959823,-1175860.24371464,300.0234242498822
4950.0,released,0.0,40.0,84.93162452673423,0.08834451637990809,42.74994455452951,25.930850201928827,-5.251331677652978,-1175277.6566019189,301.16362177531096
4960.0,released,0.0,40.0,85.18004389049828,0.084024916529916,42.288906781880705,26.03815535732753,-5.377321773796225,-1172836.7351564914,300.053508985916
4970.0,released,0.0,40.0,82.17239604760877,0.13619287901695176,42.3704485636657,25.902848325548625,-5.888263843740967,-1172843.3786183316,301.5588577930056
4980.0,released,0.0,40.0,83.97123836608584,0.10502768535921851,42.579580115026275,25.909401025750867,-5.464018061369063,-1173101.4891582783,300.02712497764867
4990.0,released,0.0,40.0,83.84099601753157,0.10728799771064017,42.40983772951786,26.17845785574818,-6.402163259211686,-1173597.1410385612,299.5908289164876
5000.0,released,0.0,40.0,87.85945781967094,0.03735081878176825,43.487424557131554,25.981507045806364,-5.508356533962447,-1173516.877888726,298.1531096666194
5010.0,released,0.0,40.0,88.7891132193835,0.021132387998493634,42.73329489285893,25.52580517069846,-3.7824185645129997,-1174303.2228266578,299.2114648934996
5020.0,released,0.0,40.0,82.64135164309936,0.12807985188081347,43.29078888460267,25.770989336917786,-3.95123661116895,-1172238.7175500654,299.15367189272365
5030.0,released,0.0,40.0,85.59585332182357,0.0767911878113177,43.381429464156696,25.80650474650864,-5.8131690231505155,-1172533.8454826083,300.51563891529173
5040.0,released,0.0,40.0,94.43074836540478,-0.07725409559872753,42.9788709375648,26.18124015146395,-5.540994479432333,-1172880.6864446234,299.74766993700723
5050.0,released,0.0,40.0,89.70771714585258,0.005101276026640816,42.65912709882051,26.224486674475965,-3.6074161028526763,-1173316.404634308,299.2983675176538
5060.0,released,0.0,40.0,91.89131292647399,-0.03300364332980769,42.668680249377,25.439483442126956,-4.300668003591163,-1174294.5265501924,298.59207577970113
5070.0,released,0.0,40.0,84.67130203264777,0.09286930847030686,44.165150139274324,25.79445973337002,-4.635140823331268,-1174446.9194469433,299.66209648933636
5080.0,released,0.0,40.0,84.46929599220833,0.09637915764904231,43.46513464186931,26.111590321514228,-5.206775855224185,-1174983.2385161426,301.5580927565813
5090.0,released,0.0,40.0,91.67346322820357,-0.02920329073165065,43.572416548218634,25.763013619195736,-4.527896025353728,-1174146.5819666963,301.2029231514155
5100.0,released,0.0,40.0,86.7571735009468,0.056567787273740996,43.35246277091689,26.01023182797548,-5.470791171043306,-1174573.5473222788,299.7686686023328
5110.0,released,0.0,40.0,87.83170247110952,0.03783489857511323,43.51054121569468,26.10916951447515,-6.417723801542221,-1173700.280873999,299.45745923779623
5120.0,released,0.0,40.0,89.41893957142089,0.010141243794634318,43.829312605873554,25.7936937532269,-3.815489788929579,-1172232.9089150727,300.4333004327581
5130.0,released,0.0,40.0,91.90993800676996,-0.03332853346757655,43.4658298421889,25.976362266902328,-2.9873111272322674,-1172908.1820604205,299.693136170913
5140.0,released,0.0,40.0,86.19724923448776,0.066321804687421,43.574426202568176,25.39646988852184,-4.776513688511076,-1174368.2859877124,299.3662148071958
5150.0,released,0.0,40.0,91.49483463639105,-0.02608682649262478,43.6321341868466,26.030845101824323,-7.289240739302222,-1174317.0421105847,299.0381924210793
5160.0,released,0.0,40.0,85.84936683989807,0.07237887003494199,44.22737017765918,25.603547011197886,-4.127045584387179,-1173300.6912854835,301.739159734027
5170.0,released,0.0,40.0,90.20298374187223,-0.0035427272129014767,44.78410766279654,26.051489375589977,-4.323163901848245,-1174301.1129195672,301.3555548119813
5180.0,released,0.0,40.0,88.68633837873614,0.022925711825504125,44.46819832365294,26.375493303436144,-3.773943563737525,-1175931.7318916954,298.15513565956365
5190.0,released,0.0,40.0,89.96037404093104,0.0006916033998797637,43.17488837343423,25.50804575596591,-4.33148694431484,-1173251.5105265062,300.30968283900273
5200.0,released,0.0,40.0,85.92795037965048,0.07101085814563779,43.87126053180775,25.40668727459058,-4.553153015583115,-1173383.8143966962,302.0450354786793
5210.0,released,0.0,40.0,85.81170381842657,0.07303447400665461,44.012909780698244,25.38386685528619,-3.6668631110418968,-1174966.3940155767,301.7504838569403
5220.0,released,0.0,40.0,91.5807342118554,-0.02758551681468512,43.85876413103738,25.714093202732442,-5.170861228518041,-1172733.3856356237,302.27990530146207
5230.0,released,0.0,40.0,90.89734005302184,-0.01566089818952965,44.39017658291831,25.960165425744453,-3.8952992325407454,-1173186.9217642173,299.6361815248662
5240.0,released,0.0,40.0,81.21625475269487,0.15270547077350224,44.628556508353974,26.4100191418211,-3.20613657303085,-1172750.7433192022,300.42221291015085
5250.0,released,0.0,40.0,88.44015809348939,0.027221014236833055,44.156433721896754,26.415228251853843,-4.26887293064388,-1174427.6415622067,299.2670381492965
5260.0,released,0.0,40.0,83.18800865460477,0.11861178193276183,43.71474025939124,26.30672998180549,-3.7506379159827983,-1174188.3912793212,298.7091483749235
5270.0,released,0.0,40.0,88.63161168754807,0.023880611128641552,44.24203325989766,26.20572005488388,-6.753934156790572,-1174622.4398568738,299.7583140278584
5280.0,released,0.0,40.0,86.39562686135828,0.06286669440301657,44.63502006565485,26.018014177867485,-5.4102589145868425,-1174410.8663231134,300.5057271632707
5290.0,released,0.0,40.0,85.72606759401917,0.07452503440491173,44.18682606409664,26.13274764502226,-5.3338926429522004,-1173644.0951483771,301.3349289121125
5300.0,released,0.0,40.0,87.95182407496429,0.03573980056869871,44.7554443673831,25.828358356162127,-4.443043481608891,-1173088.4305683654,298.60328382346984
5310.0,released,0.0,40.0,88.7580051402621,0.02167520201607616,44.057292709527275,26.033767551113776,-4.545815526743926,-1173208.1413961966,300.680189003596
5320.0,released,0.0,40.0,82.91821870821757,0.1232859323164638,43.567513190540154,25.729375429190316,-4.808620272899326,-1174567.8224202339,300.02684341909736
5330.0,released,0.0,40.0,83.9269524032689,0.10579631489524112,44.02042730248975,25.897479465298083,-5.168563684175565,-1174429.8551380243,301.1416441288494
5340.0,released,0.0,40.0,89.59965368243287,0.006987304532340734,44.090086366966155,25.496822099878813,-5.025419310741565,-1174461.4472195152,300.1772117656045
5350.0,released,0.0,40.0,85.00126100524659,0.08713381778283666,43.96538213869308,25.922846153083643,-4.018538841658307,-1174223.2406050507,301.25987330032405
5360.0,released,0.0,40.0,86.64527745739493,0.058517505391388586,44.184995640743516,25.176113116081368,-4.893273932748876,-1171364.3377306722,298.53289279863844
5370.0,released,0.0,40.0,78.01368386061881,0.20767807544229647,44.42774474708824,25.53800469421894,-5.419598342089926,-1174183.892684346,298.60243299327266
5380.0,released,0.0,40.0,82.60117919739425,0.1287751870880097,43.569211066644584,25.84769259034363,-6.027191658358923,-1174536.2484109085,302.2928908544444
5390.0,released,0.0,40.0,84.81018663431274,0.09045552017187802,44.74995254837281,25.785210506259197,-4.7780796370848035,-1176191.2120212317,300.30182823975196
5400.0,released,0.0,40.0,86.85930995208348,0.05478793537620485,44.50362537747506,25.71430063641574,-4.932188278098949,-1174759.1084350366,301.0602113118005
5410.0,released,0.0,40.0,88.42099289696043,0.027555384538062833,44.83593577651997,25.169982214493523,-4.593806969301001,-1173943.256035462,301.64724055177885
5420.0,released,0.0,40.0,90.6525882179528,-0.011389566801951842,44.04175730984277,25.862284211772078,-4.754829355946425,-1173095.6719786897,301.8358987754006
5430.0,released,0.0,40.0,82.29285252883155,0.1341098064625908,44.10591575145728,25.939363008979075,-5.27150048278366,-1172761.0137902163,302.29625240661727
5440.0,released,0.0,40.0,93.1966132344396,-0.05576248685241192,44.718319067859866,25.757725045810236,-4.485924313737341,-1172153.4231290836,300.8949187027406
5450.0,released,0.0,40.0,84.58420664446787,0.09438273246685852,44.05409836152639,25.611818073749177,-3.5638752360760826,-1173674.3646224476,302.648063720754
5460.0,released,0.0,40.0,89.40107938610598,0.010452946305884753,43.67342683191549,25.59430389279156,-5.104303154988687,-1174560.3879547678,299.0127473005267
5470.0,released,0.0,40.0,77.41184456094255,0.21794148879541297,43.603238581219415,25.718928662183004,-5.034024114970249,-1173922.081878582,299.95530799232046
5480.0,released,0.0,40.0,82.29453349703054,0.1340807330045444,44.434862317410605,25.599555053808466,-5.372955970695756,-1174533.293686347,301.6054106690013
5490.0,released,0.0,40.0,88.04619800033193,0.034093669412127464,44.230160342498415,25.72860576613028,-5.118422914470127,-1174513.7921760343,300.16969182346406
5500.0,released,0.0,40.0,86.07559427262275,0.06844025837577301,44.04719991323428,25.70076128229802,-4.440670731950457,-1173739.5722712576,300.0812134372392
5510.0,released,0.0,40.0,87.3823120440334,0.04567138123372877,44.74210221348319,25.421669249889437,-3.986504782344193,-1173549.327412825,299.1704395643252
5520.0,released,0.0,40.0,82.67467285578134,0.1275030552322589,43.7855792640446,25.74520983570051,-4.067545941832128,-1173404.3357975818,301.89209177408475
5530.0,released,0.0,40.0,87.52710302404111,0.04314679572238582,43.94701130582166,25.90483264532486,-5.199836197110208,-1171627.943791194,301.02178500817956
5540.0,released,0.0,40.0,78.63357394241805,0.19708289125434353,44.048829236277044,25.170590413305263,-4.953430335562939,-1174838.5981063452,300.52254496636715
5550.0,released,0.0,40.0,75.59080977421442,0.24884524441249675,44.7576936203919,25.64623537054939,-2.9012722335785828,-1174086.1253357735,297.3482413781142
5560.0,released,0.0,40.0,81.21139151578947,0.15278935423112378,44.17173898932972,25.795575677735044,-4.399755280379313,-1173660.6149108913,299.69098898264144
5570.0,released,0.0,40.0,85.63992170704805,0.07602429786895606,43.13022237874997,25.6015757733293,-4.6184557382034885,-1173877.147216268,300.5287610145149
5580.0,released,0.0,40.0,82.6528771817598,0.12788034746372867,43.98051516218031,25.56190671344268,-5.182537565187808,-1173018.9260166306,301.85281786188597
5590.0,released,0.0,40.0,84.3124098337054,0.09910422588413594,44.401333046857275,25.705385420079867,-5.930109948694895,-1174001.8387077283,302.3756067391689
5600.0,released,0.0,40.0,86.0371495530068,0.06910965653705055,44.09971180314559,25.79390420716257,-5.1832264228747835,-1172972.083056964,298.9023905536994
5610.0,released,0.0,40.0,89.38996890254923,0.010646850033457306,43.886339481207536,25.79822193576189,-4.008514210796978,-1172485.2074308991,300.1730050639694
5620.0,released,0.0,40.0,89.29568062318123,0.012292382521398248,44.55654305245423,25.715437686683497,-4.573863803331028,-1175611.2689443398,299.24896336299
5630.0,released,0.0,40.0,88.42437391705748,0.027496396964703143,43.98131549335756,25.818175048060382,-5.053093458115517,-1173686.6681358274,301.0960206828653
5640.0,released,0.0,40.0,84.12351300265986,0.10238432268382822,44.39254806664468,26.256647573033234,-5.059199039884381,-1172366.221662091,300.0539310007849
5650.0,released,0.0,40.0,84.80004475102533,0.09063180235951848,44.17943450202124,25.76917279419563,-5.717207529665875,-1173357.0789148416,299.96924694863463
5660.0,released,0.0,40.0,90.69266687658943,-0.012089023139289681,44.05297640954144,25.549940313999826,-4.761344716428697,-1173850.6390634887,299.77415131694613
5670.0,released,0.0,40.0,91.96552984837129,-0.03429823927257128,44.65317594232279,25.443770018734416,-4.484756440864176,-1172567.2352064736,300.11673715229364
5680.0,released,0.0,40.0,84.22667669648895,0.10059307358136356,44.07217749159449,25.728996822946556,-5.262769052043689,-1175715.080702914,300.06286009325106
5690.0,released,0.0,40.0,85.06142407469595,0.08608772000774237,44.420612951698644,26.020498881536252,-5.6422695904237905,-1173209.0233300552,301.5988021252401
5700.0,released,0.0,40.0,83.69731059514939,0.10978096647317555,44.50710446109909,25.952280680861044,-5.534497108013122,-1175315.3555981647,300.24878836676027
5710.0,released,0.0,40.0,82.55272654696935,0.12961375811420722,44.607290326214056,25.670516741890335,-5.707775929589623,-1176087.548017474,301.60068658083554
5720.0,released,0.0,40.0,81.45670106721514,0.1485567769812338,44.07245275060023,26.257272962316204,-5.5221848921631125,-1172833.1588742826,300.9958426986698
5730.0,released,0.0,40.0,88.79690050139263,0.02099650444430025,44.43334679189163,25.698585576174658,-5.2479071106813056,-1173289.09993569,299.3985934908884
5740.0,released,0.0,40.0,86.18774248888928,0.06648736246822895,43.850646203791705,25.4744005920185,-5.507651575636672,-1173659.5681751985,300.52275343827694
5750.0,released,0.0,40.0,86.61831651906691,0.05898724968377626,43.5625017398824,26.00089231847342,-5.973113699754139,-1175776.1014011055,298.74182997957394
5760.0,released,0.0,40.0,82.54130627066782,0.1298113955969339,44.69523179041124,25.64882342457837,-4.9743623316568355,-1174783.6284350846,299.56838711679706
5770.0,released,0.0,40.0,86.39830768337742,0.06281999771544003,43.920038023964004,25.414480892912398,-4.1064656796900625,-1172105.2296044175,300.0462262712948
5780.0,released,0.0,40.0,89.94949762639033,0.0008814325854269167,44.73794212345082,26.07192354541304,-6.626605025761055,-1174290.2751884665,299.9912831873193
5790.0,released,0.0,40.0,87.92814190009788,0.03615286536375939,44.46510967938603,25.852185255639174,-6.240216268517026,-1172876.3048842158,300.70264656661647
5800.0,released,0.0,40.0,81.23081581320363,0.1524543079972861,44.312358776907494,25.68700423990689,-6.625969955867256,-1174867.4759860095,299.44381274209337
5810.0,released,0.0,40.0,84.01470520234622,0.10427321160817679,43.84272072963234,25.818896735394095,-5.697789674349453,-1174860.2236268893,298.74317728544275
5820.0,released,0.0,40.0,84.85262031959441,0.08971792403313165,43.47352488567696,25.547346548072262,-5.768750977560971,-1172212.2493657079,299.82357670883795
5830.0,released,0.0,40.0,79.87399258929861,0.17581358871889102,43.79143005226248,25.884351629108842,-2.506485711147965,-1173265.5560147949,300.51440482643574
5840.0,released,0.0,40.0,85.94513659600159,0.07071165612059241,44.42981789794953,26.20266353794571,-5.976751691426784,-1173469.430879252,300.6484526534408
5850.0,released,0.0,40.0,79.7692415378571,0.17761306684061592,44.60292338692311,26.47000852111191,-3.885230376674114,-1173445.9230734184,300.0726583513974
5860.0,released,0.0,40.0,84.18009085081259,0.10140199242734259,43.5978356373002,25.723832897880456,-6.656739633515984,-1173357.0217582565,301.03880157042437
5870.0,released,0.0,40.0,78.87912210585037,0.192879525001752,43.74477947380176,25.695041911975686,-4.91649968690569,-1174238.0661309157,299.582071862965
5880.0,released,0.0,40.0,85.69104744681954,0.07513453761267513,43.98926811982782,25.938029739900983,-5.842465592076205,-1172785.360879423,300.5955632456597
5890.0,released,0.0,40.0,87.64778047548208,0.04104244414490018,44.06908755753093,25.60902032455542,-6.152866153182941,-1174066.826928677,301.0435801971781
5900.0,released,0.0,40.0,84.95445874706276,0.08794753531750084,44.07287696557309,25.68258557618851,-4.273696478661298,-1174379.7166267,297.6287258977011
5910.0,released,0.0,40.0,82.15195531855635,0.1365463042160657,43.87813339442556,25.57757665924516,-4.574559946993936,-1175062.404899016,299.79550545206376
5920.0,released,0.0,40.0,86.30099951180529,0.06451489983278874,44.10847784833052,25.89542664836199,-5.4001212131154706,-1174640.6881782953,298.91380056136745
5930.0,released,0.0,40.0,78.32125783544761,0.20242397092367612,43.59710834406908,26.310115022402258,-4.3717290728921085,-1175160.3843466472,299.7551081066264
5940.0,released,0.0,40.0,78.52916964567339,0.1988690227036211,44.06747875213123,26.17157044122751,-5.229815911806156,-1175799.973159574,300.8269440131064
5950.0,released,0.0,40.0,79.40940644293443,0.18378997629607843,43.97418114961903,25.894290224107746,-6.393551342463102,-1174460.1212420538,300.2574432428406
5960.0,released,0.0,40.0,85.88575456757717,0.07174543552204077,44.05618502126443,25.74214605127756,-6.956019611048705,-1174051.465348404,300.4385570936508
5970.0,released,0.0,40.0,82.3065568835515,0.13387277721000349,44.09108852106344,25.825168376505562,-5.276742066943382,-1173856.1711205486,299.95825367053067
5980.0,released,0.0,40.0,82.238337739197,0.13505261312855876,43.79410386644714,25.470003414848758,-5.8579769616357416,-1174120.9005141277,300.7750726352967
5990.0,released,0.0,40.0,83.8839659066187,0.10654233038021847,44.48091747091509,25.41798021819747,-5.436033023542986,-1172322.2471511345,300.3697802442671
6000.0,released,0.0,40.0,81.306291815421,0.1511522699599959,43.465788298304965,25.69108271053365,-5.325472174106968,-1173275.8968040608,301.49173844244115
6010.0,released,0.0,40.0,89.44708880566056,0.009649971035409016,44.33918326653339,25.580806077497396,-5.692350625798303,-1174740.3035427239,300.7702510989566
6020.0,released,0.0,40.0,83.36448149867357,0.11555293484145235,44.42482609043245,25.156037162514735,-5.908477739538716,-1174720.0671426225,302.06322244370244
6030.0,released,0.0,40.0,79.09811409662636,0.18912776427769665,44.41986124073434,25.62313781256088,-5.239504080442808,-1173484.5096416492,299.5607642689803
6040.0,released,0.0,40.0,84.64600161572817,0.09330896662517892,44.09844431597677,25.483972828475128,-5.750285857512068,-1174507.378384944,300.58753979398995
6050.0,released,0.0,40.0,81.97752916439826,0.1395614635469431,43.79111298865581,25.40049364546157,-8.607698521203165,-1172005.1785403453,300.1490470010089
6060.0,released,0.0,40.0,80.0507169226372,0.17277638029619477,43.82121479739535,25.601255450305423,-6.32478100871891,-1173548.1739285477,298.7730039624834
6070.0,released,0.0,40.0,85.8146319889894,0.07298350417732355,44.164475001645066,25.779560276085917,-6.667277881285347,-1173695.7445552927,300.98612220031697
6080.0,released,0.0,40.0,79.38979082077893,0.18412649083876265,44.37241449589512,25.47567994650425,-3.9766557688293984,-1174175.0868043099,299.85730001137847
6090.0,released,0.0,40.0,79.21981465837878,0.1870415979766147,44.043132886106605,25.761312534138725,-5.530822370550009,-1175090.5222615302,298.421859967858
6100.0,released,0.0,40.0,80.61838007410618,0.16300946858736987,45.12344739169342,25.71989244200926,-5.9911438374100054,-1175500.6848971006,300.1228143074035
6110.0,released,0.0,40.0,81.31742177357953,0.15096024458168827,44.075798371388316,25.704354429465983,-4.82098470371355,-1175501.6011712197,300.4546992682461
6120.0,released,0.0,40.0,83.2663182645239,0.11725455940552713,43.83446708782956,25.554215398747772,-6.591756915034034,-1174687.2967610843,301.8598277793928
6130.0,released,0.0,40.0,81.24133332078875,0.1522728860742675,43.333348283207464,25.282373932203758,-4.512004129872544,-1172667.910801109,299.1456275671763
6140.0,released,0.0,40.0,85.64374133089429,0.07595782561862191,44.172405968414786,25.266927532515634,-4.433399521756086,-1174714.7811318487,298.73805060309786
6150.0,released,0.0,40.0,86.1686583968702,0.06681970199686962,44.107970662710756,25.227739920281678,-4.374989565403217,-1174076.7264486253,299.61893876568286
6160.0,released,0.0,40.0,84.01748675375399,0.10422492890092819,43.68620362982225,26.054771529679847,-6.704320439680519,-1173538.075163614,299.47625831470395
6170.0,released,0.0,40.0,79.67869415088823,0.1791680674977189,44.168002646958065,25.467781844446826,-6.762882037175503,-1172482.2352765892,301.67574335403503
6180.0,released,0.0,40.0,82.30105034663254,0.13396801868480054,44.08739522757763,25.750542457809786,-5.208521849644049,-1174763.4861954637,299.74631614207044
6190.0,released,0.0,40.0,81.46744432258383,0.14837134977220956,44.11893789907563,25.881979163718942,-6.966241566187477,-1174943.1331024915,301.36858071417106
6200.0,released,0.0,40.0,81.53336284031596,0.14723349066087763,44.14922442372511,25.33333455109139,-4.335724201001476,-1173722.3272874244,301.04798157054023
6210.0,released,0.0,40.0,85.08382688334545,0.08569816223824961,45.07300354562329,25.74833804221598,-3.213672604248167,-1172639.433830453,302.0017472308653
6220.0,released,0.0,40.0,88.11240293894667,0.03293882450476547,44.46988865944979,25.487610956411448,-5.817145749285099,-1174775.9201153815,299.9248159580724
6230.0,released,0.0,40.0,89.50061566240026,0.008715790571054496,44.172381454584425,25.491640262146014,-5.733816756086979,-1176051.5843555704,299.6753054276873
6240.0,released,0.0,40.0,82.21351830999649,0.1354818125857155,44.570744920617614,25.68630396570373,-4.810393915865067,-1177143.6293998566,299.9208030107301
6250.0,released,0.0,40.0,81.52816947056169,0.14732314362601578,44.29545313964488,25.809226054224823,-3.5555593171650113,-1173366.0361670498,299.26963785157557
6260.0,released,0.0,40.0,87.23485117123097,0.04824221929804476,45.3685090496552,25.390104024282667,-2.671402217783818,-1173712.3082584366,298.8192653346403
6270.0,released,0.0,40.0,87.02428220662347,0.05191272790962469,44.70131708105206,25.504266705841953,-5.888131215856925,-1174216.5899444558,299.85109534300585
6280.0,released,0.0,40.0,83.475493373853,0.11362817526041731,45.21288330787382,25.54878747711852,-5.168666238602473,-1174224.9122989364,300.68504419345885
6290.0,released,0.0,40.0,87.13983939690152,0.049898489721982964,45.88203967825851,26.00941961031882,-5.230653143101924,-1175184.3102305736,300.66588691316235
6300.0,released,0.0,40.0,84.94898479054355,0.0880427032787445,45.19948714815866,26.2549353016862,-3.731185134844136,-1174503.7185952011,300.1453160698769
6310.0,released,0.0,40.0,86.24487038698379,0.06549246591671133,45.59306570342064,25.56345394560121,-7.9854049930006115,-1173154.947714068,300.77918740647044
6320.0,released,0.0,40.0,83.35164844694015,0.11577541058406579,45.61694947957236,25.632928075699922,-4.993651338629266,-1174507.6756665371,301.94842781452815
6330.0,released,0.0,40.0,81.33312799339163,0.15068925518508736,45.57720626254756,26.11722645985983,-4.515839044824493,-1173818.2372180913,298.5567205767533
6340.0,released,0.0,40.0,81.19187656535942,0.1531259464388793,44.89192417659946,25.880024640600432,-5.175608212617183,-1174811.9158570897,300.3244992130087
6350.0,released,0.0,40.0,82.74962533709687,0.12620545595393273,44.634873270242544,25.627932148957125,-4.361748033376834,-1173269.0128804613,300.355135071124
6360.0,released,0.0,40.0,87.19441395595878,0.0489471480285017,44.571601897661516,25.746754569380517,-4.633279329552321,-1174097.3716575727,297.3534682340746
6370.0,released,0.0,40.0,84.92744061867077,0.08841725359426392,44.86245326038713,25.831520744988016,-3.56328753573856,-1174034.9217082858,297.0055882912252
6380.0,released,0.0,40.0,86.78918689966977,0.056009933935526626,45.40752303879983,25.777794648706763,-6.2172875582156,-1174491.3327948377,298.9852669881227
6390.0,released,0.0,40.0,85.54751389603108,0.0776323512931937,44.656272455757254,25.89917849438351,-6.275791403625262,-1174427.6507618371,300.23188653388615
6400.0,released,0.0,40.0,85.27376124029165,0.08239491285258788,44.21459675151444,26.10705502534422,-5.655079852104453,-1174398.2235913984,301.60219646813414
6410.0,released,0.0,40.0,86.27442663326511,0.06497771091869028,44.57084195187904,25.481979350257536,-4.878756508553582,-1174335.8352225237,300.9591533175452
6420.0,released,0.0,40.0,80.75179493866017,0.16071164530795234,44.81286239388986,26.075576125765004,-6.259749058653497,-1172691.4618088827,302.0388292235316
6430.0,released,0.0,40.0,82.11559278300817,0.13717497835359874,44.08296631033164,25.969310214550028,-8.60124943402772,-1172899.417214254,297.8463154783374
6440.0,released,0.0,40.0,82.47360360194921,0.1309829410215006,45.00332498792135,25.568443503047767,-4.993484890278005,-1174558.1324960608,301.0008339654761
6450.0,released,0.0,40.0,79.47133533779986,0.18272741795178812,44.20650387021814,25.908669926006905,-3.5371612318896357,-1174722.3262956273,302.39819453886673
6460.0,released,0.0,40.0,84.56842249244878,0.09465698453357255,44.106626606944545,25.812707052391637,-5.790972510312019,-1173177.9092798121,300.6391738821631
6470.0,released,0.0,40.0,86.17911830468154,0.06663754906275954,44.767959783600354,25.60804180857092,-4.161430444040871,-1173514.1515713558,299.5309280034746
6480.0,released,0.0,40.0,87.18454078490048,0.049119260096377876,44.93744178390073,25.459314020141274,-5.715716806278727,-1175232.9743344206,300.98232492566365
6490.0,released,0.0,40.0,80.53187991811545,0.1644988016260305,43.82287599574272,25.49206351500299,-3.4316541510694076,-1173630.9788453802,300.8064868566544
6500.0,released,0.0,40.0,87.12178790388391,0.050213152758857085,44.65532921756958,25.95135858940658,-4.183438255236849,-1175341.692447465,301.5811323384152
6510.0,released,0.0,40.0,84.4048183083435,0.09749920542266838,44.03675653041029,25.634667600469875,-2.879058233349145,-1172980.0274502393,300.69280026118537
6520.0,released,0.0,40.0,88.3069204119886,0.029545513056056072,45.09401877014927,25.50588715120656,-5.6648208607709805,-1173000.621684702,300.21647751449575
6530.0,released,0.0,40.0,81.58825644861278,0.14628579034843645,44.911771887375814,25.244747435878292,-6.6419319936038335,-1174451.1645914428,300.6755740928897
6540.0,released,0.0,40.0,85.66610427704192,0.07556864038691531,45.43381921669864,25.924077221883486,-5.692231590790375,-1173716.4364436641,300.289055332053
6550.0,released,0.0,40.0,82.03780889965954,0.13851960292213045,45.02726643539058,25.45806532012615,-5.013175152780072,-1174415.5591097195,300.07467602286437
6560.0,released,0.0,40.0,80.31416036458445,0.1682457627524028,45.79205203746971,25.701158384121058,-6.736893579988066,-1174271.7385383975,300.5849499818541
6570.0,released,0.0,40.0,85.22791559311351,0.08319232315287754,44.5774394493033,25.85883721177463,-5.313394964216476,-1174337.9516611937,302.9970692179208
6580.0,released,0.0,40.0,81.38747297632581,0.1497515193962876,45.74943516439809,25.697524748255024,-5.01906538769369,-1173545.0598904733,300.6557710448192
6590.0,released,0.0,40.0,80.36545040113865,0.16736327616647034,45.88714551444412,25.330138758357275,-4.943673683242969,-1174452.5632480253,299.8384336428664
6600.0,released,0.0,40.0,83.73396055978647,0.10914514774957758,46.2393871387552,26.087798998349736,-2.8874722273959543,-1175684.6979449354,300.47678211143926
6610.0,released,0.0,40.0,84.01986463840409,0.1041836529245628,45.95858182118814,25.88165383871606,-6.632280341265329,-1173808.7035386488,300.56958655043405
6620.0,released,0.0,40.0,85.93018919941429,0.07097188195780868,45.122094378238025,26.124047589244483,-3.879211137208917,-1174963.8466870487,299.45145487672704
6630.0,released,0.0,40.0,86.60910492407719,0.05914774163505056,45.346505228676754,25.85235498180713,-6.563694649181636,-1173302.7019829396,300.8646462273273
6640.0,released,0.0,40.0,83.16623498431319,0.11898911290695693,45.95178908092729,25.543197203627454,-3.4274167557397224,-1174511.990881158,300.65451032791464
6650.0,released,0.0,40.0,82.85711885989723,0.12434412022796142,46.499039508991146,25.7462416824234,-5.34431481561964,-1173072.1613729652,299.10495888196664
6660.0,released,0.0,40.0,88.82742066580123,0.020463941562679375,46.693053426784495,25.6713471618383,-5.335646892755056,-1174124.8292785045,298.0100154816751
6670.0,released,0.0,40.0,85.1927665401803,0.08380364758687814,46.54925065305009,25.542702871029864,-5.285983974050671,-1172689.8230298702,300.8936107780677
6680.0,released,0.0,40.0,86.53713888606408,0.06040153992871873,46.5365198705347,25.361547499151364,-5.119648983216305,-1174490.192532681,299.9222902694471
6690.0,released,0.0,40.0,84.96213232074813,0.08781412436382088,46.287388787333605,25.851528298277866,-4.040882345043045,-1172243.4829169717,299.8147215164407
6700.0,released,0.0,40.0,88.88462436980319,0.01946574762208257,45.68173768502098,25.908714234810493,-4.766581079558584,-1172691.1072584651,300.2476272151118
6710.0,released,0.0,40.0,87.17707410181062,0.04924942057862178,46.49518836423493,25.946833339922456,-3.066616899675825,-1172225.586370485,300.5329612991263
6720.0,released,0.0,40.0,80.42230719646797,0.16638485228031713,45.431745968068114,25.544902510809536,-5.83861593201979,-1172456.2717320547,300.7862469776266
6730.0,released,0.0,40.0,82.89392974140526,0.12370660964503552,46.54824864877056,26.116382878204206,-3.960858352228045,-1175135.605096059,301.0195137846073
6740.0,released,0.0,40.0,87.91327931792864,0.03641209556088325,46.405746026734036,25.979650614549712,-4.485042831851169,-1172924.3385383766,298.63377779853636
6750.0,released,0.0,40.0,84.88610809565714,0.08913579384015116,46.60502502856014,25.99661554406364,-4.710888023735555,-1174814.2189876828,300.7164318148491
6760.0,released,0.0,40.0,78.61289284287828,0.19743675224937102,46.21027723346946,25.565299855609066,-4.771465798556267,-1173672.2675788272,299.8865406501201
6770.0,released,0.0,40.0,81.95307232698742,0.13998412572860025,45.84538698133139,25.39018471589363,-4.044957047617041,-1174641.6102386434,300.18119304655875
6780.0,released,0.0,40.0,86.39378485402099,0.06289877987034431,45.97068092855677,25.766881640677926,-5.434117589409775,-1172874.9943289515,302.05488395911783
6790.0,released,0.0,40.0,85.43757672630964,0.0795451820644105,46.479906558751914,25.739680769533592,-4.576419670888717,-1173795.2117745914,298.9658081433958
6800.0,released,0.0,40.0,83.04318993573607,0.12112112102907782,46.11741026005847,25.728881552278892,-4.666555354644768,-1172610.490014946,299.86418014897146
6810.0,released,0.0,40.0,80.4274357800486,0.1662965886434083,46.17180371536386,25.842728029274227,-3.6906856359338978,-1174870.2082193028,300.90493715450333
6820.0,released,0.0,40.0,82.54196060444262,0.1298000719400505,45.99093184248073,25.746742170477486,-4.745218527059821,-1174321.4014982767,300.603839173909
6830.0,released,0.0,40.0,80.84812331178503,0.15905202554033807,46.84066270196874,25.293644887879225,-4.365044348389864,-1171860.9636664167,303.91019892339597
6840.0,released,0.0,40.0,84.41536309854254,0.09731603931049426,46.62034633039295,25.93216855724863,-5.990042337426564,-1173790.4438044745,299.9470927985532
6850.0,released,0.0,40.0,88.08797076124169,0.03336501205203766,46.26460976139904,26.156758581156193,-5.7917277281486435,-1176186.1434892323,299.320395021364
6860.0,released,0.0,40.0,83.65655534948037,0.11048795254832401,45.61545803598564,25.87068340290226,-6.2406500059533,-1172248.8176306412,300.75240732758573
6870.0,released,0.0,40.0,80.34701066892751,0.16768056215973842,46.22818185206652,26.204043414150945,-3.791613598706099,-1174508.0057814773,299.80616530768646
6880.0,released,0.0,40.0,84.35462598299381,0.09837101552298194,46.107784021565344,26.03695041253275,-6.096098403988494,-1174877.1974428687,298.7158014670009
6890.0,released,0.0,40.0,78.68264536401017,0.19624315905443604,45.48578711120288,25.198295323038185,-6.289584559337213,-1172954.6786035672,299.63570236430724
6900.0,released,0.0,40.0,83.11061822239108,0.11995285606193896,46.20048810275417,25.981125055304034,-5.0504614659762375,-1173712.1030025277,300.3114093205016
6910.0,released,0.0,40.0,76.09516118716515,0.24031002174902527,46.08912884778126,25.46297719260377,-3.331309675189358,-1174268.4077332523,299.76684583465016
6920.0,released,0.0,40.0,88.41349686711875,0.027686165024284698,46.341546181304885,25.743478143474913,-2.5844025519741294,-1174130.181301292,299.6101101715723
6930.0,released,0.0,40.0,81.22172706526186,0.15261108036942111,45.81063084722922,25.654833962067823,-4.783609931379761,-1174571.4389930237,299.9796781747939
6940.0,released,0.0,40.0,82.7666109178374,0.12591136651493084,46.116883648474186,25.857727550070088,-4.469825691374822,-1173974.6813519262,301.71234549729576
6950.0,released,0.0,40.0,85.42710884512705,0.07972730080285396,46.573501655359244,25.397203963962113,-5.064818660119688,-1174931.8606510013,300.935658097365
6960.0,released,0.0,40.0,82.66043538599722,0.12774951388098282,45.99224291391081,25.991628517287005,-5.01634515831093,-1173147.0402084403,301.204009246012
6970.0,released,0.0,40.0,86.16797729720226,0.06683156285626557,46.32616262090531,25.395687722817655,-5.326190862557262,-1173673.657360889,299.98993798834647
6980.0,released,0.0,40.0,82.44535815219352,0.1314716540072408,46.54494689702924,25.22925882121868,-6.3229420556905245,-1173851.339836022,300.0554805925581
6990.0,released,0.0,40.0,82.70711841787197,0.12694137482468357,46.22374764237384,25.424522415429358,-3.0870238838433064,-1172808.5792448055,302.4841291690477
7000.0,released,0.0,40.0,78.00868985078861,0.20776333619637483,46.48918242434926,26.109799988861,-4.6039473519906196,-1175936.196205182,298.4149220848451
7010.0,released,0.0,40.0,77.27784247832587,0.2202234482883907,46.6718605826338,25.70608364100105,-3.166151588196275,-1173755.1659421865,298.97998332538236
7020.0,released,0.0,40.0,80.28284835539624,0.16878444497701958,47.17852339623212,25.49900606662569,-2.6525724095272363,-1174192.923527388,300.1340007930843
7030.0,released,0.0,40.0,78.55707017220018,0.19839176951563595,46.559542754784836,25.7267000990256,-4.758277743448814,-1173387.0107728746,300.2780831399023
7040.0,released,0.0,40.0,81.54219220150495,0.1470810669233976,46.99727899405773,25.668883159992436,-4.740909243626421,-1173907.953647105,299.7537332294728
7050.0,released,0.0,40.0,82.36137332894164,0.13292460058648364,46.37843788905542,26.562380287003087,-5.918500191516723,-1175060.7614808492,301.0669585025097
7060.0,released,0.0,40.0,81.87778956419197,0.14128499929306218,46.326164458110085,26.206479749297838,-2.8815442686104973,-1172630.9140166566,299.7534382349297
7070.0,released,0.0,40.0,76.4928531439183,0.2335666517389811,46.147214004997224,25.43336291115771,-3.0231013587565183,-1172319.5352866277,299.94464575227454
7080.0,released,0.0,40.0,83.4340455733869,0.11434686083653027,47.6276620490639,25.527947096913273,-4.318652954476702,-1172817.2918337528,298.97993863286155
7090.0,released,0.0,40.0,86.92248440466498,0.05368695618895568,47.0274823672246,25.84426711776454,-4.904892298575385,-1174924.2037766967,300.09250516601725
7100.0,released,0.0,40.0,85.60906016399794,0.07656136352314558,46.91392034592452,25.892127910240497,-3.9275143415897986,-1173133.73928402,299.3801637681466
7110.0,released,0.0,40.0,80.13879879582463,0.17126197764694817,48.24836751773202,25.36286878188967,-4.023449160930798,-1173499.8718475923,299.2977445390468
7120.0,released,0.0,40.0,87.22758654623186,0.048368862907327254,47.8258751878398,26.186708076825585,-6.358820756503174,-1172448.5784495454,300.17997501081624
7130.0,released,0.0,40.0,82.80010261649123,0.12533145669100015,48.53983846844812,26.369161596373544,-4.020822644626772,-1173467.7665304877,300.9061754457602
7140.0,released,0.0,40.0,86.20480937690185,0.0661901452482831,47.904919501973986,26.325026953082418,-4.879086672962314,-1173145.1214181632,299.5801403172549
7150.0,released,0.0,40.0,82.00883247580059,0.13902044375668327,47.73330214083453,25.640100918296916,-4.090413671839025,-1174670.3832637146,301.93983678047556
7160.0,released,0.0,40.0,80.61673478687688,0.16303780011301547,47.66686130072201,26.372062113082297,-4.948059968335517,-1172357.1451152042,300.08010306950746
7170.0,released,0.0,40.0,79.16189041115072,0.18803462947091049,48.28715579737577,26.113763460915983,-4.870408498188356,-1172114.8938554768,301.65093065054145
7180.0,released,0.0,40.0,78.59469615686601,0.19774808276981176,47.663606112985114,26.53939171261894,-4.8887508410927705,-1174007.51158637,301.64310483974964
7190.0,released,0.0,40.0,88.63384696362034,0.02384160930912861,48.26107637366782,25.81462262229652,-5.8926437787856685,-1173971.010111263,299.80964087578286
7200.0,released,0.0,40.0,88.75933272863222,0.02165203666571383,48.23839475070033,26.635909947272157,-5.825139925142105,-1174298.974161325,300.8142027215927
7210.0,released,0.0,40.0,81.51998318657776,0.14746446070955782,48.38719667042055,26.299589709232897,-6.245283509991195,-1173955.5536223631,300.7832971630582
7220.0,released,0.0,40.0,84.44081441195523,0.09687392893157107,48.34038153710105,25.868979887032264,-3.4131983433678563,-1175701.3910896834,302.38182463451557
7230.0,released,0.0,40.0,80.15574321258453,0.17097060364176336,47.75284087265883,25.780493547705447,-3.6996731479313745,-1174179.5562002212,301.3769393592808
7240.0,released,0.0,40.0,83.32943666009254,0.116160463776832,47.643504957321134,26.419872933892723,-4.4375218704337325,-1175045.1046202034,300.8722117210136
7250.0,released,0.0,40.0,80.25667060012314,0.169234760386769,46.887115393432545,26.519725169622607,-4.3524116065628,-1176518.3884930927,300.46299188549665
7260.0,released,0.0,40.0,84.01190117798497,0.10432188415655676,46.99058638256497,26.056651284016688,-3.604290013918318,-1175161.221628487,299.6826854790719
7270.0,released,0.0,40.0,77.14271435975685,0.2225233635103138,46.60717590913659,25.795006843523332,-5.759680665451982,-1174410.8240541872,299.94177929097447
7280.0,released,0.0,40.0,80.97518833844389,0.15686216404112632,47.520922855619865,25.975213018860455,-3.51135068663641,-1172138.6157890912,300.0237793718905
7290.0,released,0.0,40.0,77.4697582151977,0.21695489107032204,46.18028302172045,25.821732814141615,-4.956075059812811,-1175916.5363621283,301.2821297874457
7300.0,released,0.0,40.0,85.34635341264215,0.08113218265316187,46.774944942022124,26.027491188426392,-3.601938295044322,-1172670.4006415904,298.7887380515663
7310.0,released,0.0,40.0,80.82149680205443,0.15951081281736534,46.75525555559278,25.866333145108232,-5.6570244360947735,-1174662.5268024504,299.6551086740744
7320.0,released,0.0,40.0,84.30662519200385,0.0992046893973049,47.13260571855219,26.578826341876116,-4.299926573578803,-1173574.603502484,300.8797255958196
7330.0,released,0.0,40.0,84.9667261247465,0.08773425681025109,47.51526001606801,26.266001005772367,-4.344808332090299,-1173452.2746169455,299.9585572520383
7340.0,released,0.0,40.0,81.215709164647,0.15271488139430636,47.046386791034905,25.853615671606434,-4.853919107181694,-1173686.3185163755,300.21221265963635
7350.0,released,0.0,40.0,81.18364361884049,0.15326794227559612,47.417384315875445,25.697779541870123,-4.54849538801882,-1173150.829968445,299.2907511815239
7360.0,released,0.0,40.0,80.48899595728344,0.16523702564883078,47.57062636065067,26.04885010162033,-6.470373917553936,-1172850.2109528054,300.02783820531334
7370.0,released,0.0,40.0,83.22429337900458,0.11798294084667714,48.172432263066824,26.044599270506403,-5.428153737145276,-1173942.7611311246,299.715142728277
7380.0,released,0.0,40.0,82.25179077656695,0.13481996074649677,47.16965334317551,26.13149292831433,-3.3927247024993594,-1174310.8826332185,299.19145550228177
7390.0,released,0.0,40.0,83.56885324806166,0.1120091412394622,47.21534591481146,26.35648238997428,-4.5421273410931144,-1172603.3930737618,300.7490623695034
7400.0,released,0.0,40.0,84.20617136072396,0.10094913743472576,47.632483343956885,26.597779832617764,-4.0975537877907335,-1175400.2411764562,301.9831204270914
7410.0,released,0.0,40.0,82.82003366862415,0.12498632955327692,47.32500070954215,26.183584966582973,-4.867700191377342,-1173074.615886839,299.7325652446074
7420.0,released,0.0,40.0,83.80248298380272,0.10795627283723666,47.52999115775859,26.33328137644999,-3.5284006948607853,-1174347.4602900986,302.43775558651515
7430.0,released,0.0,40.0,75.89718748466807,0.24366262023324803,46.878550372728924,26.501625088960683,-4.047881183635161,-1172966.8099948652,301.49373823318547
7440.0,released,0.0,40.0,76.88943631754515,0.2268308765455902,47.10522458307598,25.992321984783622,-4.729162584512674,-1174277.584775433,301.57483612883993
7450.0,released,0.0,40.0,82.14184930799337,0.1367210331902504,46.91353430925621,25.720272155593154,-3.9130002332674723,-1174296.6810209118,301.4303365131267
7460.0,released,0.0,40.0,79.38341651158125,0.1842358402456214,47.73822709316779,26.06161881269172,-5.382427520303288,-1173647.9806654304,300.1086711174684
7470.0,released,0.0,40.0,88.92659027960958,0.01873343794656243,48.61323733613227,25.931411026761776,-3.8656224137760304,-1174601.3217412103,301.00663909963805
7480.0,released,0.0,40.0,80.36014528416446,0.1674545612279341,48.96142817935713,25.640978978110528,-3.3914626481476446,-1174165.6901923418,302.2742424599705
7490.0,released,0.0,40.0,73.33575475283857,0.28676274614847214,48.19207361338188,26.314430191360447,-1.5136775113631273,-1173623.9689427,300.6493342416104
7500.0,released,0.0,40.0,80.40963518843469,0.16660293358366166,48.23183612428532,25.697786034627327,-4.191347346485092,-1173446.6680961233,300.49324116847487
7510.0,released,0.0,40.0,84.26549567465925,0.09991896817565174,48.63087115011051,25.32443337755999,-5.524285568214832,-1174495.9775939807,301.6284240448358
7520.0,released,0.0,40.0,86.1767547804326,0.06667870859478849,48.44327514384702,25.98500284138936,-5.932751546863643,-1172545.7463709917,300.59559953523666
7530.0,released,0.0,40.0,79.53085593460543,0.1817059793016436,47.567948429776074,25.69144359583127,-4.379488744723689,-1174426.2554101478,301.973713175162
7540.0,released,0.0,40.0,87.06520861858789,0.05119937723180554,48.48328276933546,25.8238322518528,-2.4549901241713528,-1172892.0967328288,297.63974677315866
7550.0,released,0.0,40.0,84.57187302920615,0.0945970315400401,47.652440527898115,25.99225032063306,-3.4289629165254425,-1173990.2540880851,299.4979275403358
7560.0,released,0.0,40.0,78.18023099418596,0.2048337824294175,47.54879524710777,25.701318787160627,-5.113589467309032,-1174372.0265311021,301.96110194840367
7570.0,released,0.0,40.0,81.03745957468487,0.15578868801369541,47.68510391173694,25.346868576286518,-4.65310364450273,-1173650.984944107,298.4624171216048
7580.0,released,0.0,40.0,76.45686253371233,0.23417738600758858,47.31098871908108,25.71812495919639,-5.326626655994669,-1172208.257179197,300.42965109493434
7590.0,released,0.0,40.0,81.06803481169467,0.15526154281184365,47.674088805339196,25.762549428956355,-5.346354654474646,-1172859.8038625494,299.0780074745628
7600.0,released,0.0,40.0,87.56356782468613,0.04251094887521055,48.9967632613395,26.241764256728647,-5.9997185329573375,-1175044.2561924178,299.4091632985668
7610.0,released,0.0,40.0,82.1785211182991,0.13608697167097228,48.375171067914884,25.958182836665145,-4.637572055023216,-1173079.1792634148,297.93624500478654
7620.0,released,0.0,40.0,83.62252358028354,0.11107826286538047,47.92403652244687,26.349277211401958,-3.6473591248029615,-1174705.4144069217,301.38252325168287
7630.0,released,0.0,40.0,81.31083963047553,0.15107380710970283,48.48932319583619,25.71642304337347,-2.747536023580447,-1174006.5729784612,299.5639762947059
7640.0,released,0.0,40.0,82.29436262551218,0.13408368834586626,48.657915431397456,25.98538437911673,-2.3346276244220716,-1174801.862091003,300.8153478575495
7650.0,released,0.0,40.0,76.83323366057681,0.22778612013789468,47.87012923070826,25.380785669476317,-3.186044655939118,-1173183.181151731,299.4780326688617
7660.0,released,0.0,40.0,80.97655535078133,0.15683860049099813,47.69847565582684,25.351861249433476,-2.955452547082361,-1173827.7247265317,299.398956994278
7670.0,released,0.0,40.0,78.81009802844198,0.19406146089658596,48.154188556648,25.976937523157545,-3.7420370875928928,-1175830.0769309364,300.2846457988825
7680.0,released,0.0,40.0,81.82945508206097,0.14212008263573084,48.024106055811934,25.811961258453795,-4.601981997997037,-1173589.0464918632,299.7279998922943
7690.0,released,0.0,40.0,87.67814526244427,0.040512919443737874,48.19460424648367,25.926044584349977,-5.786861336592427,-1173106.6183081307,299.854476319143
7700.0,released,0.0,40.0,81.93091046970304,0.1403671041208701,48.25208202044175,26.47511022967329,-3.67001042157227,-1174517.2157489322,300.28963405377067
7710.0,released,0.0,40.0,81.68421155950105,0.14462886951085424,48.60203367287396,25.707112914191235,-5.541780822261389,-1174460.3877423853,301.1695263137545
7720.0,released,0.0,40.0,78.2647139146052,0.20339031942594374,48.34391872337177,25.602831427203217,-3.8805267349945716,-1173003.430924883,302.3739828573592
7730.0,released,0.0,40.0,85.49043703158641,0.07862548540602973,49.583540367631436,26.21280422890567,-4.566740519133247,-1173753.3817596994,300.16280054867804
7740.0,released,0.0,40.0,81.52600398618638,0.14736052595148455,49.67693737594295,25.86293889007567,-4.528489100532443,-1172824.8213771135,301.47615759687204
7750.0,released,0.0,40.0,77.43056312852694,0.21762262981777314,50.15812247102062,26.29967740432219,-3.5756348052658398,-1173436.9669737108,299.54434676991826
7760.0,released,0.0,40.0,80.79345981666131,0.15999386601675314,49.35101619809628,26.042586890830115,-3.669060964279998,-1173771.3434135485,300.09658029982234
7770.0,released,0.0,40.0,85.03784405824862,0.08649773378017689,49.32445161381548,25.26397190920701,-5.378699294746963,-1174431.2196639236,299.4440640912836
7780.0,released,0.0,40.0,80.27918950046187,0.16884738751145384,48.990872751797006,25.968599692086524,-6.655448441061932,-1173953.7396420296,300.558312813336
7790.0,released,0.0,40.0,83.03829653770475,0.12120589771361813,48.961724787167064,26.14928367610811,-4.443034664320839,-1174644.0863440093,301.61714437914975
7800.0,released,0.0,40.0,80.58349603179417,0.16361013617694245,48.566039124550734,26.142873321171283,-4.614426905156717,-1173150.1651527788,300.26372357241263
7810.0,released,0.0,40.0,86.20375728083128,0.06620846750906043,49.1928999420275,26.04846885540717,-5.21258078292012,-1174725.5010034759,300.3985147783206
7820.0,released,0.0,40.0,76.6923893628832,0.23017900316563308,49.24440439950691,25.64076672290263,-4.200103245470811,-1174736.8439757302,301.0573550682659
7830.0,released,0.0,40.0,84.51517361821138,0.09558213878795124,49.528518442002444,26.065302618868888,-4.211212442176255,-1174053.447638793,300.87645742858103
7840.0,released,0.0,40.0,80.58891514530202,0.16351682854895547,50.00743041509073,25.490140370338516,-6.182012923980122,-1174439.402416302,300.4047917504154
7850.0,released,0.0,40.0,81.59874327427775,0.14610472722825107,49.22683091042535,25.874770969872312,-4.508509343381452,-1173724.6918855365,299.79264406109365
7860.0,released,0.0,40.0,81.42875093680028,0.14903916815894394,49.482358744547625,26.15878414875781,-5.585702463083612,-1175254.472496938,301.4086461016024
7870.0,released,0.0,40.0,82.79232881794954,0.1254660640828411,49.81835379147018,26.049404087555125,-3.2875665593329364,-1173653.6756382212,301.24736398066455
7880.0,released,0.0,40.0,75.75744549196898,0.24602734099420806,50.053716157712984,26.11201736088166,-4.163505687788795,-1175980.7789835203,301.72711878543936
7890.0,released,0.0,40.0,78.25746308726224,0.20351422340921452,49.72096063109391,25.811126618233338,-6.0062719384961785,-1172924.8380919322,300.8866385443505
7900.0,released,0.0,40.0,80.21976498244005,0.1698695587751188,50.21578139690019,26.510286644144234,-4.687693503308804,-1175222.1599137057,301.85157404120645
7910.0,released,0.0,40.0,80.93923111179683,0.15748193608100283,49.581916080477875,26.564143370686768,-4.043264345006651,-1174398.1175096594,299.5270385677799
7920.0,released,0.0,40.0,84.05284677751997,0.10361112139944442,50.246212036981404,26.535090650810748,-4.365844573285274,-1173466.3219238836,299.33169290750305
7930.0,released,0.0,40.0,82.18515421155448,0.1359722784565808,49.202257889937755,26.476077463898296,-6.063699890789438,-1174574.7119681165,300.24307634286737
7940.0,released,0.0,40.0,87.55546971429284,0.04265215936964725,49.113183140579565,26.613746045185344,-4.054540720618753,-1174048.9243591782,298.41302039250553
7950.0,released,0.0,40.0,87.46983017433132,0.04414544291545716,49.77415018950765,26.33380533976171,-7.33276431578177,-1173032.8171650004,299.37025801198234
7960.0,released,0.0,40.0,83.4093661713285,0.11477476178739743,50.20903220206448,26.092919018603354,-4.572705001484935,-1172546.5886609592,300.9864396736835
7970.0,released,0.0,40.0,92.0276414710207,-0.03538163341572212,49.50202419476241,26.628231446017832,-3.3126066448878086,-1174255.6343796086,302.91346186419355
7980.0,released,0.0,40.0,89.06799498613641,0.016265838789079418,49.884383159795846,26.724441101851625,-3.692308897856581,-1174040.973908279,300.99510908439447
7990.0,released,0.0,40.0,83.4556440052847,0.11397236151901144,49.1818406879921,25.792735710043225,-6.118247208156093,-1173097.1125551537,301.00684601323167
8000.0,released,0.0,40.0,78.23081383277933,0.2039695846349006,48.31966839914734,26.404807841768044,-4.908334182128732,-1175696.342077855,299.60382177172573
8010.0,released,0.0,40.0,81.21707401047162,0.15269133971162013,49.396781862946185,26.17072109488187,-5.806100984745005,-1173310.7946402784,298.36257979862427
8020.0,released,0.0,40.0,79.62023190228743,0.1801718218268445,49.15608568002466,26.01284068141242,-6.1858727614516,-1176058.544116661,298.58192957274144
8030.0,released,0.0,40.0,84.80403238963778,0.09056249114723074,49.52243830886708,26.279112603077376,-6.791575555986759,-1172393.8016611002,299.9726091390549
8040.0,released,0.0,40.0,82.41582760182614,0.13198256810199152,49.66677647526758,25.933448648350815,-5.944713203156523,-1172168.076832682,299.53614442654896
8050.0,released,0.0,40.0,86.26783261190631,0.06509255465939891,50.20551253332125,26.27534635764347,-4.9661930122478966,-1173761.40563282,297.8289986644808
8060.0,released,0.0,40.0,83.56443397782533,0.11208578635173913,49.98426908239139,25.868921769654918,-4.115477326150296,-1172369.3033077493,300.75843734766124
8070.0,released,0.0,40.0,87.70178982416343,0.04010057935404729,50.14665537571022,26.084873994125676,-5.444812683047447,-1174589.4241061993,297.30321791499284
8080.0,released,0.0,40.0,80.16911346894193,0.1707406798820873,50.14170182490529,26.336113901672416,-4.277165313858533,-1172877.1510329433,299.67708283575354
8090.0,released,0.0,40.0,87.1883330090149,0.049053153084785105,50.152689590259236,26.163374109333716,-4.168038852924712,-1174287.3358818367,300.4569435508974
8100.0,released,0.0,40.0,88.6208803824798,0.02406785390145124,50.01913128373698,26.4947951028858,-5.207204289151424,-1173626.4326525293,300.21897205667676
8110.0,released,0.0,40.0,80.45748942052765,0.16577933455164182,50.01665340179858,26.28890822285607,-3.9998949512806314,-1172696.6653229743,299.71930804428996
8120.0,released,0.0,40.0,78.36748534347971,0.20163378575284877,49.748553769135434,26.528659861720485,-4.141101515743314,-1174011.060887333,299.8521699565752
8130.0,released,0.0,40.0,79.57608937756653,0.18092959266832373,49.68000492575325,25.96980655202413,-6.2835228623546815,-1174302.3459293172,300.76767458905937
8140.0,released,0.0,40.0,79.43052831895412,0.18342759722687227,49.13837218236915,26.374431144182637,-3.5668737997635764,-1173783.1736626383,300.9259526827353
8150.0,released,0.0,40.0,84.2727884104382,0.09979232208991533,48.628771313776134,26.441294394412513,-3.9578392173812054,-1171858.257133184,300.781568558171
8160.0,released,0.0,40.0,79.71235182973295,0.17859010493070354,49.87005630697141,26.269341707536388,-5.390829695202902,-1172108.188215157,300.12006402098166
8170.0,released,0.0,40.0,80.37583089470517,0.16718465503274002,50.2986499667703,25.493780607756527,-4.233885924048061,-1173965.1444469597,301.30882777024743
8180.0,released,0.0,40.0,80.18591034080694,0.17045181660307226,49.93197950941519,26.294774575992935,-3.7838415606424274,-1174141.6674499214,299.5925445210726
8190.0,released,0.0,40.0,84.83062218890528,0.0901003088743358,49.12925501019805,26.64762012968212,-3.3878943532675514,-1175004.54425749,300.7550992429525
8200.0,released,0.0,40.0,81.55368530414806,0.14688265303864043,48.541199718527274,25.95272769805789,-4.84766073494718,-1174780.1346353758,299.7429627122522
8210.0,released,0.0,40.0,87.23332433142589,0.04826883663505275,48.373536400131876,26.278745090783474,-3.7238861930617393,-1174190.001475338,299.79827530047095
8220.0,released,0.0,40.0,84.63872037004592,0.09343549315026742,48.678821066782575,25.949602054754457,-4.7231115489373465,-1174566.7152443975,299.91575024586825
8230.0,released,0.0,40.0,78.71690101839638,0.19565687556125014,48.711666291397904,26.566394565768142,-4.7082872882073925,-1173543.8704643287,301.10634130279385
8240.0,released,0.0,40.0,81.16414113820562,0.15360429415738355,49.298345799773266,26.364115299282854,-2.9412372948086762,-1173758.4223814085,301.6151816357823
8250.0,released,0.0,40.0,76.18490515633795,0.23878929920922515,48.81333558452903,26.1046990024583,-4.313807491608772,-1175486.1895912997,300.22300163153125
8260.0,released,0.0,40.0,79.28237562347326,0.18596886163305734,48.19006054155041,25.92268050086445,-5.051079905993186,-1174372.747044379,300.0110862744089
8270.0,released,0.0,40.0,91.62270961471253,-0.028317839534706152,48.573957499181944,26.506140903728834,-4.11659824369095,-1172703.9803458676,300.36422904833313
8280.0,released,0.0,40.0,86.21999149332024,0.06592574609795819,48.014315177410936,26.071194423856973,-3.9673368564847262,-1173498.8423321135,301.1657501939492
8290.0,released,0.0,40.0,83.80405411964749,0.1079290115641531,47.95992497457077,26.036888854378784,-6.234595412569077,-1173165.0112031419,299.84078779360755
8300.0,released,0.0,40.0,82.67777850273559,0.12744929368171545,48.72076784188852,26.413321635900786,-6.0412256317249104,-1172439.1610049363,302.090089984916
8310.0,released,0.0,40.0,81.05835283339367,0.15542847381169803,48.03436166340471,26.391362525078506,-4.968379818997366,-1174026.1080375575,298.72714896139445
8320.0,released,0.0,40.0,85.84028220545899,0.07253701004563816,48.304303316967015,26.23824489987669,-6.256963223283276,-1173697.1588805858,299.41765007575526
8330.0,released,0.0,40.0,79.51537082230371,0.18197173971002722,47.95896986035648,26.36447223019044,-4.372845950505139,-1172695.1952805985,300.1058960728811
8340.0,released,0.0,40.0,87.60792298638886,0.041737492427174144,47.48488225293543,26.508956527343855,-4.19998612752907,-1173688.6138330474,301.09393343624214
8350.0,released,0.0,40.0,82.42925344472546,0.1317502891849585,48.264075086452806,26.407991251757867,-6.348223963672254,-1173897.4099530503,300.6620624742992
8360.0,released,0.0,40.0,81.24014327452132,0.15229341405481683,48.21238403845776,26.378523435577495,-5.795316681894792,-1173641.802221546,301.61435426875113
8370.0,released,0.0,40.0,83.06465745753572,0.12074919208380233,48.718080380631534,26.10616527201517,-3.442474802710178,-1172325.2735071387,298.64605394099226
8380.0,released,0.0,40.0,80.04802088060232,0.1728227272614943,49.08591992235859,26.274515277126834,-4.824018110964967,-1175167.194433974,301.1885681865972
8390.0,released,0.0,40.0,84.18282893389483,0.1013544500711417,48.04546833241198,26.88935072491736,-5.185854480549864,-1175887.549433954,299.40899478003365
8400.0,released,0.0,40.0,80.51811290030135,0.1647358034005828,48.506544021006775,25.901689674113317,-2.729213598037484,-1175402.920970358,301.7391760834827
8410.0,released,0.0,40.0,84.3754635524281,0.09800908876827333,48.59281879919339,26.249613635804867,-4.200003139808197,-1173686.58686083,299.8471416636267
8420.0,released,0.0,40.0,86.64634027668919,0.05849898747236641,47.65801085641549,26.77515774837037,-5.944070913362651,-1173934.1930628084,297.6145073959368
8430.0,released,0.0,40.0,88.48288668079361,0.026475528550414233,46.99207853873684,26.39101084879661,-4.522710654182299,-1175870.2490397748,300.68715377316835
8440.0,released,0.0,40.0,82.22697791782056,0.13524906032758144,47.178346896041845,26.154911874651006,-5.033568013749962,-1174736.6497202683,299.9416729811542
8450.0,released,0.0,40.0,80.28892878391108,0.16867984308443756,47.23772844533375,26.372114208348382,-2.4268545821062837,-1174528.1080321707,301.0047656387103
8460.0,released,0.0,40.0,86.69088688627279,0.05772281632998105,46.65046776142105,26.561280675846003,-2.9954369661582243,-1174190.0395115875,298.6462978033396
8470.0,released,0.0,40.0,80.72822638640476,0.16111763357818198,47.201060776796844,26.399230133079996,-4.838991811012671,-1173530.3648097478,300.62062546589766
8480.0,released,0.0,40.0,85.54453728579517,0.07768414605035276,47.873988056585524,25.744392184887296,-3.6876662730893166,-1173607.2352884766,301.09316639266217
8490.0,released,0.0,40.0,80.32728480313693,0.1680199589735923,47.58307422152722,25.99545814614409,-4.763510994693792,-1172565.2320335396,299.8852821226674
8500.0,released,0.0,40.0,79.56586054218234,0.18110517024209702,47.57858126103264,25.672251481969084,-4.715212184235772,-1173136.6296825018,299.36500791068414
8510.0,released,0.0,40.0,79.31953096194908,0.18533165195566484,47.36062034333351,26.490722640843163,-5.215566633158803,-1172919.906024037,299.631696390333
8520.0,released,0.0,40.0,81.52312398215513,0.14741024256131452,47.25740900607716,26.054988725045746,-4.285268551541362,-1173842.0977072176,298.8501061860606
8530.0,released,0.0,40.0,87.43659295737179,0.04472496879546106,47.477934576171876,25.86202195319836,-4.215316945397203,-1174250.206456175,298.9893714896579
8540.0,released,0.0,40.0,83.75654888281312,0.10875325393162599,47.15961389935234,25.81073337400824,-2.7976006989963604,-1174231.0110143945,301.250575285959
8550.0,released,0.0,40.0,84.35297636490512,0.09839966710612377,47.20874498914114,26.065123168327922,-5.908454624862673,-1173195.2997227777,300.294710358327
8560.0,released,0.0,40.0,86.18440297353634,0.06654551892326929,47.48837741477931,25.978392683104516,-5.043541165868842,-1172434.1348812506,300.047862822043
8570.0,released,0.0,40.0,86.13827325243489,0.06734882815807894,46.6166461912221,26.24001923610218,-4.8799965219897645,-1172874.1202530805,298.6314328002404
8580.0,released,0.0,40.0,75.70886003737492,0.2468491642550008,47.901993430080665,26.59977191433786,-3.8363576368697547,-1173987.260520449,298.5018512511968
8590.0,released,0.0,40.0,83.90704042110545,0.10614188775037214,47.730164813211914,26.219133193684733,-4.450405420441032,-1174220.171145277,299.46436493001323
8600.0,released,0.0,40.0,81.20325596532149,0.15292967767133334,48.3992541434844,25.9931702487934,-6.514447774713328,-1174646.9651929662,300.4467687693621
8610.0,released,0.0,40.0,82.16932445601752,0.13624598869375154,47.12492295609204,25.58986907408457,-4.335406339540391,-1175884.7558974493,300.1769099000574
8620.0,released,0.0,40.0,80.82633826529609,0.1594273946897551,46.859114462182625,26.099652920135178,-5.832799179738227,-1173048.2227670234,300.22772035240195
8630.0,released,0.0,40.0,83.09226548172975,0.12027085284271717,47.36213872188707,26.46654510099745,-5.6530535033749585,-1175348.1361086275,299.9301543436556
8640.0,released,0.0,40.0,82.68669063226781,0.12729501460090067,47.88434429600923,25.832940196423102,-4.809326418773508,-1172364.3139186073,300.25477055852605
8650.0,released,0.0,40.0,83.79785837240112,0.10803651545560274,48.627313987747996,26.060925904472846,-4.4383784162188595,-1175629.7684940584,300.8384248014844
8660.0,released,0.0,40.0,82.12911972957802,0.13694111657367947,49.07852697477839,26.1507782199645,-3.7666006995111836,-1174253.7644812595,300.0528103205743
8670.0,released,0.0,40.0,86.29498084515197,0.0646197261895442,49.06861618566618,26.38934455367375,-4.146015468939767,-1172889.8030397817,299.95501702989844
8680.0,released,0.0,40.0,84.50008314033062,0.0958443081280625,47.152970264856584,26.189514176251656,-2.7031069717235123,-1174220.9019750599,301.5019940750049
8690.0,released,0.0,40.0,86.056357588833,0.0687752107356146,48.983287281518024,26.225383076402498,-4.78363346091108,-1174409.5921859164,298.25195979056235
8700.0,released,0.0,40.0,82.00123406328771,0.13915177207112245,49.05346761171759,26.67596376056368,-4.125049677535924,-1174837.0669322573,300.3919253286098
8710.0,released,0.0,40.0,77.24963498675304,0.22070364861373645,48.38138999570776,26.149853845840088,-2.9700690571719734,-1173236.7318688203,299.44898218865063
8720.0,released,0.0,40.0,82.24071106447147,0.13501157016617343,47.91855992961527,26.15143266381892,-4.580188793960725,-1173320.3609507866,299.8591369307665
8730.0,released,0.0,40.0,88.12802347865578,0.03266634137237354,48.10018367164214,25.890120976869433,-4.935985503183727,-1172870.9915544335,301.0337155714855
8740.0,released,0.0,40.0,78.57712487558447,0.1980486941942252,48.24094927892013,25.850924256680628,-5.046076789595363,-1173219.5671096984,301.24377531293834
8750.0,released,0.0,40.0,77.71113927051785,0.21284042803264475,48.39488273824617,26.035279760408546,-4.707347525046297,-1172249.2652443703,301.7935706442937
8760.0,released,0.0,40.0,87.95097104187396,0.035754679289133444,48.48689803802819,26.487472170280064,-3.4782936468610464,-1172183.7540433817,300.9539397206398
8770.0,released,0.0,40.0,78.48591599553042,0.19960880588783725,48.10506873002459,26.050948593239376,-4.394524918820045,-1174694.7853686288,302.23907596202116
8780.0,released,0.0,40.0,86.59967436197384,0.059312047026869846,47.46752241121594,25.800818706196615,-2.9653598769475265,-1173252.640230555,300.0014166441787
8790.0,released,0.0,40.0,84.84209717487806,0.08990084536644041,47.372243747647325,26.21145415467258,-4.198580227106315,-1174956.0269461665,299.91761073575157
8800.0,released,0.0,40.0,78.45465507644322,0.200143402160602,46.8713045434493,26.209902144431155,0.07358671380576887,-1174367.7082656063,300.69460745812523
8810.0,released,0.0,40.0,77.45796482171708,0.21715581739970005,46.96577175997688,26.33878846900838,-3.7232749200786346,-1174037.9317503404,299.22351619745467
8820.0,released,0.0,40.0,82.15040723873788,0.13657307018695158,47.46048760800892,26.01178277462957,-2.9195170532739745,-1174584.0723215118,298.8015861520619
8830.0,released,0.0,40.0,82.5390015197368,0.12985128062428927,47.45018829853629,26.545197211057815,-4.015798561093651,-1173606.2793671153,300.72254541029156
8840.0,released,0.0,40.0,87.08983423402941,0.05077013814718053,47.48700294373233,26.011434806155172,-3.9558967487789634,-1174883.2294377908,299.6413318123725
8850.0,released,0.0,40.0,83.82697209762685,0.10753134529170476,47.87021640996092,26.36151541789386,-3.0619634853616855,-1173575.5402651913,299.96395653823436
8860.0,released,0.0,40.0,84.01075763276147,0.1043417338625289,47.75755854009638,26.280917872335706,-3.689784470889445,-1171924.0318005458,300.21030623830165
8870.0,released,0.0,40.0,84.21386955995122,0.10081546396170427,46.93732043289309,26.233292412854492,-1.5309125201816443,-1172677.875987025,300.6907973924764
8880.0,released,0.0,40.0,84.85469997368797,0.0896817735400266,47.6165871542583,26.409423033707,-3.872894399422722,-1174880.8546153177,300.9235586658966
8890.0,released,0.0,40.0,84.50317561767041,0.09579058255453607,47.259858500542244,26.629438733054073,-2.3085818727585243,-1172710.285235105,300.2223472470605
8900.0,released,0.0,40.0,87.7565460154224,0.039145654063322585,47.68462382112952,26.889579846873847,-3.269122165966813,-1173553.8585627582,297.8419000456356
8910.0,released,0.0,40.0,84.55906253183308,0.09481961189581875,47.82331671531951,26.668343878886827,-4.099006692940788,-1173628.119277591,300.4018744610434
8920.0,released,0.0,40.0,84.37263400325863,0.09805823583522374,47.56061348379012,26.077338899499324,-4.723334084741872,-1174927.3582245708,302.3880557539538
8930.0,released,0.0,40.0,86.79782304846027,0.055859440681765515,47.885960929382,26.777918828189268,-2.55789234109121,-1172837.630607063,299.5108273482809
8940.0,released,0.0,40.0,83.29636266290744,0.11673378682133383,47.023790576692754,26.56894625594425,-0.8101527112892244,-1174103.350791324,299.41626862983907
8950.0,released,0.0,40.0,80.0630395592861,0.17256454014987113,47.13359580453946,26.292735394297722,-4.801910974094223,-1173382.0024549738,300.0225399076505
8960.0,released,0.0,40.0,85.16064863637104,0.08436222566082585,47.17534001916419,26.421885568092552,-2.503280314808692,-1173724.310198333,300.1383468852145
8970.0,released,0.0,40.0,84.96206793372063,0.08781524378814695,47.50379383723539,26.746856591228287,-1.6465492359350256,-1174283.2830721922,301.60545290687446
8980.0,released,0.0,40.0,81.28783606519812,0.1514706747931244,46.82415005838975,26.410003232430096,-4.330184873369348,-1174318.0031728,301.4735743734152
8990.0,released,0.0,40.0,83.42311579325188,0.11453636818402531,48.06907823610784,26.09477257071158,-4.601991340773093,-1172381.3893920965,302.9076998339048
9000.0,released,0.0,40.0,82.64426734231913,0.1280293822889086,48.342482501643474,26.087081592125518,-3.8089999397535497,-1173549.7954179086,300.3866709242292
9010.0,released,0.0,40.0,80.10459706762678,0.1718500604978936,48.6535464211223,26.231274507973264,-3.862717003710312,-1174933.169752581,301.3863997980438
9020.0,released,0.0,40.0,82.72448224669084,0.12664076467211413,48.95696002955226,25.594498597333267,-3.663889177934905,-1173934.0408242512,303.18639399637544
9030.0,released,0.0,40.0,76.95870911729185,0.22565318720620112,48.66227011108833,26.360881610840416,-4.01420505707767,-1175680.8012723587,302.0804067839137
9040.0,released,0.0,40.0,84.41871062542084,0.09725789109286703,48.15248805874243,26.20343120710954,-2.4474834648163,-1174500.068360567,300.7332532579482
9050.0,released,0.0,40.0,84.75650155631963,0.09138862054008509,46.72657038617337,26.107782592576935,-5.582184015823362,-1173747.285739014,300.85723177711697
9060.0,released,0.0,40.0,80.1090791241558,0.1717729970970537,47.81526217773335,25.572981313758607,-4.464872206469301,-1173764.1847944465,301.13777808231544
9070.0,released,0.0,40.0,84.36567680668212,0.098179075908098,47.4816006123174,26.078213795182283,-4.316858398530434,-1175490.6012827829,301.4103908913108
9080.0,released,0.0,40.0,82.72823730165193,0.12657575399772977,48.468617976335764,25.687725357484503,-5.384417920435122,-1173543.4893594515,299.58371137500814
9090.0,released,0.0,40.0,76.94993589685447,0.2258023567848153,48.25949206308515,25.831610283524515,-5.929685573034198,-1172997.4926185869,300.7952458769595
9100.0,released,0.0,40.0,85.87375895160473,0.07195425740911368,47.775611435382416,25.74592815658179,-5.437708605898029,-1173692.1929222234,300.6066726606529
9110.0,released,0.0,40.0,78.90175322665547,0.19249193929468922,46.904849311377745,25.813713696066024,-4.407901050655098,-1174263.0268841553,299.325877222988
9120.0,released,0.0,40.0,83.6409295846782,0.11075899973547432,47.247470074721306,25.985037588093846,-3.9826066985688833,-1173079.9784850683,302.09978661703764
9130.0,released,0.0,40.0,77.4020245988411,0.2181087563478235,47.98183098949124,25.820557954347205,-3.612363545407268,-1173285.5141958166,299.6315347832484
9140.0,released,0.0,40.0,82.37284759821831,0.1327261112543505,48.242478783193654,26.051923831276994,-4.590563856473109,-1172691.9905864783,300.7305202837576
9150.0,released,0.0,40.0,82.37279323885491,0.13272705161033663,48.28383783868221,26.15943452288382,-4.340372742252715,-1174843.0214608237,301.99549666327374
9160.0,released,0.0,40.0,72.67773895430956,0.29774580344504037,48.39353528655369,25.81396368249073,-4.874374072896934,-1174688.1386753432,297.14406431784136
9170.0,released,0.0,40.0,83.18590767388933,0.11864819202653668,48.426713194454,25.983863566471786,-5.04863477361524,-1173499.5811898392,300.4767976012741
9180.0,released,0.0,40.0,90.4134839575313,-0.007216593822525588,48.45804772397702,26.187716755428323,-5.346631169544917,-1172629.3657632098,300.30207869880047
9190.0,released,0.0,40.0,83.77596537547419,0.10841637595100216,48.7025876882439,25.693283827572728,-6.602383758478897,-1174013.5628020447,298.6873927440293
9200.0,released,0.0,40.0,82.26941887852722,0.13451509492852404,48.2555452521175,26.02315596248657,-4.1480870905318135,-1174898.9193948638,302.16689517567596
9210.0,released,0.0,40.0,82.45758722462278,0.13126006608891538,47.8660725743534,26.29389951304152,-3.6797600874102825,-1175450.7171683796,298.2276872987115
9220.0,released,0.0,40.0,79.84145466648647,0.17637260841125615,47.94800900964527,26.394143777316664,-1.1116380357355968,-1174569.919068994,300.5382522065647
9230.0,released,0.0,40.0,77.03109376071787,0.22442224181433998,48.058129904920214,26.121790631253525,-3.0753081507513267,-1173586.2333264854,299.9653455329268
9240.0,released,0.0,40.0,82.1006262748484,0.13743371920767292,48.00233626678597,25.908336433679217,-4.8441193300893195,-1173880.6893557552,299.44490579727665
9250.0,released,0.0,40.0,82.50568247168958,0.13042786221780975,47.53136838722634,25.365123350613178,-5.082394703181401,-1174184.3843759298,300.34171197306887
9260.0,released,0.0,40.0,87.09716449374012,0.05064236555730395,47.666549404120474,26.264398470866496,-4.560362789660707,-1175924.3114417493,300.3931445942262
9270.0,released,0.0,40.0,84.13529433254587,0.10217977808990464,48.036048855487934,26.012256661760496,-2.8253982886953386,-1175595.08238939,300.81795668789084
9280.0,released,0.0,40.0,83.14004465698727,0.1194429604110589,47.90430958629449,26.20959010086139,-3.0665246342700323,-1173861.0635816865,300.0100583697749
9290.0,released,0.0,40.0,83.58099023756009,0.11179864131149728,47.57435858859181,26.0606342950958,-4.908691354036943,-1172395.0199348442,301.36243139982327
9300.0,released,0.0,40.0,83.40271061482505,0.11489015473965905,47.84753564640518,26.30339149799563,-4.249547769277616,-1173676.1967987437,301.0816953449369
9310.0,released,0.0,40.0,82.49563925845439,0.1306016500141401,47.613858768871204,26.058208721493518,-5.200792228859177,-1172735.8579322882,302.3295449409244
9320.0,released,0.0,40.0,86.83752164207256,0.05516763798151431,48.28794469173779,26.170333760239142,-5.576139206639053,-1173705.823617177,300.9053584787521
9330.0,released,0.0,40.0,82.80762944509733,0.1252011235144767,48.79170994101919,26.350904667113994,-3.026116175035189,-1173107.2283182628,300.63562934408156
9340.0,released,0.0,40.0,85.34324941053868,0.08118617899459825,48.13609709669862,25.81831766987312,-4.469803465043287,-1174607.9305533618,300.15666343001243
9350.0,released,0.0,40.0,76.68013599094598,0.23038711703659018,47.89030988031303,26.133247632452424,-5.4544350966571535,-1174846.9123197515,300.72634749296213
9360.0,released,0.0,40.0,79.06862389136897,0.18963315130692587,48.101965634750556,26.110920563412453,-5.056518409467969,-1173877.9928156603,298.8568742852422
9370.0,released,0.0,40.0,85.4818808809941,0.07877435522649716,47.970442097615745,26.132647842542557,-3.547997530047623,-1172384.3094952162,300.1046481370077
9380.0,released,0.0,40.0,75.89271593928586,0.24373831046330768,48.32919560676675,25.787287064185666,-5.4500293929520645,-1174360.639150409,300.32744144133505
9390.0,released,0.0,40.0,85.61662160387226,0.0764297781896762,48.70583470096942,26.043161952810777,-4.028497745437159,-1175267.9863980971,299.2101458691157
9400.0,released,0.0,40.0,74.73793728981461,0.26323432917065304,48.405600773527404,26.374595487334048,-3.1282899891025178,-1173361.3870173022,300.2761162929484
9410.0,released,0.0,40.0,78.24946090905873,0.20365096288375323,48.62390898772873,26.12688554011886,-5.141549800594372,-1174719.2252175026,300.72212598244846
9420.0,released,0.0,40.0,78.15750149404352,0.20522205949798403,48.678017920287544,25.561554088559657,-4.186328893970902,-1172855.543528324,301.3714611220387
9430.0,released,0.0,40.0,84.27974098262061,0.09967158180015674,48.70484709472962,25.95899703791505,-5.080259449748289,-1174012.2264994346,303.03590862711116
9440.0,released,0.0,40.0,78.22556221369823,0.20405931491563897,48.50856759973092,25.394352904809672,-4.9485956149818895,-1175090.6242515594,298.80611755226937
9450.0,released,0.0,40.0,78.76216507309096,0.194882076721565,49.11073291628174,26.27344652040974,-4.131252942889264,-1174148.747988619,298.2781177369188
9460.0,released,0.0,40.0,80.60403546100032,0.1632564755058898,49.25237863165356,26.14677482143709,-7.253149441278477,-1174108.067170089,300.4136902475137
9470.0,released,0.0,40.0,87.68975657689624,0.0403104293228637,49.361535678608924,26.11311151530852,-3.6337614964860965,-1174286.1175021902,298.78638111612764
9480.0,released,0.0,40.0,82.35500534607786,0.13303475577344565,49.80863023327135,25.758510300277283,-5.458084146302257,-1175352.8412988372,299.6687406062115
9490.0,released,0.0,40.0,79.26319323636076,0.18629780671871515,50.460862770636794,25.677425656250172,-5.823744251879733,-1173677.814003026,302.3320167526515
9500.0,released,0.0,40.0,83.72340143953984,0.10932833631995675,49.7466685221438,25.849249219232547,-5.338458069488761,-1172778.1036393456,299.69556643073497
9510.0,released,0.0,40.0,82.04225594862966,0.13844273509718316,49.09397304957113,26.14404218087055,-4.693300676851815,-1174270.2203052957,300.7896982470867
9520.0,released,0.0,40.0,80.39906164781563,0.1667848946813024,48.6117796325319,25.726515813884202,-3.6054866493568927,-1173981.811312152,300.99103551510166
9530.0,released,0.0,40.0,81.6483709903966,0.14524780020892253,48.59628498875909,26.184724703104756,-4.630452126199155,-1175405.531381365,300.20814477578534
9540.0,released,0.0,40.0,80.76287791006087,0.1605207223359319,48.61432167738733,25.97265580967072,-3.8754308245299818,-1173076.4321130496,301.57810490714314
9550.0,released,0.0,40.0,84.56638306923637,0.09469241930164676,48.7327139442883,26.057042076135968,-4.244368235667964,-1174592.8906141464,301.3026728790664
9560.0,released,0.0,40.0,85.53598448639983,0.07783296858949693,47.958455842797626,25.952687611263052,-5.6123547171483885,-1172908.671383366,299.39611637747623
9570.0,released,0.0,40.0,79.10486037635094,0.18901214317405873,48.18063641064762,26.02054906587222,-3.9498393047350238,-1175508.374540493,300.4871442760917
9580.0,released,0.0,40.0,83.92282114688905,0.10586801398557691,47.98966527746023,26.121135216462097,-3.192982654619528,-1174857.1027559265,299.10530843189076
9590.0,released,0.0,40.0,83.34868742278995,0.11582674252619844,48.65158545230283,26.204367868617545,-3.2999996921909203,-1172516.3219779711,302.29322810024235
9600.0,released,0.0,40.0,84.18137482024403,0.1013796984167914,47.34294981190029,26.158287528792066,-4.704459476267164,-1174997.0223915335,301.2072684934832
9610.0,released,0.0,40.0,83.82540843427729,0.1075584780835213,48.00821449763394,25.950312814358718,-2.72720607022221,-1173573.9730779678,301.4399886837773
9620.0,released,0.0,40.0,76.39486698111092,0.2352291882788987,47.76984497694404,25.397491600219222,-4.557180460600389,-1175188.753259642,300.66739946642673
9630.0,released,0.0,40.0,74.01957523585966,0.2753089224500806,48.34860982741868,25.97659489577918,-3.878721166020611,-1173834.5701112747,298.84867873549814
9640.0,released,0.0,40.0,80.50421705839175,0.1649750132610462,48.18615303961439,25.95407420481665,-3.8075612953393465,-1175963.2273173742,300.6670453898473
9650.0,released,0.0,40.0,79.80393050288014,0.17701722387115454,47.517785032915945,26.093756487088214,-4.153676094152618,-1172458.9680923857,301.22657350259715
9660.0,released,0.0,40.0,80.19057213615518,0.17037164303614055,47.37507823434244,25.4711912393065,-5.602086015503465,-1175260.4648258705,299.44751746655027
9670.0,released,0.0,40.0,83.51143641820674,0.11300489143966336,47.342987878558745,26.168740680234283,-3.8945042508067793,-1173820.3981406558,301.0609475252514
9680.0,released,0.0,40.0,84.91885647759273,0.08856648735442345,48.36322166168471,26.260125320959624,-4.756467516363502,-1173996.8000990525,301.72025898410766
9690.0,released,0.0,40.0,79.4793988387718,0.1825890509643015,47.6447603184044,26.168889045169152,-3.468879404747158,-1173772.1805063598,299.360826673485
9700.0,released,0.0,40.0,78.54670883709116,0.19856901110231093,48.682734804916855,25.81810592180902,-2.3462676527927613,-1174242.5173035506,301.7295146759363
9710.0,released,0.0,40.0,82.19927794727538,0.13572805802340382,47.61010056983599,26.338130980370554,-3.8117051511128066,-1172753.389934009,299.4782980690377
9720.0,released,0.0,40.0,82.16365155115592,0.1363440756211594,47.62612758725051,25.700720872248162,-5.538115569972678,-1173514.8155349847,299.32637856634466
9730.0,released,0.0,40.0,79.03148975897321,0.1902694643105818,47.82767363981462,25.941666545503924,-4.548397182401546,-1174199.6929179449,299.37714121096144
9740.0,released,0.0,40.0,85.59612026062467,0.07678654260649685,48.536210524051306,25.89959237090759,-4.087478288385039,-1173239.1993917339,300.33696547569417
9750.0,released,0.0,40.0,83.14813685415795,0.11930273483161732,47.90293854561095,26.003530840514802,-3.5792175677703497,-1174849.502267573,302.2940529246144
9760.0,released,0.0,40.0,85.93834444808316,0.0708299042249561,49.12708556083634,26.145255292288333,-5.546178765231907,-1173636.441538822,299.89927596193695
9770.0,released,0.0,40.0,85.48189789569972,0.0787740591866791,47.92713743531673,26.748082112901802,-3.7671607023173195,-1173416.4581745192,300.9213915151674
9780.0,released,0.0,40.0,86.28773658707723,0.06474589757151794,48.23728630856372,26.0091375760203,-5.016728634947572,-1173599.6824031752,300.37296586070437
9790.0,released,0.0,40.0,88.35044956314644,0.028786109263625577,48.9867977348975,26.38180545964251,-4.7070403095619415,-1174280.9425658695,299.52129552974543
9800.0,released,0.0,40.0,85.03256282244233,0.08658956289863734,47.99367409771585,26.52160553109279,-4.452908744905114,-1173279.8478195593,301.6954520063285
9810.0,released,0.0,40.0,86.12544007337672,0.06757229914330548,48.36069828061723,26.164031681161358,-4.380089644564289,-1174662.217497183,300.88323464505
9820.0,released,0.0,40.0,83.77364412994463,0.10845665043609379,47.27920003829157,26.055366818624083,-5.672805048681083,-1173113.3296096511,301.0638326672068
9830.0,released,0.0,40.0,86.9603685901247,0.05302669430852819,48.686467716833924,25.65425351562777,-5.073727434398733,-1173451.2112552673,299.26458259800785
9840.0,released,0.0,40.0,88.5575313663733,0.025173167597857607,48.48647330885366,26.055075403695554,-5.495891720935007,-1173348.759953903,300.5414117315001
9850.0,released,0.0,40.0,81.93329699738356,0.14032586361542676,48.74244167110438,26.01176652189297,-3.7190866982824495,-1173481.011616001,299.64672787229836
9860.0,released,0.0,40.0,85.13951471668385,0.08472976147914281,48.371422325909755,26.20574261702152,-5.513967222764928,-1175099.005057061,300.09185981224294
9870.0,released,0.0,40.0,84.56871443011403,0.09465191213692056,50.10947247277413,25.910383513140037,-5.248817178451807,-1173620.1583556607,300.7853352597343
9880.0,released,0.0,40.0,76.11119693762791,0.24003833714907793,49.42451782685104,25.859546666502254,-5.438168557803229,-1173732.4043097086,298.53507435590956
9890.0,released,0.0,40.0,86.36238016567548,0.0634458002900967,48.51817160318715,25.906301451948053,-3.779583581340378,-1176464.2574158516,300.45762367752025
9900.0,released,0.0,40.0,83.1856001304546,0.11865352175521747,48.657490329643714,25.78274938890614,-4.173497456949421,-1172905.5587912556,302.09444936663886
9910.0,released,0.0,40.0,89.2177846344296,0.01365180950104114,48.91584481407415,26.312460560744736,-4.687173458439321,-1173333.704770945,300.184296609911
9920.0,released,0.0,40.0,80.4414458187905,0.1660554671382907,48.60342481361061,25.48082167912017,-2.288632183383192,-1175430.3891715705,297.7368589685613
9930.0,released,0.0,40.0,88.7155540317779,0.022415933547261,49.02249956901529,26.149046080043373,-5.883814740303335,-1175162.8342684377,300.43860823055843
9940.0,released,0.0,40.0,82.90333269139323,0.1235437561175258,49.87676246285277,26.174352313899536,-5.083859679598744,-1174070.2638796885,298.99669546515787
9950.0,released,0.0,40.0,86.00056977974626,0.06974655343247445,49.52744356582304,26.080306714277935,-5.625731165399293,-1174036.1494846102,301.1982316887116
9960.0,released,0.0,40.0,84.77316159226932,0.09109906099433673,49.86452158099692,26.466159751646494,-3.07556982581463,-1174234.3184395228,303.0484064241183
9970.0,released,0.0,40.0,86.97580615146636,0.05275763518433177,49.36800316382129,26.101631671707864,-4.275591550093472,-1173804.4493345432,300.369000270017
9980.0,released,0.0,40.0,83.59323472174347,0.11158627194784342,49.59221780051952,26.59050585747093,-4.2418690420057255,-1174973.1807799283,300.04713546421505
9990.0,released,0.0,40.0,76.26309172854272,0.23746394051398448,49.383646790407774,25.960208172782707,-4.9089967826270104,-1176060.1587389484,300.3266381462594
10000.0,released,0.0,40.0,76.39382591492081,0.23524684842043858,49.32702222795168,25.554408307248707,-4.0353938251791535,-1173274.9488978982,299.32204553204286
10010.0,released,0.0,40.0,85.34866120454454,0.08109203680452953,49.46236463496983,25.857884896947056,-4.376537819676628,-1172801.7427976336,298.7699026491927
10020.0,released,0.0,40.0,85.5850608529598,0.07697899436189684,50.26498803628955,26.00344685712392,-3.867033757877226,-1174714.9918202981,299.7428387065587
10030.0,released,0.0,40.0,80.76749256186736,0.16044122536361083,49.72340471888497,26.118931162613613,-2.038082099756874,-1172379.772274498,301.8492156175717
10040.0,released,0.0,40.0,82.62152280543576,0.1284230723565124,50.23981716568499,25.788048557595715,-4.964376238739608,-1176393.9552058633,301.0310170363692
10050.0,released,0.0,40.0,86.36275548704522,0.06343926289265528,49.87899505714566,26.045316103430842,-4.310742096779992,-1173240.7947303113,299.6459115825568
10060.0,released,0.0,40.0,84.37572550752974,0.09800453879993622,49.18691696689982,25.905691575756453,-4.949566863257565,-1173250.495026661,298.0009474663678
10070.0,released,0.0,40.0,79.92908410855222,0.17486695646005201,49.53261773596279,26.34379614129358,-3.5852810983654235,-1172497.0688225608,301.3788074233348
10080.0,released,0.0,40.0,88.24166065370183,0.030683994050793514,50.32369835654405,26.086747565703845,-5.689431387389156,-1173629.8887246288,299.9609386693373
10090.0,released,0.0,40.0,81.28221266561737,0.15156768845868482,50.00203053107683,25.328756977830267,-3.7317057912518665,-1173585.0520276688,298.20640672709266
10100.0,released,0.0,40.0,85.5843387548853,0.07699155994804327,49.015310832318576,26.691768807924593,-3.753961189635473,-1173563.5734682158,299.7346768030556
10110.0,released,0.0,40.0,84.65844818819218,0.09309267850190688,49.04556427596003,26.390223024987375,-4.120761605936623,-1174932.1121037807,298.6700021268616
10120.0,released,0.0,40.0,79.90002149555954,0.1753663567376018,50.20022851401988,26.05843989393984,-5.00388947812648,-1172009.8912243042,301.273992144417
10130.0,released,0.0,40.0,83.17409566766665,0.11885289167398809,49.53425511392626,25.884414199470047,-3.9135615513851043,-1174897.9074998945,299.1239351180981
10140.0,released,0.0,40.0,84.92018320810881,0.08854342251105655,50.69985291810391,25.80936648100166,-4.44356237500188,-1175787.0365673937,299.2884843323658
10150.0,released,0.0,40.0,83.48717085231974,0.1134256824641402,48.97156192279267,26.30808299421578,-4.391397581133661,-1175740.9823229108,299.9559686300474
10160.0,released,0.0,40.0,83.84120552128435,0.10728436228519043,48.71939760149243,26.261014868965056,-4.939216575892127,-1172709.8633466903,300.39889531122185
10170.0,released,0.0,40.0,88.7914993196041,0.021090751975021443,49.306655933177495,25.981180715710906,-4.620227522102714,-1174222.9360688832,299.73527997844985
10180.0,released,0.0,40.0,84.54560157940331,0.09505348869742396,49.407554786097016,26.14853211181457,-5.576526150555211,-1173862.7099378314,300.90067353914725
10190.0,released,0.0,40.0,83.37439705993575,0.11538103318826563,49.77850269375023,26.00101754919779,-3.632911950988589,-1174771.5358698592,299.3192143184157
10200.0,released,0.0,40.0,80.90881915268926,0.1580060794376415,49.50591494847836,26.34444183681752,-4.68637798779238,-1174787.6975157652,301.3302467664408
10210.0,released,0.0,40.0,87.09575990945527,0.050666848706595005,50.33227506635086,26.187789556937016,-2.7721702921476714,-1175201.9994880706,298.97677967560634
10220.0,released,0.0,40.0,85.7334641304146,0.07439629886264412,50.322829274832415,26.31002336811187,-4.162147944140733,-1174659.301185321,301.2172447722774
10230.0,released,0.0,40.0,80.61818254446719,0.16301287001638232,49.60410061652774,25.80677730498088,-5.119212630878975,-1175187.186644692,300.100799691088
10240.0,released,0.0,40.0,83.62182692044294,0.11109034662110297,50.673833990686674,26.405149121570716,-5.246592623920358,-1174477.7130329441,300.4492542980161
10250.0,released,0.0,40.0,82.1059467718761,0.13734173957783616,49.30082235869749,26.269966321228093,-3.4785391635483043,-1173396.4462391324,300.14899870785416
10260.0,released,0.0,40.0,84.22461500432881,0.10062887431270132,50.22315368099807,26.000358837278995,-4.493326952265657,-1175764.1661807466,301.7481588699065
10270.0,released,0.0,40.0,80.64957586555087,0.1624722577248621,50.09953400162142,25.98492758649197,-4.406353986595429,-1174400.7572955247,300.2280322508303
10280.0,released,0.0,40.0,86.3879343010244,0.0630006887654578,48.61287472140897,25.92016828730179,-3.7994256039206773,-1174374.1475613602,299.11500435623344
10290.0,released,0.0,40.0,86.11331482120141,0.06778343950609013,47.33760609135207,26.595754965819353,-3.9019939224003863,-1174932.25532585,299.9677289821231
10300.0,released,0.0,40.0,84.92642825806522,0.08843485340595238,48.13526320485972,26.129269025336097,-4.75952148474753,-1174136.0403210912,300.7751154370464
10310.0,released,0.0,40.0,86.43237000464858,0.062226661204203296,48.20405844829163,26.519742940512785,-4.567495344526455,-1171690.0123289991,299.03329181474254
10320.0,released,0.0,40.0,85.27596412821012,0.08235659587576,47.55536778716348,25.95503577436359,-5.204535161104761,-1174066.432099728,300.9000034012924
10330.0,released,0.0,40.0,83.32308610218232,0.11627055088470124,48.00509234366216,25.62880119923384,-4.3978378715450095,-1176211.3818789478,300.56041496839725
10340.0,released,0.0,40.0,89.094972063728,0.015795060467757416,47.52744531065791,25.952929788719125,-3.4537402180552714,-1174386.6629074365,301.3459344886427
10350.0,released,0.0,40.0,82.51229941038017,0.13031336049770548,47.99555793026725,26.101332974134372,-2.576151970371967,-1172079.5134431198,300.30933607969985
10360.0,released,0.0,40.0,84.15306725864406,0.10187120068292106,47.70637798679866,26.586163238095242,-5.575185929198085,-1172675.3235594053,300.9230931717498
10370.0,released,0.0,40.0,81.11261353743345,0.15449288540222905,48.69125781240611,26.32380019332122,-3.9219942750860817,-1173486.907762671,299.5964172517895
10380.0,released,0.0,40.0,98.5066879254975,-0.14792485430460495,48.26522347206919,25.815634128218093,-4.53208651324022,-1175972.611340586,302.11124886889826
10390.0,released,0.0,40.0,85.51167964145857,0.07825587429616603,47.868495462677075,25.904069351602658,-3.1357872419798127,-1173383.3915433437,302.22801067501257
10400.0,released,0.0,40.0,82.21091158981937,0.13552688881594327,48.14303486656743,25.814089337451563,-4.118442702702195,-1174313.983572593,300.86037239094003
10410.0,released,0.0,40.0,79.43674769502995,0.18332088927626491,47.634189811672485,26.140044360744877,-3.001095819796233,-1175587.9174065478,298.0812710626359
10420.0,released,0.0,40.0,84.11339210412658,0.10256003581465475,47.4237864544035,25.951176516126587,-4.565700572227391,-1174851.8177890796,300.7112537433183
10430.0,released,0.0,40.0,85.94288751125633,0.07075081173953228,47.50338222538056,26.437030003347612,-4.872248067630088,-1173413.7771609984,300.21946837760487
10440.0,released,0.0,40.0,88.48679705560474,0.02640730349722055,47.614620787936346,26.263114187110087,-4.735528899058034,-1175998.9357825294,301.0918042553551
10450.0,released,0.0,40.0,84.09974057564291,0.10279704061075075,48.51323420501271,26.051557023404076,-3.8460712133222987,-1174879.7618962657,302.0884312437944
10460.0,released,0.0,40.0,88.50386507224708,0.02610951312807759,48.29886176068354,26.333408903285598,-3.6913511791998026,-1172473.5117699075,301.69986926368637
10470.0,released,0.0,40.0,85.98607681939222,0.06999888507727514,48.050112399865256,25.940987786499885,-3.9031255378383536,-1172972.708104685,302.1162945310195
10480.0,released,0.0,40.0,86.55459574946765,0.06009741368285071,47.84012297456102,25.7418054094169,-4.01408148481441,-1176202.7818873078,300.343024232164
10490.0,released,0.0,40.0,78.270998911972,0.20328291715568783,47.57032312291162,26.054218640638393,-5.351907529757782,-1173195.089980552,300.51498606519755
10500.0,released,0.0,40.0,83.92180484772466,0.10588565205265926,47.70061784558465,26.57417241566027,-3.3218756366324698,-1174264.326407794,300.30313028971347
10510.0,released,0.0,40.0,85.88761457077825,0.0717130559626882,47.17803660591866,26.12297342847298,-5.111683739857293,-1173957.0183810052,300.73699933498324
10520.0,released,0.0,40.0,83.21608042432406,0.11812528157218188,47.397534554589896,26.329323927411284,-5.084367293148485,-1174254.532036472,301.12555156767183
10530.0,released,0.0,40.0,85.41091673247078,0.08000900367882118,47.11198422626022,26.00248521379077,-3.4151484133043546,-1174547.1676677521,299.0707515669871
10540.0,released,0.0,40.0,84.34471250280099,0.09854319772547397,48.236027823883845,26.311384729582105,-4.0491914319636555,-1172752.660076242,299.6875816107732
10550.0,released,0.0,40.0,91.97602773226653,-0.03448135353385706,48.626814933776586,26.004117660441562,-2.9807622827474765,-1173408.1264852416,300.99526755601227
10560.0,released,0.0,40.0,83.02548686953158,0.12142781726679197,48.75302650228257,25.811498410718855,-5.299086314963936,-1172940.9926891625,300.99687193301435
10570.0,released,0.0,40.0,89.74937808851111,0.004374163584300483,49.34373443173566,26.312295145013334,-4.46629680357723,-1175403.373134328,299.41399855647836
10580.0,released,0.0,40.0,76.09859804945422,0.24025179453007128,49.457679718308626,26.347321364273277,-5.19079416197054,-1174110.010578664,299.96541165696016
10590.0,released,0.0,40.0,87.90762053615586,0.036510794262091265,49.57021060182888,25.894408499818837,-5.306401428474882,-1175962.1346148495,298.6383629358324
10600.0,released,0.0,40.0,85.92471642125028,0.07106715876593826,48.8549996809138,26.229638967965304,-5.244117792162883,-1174221.702016754,302.38715987811736
10610.0,released,0.0,40.0,81.0922122426124,0.15484467035847532,48.93212361809031,26.087818562773652,-3.9798211320093495,-1174672.7044058535,300.02884910057696
10620.0,released,0.0,40.0,87.00996981449762,0.05216218783200417,47.347128425779225,26.178225842522608,-3.9607864056831055,-1172822.667670779,301.507930961483
10630.0,released,0.0,40.0,82.57510246178651,0.1292265091747688,48.22561292349264,26.366145204866456,-3.875669923912186,-1174271.480032036,300.9838068065736
10640.0,released,0.0,40.0,83.84236826947792,0.10726418560682315,47.642576167016664,25.970022957138116,-4.306615052397287,-1172967.484708298,301.167851013923
10650.0,released,0.0,40.0,79.69103648244283,0.17895613475031705,46.99770197119646,25.690297120750426,-3.9116594723131604,-1173295.9868307281,299.993528367497
10660.0,released,0.0,40.0,81.20997489128355,0.1528137886474064,47.90245480970689,25.58429046306628,-4.997172226283439,-1173538.5158913452,297.9365451110801
10670.0,released,0.0,40.0,80.40611969631075,0.1666634326623717,47.74725514262879,25.75462990215302,-3.2237972194867694,-1173359.831833642,299.16261298208246
10680.0,released,0.0,40.0,78.66256879842344,0.19658673569354793,47.53666155012346,25.984351930638585,-5.145108366914293,-1173161.356304679,301.4172041664369
10690.0,released,0.0,40.0,89.64147428022702,0.006257413427332034,47.25002087813631,25.783817715699723,-6.556041684839306,-1173261.9404760953,300.69416697511826
10700.0,released,0.0,40.0,82.61173666940758,0.12859245646086712,47.785122370795044,26.016395926610507,-4.303951889500999,-1173281.0613994058,303.42354713930047
10710.0,released,0.0,40.0,78.58578905680609,0.19790046874932202,47.89224508491323,26.03965837611947,-3.7917034147231927,-1174162.1777943,300.8558020202148
10720.0,released,0.0,40.0,72.09972063339384,0.3073612576439976,47.903945876361725,25.96111651629897,-5.054313671206732,-1173402.5289054476,300.3124384584605
10730.0,released,0.0,40.0,80.12856580383342,0.17143793560473652,48.458512977450155,26.208073886700245,-4.4957494540977905,-1173830.1602950934,300.72536770040995
10740.0,released,0.0,40.0,85.819693043182,0.07289540740195498,47.810137489943,25.86056997776369,-6.145968047104929,-1174508.7549000587,298.95866896537694
10750.0,released,0.0,40.0,79.48264076167048,0.1825334196291236,47.1169553384014,25.869522393858706,-4.452157721695265,-1174389.7564763743,301.8916259548942
10760.0,released,0.0,40.0,79.86952036568141,0.17589042738431362,47.026537452788766,25.801903964214723,-5.553281679678797,-1172618.7201492991,300.7261974783234
10770.0,released,0.0,40.0,74.91538256649507,0.2602452926093802,46.50146082146232,25.932091487389183,-4.477015651258147,-1171914.019350823,298.6771960240781
10780.0,released,0.0,40.0,81.25517463212246,0.15203412232433827,46.190219360267875,26.088208513887487,-5.227283897171767,-1174475.606553547,299.5505193704133
10790.0,released,0.0,40.0,79.81308310859669,0.1768600012108386,47.087661220724364,25.87965519375945,-5.385740312731971,-1174834.9707168806,300.43317653811323
10800.0,released,0.0,40.0,85.54048639318182,0.0777546336116627,46.71425885789155,25.84247006912458,-5.050488153517296,-1173564.263039479,299.2803947197241
10810.0,released,0.0,40.0,84.61963326682802,0.09376716341110898,47.010729106339625,25.940138934909125,-4.908203598800878,-1175785.05134229,296.7471785567994
10820.0,released,0.0,40.0,79.65458881278713,0.17958196129752496,46.905336415821616,26.208142552227553,-5.99313331580187,-1174532.5312457476,300.0634655916182
10830.0,released,0.0,40.0,87.49458238685166,0.04371385236165336,47.352324029075184,25.8704138600659,-6.445348757827883,-1174400.8475070912,298.9939478096403
10840.0,released,0.0,40.0,80.07868077636023,0.17229563833506037,47.15032687847209,25.642776155971603,-5.5633555038150115,-1173625.735769406,301.13667069925094
10850.0,released,0.0,40.0,83.15726029582511,0.11914463648559001,48.66063760630379,25.999013191131013,-5.231224207995876,-1173771.2075767498,300.30620944397725
10860.0,released,0.0,40.0,83.17185215205717,0.11889177076921412,48.20000734603708,26.302716227323177,-3.852682352204564,-1174532.249130141,301.47593386353896
10870.0,released,0.0,40.0,86.02047554487528,0.06939997414801369,48.30307030469921,26.23854160672398,-4.852435103360586,-1174189.43501666,300.831743890412
10880.0,released,0.0,40.0,80.60349035808036,0.16326586169831916,48.25539066755697,25.911807627598705,-5.966104676162644,-1174047.907632798,300.43067628753556
10890.0,released,0.0,40.0,85.22242492918527,0.0832878207401397,47.85318464187799,26.08948146981688,-6.0429131551944755,-1171865.57931808,302.69032829291933
10900.0,released,0.0,40.0,81.81146890440246,0.14243080719930667,48.565905280175464,25.92861958940544,-4.248999084884999,-1174018.5829260666,299.4849860965808
10910.0,released,0.0,40.0,84.64334796322672,0.09335507943553661,48.82008105354567,25.958886257895156,-4.043117633805863,-1174120.6603158638,301.88317417052775
10920.0,released,0.0,40.0,79.81807540318685,0.176774242108653,49.30380395751474,26.165789240551145,-4.380394699573676,-1174914.7910773307,301.320589844152
10930.0,released,0.0,40.0,91.03257074913931,-0.01802078381883232,49.8412023011151,26.182352506713972,-5.586157247216918,-1173984.635141015,301.7520355032026
10940.0,released,0.0,40.0,79.21392961619676,0.1871424976664701,49.70159954775932,25.65897808573748,-5.028927362371582,-1176159.21279121,301.1361321147607
10950.0,released,0.0,40.0,83.25624476465224,0.11742916053642286,49.497863346906215,26.055121313995322,-5.002238345158528,-1174340.608832376,301.3698547043385
10960.0,released,0.0,40.0,84.52031161455854,0.0954928740231665,49.14388494157796,26.195464608432175,-2.4378058669056406,-1175254.1101102456,301.09868038698477
10970.0,released,0.0,40.0,83.24184928036877,0.11767866710224567,49.64854403909746,25.80688942787096,-5.33690208253825,-1173647.6981864795,299.9953126667136
10980.0,released,0.0,40.0,88.59042868729799,0.024599178864955634,48.68250323545751,25.792155886351914,-4.736031955939817,-1173672.0668680705,299.4652258576686
10990.0,released,0.0,40.0,86.74445899838551,0.05678934048066131,48.71828831877706,26.289366778766297,-5.036854682194871,-1174189.2965743355,302.32656597706693
11000.0,released,0.0,40.0,84.96368960286911,0.08778704962949536,48.34681523076144,26.39198110494347,-4.9983884985777784,-1172955.3512976747,300.0227913812867
11010.0,released,0.0,40.0,82.94599578818587,0.12280481480368291,49.05239198703956,26.137562205358762,-5.712580020573345,-1173845.6461646575,298.9185858384519
11020.0,released,0.0,40.0,78.25019995736923,0.2036383343539891,48.82426424956432,26.198932396922093,-5.703166569815576,-1172314.3255921602,300.28782336864555
11030.0,released,0.0,40.0,86.58458002640305,0.05957502702086233,48.88735783456222,26.619065803938007,-5.140933795512849,-1172236.8851767704,299.7515596705919
11040.0,released,0.0,40.0,84.66055534357666,0.09305606134482271,48.6239482440127,26.07550541410931,-6.742842455873545,-1174893.8791595735,300.5769688713127
11050.0,released,0.0,40.0,87.52543860754716,0.04317581819953696,49.60918024831124,26.40191580430517,-4.795068570809066,-1173660.0195480455,299.05825310891845
11060.0,released,0.0,40.0,80.55624882496002,0.16407926308275927,49.39580838055096,25.890072513561222,-5.221033695147895,-1176037.6725502573,301.30280027992
11070.0,released,0.0,40.0,84.34782717884362,0.09848910081679677,48.84235297809913,25.97202109245883,-4.7609253113442485,-1174017.9830560163,299.1605308130506
11080.0,released,0.0,40.0,85.45769021718043,0.07919524290549157,49.405440978967555,25.610687949300186,-5.828612347186288,-1174705.559779914,300.6504352582467
11090.0,released,0.0,40.0,84.36478103547773,0.09819463452065987,50.019576096164485,26.012240214961427,-4.743119526877536,-1175804.631053524,301.15941631314087
11100.0,released,0.0,40.0,85.632191806727,0.07615881894751578,50.26014904299869,25.942897984276748,-4.043559521058645,-1175167.4666426722,301.5046694717778
11110.0,released,0.0,40.0,77.71007735652697,0.2128585372239475,50.11971789517511,26.160529999336227,-2.1173448534175296,-1173729.428097995,299.0634684712373
11120.0,released,0.0,40.0,81.32705313122501,0.1507940699884875,50.01126004724879,26.026323658251297,-3.9909544090726037,-1174684.7733280696,300.75573296203623
11130.0,released,0.0,40.0,81.82187403349918,0.14225105258351425,50.05188346992966,26.201383318436715,-6.3128408157416445,-1174178.5980044976,299.8326996883017
11140.0,released,0.0,40.0,91.43652934322614,-0.025069540139400368,50.2798291539124,26.302339247807193,-6.921906190500633,-1174529.2630670574,300.97150650878353
11150.0,released,0.0,40.0,82.4463471427126,0.1314545426747329,48.948922746695885,26.017025821759393,-6.759705425597458,-1173188.962242879,300.93107332565006
11160.0,released,0.0,40.0,87.44242730681474,0.044623241852293286,49.80288579663541,25.50720135093876,-5.063054046403885,-1173829.656206783,300.9251088043517
11170.0,released,0.0,40.0,80.6295135404868,0.1628177489335876,49.174061129738696,25.909331829251332,-5.573821297005914,-1172774.6295356136,300.6170540644871
11180.0,released,0.0,40.0,84.57652814410986,0.09451614848644901,49.54898835096707,25.9634659782821,-4.378926980858595,-1174666.111844169,300.3866287142652
11190.0,released,0.0,40.0,77.93566035605085,0.20900995922278237,49.05090750510721,25.975883973977734,-5.953328319064867,-1175362.6611270998,300.00817006399313
11200.0,released,0.0,40.0,85.88808486371639,0.07170486893356828,48.481375746291526,26.19695036952856,-5.218700079325716,-1175945.6331858803,299.46908413001324
11210.0,released,0.0,40.0,90.42179398660456,-0.007361627337612184,49.33024821230833,25.901098777559643,-4.345720560946211,-1174469.3385610636,298.63260042320087
11220.0,released,0.0,40.0,82.47166393233005,0.13101650290595512,49.57298065705773,26.222979135486536,-4.83333541190161,-1172994.5790428072,301.4692891546842
11230.0,released,0.0,40.0,86.7169142103423,0.057269305304797624,49.33730743300454,26.188813855754823,-2.94681015405901,-1173989.2535859998,301.0450551530765
11240.0,released,0.0,40.0,83.26017065897992,0.11736111454915384,49.62230593070804,25.73724060714617,-4.987054198566708,-1174406.6542854086,300.75796071444455
11250.0,released,0.0,40.0,85.17949644485316,0.08403443746623442,47.90645225903708,26.254198407867204,-4.493044833697542,-1174231.6613697745,299.1830633795851
11260.0,released,0.0,40.0,80.96460884445602,0.1570445225326117,48.63669002413812,25.806867045248392,-4.815122657980291,-1174100.1390344258,300.25552524233757
11270.0,released,0.0,40.0,85.4094071153683,0.08003526697263058,48.13105071619252,26.01596626056267,-4.137795180658948,-1174468.7403049618,300.3181803134615
11280.0,released,0.0,40.0,84.20672980642156,0.10093944050405684,49.591889691786946,26.168123648260423,-6.477125944734152,-1175135.04020557,299.25092355034695
11290.0,released,0.0,40.0,85.13598913838558,0.08479107299358676,48.637380718983394,26.254393303225463,-5.112090204976771,-1175016.0402269643,299.90708694907386
11300.0,released,0.0,40.0,80.48936253245068,0.1652307156486944,48.716337401974734,26.073893945325057,-3.1111713263345058,-1174442.605678089,299.65738262497666
11310.0,released,0.0,40.0,84.90510574254859,0.08880553728402557,48.59637392607615,25.758046094737278,-5.039711221317815,-1174327.0763524603,300.60966942740555
11320.0,released,0.0,40.0,87.58678191401725,0.042106149371685705,49.72940784821675,26.480964667351955,-4.563373542595574,-1175560.9296861924,300.2359318364343
11330.0,released,0.0,40.0,84.71169462088376,0.09216734851497616,49.132224014216135,25.79942217266594,-4.764493971826612,-1173195.375789022,300.11931184100456
11340.0,released,0.0,40.0,89.93807274704247,0.0010808342503852708,47.779087247863174,26.086213094178696,-5.719324755819203,-1173776.8165244665,300.8934077366955
11350.0,released,0.0,40.0,85.04306887116662,0.08640688500893885,47.64817389408759,26.116423132108448,-6.218566529748128,-1176157.832273271,299.98086968612813
11360.0,released,0.0,40.0,85.45168739241599,0.07929968246062027,48.35570794768773,26.334056360559668,-4.528311238226857,-1173756.4934103992,300.0376801374869
11370.0,released,0.0,40.0,84.36023260933231,0.09827363557360706,48.21391170259058,26.05045869484569,-5.690996256716604,-1175314.3875336144,299.9191952585209
11380.0,released,0.0,40.0,85.7613770190467,0.07391046831523464,47.751943189654135,26.162605025919056,-6.983023941242029,-1173471.4259408098,301.2893456752815
11390.0,released,0.0,40.0,85.56400255590312,0.07734543518690547,48.7481213173712,25.974962916801374,-3.6241485971192224,-1174557.768446684,300.7027659793059
11400.0,released,0.0,40.0,84.66286839526465,0.09301586607352513,48.843155908986105,25.899991995393343,-5.397705693767233,-1174287.516133003,302.33608150890905
11410.0,released,0.0,40.0,81.81216700412935,0.14241874727019813,48.332049472811946,25.998765373125664,-4.220747682231227,-1172852.7090115827,299.7230921339394
11420.0,released,0.0,40.0,85.65398476753268,0.07577955920432122,47.78632554267869,25.53467789034587,-5.63880687923553,-1174077.0696856566,300.6490357501787
11430.0,released,0.0,40.0,78.60721698172264,0.19753386376300783,48.859571913309,25.775420926086664,-5.349505688481338,-1172748.3997776397,300.42466928860125
11440.0,released,0.0,40.0,87.09798433393057,0.050628075001904235,48.35498978742785,25.865680254085714,-5.857687411385617,-1173092.6974538006,299.09396784805455
11450.0,released,0.0,40.0,85.46541778340405,0.07906079432638584,47.94610339307488,26.185969091222997,-6.064656836814106,-1174414.781670414,299.62701474143944
11460.0,released,0.0,40.0,83.76561370050246,0.10859598004093221,47.99998287553451,25.767164493484422,-3.7109642721417933,-1175081.3213262502,300.4854016989758
11470.0,released,0.0,40.0,83.50029964130664,0.11319801765642527,48.790868120899766,25.985957629591315,-6.26262588867646,-1174621.3563385587,299.3311423588923
11480.0,released,0.0,40.0,87.41117692360153,0.04516811396546892,48.4116028296516,25.81710535841105,-4.585369375998271,-1174042.937423857,300.2779268458777
11490.0,released,0.0,40.0,82.17754977259399,0.13610376711491023,48.2870914817856,25.65754361991891,-5.401963503930417,-1172927.3028363697,298.66361204716486
11500.0,released,0.0,40.0,82.50691466949607,0.13040653998662574,49.20264712892048,26.317109404067644,-4.840686736767955,-1173576.7947978508,301.01877733057665
11510.0,released,0.0,40.0,83.52790612355177,0.11271927747420132,50.01204345255788,25.60401338271703,-5.958631182077251,-1175109.0181862582,300.7944341165764
11520.0,released,0.0,40.0,81.42966924390531,0.14902331966352841,49.713216156725956,25.799548500197183,-3.6953422987170983,-1175267.9431286883,299.912844751012
11530.0,released,0.0,40.0,86.77641525635545,0.05623248985171442,48.87279916588642,25.550286336827966,-5.7044698433637935,-1174087.5640113354,299.29235474531606
11540.0,released,0.0,40.0,81.71562136379248,0.1440864071403283,49.10904441089511,25.413618965403145,-5.640005909364196,-1174074.0363946967,298.5476933893173
11550.0,released,0.0,40.0,86.22053819297106,0.06591622514371623,49.05219215109933,25.929970642107513,-5.625388201184319,-1171772.896760529,301.01901045362155
11560.0,released,0.0,40.0,78.65783931310801,0.19666766936565996,49.29664910981324,25.366117015976396,-5.294790969763404,-1175031.3344237804,299.40403835817006
11570.0,released,0.0,40.0,78.20795767417302,0.2043600973127428,48.333914519330804,25.715417469701094,-6.75431465135321,-1174921.883335339,300.3807778763435
11580.0,released,0.0,40.0,79.15869161048703,0.18808946291534018,48.906943844644104,25.802929672871592,-4.019645831062126,-1175410.7070129868,299.56360306962586
11590.0,released,0.0,40.0,83.24498580339805,0.11762430463895676,49.21633292040514,26.350514638000522,-3.8175792385770704,-1175233.357649034,299.1651672353894
11600.0,released,0.0,40.0,81.2392147438883,0.15230943091482876,48.63927127380522,25.826518280171857,-4.582903128116369,-1175635.7356977724,301.83628384191917
11610.0,released,0.0,40.0,79.42173652427032,0.18357843735107535,48.77390916408924,25.925741765158417,-5.349899850088388,-1174420.6785597708,300.40018084546307
11620.0,released,0.0,40.0,85.77371120548982,0.0736957832353301,48.219277049827475,25.988562336841607,-5.115999589688484,-1174081.0435251147,300.30416508375447
11630.0,released,0.0,40.0,79.24378740216133,0.18663056229100145,48.519496156283424,25.762085808699954,-5.12008490314853,-1174125.5087234415,301.35058071501413
11640.0,released,0.0,40.0,82.6854757530913,0.12731604572017602,48.18550227705697,25.940845483460365,-4.802598065669462,-1175188.9852227122,298.4237857434185
11650.0,released,0.0,40.0,93.65370289538689,-0.06372593462110264,48.564428058730186,26.533995638385978,-3.6360652775629827,-1175361.510088088,301.01686511514447
11660.0,released,0.0,40.0,84.76610241050619,0.09122175395617912,49.35010537221739,25.926981692059428,-6.1088995006832585,-1175001.5689906403,302.1786625593754
11670.0,released,0.0,40.0,82.77749502141441,0.12572291262570873,48.7326009060793,25.914075112073444,-4.558164498759005,-1174569.2212112714,300.7221372179202
11680.0,released,0.0,40.0,80.52225992251252,0.16466441264155543,48.35255257345481,25.90118597108559,-5.6481596893728225,-1173719.5352907665,299.83155786464573
11690.0,released,0.0,40.0,86.99888558255032,0.052355379830884834,49.03290252392688,25.858822503805843,-6.869064221426676,-1175234.8306101803,301.5550926505292
11700.0,released,0.0,40.0,80.46326139313118,0.16567998773548082,48.26422436047407,25.823098185418715,-4.5084650676928275,-1175124.152596198,300.4161463988093
11710.0,released,0.0,40.0,84.03080352683953,0.1039937703773145,48.23016794355741,26.2613859196891,-4.204455306297161,-1174387.571408121,300.3253589278352
11720.0,released,0.0,40.0,80.34565416979252,0.16770390227832316,48.16803394853124,25.597078854102627,-5.275375655170026,-1174720.8926618323,299.69043372035964
11730.0,released,0.0,40.0,82.90761682950715,0.12346955627785072,47.82561145057528,25.986018050004496,-6.226543853415501,-1176115.5276567247,300.44840528853365
11740.0,released,0.0,40.0,82.77502233109854,0.12576572666556446,48.12726858145376,26.22205020445775,-5.587845327195115,-1174086.0307078883,299.53600281011035
11750.0,released,0.0,40.0,84.4740505607062,0.0962965607532509,47.541801345472194,25.921159015840654,-5.348536580794512,-1173867.94565415,301.3068661911914
11760.0,released,0.0,40.0,80.66571878316454,0.1621942477583278,48.13229237083666,26.007462053850062,-5.7247521565921655,-1174879.4763660561,302.84480474225325
11770.0,released,0.0,40.0,83.92931285859007,0.10575534829720915,48.66030671263339,26.044463302858688,-6.816617735482992,-1174189.839429887,298.5079668240591
11780.0,released,0.0,40.0,81.43086293329601,0.14900271845802837,48.76701238796868,25.742246692621432,-3.982598218978837,-1172161.1716934685,299.43789936639223
11790.0,released,0.0,40.0,74.61066529797782,0.26537665176706837,47.98683753832157,25.82237917977996,-3.6775008932262185,-1173082.1607583873,301.6323087336143
11800.0,released,0.0,40.0,83.10984527378177,0.11996624914226288,48.37054142410353,25.83794312082843,-5.618640932584094,-1174436.2711469624,300.97979962683604
11810.0,released,0.0,40.0,83.90944811718423,0.1061001028164934,47.694491126352254,26.193222551804794,-7.850875122949862,-1173793.7174915988,301.3138335366289
11820.0,released,0.0,40.0,77.40481668566801,0.21806119820801154,48.72414007957844,26.37785076559351,-4.516463855670796,-1173467.8134340197,300.6745879500595
11830.0,released,0.0,40.0,80.90867144686113,0.15800862500625484,48.66587036224953,25.76090838533811,-4.81035315579164,-1175668.3335221373,300.94835631701216
11840.0,released,0.0,40.0,84.2878312171909,0.09953108270360937,48.372127829243134,26.07932902320732,-4.768837473850776,-1174828.140128538,298.12948666222803
11850.0,released,0.0,40.0,83.54382159895314,0.11244326599195914,49.18218147819271,25.92851855657307,-5.509587764519726,-1173751.58443591,300.58784715876845
11860.0,released,0.0,40.0,76.36368501451648,0.2357581103266061,49.327625153913296,25.616695750369757,-6.87714733542571,-1171678.0955863819,301.745066018413
11870.0,released,0.0,40.0,81.41732836322956,0.14923630010337074,49.17168147467509,25.738553986732335,-4.986908626329684,-1174162.3211156689,300.5807930188689
11880.0,released,0.0,40.0,80.63078731090603,0.16279581405901025,48.74673573385839,25.941619953044516,-4.899426339078585,-1173162.9993476197,301.80242116588585
11890.0,released,0.0,40.0,76.24687411150062,0.2377388855267528,49.04761800902177,25.789389081973273,-5.614619035679825,-1174450.1608694177,301.7583966784193
11900.0,released,0.0,40.0,79.59472262911466,0.18060973879177064,49.019795055760845,25.832361020269506,-3.889176129167045,-1172823.0757563468,300.21584913211433
11910.0,released,0.0,40.0,84.25046844686817,0.10017992680560173,48.59337533995377,25.599184381361198,-2.813723182375398,-1172970.413488973,299.23401387878414
11920.0,released,0.0,40.0,84.29465571567246,0.09941256347564686,48.407317172741735,26.121155302645313,-6.005744162476568,-1172032.3417282999,299.75436417356224
11930.0,released,0.0,40.0,79.03012588636575,0.19029283346925469,48.39124226893196,26.20912201432627,-2.892561064868448,-1174979.2475720737,300.0696899135458
11940.0,released,0.0,40.0,77.39111262022861,0.21829461716219334,49.31805945171646,25.433132494384726,-5.124089294513415,-1173034.0453670472,300.4354593363186
11950.0,released,0.0,40.0,81.2087379149273,0.15283512435554025,49.04384346087873,26.2525216844163,-3.3925637820406047,-1174283.1641808432,301.66415288106265
11960.0,released,0.0,40.0,82.59960879520537,0.12880236751854157,48.47929320964991,25.825750544873323,-4.552950754978563,-1174454.5859831348,299.97510225267905
11970.0,released,0.0,40.0,75.58132086563751,0.2490056440605044,47.83079969977572,25.980671151123705,-5.755314506532158,-1175003.155417703,301.27917765387366
11980.0,released,0.0,40.0,83.6714070963668,0.11023032399070931,48.22344849292691,25.931805881736295,-3.8872464401350895,-1173228.7509744354,300.55395707694845
11990.0,released,0.0,40.0,81.68226094857971,0.1446625560643594,48.351265221760485,25.451498385427467,-4.611417761218832,-1172797.2398180068,300.34438325341023
12000.0,released,0.0,40.0,82.04394741162331,0.13841349771843758,48.36855032191253,26.021245402334365,-3.3501251295086103,-1174878.0349917375,300.6181132942002
12010.0,released,0.0,40.0,81.2889024315706,0.15145227790796892,48.02254158471287,25.503569605109348,-5.070858911461932,-1172900.2970749345,299.03839674969095
12020.0,released,0.0,40.0,83.0970935594883,0.12018719823849809,48.61365384156602,25.666651569131343,-4.772390802677709,-1174839.7004683297,301.18695675845714
12030.0,released,0.0,40.0,83.80045119727501,0.1079915268850947,49.22436723435575,25.87532123653545,-3.0499124191524585,-1174733.3967853263,298.61536931147106
12040.0,released,0.0,40.0,87.23527029659691,0.04823491269637793,49.17742099635153,25.818252751500882,-5.765415236401524,-1175110.9556136988,298.1370323422661
12050.0,released,0.0,40.0,79.44605249656902,0.18316123959876357,49.09267500023542,25.35238095932876,-4.727205145793008,-1172986.9756397028,299.75049279783383
12060.0,released,0.0,40.0,85.74684788796988,0.07416335353620657,48.73327659891095,26.105577496434968,-4.3607017931363705,-1173582.818543924,299.84260952558816
12070.0,released,0.0,40.0,89.45528685217928,0.009506894695367061,49.043370380852764,25.947685449435824,-5.555303788448376,-1174839.524089221,300.61624364123355
12080.0,released,0.0,40.0,82.38750813811131,0.13247249600759708,49.26985515346934,25.84588521898385,-5.67492638622284,-1171517.0533314124,299.1376708541515
12090.0,released,0.0,40.0,79.25575288248848,0.18642539042614245,48.97598805640955,25.618659728960044,-4.777165586287694,-1175920.7988189608,299.7850798827075
12100.0,released,0.0,40.0,87.29345580510828,0.04722054135389753,48.08043826678698,26.234556798086846,-5.922219300592095,-1174758.3547402173,299.67894577657296
12110.0,released,0.0,40.0,83.60677474967258,0.11135142663134232,48.659987267216415,26.179595653624503,-5.153056898376596,-1173957.8027918003,301.2456461065792
12120.0,released,0.0,40.0,87.1301955604098,0.05006659604062598,48.44523001600671,25.84054392161099,-5.064762986983193,-1172454.9363469053,298.0452247720475
12130.0,released,0.0,40.0,81.02842894032398,0.15594437597435065,47.96047182948399,25.959715586429922,-4.015072053001248,-1175201.0374679938,300.07116813220244
12140.0,released,0.0,40.0,85.49165345273036,0.0786043205592852,48.93987639526158,25.706337303835134,-5.441963740381923,-1175142.288195463,299.1380132861772
12150.0,released,0.0,40.0,82.94160634727476,0.12288084476482194,49.04332061334014,25.360273660585953,-5.063154563789208,-1173483.3087107707,301.4992451591394
12160.0,released,0.0,40.0,87.12120495337196,0.05022331432729908,49.19586896537754,26.007456371772346,-3.6382136171827977,-1173958.0603877753,302.1994721545347
12170.0,released,0.0,40.0,79.54925763388302,0.18139014624649025,49.00782803433634,25.731227115085794,-5.404020714130235,-1175051.5986173954,300.3737189164144
12180.0,released,0.0,40.0,85.50872445354673,0.07830729377796461,49.024725496313415,25.88130366681051,-5.27889783015506,-1174096.0390358604,299.61001527157777
12190.0,released,0.0,40.0,84.40227373253956,0.09754340495962455,49.77405814188235,25.67027661938624,-5.975590661759348,-1173448.1831495333,300.611151293884
12200.0,released,0.0,40.0,89.04475065405987,0.016671473894770278,49.253477568060994,26.36873705673118,-3.481546198580359,-1174641.4035608992,300.5413870784159
12210.0,released,0.0,40.0,79.3686438494486,0.18448925216831233,49.65048834003408,25.412677983215822,-4.9264375626999595,-1174623.1360251848,300.86826059664173
12220.0,released,0.0,40.0,86.09109202948714,0.06817040322463308,50.02895007133729,25.610924504999296,-4.728193456339343,-1175262.6422561165,299.75536072545304
12230.0,released,0.0,40.0,82.37997935128743,0.1326027388936011,49.161765369410446,25.413765511549407,-5.607850129395361,-1174150.6740903873,297.9094172998559
12240.0,released,0.0,40.0,85.02819536090765,0.086665502929044,49.27228830940207,25.99994527803921,-4.51779491805644,-1175442.5647890214,299.7852623554968
12250.0,released,0.0,40.0,86.08186597686984,0.06833105274157537,50.10078103780092,25.987812705415266,-5.0120240784308825,-1173979.2008201275,298.74450016205407
12260.0,released,0.0,40.0,78.84105333984223,0.19353143140638812,49.9224302867595,25.6449719257749,-4.944451379277409,-1174020.119794216,299.6822623093385
12270.0,released,0.0,40.0,81.1471862068954,0.15389669496282463,50.02366053957743,26.075617512122736,-5.6684131467919805,-1173225.8070693687,301.3253996626926
12280.0,released,0.0,40.0,79.57074109682789,0.18102139642525555,49.819553857745454,25.70717236558041,-5.229606402478651,-1174817.0886637848,300.1101936875404
12290.0,released,0.0,40.0,79.42534735962009,0.18351648705819057,50.088038916992,25.922617291815833,-4.29498649628501,-1173582.0231416188,301.1647840583046
12300.0,released,0.0,40.0,89.7292820107047,0.00472490267706191,49.582075371888514,26.09955405388853,-6.3352569888088555,-1173673.9505201168,300.4676941025783
12310.0,released,0.0,40.0,83.19465998249984,0.1184965130587188,48.79915762854313,26.12227645110727,-6.45747432496697,-1174791.2946643196,300.4633017303906
12320.0,released,0.0,40.0,90.16486127093692,-0.002877368016450263,48.89093867642357,26.23545797030221,-5.387452770679334,-1173325.1642135698,300.8852087120305
12330.0,released,0.0,40.0,86.31437932269843,0.06428186280807457,49.84185401748227,26.150014490015355,-4.367012113107166,-1175572.9547185842,299.7493462006604
12340.0,released,0.0,40.0,86.19183071832565,0.06641616712005978,49.86839152106519,26.253638382701194,-6.38499361563648,-1174000.3289964497,302.14670345177126
12350.0,released,0.0,40.0,85.29495172763914,0.08202632100971145,48.52867089437672,26.072185373797947,-6.276593196538526,-1175138.7173974626,300.2839506244356
12360.0,released,0.0,40.0,82.88719550809152,0.12382324053226233,48.910211288007034,25.69255359937306,-4.662725980727794,-1173966.5027146656,299.8483589010827
12370.0,released,0.0,40.0,86.52964133028476,0.06053215752141344,49.86573674663319,26.218102084612475,-4.5429589378292725,-1174301.785035465,300.9972262057759
12380.0,released,0.0,40.0,86.1010357146886,0.06799725588314727,48.848376785413656,25.632152668854463,-5.118460825589776,-1174635.0999785084,298.28114522466336
12390.0,released,0.0,40.0,87.43129889627271,0.04481727494141742,48.57595265815199,25.69797401946259,-5.37100340230438,-1174604.4823397174,299.2506297286322
12400.0,released,0.0,40.0,84.63312972454324,0.09353264101800957,48.54263196168394,25.840371648918858,-6.5867429416858245,-1173215.0710499678,300.69475650381503
12410.0,released,0.0,40.0,87.32450998090512,0.046679141435283525,48.20108795567413,26.283055678822755,-5.205808828191313,-1172714.9248979148,300.14884767660715
12420.0,released,0.0,40.0,84.31721829177313,0.09902071526011566,48.682380054575816,26.32172774380428,-6.0628846070130455,-1175173.4111847114,300.1643177279413
12430.0,released,0.0,40.0,84.08513040737472,0.10305068192978413,48.5181645463013,25.916577579546157,-4.910326881469098,-1173653.9169743732,300.5151497912511
12440.0,released,0.0,40.0,89.10992858583006,0.015534051941982069,48.184425197232535,26.092314580767578,-6.48877210451888,-1173805.7186288163,299.53905630696534
12450.0,released,0.0,40.0,88.5021556060467,0.02613933875872975,49.02010260095173,26.197183369713635,-7.360030725469192,-1172066.6164446343,300.98219118937465
12460.0,released,0.0,40.0,84.92169253952635,0.08851718314375452,48.45290609337212,25.870584922598614,-7.036298819826914,-1172053.6605449766,302.0355507144065
12470.0,released,0.0,40.0,82.73625384053643,0.12643696310528021,48.02643308870254,26.19570281668314,-4.5753656596656205,-1174703.5354340822,300.3634131412845
12480.0,released,0.0,40.0,83.84373657630681,0.10724044189968632,48.061690006320404,25.988066742733846,-5.953206490166951,-1173930.6520263609,301.12056543073453
12490.0,released,0.0,40.0,88.17129361662849,0.03191152879738267,48.4727546908337,26.169400927184515,-5.410969115940504,-1173591.3623215817,299.5555340775091
12500.0,released,0.0,40.0,84.17219290830072,0.10153912604656347,48.57750742214547,26.140541764910626,-5.453678574773324,-1174636.061477,300.0806532837992
12510.0,released,0.0,40.0,93.08286480774728,-0.05378018267949891,48.951116988083406,26.189393025189105,-4.894703573421267,-1174334.2379556205,299.0566894407934
12520.0,released,0.0,40.0,84.5111050410162,0.09565282349852466,48.020837616245466,26.338925871442562,-4.331021471757261,-1175216.9316390976,298.38627367421407
12530.0,released,0.0,40.0,89.35223199457671,0.011305443639310464,47.98917331387349,26.605357325778364,-4.136201884904859,-1175547.0439357385,300.6443157847836
12540.0,released,0.0,40.0,91.05158534039724,-0.018352596152654152,48.5801855704828,26.039261187701058,-3.8056873107235845,-1175620.7872745413,299.9893530853004
12550.0,released,0.0,40.0,85.0496713750256,0.08629207999272864,48.079869906622264,25.909593694989514,-4.194045110701933,-1173989.4386676662,302.8438046080311
12560.0,released,0.0,40.0,84.87737435482788,0.08928761857717352,47.836422365980596,26.26792745826595,-2.627002762440502,-1173655.935856102,300.2336322641928
12570.0,released,0.0,40.0,83.68403257417911,0.1100113079938347,49.195470234903716,25.94491392682311,-4.6263953751393645,-1173691.028824335,300.7966926842317
12580.0,released,0.0,40.0,82.52627823460105,0.13007146053581153,48.83188674095796,26.15588063332062,-3.927721577752272,-1173498.8802796751,301.0669505367186
12590.0,released,0.0,40.0,86.97107471223225,0.0528400991931205,48.81724383989679,26.493324022147085,-5.749405773405833,-1174569.0449993778,299.96012141073936
12600.0,released,0.0,40.0,89.60394585441637,0.006912393808358709,48.23125097902472,26.07904997195567,-5.01639101366743,-1174580.8803868685,300.754876320204
12610.0,released,0.0,40.0,81.7157177401092,0.14408474260843832,48.11255096030848,26.06238511464533,-5.804437388803104,-1173043.3183239195,301.22388097203117
12620.0,released,0.0,40.0,86.4679596624822,0.06160669630527693,48.76654918295899,26.24193034817761,-5.317773477629326,-1174127.5200444907,300.8610822416104
12630.0,released,0.0,40.0,86.58823795607488,0.059511297378743416,48.217446679318535,25.85632688612845,-3.798651485234682,-1173810.4559354652,300.140456525565
12640.0,released,0.0,40.0,86.70281536247748,0.05751497102395342,49.06344499643806,26.13038157086948,-5.761933863635874,-1174143.7338380553,300.26531136981197
12650.0,released,0.0,40.0,83.5916073982523,0.11161449667721386,48.20925540471892,25.52498806983317,-4.152404941119033,-1173630.5995113906,300.52647359554476
12660.0,released,0.0,40.0,75.80622441067803,0.24520206732017175,47.5283020833462,25.611024443780416,-4.092136779989429,-1174231.9178454522,300.97235467738386
12670.0,released,0.0,40.0,84.83712384978838,0.08998729444416415,47.749192158422325,26.796277399241607,-5.4527718816412545,-1174713.5975353736,303.34549705606446
12680.0,released,0.0,40.0,85.7796120099651,0.07359307442753595,47.80022356305791,25.871968028700284,-7.553134534210174,-1175140.768579645,300.97956959121734
12690.0,released,0.0,40.0,83.00108441935392,0.12185055777178642,47.265896954631444,26.08968966921453,-6.615703651341043,-1174014.992842812,300.8937965656532
12700.0,released,0.0,40.0,83.25832114781053,0.11739317146983325,47.064600053147934,25.50255041780044,-6.346067309883531,-1174811.8839098308,300.218391328218
12710.0,released,0.0,40.0,81.2347000761111,0.15238730693723823,46.90328414402914,25.312944425461424,-3.618194467897795,-1175575.8098065276,299.52526199641596
12720.0,released,0.0,40.0,83.1487519265183,0.11929207645737225,47.20358361799771,25.969264088802234,-5.49312587068933,-1172832.004681075,297.4401414628821
12730.0,released,0.0,40.0,94.17925044079415,-0.07287701676344752,47.961728806001396,26.032034817332484,-4.823101289486204,-1174455.0773241092,299.7269747469533
12740.0,released,0.0,40.0,83.64599668919917,0.11067110577591778,47.10161115014658,25.863180840000847,-3.451108505578075,-1172970.5667618942,299.8167879007526
12750.0,released,0.0,40.0,87.65493138333548,0.04091774210081647,47.51979059801752,25.95587376135209,-5.839032327777591,-1175388.4031320475,300.46460903660585
12760.0,released,0.0,40.0,82.4710955328239,0.13102633782999865,47.53605128058762,25.662501080970223,-5.521739886708974,-1174691.0294918288,301.2909694638544
12770.0,released,0.0,40.0,85.07383550862264,0.08587190179265304,48.32418047705081,25.799297054552497,-4.678776991488582,-1172362.6386780962,301.2429469466396
12780.0,released,0.0,40.0,86.54985545762614,0.06017999763745527,49.336992854331214,26.257899912429053,-5.844036723606928,-1173445.71318149,300.0213504716155
12790.0,released,0.0,40.0,84.8931901363389,0.08901268024342324,48.75371623589309,25.89293766699351,-5.086903993535596,-1171750.3280557543,298.59343128055326
12800.0,released,0.0,40.0,82.2307948426731,0.1351830542313207,49.16042003434884,25.419019757828444,-4.657888571320989,-1172592.8161544893,298.9849110660643
12810.0,released,0.0,40.0,80.62238689566519,0.16294047133828285,49.00071530022649,25.803686537354547,-5.274667480719312,-1172826.7901145816,300.9566349292492
12820.0,released,0.0,40.0,81.62018703392353,0.14573446897548267,48.60114862788842,25.95313833705863,-6.221463828842337,-1174228.6740342714,301.0322994749172
12830.0,released,0.0,40.0,77.20529998087574,0.221458293292491,48.768589676202026,25.57854591222818,-4.296759984885777,-1173118.4643817972,299.2975840454119
12840.0,released,0.0,40.0,75.6529483395051,0.2477946912623961,49.48417453142991,25.702080211082666,-5.294104027706286,-1174632.2918966096,300.40164943341404
12850.0,released,0.0,40.0,81.67259283815596,0.14482951939170105,49.649412261879384,26.121246719839323,-5.255542890204436,-1173633.075944325,298.3055712542357
12860.0,released,0.0,40.0,82.42484613540644,0.13182654031944255,50.96176440953494,25.522021726416966,-4.536231021944053,-1173230.8168288507,300.0242458765543
12870.0,released,0.0,40.0,75.36544441784493,0.25265294616773654,50.651489219157284,25.44156148814081,-7.50101711980492,-1174516.3492592238,300.2936820084171
12880.0,released,0.0,40.0,78.3849874247865,0.20133458143736413,51.13785438534796,25.846385124457363,-5.214937854649921,-1174872.974209968,299.1976710861479
12890.0,released,0.0,40.0,75.16753119576117,0.25599360365612767,51.027217039745196,25.63608152953479,-4.8727561455887916,-1174757.3247506209,300.9335914914756
12900.0,released,0.0,40.0,79.17821265849442,0.1877548264087442,50.89294919557361,25.38343892227768,-7.143893351029822,-1172367.8700606637,300.03942952643496
12910.0,released,0.0,40.0,78.30218475139165,0.2027499563611676,50.563415312554,25.54187205892494,-3.398935504436732,-1174089.0595171098,299.6858327171944
12920.0,released,0.0,40.0,79.72688640419624,0.17834050121690123,50.307610947465385,25.32812958449102,-4.6807759013258075,-1172574.392569797,301.2996481465986
12930.0,released,0.0,40.0,88.30604430835606,0.02956079727012495,50.515442059129114,26.197966991071873,-4.866254462754652,-1174288.1848525703,299.20500656364715
12940.0,released,0.0,40.0,78.058152981742,0.20691880223032802,49.84083336806777,25.70431671719078,-6.950112990129219,-1174763.4900171328,301.45279414312273
12950.0,released,0.0,40.0,78.47662806176521,0.19976764603403668,49.83688066039069,26.10798866343765,-4.779129769883874,-1173034.1044780724,299.8210046324556
12960.0,released,0.0,40.0,76.14980121799385,0.23938420970622856,50.10800161691751,25.84884471104144,-5.421225332672501,-1174516.8144067377,298.013031209325
12970.0,released,0.0,40.0,75.01715790070234,0.2585297755571847,50.138550395000905,25.87303338390532,-3.7647345194760744,-1172990.4218471516,297.72514211001044
12980.0,released,0.0,40.0,75.16967057313963,0.25595750849686083,50.47774235212623,25.74190567700511,-5.864610030678742,-1173961.7860498242,299.4274108754252
12990.0,released,0.0,40.0,87.24793819843016,0.048014072275116004,50.73876376232403,25.28866446825309,-5.792636901654361,-1171721.34851153,300.45022296142866
13000.0,released,0.0,40.0,76.78124118165738,0.22866961065977326,50.98814207306911,25.409414786843577,-6.253916827349073,-1174522.1183901317,299.8616894798452
13010.0,released,0.0,40.0,81.86326912797871,0.1415358820142718,50.979265611085175,25.811952893861974,-5.183976001209977,-1172360.9626084808,300.06553806064096
13020.0,released,0.0,40.0,79.35588695923848,0.18470807544306056,50.6201361884296,25.592582459858818,-5.758832554520511,-1174486.8118251394,301.25028918088
13030.0,released,0.0,40.0,77.80373174500706,0.21126113570073418,50.92746230483039,25.584514763687302,-3.027124282840547,-1173314.1210234798,299.9404249354395
13040.0,released,0.0,40.0,78.41694883374072,0.20078814130508338,50.20763627868659,25.677622832958708,-3.454822098618428,-1173801.4772879668,300.22172262426125
13050.0,released,0.0,40.0,81.18083129157147,0.15331644651329418,50.63120440405324,26.42262460852941,-5.8001724382390085,-1174500.7291343864,300.8020768451896
13060.0,released,0.0,40.0,81.42872305380999,0.14903964937366132,50.58328147402515,25.427340420811266,-6.433313635284678,-1173577.9247181844,300.3006116660338
13070.0,released,0.0,40.0,80.4185613960216,0.16644931718474712,49.82702008522171,25.814460184945567,-5.536073897877441,-1173649.7789420113,301.76670203214877
13080.0,released,0.0,40.0,81.8845039941728,0.14116898493883998,49.53336978576987,26.12989226771929,-6.741844793146143,-1172298.6491199918,300.81371304478347
13090.0,released,0.0,40.0,81.32892920088116,0.15076170073169406,50.16904507057465,25.819349674204048,-5.661791943029202,-1172919.1718920004,299.5079920710531
13100.0,released,0.0,40.0,80.55430302450831,0.16411276334962413,49.74256220095922,26.039780409490515,-5.53996950581047,-1175696.7455482148,298.5690281253576
13110.0,released,0.0,40.0,82.68110306721736,0.12739174205630238,50.82852140198888,25.876523966734425,-6.634151707078275,-1172699.9654501788,299.32316829130315
13120.0,released,0.0,40.0,78.34394782670311,0.20203613831739442,49.72207367101967,26.00902099596623,-6.169001576350436,-1173337.4379916359,299.7476059440124
13130.0,released,0.0,40.0,79.18686450628083,0.18760650649109423,50.08252974264792,25.50550609443675,-3.9398557568316406,-1172727.077488454,300.9590453964326
13140.0,released,0.0,40.0,80.92521273677215,0.1577235451803508,49.92528327990139,25.336186660176203,-5.307138678715404,-1173096.4042436555,301.1662909877739
13150.0,released,0.0,40.0,85.12156320091438,0.08504194368742107,50.193899225571855,26.394176907337645,-3.858707785547404,-1174143.2225276232,298.8046985919536
13160.0,released,0.0,40.0,85.5877571533872,0.0769320745950178,50.30206935336193,26.188288874904426,-4.0485457718345605,-1172937.6887597796,298.845486109171
13170.0,released,0.0,40.0,87.62032022724814,0.041521307325410345,50.31308704415855,25.65534556755777,-5.3681467460565075,-1174770.7115191966,301.00291759970304
13180.0,released,0.0,40.0,78.51439645554557,0.19912170680654825,50.57861017263915,25.557834715595874,-6.135450773860395,-1174030.6605617441,300.9934414051974
13190.0,released,0.0,40.0,83.99343503135621,0.10464241521639821,51.63244399187621,25.766904421938413,-4.308235617194646,-1172787.7515516598,300.07658353143813
13200.0,released,0.0,40.0,82.95077376131326,0.12272205421647941,50.9732545134744,25.91952138534714,-4.439468949036629,-1174780.7969506793,302.3897694824043
13210.0,released,0.0,40.0,87.17800813247918,0.04923313844378609,50.12269904654586,26.069405102127497,-6.066377308981439,-1172542.0758875497,301.24755186356685
13220.0,released,0.0,40.0,78.65664894033188,0.19668803949799368,50.58607549069855,26.057175049996648,-3.97008838414487,-1174945.8365435395,298.3953481518952
13230.0,released,0.0,40.0,77.81209265843991,0.2111185015720398,50.24401567765579,26.069605943778726,-4.8766293112632955,-1174409.5585160293,299.32526213094496
13240.0,released,0.0,40.0,82.17317132821819,0.1361794738843307,50.35345717754397,25.92099189204403,-4.280709963618025,-1174276.1682787873,299.07128014833285
13250.0,released,0.0,40.0,87.70565988615758,0.040033088268765324,50.471610090645065,26.109737957769536,-4.356399692657493,-1173525.386536155,300.4019774333539
13260.0,released,0.0,40.0,81.72479964924213,0.14392788557007732,50.26312493418624,25.835654212742792,-4.4921488500911195,-1173912.2737688273,300.0431415749141
13270.0,released,0.0,40.0,81.86609653843354,0.14148703099650284,49.41547371167732,26.052487942985636,-4.909330050461352,-1173429.228291871,299.9875501149822
13280.0,released,0.0,40.0,89.65140975213492,0.0060840100315112805,49.17063177462317,26.052591502068644,-4.8961088099286565,-1176658.7949856985,302.1790417286376
13290.0,released,0.0,40.0,81.04352276061837,0.15568415663444315,49.11722295940512,25.648163687993804,-6.248519588111753,-1174268.3946523909,299.46755240009196
13300.0,released,0.0,40.0,86.9290407363739,0.05357269129110846,49.51230711548837,26.15219705211249,-5.525749937209554,-1174095.3552134,300.0488859242475
13310.0,released,0.0,40.0,84.97897318101673,0.08752132759570166,49.13389574030001,25.932900525180745,-3.8885975462852613,-1173791.4004581664,300.14456927874517
13320.0,released,0.0,40.0,79.02487166699594,0.19038286043421365,49.286426603745035,25.950062895167175,-5.199723815839093,-1173634.727882592,301.20410039612284
13330.0,released,0.0,40.0,83.06391529423279,0.12076205048899467,49.56105458270741,25.788410100988873,-5.226867448208716,-1174940.364983093,299.8459117298438
13340.0,released,0.0,40.0,80.97082823923931,0.15693731961779814,49.24960276429559,25.41106324316034,-5.516574128912816,-1174909.281064799,301.36894293782973
13350.0,released,0.0,40.0,83.26429410029895,0.11728964396404323,50.69639543406727,25.79735869565178,-5.440556095151577,-1174754.286783494,300.1838324458859
13360.0,released,0.0,40.0,84.19191626556638,0.10119666168896771,50.55136154737126,25.97281881892694,-4.916424920865041,-1172577.0570845846,299.8778710180637
13370.0,released,0.0,40.0,86.70616792080145,0.05745655460455672,49.14194333781933,25.96791544109503,-6.073340105223266,-1172890.519297503,300.6179194665315
13380.0,released,0.0,40.0,82.9098823460462,0.12343031800983091,48.929189906535385,26.044319913497457,-5.849957499719476,-1172455.0141442493,299.29684558296503
13390.0,released,0.0,40.0,78.88114961680101,0.19284480261573425,50.39092358377941,25.739371130217492,-4.682168368223834,-1174005.5457251556,299.4882881081619
13400.0,released,0.0,40.0,78.30870813795335,0.20263846517115963,49.771758272245904,25.629006914335214,-5.667828296902097,-1174559.013757635,300.6238378946314
13410.0,released,0.0,40.0,82.57958427297555,0.12914894230436627,49.317790862618736,25.813784174285168,-6.780479708894929,-1174562.7998966128,302.4837896228611
13420.0,released,0.0,40.0,79.33389102530047,0.18508535766454795,50.09697293858151,25.6660537344717,-5.619303174818605,-1172910.2239235304,300.2387075201306
13430.0,released,0.0,40.0,79.38083321060135,0.18428015536786915,49.66547027404723,25.743377256258405,-5.943258529650212,-1173911.3683805764,298.1323534814882
13440.0,released,0.0,40.0,81.5411060035057,0.14709981845245457,49.69184124290625,25.725924035074495,-5.368209666663303,-1174615.25246422,299.5568022390308
13450.0,released,0.0,40.0,83.78850839833399,0.10819874669842039,49.70521299046416,26.109823642418007,-5.190217064969165,-1172624.024564283,300.89619485024014
13460.0,released,0.0,40.0,86.36737646371007,0.06335877388468476,49.43372731980738,25.878349743878214,-7.806681106879036,-1174061.4316616878,298.3754173385592
13470.0,released,0.0,40.0,78.96028055704633,0.1914894478491171,48.69172294312247,26.411490943449103,-4.7858266041714,-1173185.5960331094,302.5270410797453
13480.0,released,0.0,40.0,82.52714511895192,0.13005645906972133,48.885301714610144,25.921091162120863,-6.135703502047663,-1172662.4626438264,300.1665800065958
13490.0,released,0.0,40.0,83.3733504184831,0.1153991785064822,48.5162352476868,26.24673007614799,-5.443702887630412,-1174364.7537060454,302.906712064549
13500.0,released,0.0,40.0,86.50144232080712,0.06102341322174251,49.04818852304433,25.682864728919995,-5.898172212050493,-1172721.9022593815,300.0938834263037
13510.0,released,0.0,40.0,77.03328772679068,0.22438492646877548,48.810463026006275,25.54347837918477,-3.121483387712873,-1174494.6313391738,302.059344450825
13520.0,released,0.0,40.0,82.90972640701935,0.12343301884702948,48.017304936611,25.87753008668188,-3.388368008536406,-1173924.912770804,299.19603447709716
13530.0,released,0.0,40.0,87.97371779429704,0.03535792460456236,48.65453412738484,25.995261742691063,-4.895592403955845,-1173805.9620952327,299.1997267153082
13540.0,released,0.0,40.0,86.48012248213965,0.06139481689692047,48.889488393014204,26.640813914992805,-3.8534317298227823,-1173675.5344046988,300.70661178310615
13550.0,released,0.0,40.0,86.77317226954675,0.05628900099967522,49.21941945946219,26.093694297157953,-2.9358574947147993,-1173943.7031590715,300.548407868387
13560.0,released,0.0,40.0,79.81327983518301,0.17685662180918954,48.41738767606386,25.671891086473735,-3.9231739895783573,-1172317.165220432,301.0663372385549
13570.0,released,0.0,40.0,80.06440829981378,0.17254100944994333,49.10908733529377,25.670139812164948,-3.6654245042035463,-1174827.640852308,300.77379011847717
13580.0,released,0.0,40.0,81.15997665468836,0.15367611511954082,48.974632354462365,26.026660772807695,-2.7615546882964788,-1173443.6795190014,301.00646151444676
13590.0,released,0.0,40.0,78.71334162871658,0.19571779756408392,48.95958415721958,26.050467378429676,-3.0821129473019813,-1174657.8220624812,301.02995860383413
13600.0,released,0.0,40.0,85.43208922060414,0.07964065325566058,48.35497834806638,25.926156662619817,-5.517146994934921,-1173853.061270645,300.07427045829644
13610.0,released,0.0,40.0,88.95999761649936,0.01815046909257599,48.751867245904236,26.178551326069773,-5.961506730982411,-1174552.5954281278,299.8384973006832
13620.0,released,0.0,40.0,83.83490386986098,0.1073937114122824,47.87287427187264,26.062807650233914,-5.293299980152628,-1175465.93424326,300.2847407733896
13630.0,released,0.0,40.0,76.9945712876017,0.2250433738311789,47.26599931991374,25.812446054875867,-3.578816432049968,-1174266.2696900629,299.9980893060584
13640.0,released,0.0,40.0,81.44420388530061,0.14877247016528117,47.95765781551101,26.02967132244373,-4.088053634373413,-1173859.618996447,300.929311139522
13650.0,released,0.0,40.0,88.50946620765028,0.026011788075745598,48.32488872530572,26.383249579148966,-5.13294458890421,-1174858.0169398654,299.9688684490748
13660.0,released,0.0,40.0,83.687485616925,0.10995140662920658,47.25302922456212,25.782461851292478,-3.3889628466365487,-1173104.8007079866,299.3199560204204
13670.0,released,0.0,40.0,82.7745898812627,0.12577321440670527,47.9561213090076,25.57862332046809,-5.744138789889357,-1173250.7825036496,298.92723769473525
13680.0,released,0.0,40.0,80.4371407771958,0.16612956064665077,48.41363067403378,25.81120644897891,-5.3377531328764585,-1173251.7877168264,301.9692429447985
13690.0,released,0.0,40.0,78.6520768921211,0.19676627741585848,47.64017228457007,26.031428234027846,-4.034376351972533,-1173613.7578611635,300.8866337798114
13700.0,released,0.0,40.0,88.035172331625,0.03428599112765006,47.7409155001515,25.79057629516794,-5.491883657532044,-1173915.207802821,301.336379274379
13710.0,released,0.0,40.0,83.42020354705863,0.11458686182264421,48.66011180737883,25.91105691192259,-5.479391625633014,-1174272.0082801506,301.0365276244417
13720.0,released,0.0,40.0,80.44037165568045,0.1660739545070109,48.36391460793994,25.847676015498767,-4.29243359327006,-1172728.626127569,298.88321281593477
13730.0,released,0.0,40.0,81.52730566543973,0.14733805534702393,48.45554532156157,25.410357133582384,-4.914774293578819,-1173882.7869693376,298.9913779946837
13740.0,released,0.0,40.0,85.14532536896698,0.08462871072119588,47.6973369860333,25.62432650494125,-6.012462669066134,-1174554.6770230867,303.12595250365047
13750.0,released,0.0,40.0,87.53849148347683,0.042948213859746495,47.20741981143217,26.249310875925453,-4.573160273062998,-1173832.8211172614,301.1949921090701
13760.0,released,0.0,40.0,80.6089975865616,0.16317103139246225,46.695548430366976,25.618009601789026,-5.017899489653226,-1173623.490484167,301.62620738054125
13770.0,released,0.0,40.0,86.5273120076411,0.06057273727084259,47.42738485772072,26.17176826122427,-5.872331328568877,-1174473.6081667766,299.1876895861395
13780.0,released,0.0,40.0,82.51302030657072,0.13030088576390514,47.99941451035311,25.741412207990034,-3.2510352468756762,-1174457.7775700837,300.2659749105135
13790.0,released,0.0,40.0,77.40266900575793,0.21809778008963748,48.453303577682014,25.58992962559601,-4.446223533624766,-1174527.617416503,300.740948002424
13800.0,released,0.0,40.0,92.1838818622362,-0.038106700351349596,47.25356338332658,26.022712145886167,-4.6660818770474375,-1174618.815808231,301.5597830890426
13810.0,released,0.0,40.0,85.72276622324542,0.0745824938386046,48.627847742302706,25.82489315027484,-5.1539570561002215,-1176055.9379045889,298.5633620079292
13820.0,released,0.0,40.0,80.70595130560783,0.1615013156492573,47.50840327972225,25.354764237963675,-5.070403106639243,-1174305.8212031145,301.0434200996792
13830.0,released,0.0,40.0,78.44133594033283,0.20037115602037694,48.29266859290475,25.60231332659569,-4.381390981709518,-1174683.5218547098,300.6231669057192
13840.0,released,0.0,40.0,85.58459279713313,0.07698713923449198,47.22776267487612,26.258050323197917,-5.0504775176140955,-1174997.6846621968,299.3044807394706
13850.0,released,0.0,40.0,82.13906246191826,0.13676921592208294,47.70888700668799,26.147525951776178,-6.0688514118695265,-1173437.2227673903,302.4795694023404
13860.0,released,0.0,40.0,84.80909727718522,0.09047445508081109,47.878967876311016,25.57950593607607,-4.501023031418014,-1173876.8309972584,300.13896766750526
13870.0,released,0.0,40.0,79.69065878868274,0.17896262033180874,48.08005532315568,25.498941991634098,-4.734426964349939,-1173820.707754502,300.09488287662793
13880.0,released,0.0,40.0,81.78608562310207,0.1428692983278676,47.46755932488753,25.552415784605877,-4.163432868154189,-1174460.731657045,299.6561130714846
13890.0,released,0.0,40.0,80.01852453398492,0.1733297663539667,47.704021386672956,25.84332807391459,-4.257916109834233,-1172901.8208476696,302.9215206248045
13900.0,released,0.0,40.0,85.64928160588512,0.07586140857544246,47.935030265862196,26.20958651319759,-6.275904614711743,-1174218.8120562192,300.3519210801273
13910.0,released,0.0,40.0,81.89412473685488,0.1410027508819828,47.599293279698756,26.05603408964797,-3.935493249575657,-1173483.1632169914,299.1120866512078
13920.0,released,0.0,40.0,82.99353950979672,0.12198125898324325,46.8983556758801,26.281474916947715,-5.426473221562942,-1174541.7703689411,301.1447147322512
13930.0,released,0.0,40.0,82.73776366519927,0.1264108231293483,48.33060636976347,26.065896871569475,-5.817057199999524,-1173373.891086977,300.81158606147454
13940.0,released,0.0,40.0,86.45771272488695,0.06178519840708964,48.96486184073557,26.216725956125785,-4.700243172589203,-1173378.6592368241,302.2080273245683
13950.0,released,0.0,40.0,84.80096531804409,0.09061580154628177,48.635437581213274,25.974730744214558,-3.8116057846398013,-1173186.2081009112,299.8705624009593
13960.0,released,0.0,40.0,86.80333782327126,0.05576333972739222,48.05446201686062,25.61139869879645,-4.539518634717712,-1174956.2514620032,300.10403531176775
13970.0,released,0.0,40.0,84.05529975156443,0.103568539252652,47.94122771263177,25.69082044625703,-7.197858567144812,-1174168.0447473768,300.3875323267296
13980.0,released,0.0,40.0,78.9606503485548,0.1914831132006153,48.4322148088276,25.765316794575288,-3.787144129103716,-1173825.4594294578,300.31967411044604
13990.0,released,0.0,40.0,81.90136923671939,0.14087757261988326,47.85719675256888,25.92349190894145,-4.280491181199336,-1175051.2366152704,298.22596099435316
14000.0,released,0.0,40.0,81.06325701214075,0.15534391938814196,48.24197060403085,25.854701923651145,-3.454139288594135,-1174021.0708172414,299.5411650795182
14010.0,released,0.0,40.0,83.772954982682,0.10846860736665474,48.86503116894265,26.44191215508501,-5.038917047213572,-1174915.327553818,297.44188214498274
14020.0,released,0.0,40.0,83.23742185657015,0.11775540295870046,49.05174222215458,25.901789984458954,-5.887733563300339,-1174814.2951974384,299.54444392543417
14030.0,released,0.0,40.0,84.48561554762635,0.09609564973980143,49.01661933519486,25.70257529784111,-4.790733580181823,-1175349.2703241743,300.60183779039295
14040.0,released,0.0,40.0,88.21184365035185,0.031204149713674287,48.58258755259097,26.16482944494272,-5.708375286164811,-1172781.3972560186,300.7916042329892
14050.0,released,0.0,40.0,86.77788399463014,0.056206896075637,49.08490001237185,26.016960508053508,-6.149228737165813,-1173902.6438009776,301.29806128956125
14060.0,released,0.0,40.0,86.68031934073879,0.057906946286762614,48.55861413716106,26.31013659597084,-4.8263907736425455,-1172812.4199033845,300.45153058074976
14070.0,released,0.0,40.0,87.05982341021682,0.05129324335058716,47.8825774773281,26.10953606960645,-3.649553948477563,-1174606.0854824353,299.99239599232936
14080.0,released,0.0,40.0,86.08864506120244,0.068213011464564,48.37655163658965,26.051208615640583,-4.8275001218562785,-1174922.706855908,301.387610542083
14090.0,released,0.0,40.0,90.42339347355892,-0.0073895428919838885,49.525362437043626,25.981513909437727,-5.891405580307093,-1174240.765629759,302.1668336190069
14100.0,released,0.0,40.0,85.07332207914449,0.08588082972368068,48.46415063763454,25.85262622690214,-5.499889256260685,-1174027.014869783,300.12177414237834
14110.0,released,0.0,40.0,87.74178330371223,0.0394031131960454,47.48506456137706,26.42208260415461,-5.572563046760571,-1173789.3882939667,300.9531649633591
14120.0,released,0.0,40.0,82.54115269379052,0.12981405333878607,48.06020907537685,26.265069783209064,-6.056872478514245,-1174153.137260219,299.0213981310638
14130.0,released,0.0,40.0,83.23924544573771,0.11772379670051819,47.63961265095521,25.803847945992345,-5.911941536262973,-1173885.141637005,301.5577960914867
14140.0,released,0.0,40.0,83.50828579534966,0.11305952777698032,48.79620820418461,25.761200755109535,-4.879974596704701,-1173035.8487020936,301.2171746865323
14150.0,released,0.0,40.0,80.57634690325929,0.16373322938959214,49.020378473609625,25.883782484703747,-5.983571486557891,-1172005.7254982255,299.59741796009826
14160.0,released,0.0,40.0,79.93229086775261,0.17481185003856872,48.34007106753474,25.81038003317355,-4.0563396976151145,-1174580.7439949978,299.8888689944374
14170.0,released,0.0,40.0,84.76873974019176,0.09117591569074697,48.420923484631444,25.81457207067302,-3.713764648933024,-1175921.052395139,300.4452684923791
14180.0,released,0.0,40.0,90.60902580890762,-0.010629305431281127,48.698673999356274,26.0009046707167,-4.551818967500185,-1172204.2961175796,298.8417831277037
14190.0,released,0.0,40.0,83.98096673044137,0.10485883092609134,49.04942778143429,25.82521077687228,-3.542356115336335,-1173891.7719489168,301.33168959610106
14200.0,released,0.0,40.0,79.56390723458884,0.1811386980371055,48.696467129822075,25.739953730413138,-6.396324701740252,-1173640.2634664979,300.14851237635907
14210.0,released,0.0,40.0,76.51665934991948,0.23316262722058462,49.609828258151985,25.153030134958335,-5.6853977362317805,-1175396.904523503,301.21196154881
14220.0,released,0.0,40.0,84.16259128925643,0.10170583835711924,48.60349008649114,25.71096871688787,-3.9573945611441914,-1173970.8407381177,299.5367359134417
14230.0,released,0.0,40.0,81.74163423047443,0.1436371196804766,47.58971103385846,25.505893285000887,-5.3927189006153435,-1174770.3099166583,300.1452268493874
14240.0,released,0.0,40.0,78.69287652488504,0.19606806068015475,49.06714509349268,25.4940984391618,-6.08125890059566,-1173103.678151574,301.5447283998652
14250.0,released,0.0,40.0,81.22306867429813,0.15258793911415047,48.1100900739429,25.694693325350837,-3.376586969640363,-1175681.2107516732,300.8814034702617
14260.0,released,0.0,40.0,83.89172889687606,0.10640761084782839,47.25901054408549,26.153578052299792,-4.56638684670829,-1174385.21074388,299.9911106971459
14270.0,released,0.0,40.0,83.19322310926518,0.11852141450130253,46.84330520242186,26.103006230428722,-3.630822802021828,-1176034.0782623943,299.3608378592584
14280.0,released,0.0,40.0,83.74700414928833,0.10891885138296754,47.60763244515795,25.81708144839698,-4.110954172467784,-1172745.30126529,300.7382004994544
14290.0,released,0.0,40.0,89.61907193291341,0.006648400005042979,47.452038179720525,25.976372325896467,-4.835981918462528,-1173581.5363492444,301.6792026052042
14300.0,released,0.0,40.0,89.17019276529179,0.014482362102503157,47.43504480673904,26.0940357797846,-6.969231738890982,-1174374.7867183797,301.3063388956455
14310.0,released,0.0,40.0,79.63683019668044,0.17988686019561506,47.297779652567506,25.874534766983437,-5.980630872568149,-1173603.078519689,301.51203409465404
14320.0,released,0.0,40.0,93.75823393185688,-0.0655465300830989,46.839052454778674,25.854542900568955,-5.518235955386372,-1173446.2974263579,299.2495040200129
14330.0,released,0.0,40.0,81.79013831037005,0.14279929084139598,47.33892924864583,25.821532788733247,-4.868717690614183,-1174166.6836489178,300.13097369708635
14340.0,released,0.0,40.0,82.61895060091175,0.1284675939237683,47.055211116779056,25.90861661654794,-3.8561370894675804,-1174580.1644532103,301.5630723492712
14350.0,released,0.0,40.0,81.94722691637133,0.14008514213030554,46.83840329539593,25.730964815282032,-6.716603728156485,-1173448.7175709698,300.8070030242586
14360.0,released,0.0,40.0,80.6433849962253,0.16257887216727332,46.966414413248124,25.667823639155618,-6.6912846570544176,-1173324.9497177098,299.9703365122425
14370.0,released,0.0,40.0,84.84565050284561,0.089839079046417,47.37667395957889,25.90393088673344,-5.803537533214266,-1173608.7573220674,299.2986221230188
14380.0,released,0.0,40.0,83.17819015071609,0.11878193569331617,47.13113319702505,25.6405895286142,-5.2149684038873065,-1173904.5555224828,301.1545507666965
14390.0,released,0.0,40.0,79.96189187927459,0.174303146839818,46.88326222034902,25.95139860431923,-5.257215218934549,-1173060.1666288301,299.5621992711894
14400.0,released,0.0,40.0,82.15597132036797,0.13647686793401106,46.26768766918256,26.158200518325803,-5.465396697122596,-1172362.3586627245,299.282950868257
14410.0,released,0.0,40.0,83.57297906381285,0.11193758502030976,46.34480529210364,25.739512846374772,-5.1434889300989886,-1174918.4497341309,299.629034103713
14420.0,released,0.0,40.0,80.05514526376862,0.17270025299242994,46.98968940589715,25.97510626821412,-3.3442551016424202,-1175590.102059178,299.495962546036
14430.0,released,0.0,40.0,81.82405218494219,0.1422134231650734,47.06659154157002,25.784477883607458,-4.895091533200619,-1173617.2118531521,300.6516859855964
14440.0,released,0.0,40.0,80.81425983945695,0.15963550313450864,47.282528994615696,26.058382376138624,-4.9991994527033174,-1173930.7943409532,299.62089772346224
14450.0,released,0.0,40.0,86.19825465718144,0.06630429537638052,47.44571269845525,25.738899809989135,-4.2686072097605665,-1174575.3952334411,300.35620107310194
14460.0,released,0.0,40.0,84.89541432247876,0.08897401489881729,47.70635774135619,25.490583459244228,-5.4795001062878566,-1175030.7835199852,299.8578651580774
14470.0,released,0.0,40.0,82.82016602706474,0.12498403757702085,47.5151956174043,25.77201152339611,-4.124939280941181,-1174201.2804159261,300.40864878152655
14480.0,released,0.0,40.0,82.60442223365595,0.12871905649724524,47.686554121150145,25.514763487188823,-5.019398212376254,-1173899.428632494,299.67395773983543
14490.0,released,0.0,40.0,85.20098423942879,0.08366072534774045,48.233758357069114,25.748046606512652,-4.925271798056018,-1174495.294516528,299.5879987028402
14500.0,released,0.0,40.0,85.86672335984358,0.07207673281648747,47.97081703937926,25.629486574341307,-3.831867373778053,-1174329.4862653036,301.17701583444637
14510.0,released,0.0,40.0,86.51825292674917,0.060730556976565916,47.245505576149675,26.195279180215895,-6.130108022726391,-1172227.5078198854,300.370440632571
14520.0,released,0.0,40.0,89.22826309470322,0.01346894268442382,47.63405878113169,26.145617408665853,-4.422692869026826,-1174247.3669465333,299.0154871096623
14530.0,released,0.0,40.0,79.47772433918004,0.1826177851164592,47.478848684591895,25.56295912956697,-4.104177227624642,-1173187.379130911,300.3108238990024
14540.0,released,0.0,40.0,83.94749758962905,0.10543973937516227,47.46951839702698,25.700579882732345,-6.967373056860319,-1173527.6011221223,300.15053149706887
14550.0,released,0.0,40.0,76.89185595192673,0.22678974653227899,47.97616318292801,25.93265586445866,-4.417100500004958,-1173858.9264624156,300.7828312707261
14560.0,released,0.0,40.0,78.43206049499855,0.20052975739519283,47.51563642042514,26.21582344072901,-3.3539394130876863,-1173652.8651301283,301.4691199002456
14570.0,released,0.0,40.0,81.1524162828593,0.15380649972428206,47.726219939608505,25.681656297804466,-4.89162346806956,-1174593.7062484212,301.3106821129733
14580.0,released,0.0,40.0,80.97909859559978,0.15679476167560583,47.28575471793664,25.843503727729694,-4.4091981203226185,-1173853.5292576272,299.3947827129647
14590.0,released,0.0,40.0,77.53839735326754,0.21578529061892143,46.9689893994886,26.021566720260747,-4.564214238349729,-1174499.4211132266,300.4368027101188
14600.0,released,0.0,40.0,78.37450410445952,0.20151379979140996,46.47727022477276,26.354289082982934,-5.6213363511404975,-1175604.2411476672,299.38406552620864
14610.0,released,0.0,40.0,81.50843985678735,0.1476637242366552,47.10384410794105,26.069563230077595,-4.774507571567695,-1172499.582932748,301.0250298947412
14620.0,released,0.0,40.0,81.84541727475904,0.14184431218321591,47.335158172268535,25.79918461440567,-4.559350084657821,-1173976.3119437099,301.0282448832357
14630.0,released,0.0,40.0,80.35686583944269,0.1675109898619307,46.28063616424898,26.027905262937356,-5.399665454263939,-1174160.9736763816,299.33886576805503
14640.0,released,0.0,40.0,81.52706888291969,0.1473421428775759,47.229137564374746,25.58798163552595,-4.341723048092171,-1174226.016152542,300.60391531326354
14650.0,released,0.0,40.0,84.91623157213617,0.08861212047043386,47.15765613007326,25.82721775337391,-4.842172316439879,-1174084.2297241818,299.4091884739371
14660.0,released,0.0,40.0,81.95413651930461,0.1399657349255825,47.166267106654075,26.428000750222076,-5.551685091333239,-1174789.1792806108,301.6649208977262
14670.0,released,0.0,40.0,82.05160042669287,0.13828121185086722,46.53223297745971,26.19493843688099,-5.028463215093056,-1177147.8673322499,298.59814652342146
14680.0,released,0.0,40.0,81.28221624073875,0.15156762678193264,46.58430880846829,25.80041127965442,-5.261178748347465,-1173060.3954587486,300.57211355774575
14690.0,released,0.0,40.0,78.36663360077968,0.20164834611789578,47.084241638609384,25.982379965374335,-4.142590645542859,-1173971.6493116114,300.23087143134484
14700.0,released,0.0,40.0,83.39604180281415,0.11500577595884358,46.81895591375716,26.05491664219512,-5.677641873112868,-1174043.162426168,299.69258036499616
14710.0,released,0.0,40.0,81.84282982028505,0.1418890150287253,47.00142632793314,25.9339763454243,-4.800399709788073,-1174848.7189091817,300.6646897376446
14720.0,released,0.0,40.0,78.12682925026289,0.205745967409471,47.306800833355055,25.868752073751182,-5.0148434161009545,-1173335.1468389127,299.99556330292955
14730.0,released,0.0,40.0,82.79035699991975,0.12550020677727994,46.80662383425326,26.228799523848764,-5.33901889711446,-1174710.5441537537,298.95563815095755
14740.0,released,0.0,40.0,82.27928978342116,0.1343443788997834,46.82702722253202,25.931722665146165,-4.557285981885606,-1173348.5831442606,302.6426358331936
14750.0,released,0.0,40.0,87.95244060767189,0.035729046915521256,46.69884205809149,26.148967937425667,-4.656601218488577,-1174284.6123025268,301.1694775314221
14760.0,released,0.0,40.0,84.9707831151046,0.08766372179192061,47.69074022368572,26.28561749278866,-4.598549446565247,-1172495.3879063055,300.79371650642935
14770.0,released,0.0,40.0,84.41194905979454,0.09737534253043562,46.47114084509634,26.080768091644146,-5.370325893059769,-1172851.8345430065,300.87891077278283
14780.0,released,0.0,40.0,82.33382186876193,0.1334011817829209,47.49500226487114,26.142962231965328,-3.372631221324818,-1173450.4168711063,300.09650747002877
14790.0,released,0.0,40.0,80.8776102446691,0.15854391174910681,46.757202285924464,25.853641922504952,-6.059081265843333,-1173797.325746933,301.2000018786862
14800.0,released,0.0,40.0,85.45842583751309,0.07918244422780958,47.8745207138087,25.938755616199686,-6.353900050295536,-1174504.9178856704,299.49761394649227
14810.0,released,0.0,40.0,83.70548433568707,0.10963916892908188,47.93079929574414,25.666979135213467,-3.8090137916729,-1175185.4063857812,302.86036326048435
14820.0,released,0.0,40.0,85.7248112079356,0.07454690148199036,48.45288945420419,26.201446209586525,-5.029233154447178,-1174849.9681745954,299.5961515678278
14830.0,released,0.0,40.0,88.26339222045024,0.030304883054429854,47.90433060354404,25.720202481937733,-5.076530145429844,-1173449.4411898889,301.5556307945884
14840.0,released,0.0,40.0,89.31528370990594,0.011950269251697149,48.56416136434,25.575608885289967,-5.742998009850096,-1176056.08862862,300.26629025098305
14850.0,released,0.0,40.0,87.81305240181452,0.038160168619528145,48.672580323177456,25.864971595014406,-4.143925863637829,-1174328.2457189895,300.05416681388067
14860.0,released,0.0,40.0,85.2024106132421,0.0836359176766171,48.23926172895996,26.694557583836655,-4.999985769827084,-1173575.4230319802,301.3371802714218
14870.0,released,0.0,40.0,88.12390508260816,0.03273818249763863,47.45997014189189,26.860657615385637,-3.9756098279494783,-1173315.5534177814,299.84080583254905
14880.0,released,0.0,40.0,92.8813019873537,-0.05026701343158094,48.134166470619334,25.869321029045015,-5.351224875990839,-1174718.12884048,300.5143197996133
14890.0,released,0.0,40.0,86.21712112938168,0.06597573433157464,48.89824872783453,26.046077893686867,-6.334263355691784,-1173263.4182852153,301.5273456597668
14900.0,released,0.0,40.0,85.91546991958306,0.07122813168936237,49.29316872621455,25.81802381156663,-5.4082917538106585,-1173406.1315331124,301.22257822384853
14910.0,released,0.0,40.0,86.62505429022087,0.05886985775146594,48.72064616216952,25.95009438857929,-4.726307197521966,-1174421.2870641146,300.4691330320886
14920.0,released,0.0,40.0,92.03516037298984,-0.03551278053992171,48.29442418837577,26.162798056573163,-7.393639834533246,-1174303.1694979556,301.64744721496396
14930.0,released,0.0,40.0,82.92981742400117,0.12308503835634833,48.57985931891444,25.92863352822232,-3.7022920829031314,-1172193.801614156,301.05353820712054
14940.0,released,0.0,40.0,88.42115256098754,0.02755259893314216,48.66101509609383,25.775480652596556,-5.160149711861124,-1173383.893332608,300.65407970870166
14950.0,released,0.0,40.0,88.85943232076114,0.0199053466180108,48.29327507579101,26.224055170879943,-5.294424784955724,-1172252.4005578477,299.6666127205702
14960.0,released,0.0,40.0,83.67595466927291,0.11015143719937072,48.39423952261718,26.245413754881003,-6.143600851506337,-1172955.5146472715,300.3290880646147
14970.0,released,0.0,40.0,84.65132565952295,0.09321644952911709,47.771865052172295,25.692238890660736,-6.199115470991522,-1174512.321762966,301.3336999387359
14980.0,released,0.0,40.0,81.9647814064176,0.13978177301808978,48.10498740848956,26.246807425511694,-5.957774396640494,-1174217.682976311,300.69351648704406
14990.0,released,0.0,40.0,88.5862236698661,0.024672547989283103,47.42003109109822,25.796894455609664,-6.57354689472986,-1174792.4512020387,299.9043703416028
15000.0,released,0.0,40.0,89.37857033738523,0.010845781037645025,47.81367678529408,26.4536179533277,-5.853380703315393,-1175303.0592639353,301.1808985284896
15010.0,released,0.0,40.0,87.775564033705,0.03881397929377958,47.719460497412555,26.23209192648941,-5.5281382874919895,-1175100.6994010732,300.34704551980883
15020.0,released,0.0,40.0,86.50606547752531,0.06094287409445186,48.39962609022393,26.647114995404092,-6.742307469481683,-1173262.0375247318,300.92462294097487
15030.0,released,0.0,40.0,82.27662041530657,0.13439054567106384,48.91002486191811,25.79959043254313,-4.917020580442669,-1174839.653959481,300.3334636058201
15040.0,released,0.0,40.0,89.59916245146314,0.006995877920598859,47.94891627540932,26.03005570329381,-6.3866964293774275,-1176723.476891337,299.3114858842216
15050.0,released,0.0,40.0,86.60698433418547,0.05918468807235544,46.9850920928765,26.467514228722056,-5.527429032928224,-1173659.5552323163,300.67577618147794
15060.0,released,0.0,40.0,84.24199201129764,0.10032712317346451,47.48972259240477,26.15577911378225,-5.380053936190759,-1174956.4472043253,299.24394177783097
15070.0,released,0.0,40.0,80.8473384423037,0.15906554970221315,48.40711777629067,26.252063186366918,-5.9991178386902995,-1174491.7697250359,299.85686516836597
15080.0,released,0.0,40.0,85.67790105451326,0.07536333490748884,48.43430492469959,26.19732093547192,-5.673704487401484,-1174547.3562533539,298.26768831727054
15090.0,released,0.0,40.0,84.62032198040612,0.09375519604447316,47.25653138943081,26.635186737178177,-5.151716965223004,-1174934.9470209163,301.4775343340805
15100.0,released,0.0,40.0,86.55561335566685,0.06007968519665341,46.47783325959143,26.112843221703784,-6.646861346581357,-1173285.050918946,300.8155006216603
15110.0,released,0.0,40.0,86.66471865434744,0.058178770584388806,47.125390195165416,26.672203130959176,-5.308492462482028,-1173604.1020157728,300.84747764359594
15120.0,released,0.0,40.0,82.3638094829485,0.13288245886413846,46.86062188367442,26.143531841183957,-4.187905411180349,-1172891.7116311006,299.79144658382216
15130.0,released,0.0,40.0,86.29558942652518,0.06460912663703547,47.503305471744596,26.04138544799874,-5.841656335958276,-1173031.0931708757,301.8986564716314
15140.0,released,0.0,40.0,82.60145682441257,0.1287703819255216,46.92060169171952,26.25233594112401,-5.6751697937717,-1173117.3465865888,299.91661544738645
15150.0,released,0.0,40.0,82.06324987950052,0.13807984099303366,46.89499200561694,25.69999134429028,-4.66927985436966,-1174865.4164074752,300.2016424005931
15160.0,released,0.0,40.0,83.88860175861349,0.10646187968180539,47.24166836080162,25.714637322540064,-6.961479576668777,-1172495.4501992315,298.84477450966665
15170.0,released,0.0,40.0,82.73111573019436,0.12652591985017086,46.92548466416365,26.310138829942098,-7.125018310652923,-1173537.9021260925,300.73595952225764
15180.0,released,0.0,40.0,84.36509075888067,0.09818925495055028,47.781055486566174,26.374378652267154,-4.778552373869039,-1175115.8260892648,300.1493763964751
15190.0,released,0.0,40.0,88.16739142625907,0.031979600106712414,47.49710482483501,26.023327585389513,-5.002607628515461,-1175172.6057973374,300.75130542162185
15200.0,released,0.0,40.0,84.47354622820475,0.09630532210532958,48.45149585952947,25.847055660558055,-4.840134402949148,-1174649.630603401,300.18451402205653
15210.0,released,0.0,40.0,81.53579523139958,0.14719149996046743,48.324408361665796,26.136112998786086,-4.506395917478452,-1173607.192625245,299.853966415755
15220.0,released,0.0,40.0,80.68551733230382,0.1618532636901528,47.20758490342724,25.819470865877754,-3.6481629326496723,-1174026.5559948198,299.6925538863072
15230.0,released,0.0,40.0,83.40346262418437,0.1148771166017961,47.78234497369647,25.786504020769996,-6.286998669538094,-1175026.546398867,300.86221819467124
15240.0,released,0.0,40.0,85.7249296978332,0.07454483919728802,47.77195136710264,26.181968639359766,-4.494561696722162,-1173485.6981008053,300.7216014857272
15250.0,released,0.0,40.0,81.2344066759747,0.1523923679270894,47.69079956922781,26.17940598762282,-4.928474309443732,-1174677.3659114502,298.6418167540975
15260.0,released,0.0,40.0,82.62754595324122,0.12831881836662837,47.279248864513,26.409459015919825,-6.100414791775822,-1174131.819675358,300.18691239174524
15270.0,released,0.0,40.0,86.93823852835038,0.053412389378860586,46.60341222485311,25.985929208569797,-3.67980988455788,-1173497.4793081395,297.7418594085234
15280.0,released,0.0,40.0,82.73518636014506,0.12645544461007613,47.38479483645019,26.08097003364883,-4.079656312146962,-1172235.9278205205,301.8223559363033
15290.0,released,0.0,40.0,81.39017190312723,0.14970494524483935,46.94765391945076,26.04455443233603,-4.405944884318271,-1173798.4577893857,300.6795131133461
15300.0,released,0.0,40.0,84.25295252443657,0.10013678948507006,47.133143689827264,25.885499306653344,-2.653508187530229,-1172236.906637486,300.2536104071038
15310.0,released,0.0,40.0,77.61389321567387,0.21449849506015203,47.628352268831634,26.427011702482858,-2.048678018165422,-1174587.9284382276,300.76826104635796
15320.0,released,0.0,40.0,83.22257614178321,0.11801270290534324,47.51850458305271,26.111693900058302,-2.600948944328308,-1174258.463550143,301.5860059633193
15330.0,released,0.0,40.0,83.81705119378886,0.10770349212491295,47.210099752263886,26.078916494752747,-4.757384944424433,-1173806.1880598664,299.05844188007234
15340.0,released,0.0,40.0,85.88334418840219,0.0717873960983949,47.21603357593111,26.01506202506397,-2.9886283742104958,-1173449.6850480326,299.067945007515
15350.0,released,0.0,40.0,84.11136382477402,0.10259524923172791,47.59693085170228,26.16881615499983,-4.002105443092203,-1173748.5350729953,299.3880750488879
15360.0,released,0.0,40.0,81.33853651065166,0.1505959359759531,48.6787396962727,25.859934216638123,-5.217728884782046,-1173281.747416053,297.1413819480833
15370.0,released,0.0,40.0,79.81363893497333,0.17685045312856537,48.80429757543527,25.62691732685867,-3.402485469988118,-1172733.6412289795,298.77385284398844
15380.0,released,0.0,40.0,78.41199892728204,0.20087277331766026,48.049224739306794,25.37388891265215,-2.920886295090958,-1173196.7280384786,301.34635177334405
15390.0,released,0.0,40.0,92.38181081925741,-0.041558468999497014,47.91496719113452,25.714899340860356,-4.577865236858422,-1173072.6601869948,301.5181545379253
15400.0,released,0.0,40.0,86.15751617260773,0.0670137346073157,47.32305211879382,26.313827199579045,-4.920220100831889,-1173022.2348915897,302.5055561192618
15410.0,released,0.0,40.0,83.60996211708945,0.11129614236134829,47.98883958515593,26.142281505756557,-4.580423280964596,-1173785.8603494074,299.4803199304478
15420.0,released,0.0,40.0,90.65417408453106,-0.011417243595551019,48.52874753963498,25.745374701713857,-6.175957993872411,-1174322.4762767237,300.24206765904626
15430.0,released,0.0,40.0,83.0514419882934,0.12097815463989443,47.47061199499015,25.628360325511434,-5.6081855765395705,-1173998.0880928095,299.34640934056904
15440.0,released,0.0,40.0,81.35517320296576,0.1503088760714099,47.436048127499966,26.15468439420618,-4.629232994103389,-1174111.9462844934,300.98906344048896
15450.0,released,0.0,40.0,82.99053040395869,0.12203338543018029,47.82876803214387,25.803754625333916,-3.8350056808133246,-1173258.9419784658,300.8643094046198
15460.0,released,0.0,40.0,86.6038103593671,0.05923998718550447,48.706213688848415,26.18185022052652,-4.055609918256287,-1174432.1114414018,303.5913339452246
15470.0,released,0.0,40.0,85.87037516232941,0.07201316246466707,48.067629617239625,26.60648763619473,-4.745794364033634,-1174944.1031816583,300.395065060394
15480.0,released,0.0,40.0,89.27915458270448,0.012580794032326557,49.1396225583444,26.354357337432536,-5.134385701225293,-1173940.4664382264,298.94158693714087
15490.0,released,0.0,40.0,90.98621310945722,-0.017211815949366147,48.731545120215166,26.389895317984212,-4.416861001102026,-1173540.885839112,299.3376546524294
15500.0,released,0.0,40.0,89.39497073592348,0.010559556479998455,48.23384364211762,26.554331446970448,-3.918189456062807,-1174550.0437883362,300.03318977492773
15510.0,released,0.0,40.0,87.50803715076798,0.04347924570373925,48.0236364507439,25.940038284983448,-4.827217635963147,-1174752.4597855434,300.48431228676856
15520.0,released,0.0,40.0,86.97577901001782,0.05275810823225613,47.692576402067964,25.78450811428266,-6.610580670764143,-1173846.693114046,300.8557830102449
15530.0,released,0.0,40.0,81.83280772765548,0.142062161646135,48.05131156148541,25.695379900125467,-3.43638305590481,-1173399.7195890583,300.93652948302275
15540.0,released,0.0,40.0,78.84481795250204,0.1934669683143193,48.39985154932002,25.784763230744684,-3.790833556047917,-1174291.8385599311,301.4518071554621
15550.0,released,0.0,40.0,82.59743898228264,0.12883992235627806,48.63789349580378,25.870835011281233,-4.0468342592448305,-1173432.0706392787,301.0157281524522
15560.0,released,0.0,40.0,83.67569174540311,0.11015599816119666,48.24545835079946,26.43612881353595,-5.081436753981299,-1175015.5532499608,300.06068734299237
15570.0,released,0.0,40.0,88.11171964641466,0.032950743735612284,48.086765224817015,26.47770793145558,-5.416675211209347,-1174525.2279841658,300.8193748905543
15580.0,released,0.0,40.0,84.27283000226723,0.09979159979908629,47.10444699791742,26.091234935992812,-4.554709065634076,-1173713.6426997874,301.3076542649525
15590.0,released,0.0,40.0,84.23857942789367,0.10038638329811161,46.79921364134456,26.075028178898854,-5.67580476862169,-1174223.7834820896,300.07878218885725
15600.0,released,0.0,40.0,81.21471736447498,0.1527319885065656,47.427793454235946,26.040408288909564,-5.037809804849269,-1174793.8085592315,301.00096048570816
15610.0,released,0.0,40.0,85.85916055076463,0.0722083847978234,47.20466609139393,25.8248750769287,-6.6313695219618065,-1173765.1614736076,300.19543036628454
15620.0,released,0.0,40.0,87.83606549615916,0.037758803835523505,46.748410755534415,25.927704068932123,-5.500257360219069,-1173360.313412048,298.7991449357942
15630.0,released,0.0,40.0,88.55832761806893,0.025159274785612737,46.864300234854625,26.03932997524553,-5.134682576554265,-1173135.6901999228,300.085904985939
15640.0,released,0.0,40.0,89.3003226113097,0.012211370625710927,47.40671657856264,25.665813924858515,-5.190466025774062,-1175157.58464179,299.0660119753559
15650.0,released,0.0,40.0,92.96276006352953,-0.051686876476319255,47.3036719368286,26.338963698867563,-4.882295397657571,-1176585.769346252,298.57192132533834
15660.0,released,0.0,40.0,80.9443029328075,0.15739452005235174,47.314672427952296,25.92372897632643,-5.955971208978094,-1174980.7527851462,300.0854992963753
15670.0,released,0.0,40.0,83.120955655707,0.11977373458576099,47.644217223755845,25.74440072515237,-5.247099931524358,-1172883.4265722279,299.3777450564794
15680.0,released,0.0,40.0,82.52670281132987,0.13006411322337164,47.50872818901664,26.0609275096453,-5.047915594058539,-1174145.3279244583,301.24550128633894
15690.0,released,0.0,40.0,78.10665357419839,0.20609055291201178,47.70111016856337,26.20938973105215,-3.7254169149254057,-1174355.6908844411,301.2833325337903
15700.0,released,0.0,40.0,84.30820452928293,0.0991772606991303,47.751452019138334,25.857230893918757,-6.583095930453651,-1174698.760121705,300.7973900855987
15710.0,released,0.0,40.0,88.30050861842054,0.02965737092501805,47.923872757494934,25.594888706279963,-4.444975838039104,-1174398.7897444107,300.42860740902654
15720.0,released,0.0,40.0,89.52407275038836,0.008306401984198658,47.84863610342059,26.255625662344293,-4.1678189266631085,-1174497.2904493604,300.64158067129455
15730.0,released,0.0,40.0,86.21331358605205,0.06604204356486217,47.945674873906526,25.97351800245408,-5.40043205652844,-1172878.0324435048,301.1561754863766
15740.0,released,0.0,40.0,87.6105342449745,0.04169195703749999,47.75968489826087,25.90266780310662,-6.728672436185531,-1172794.2641772646,300.98829411965187
15750.0,released,0.0,40.0,87.98145511151048,0.0352229670617113,48.04471304781661,26.365887299967373,-4.6215481221214345,-1173986.846913239,299.7817686792991
15760.0,released,0.0,40.0,84.96121798407708,0.08783002088960186,48.25383357178661,26.46803779335626,-4.339747761985133,-1173755.6378870662,299.000388727648
15770.0,released,0.0,40.0,82.80930619561332,0.12517208891730422,48.714714998859144,26.128190680095777,-3.009949038237,-1173624.3794514332,300.5934467834398
15780.0,released,0.0,40.0,81.88440852399896,0.14117063452068834,48.25153454637428,26.340415256741064,-5.054841651230514,-1175704.5085040499,300.6562247724343
15790.0,released,0.0,40.0,87.94666087586502,0.035829857675953924,48.692002401857245,26.238077382787957,-4.173628041053862,-1175003.9161027335,300.6070000376003
15800.0,released,0.0,40.0,79.95633693126861,0.17439861401355236,48.94122518140334,25.58830116565463,-5.4808214435389155,-1174541.282630615,301.3804927707936
15810.0,released,0.0,40.0,84.37106103359731,0.09808555699064357,48.41553506633048,25.405050823587104,-5.462594901481712,-1173818.6620493922,299.5023074655428
15820.0,released,0.0,40.0,82.73043797719849,0.12653765379633425,47.53384279221117,26.040814529411342,-5.237717593866798,-1174188.9851663038,301.7008720131538
15830.0,released,0.0,40.0,90.11566776122628,-0.002018781900555794,48.48895587026169,25.593845423460866,-5.7671637579131145,-1175603.2667020895,299.77341132567744
15840.0,released,0.0,40.0,84.36455054753975,0.09819863785212672,48.413984632671266,25.486693093181866,-5.990024379029214,-1175143.120275218,299.3695811661881
15850.0,released,0.0,40.0,77.87358040729092,0.21006940513614705,49.064671961631284,25.59283230153066,-5.22092327331181,-1175103.463475205,298.4660013419735
15860.0,released,0.0,40.0,82.51328761310491,0.1302962601580549,49.71384638541521,25.92786191630329,-3.9841303350738153,-1175333.167126745,301.36519156175933
15870.0,released,0.0,40.0,87.45680685422302,0.0443725199973001,48.8304728195736,25.927857241905972,-4.953238792253941,-1175458.3512565568,300.03024613443415
15880.0,released,0.0,40.0,79.04698514495033,0.19000395237590811,48.26808236410272,25.37388836451931,-3.453225104718763,-1175226.0691368282,300.0056413042956
15890.0,released,0.0,40.0,80.92092478186315,0.15779744693406272,48.81846821008025,25.35246633665072,-5.210083385269883,-1172527.786341494,297.9578989442565
15900.0,released,0.0,40.0,85.21849889708608,0.08335610465318363,48.44134205493743,25.791859427127644,-6.5265012387937995,-1174521.363131199,301.3274156956633
15910.0,released,0.0,40.0,80.18486335728196,0.1704698224729486,48.44407166958737,26.126706447163826,-3.238716607757236,-1175927.7875564117,300.65480573141105
15920.0,released,0.0,40.0,74.85218123185722,0.2613101964025592,48.82850266980959,25.935001672445637,-4.135880352546808,-1175035.1160311028,298.0735982014033
15930.0,released,0.0,40.0,78.37492097238692,0.20150667332463468,49.15841413324375,25.870754319618587,-4.462756154174652,-1175188.4572507944,301.8500826039615
15940.0,released,0.0,40.0,90.72116670309329,-0.012586401083355209,48.093896024826215,25.727492971572147,-6.373121060395987,-1174136.3984748106,298.37541885057897
15950.0,released,0.0,40.0,88.89170930062988,0.019342115533051457,47.27868125408271,25.69770737815981,-4.876302108498307,-1175533.9041840099,299.96401611748223
15960.0,released,0.0,40.0,85.12492412996257,0.08498349676405806,48.29771747954094,26.191960103607723,-4.558859870580976,-1174734.6378683057,300.72031762093434
15970.0,released,0.0,40.0,79.42128321575123,0.183586214612241,48.463265641671796,25.976417034877795,-5.244870240583609,-1173433.5889056083,299.8316452168883
15980.0,released,0.0,40.0,85.09603224849633,0.08548592017070317,48.30051201094412,26.12718908403015,-5.444013385055825,-1173454.1573236696,300.6786583375684
15990.0,released,0.0,40.0,77.20237835753984,0.22150801881326868,49.03326190245992,25.831865613246226,-4.89957106674379,-1173384.7933266629,299.65049381528223
16000.0,released,0.0,40.0,86.94425007971306,0.05330761749172902,48.705575762517185,26.180974975630317,-5.126798820186225,-1171631.0841728225,301.7975351188033
16010.0,released,0.0,40.0,87.68571866015529,0.04038084688302321,48.124341559516516,26.298452684869805,-3.807886093441601,-1174727.4658529162,302.0364073519326
16020.0,released,0.0,40.0,85.90694688919572,0.07137650801327866,48.0909825055437,26.3575737809788,-4.346815549568871,-1175354.7921926118,300.62154866880263
16030.0,released,0.0,40.0,88.60737950336248,0.02430341976663475,47.716815365902505,26.23887872648319,-5.451289616569657,-1174222.1089137122,300.3596893513954
16040.0,released,0.0,40.0,82.50690665961531,0.13040667859161936,48.42234290785903,25.988343201757825,-6.216391737864272,-1173168.1516117956,300.05567940624155
16050.0,released,0.0,40.0,82.58649805616342,0.1290292836558988,47.859757627627175,25.951413648842824,-7.09434220844977,-1173636.392429743,301.8284983916335
16060.0,released,0.0,40.0,84.95383418250054,0.08795839378121231,48.19040259248571,25.997489406641908,-4.438172853871135,-1173736.3077564128,300.9189613025747
16070.0,released,0.0,40.0,88.7326561573653,0.022117519153289245,48.33726606739031,25.86258921971757,-5.128331443857029,-1173388.255285086,300.93543704669037
16080.0,released,0.0,40.0,81.5909152010743,0.14623988540337673,48.49840419335797,25.886108905590365,-4.723243613770629,-1173929.8637248576,299.3264702432476
16090.0,released,0.0,40.0,88.06110061518176,0.03383371977659669,47.99250181213142,25.921104614000022,-6.886720753086019,-1173006.9777026363,299.9186513113946
16100.0,released,0.0,40.0,92.32258631985793,-0.04052567747759023,47.13787651315126,26.02325789736112,-7.432150890782758,-1173957.8641656153,300.8479764081563
16110.0,released,0.0,40.0,90.84608757830225,-0.014766477313365028,47.669676693587796,26.339614454658243,-6.890346320649663,-1173848.6742540076,301.30044098760544
16120.0,released,0.0,40.0,87.23100174926093,0.04830932605093011,48.44573920049931,26.083576319628673,-4.56470193980989,-1172955.9480056036,300.5320329905396
16130.0,released,0.0,40.0,85.36236114878038,0.08085371283221521,47.003399525472105,26.082794120492014,-4.417300873222718,-1175781.0342739653,300.10074686992266
16140.0,released,0.0,40.0,85.25877287314167,0.08265561689580098,46.7515637249616,26.303933458003872,-3.4906682710341643,-1173678.6809774507,299.71555917400053
16150.0,released,0.0,40.0,82.09386830525779,0.1375505478511037,47.395806371559246,25.75645133772506,-5.312725885925513,-1172976.677580269,299.55844730446154
16160.0,released,0.0,40.0,83.1925060226623,0.118533841798559,46.86471033432313,26.16820522338528,-5.766034724563581,-1170899.9465068467,299.9255801619543
16170.0,released,0.0,40.0,87.82122849557047,0.03801757241292206,47.319224039493896,26.42823361769978,-3.9575076303635033,-1173920.4951024652,300.50129277874294
16180.0,released,0.0,40.0,89.89704517744224,0.0017968996674521398,46.72812480853374,26.39288854824957,-6.17105797814439,-1174694.2321132142,300.7124380918638
16190.0,released,0.0,40.0,86.49774199440625,0.061087875612670095,47.30366269193088,25.72090812966255,-4.145798832905452,-1174077.448159892,299.5344348638593
16200.0,released,0.0,40.0,87.67040254999003,0.04064794395424118,46.20383764670816,26.211356996666197,-4.727490307249831,-1172690.1510067545,298.8944847531773
16210.0,released,0.0,40.0,78.09941559224038,0.2062141660205783,46.88494716171501,26.27891604379126,-3.3448847917296547,-1173096.7343078144,299.4543966936359
16220.0,released,0.0,40.0,80.5921997122665,0.1634602733558285,46.577751589832275,25.74221370360226,-5.243365321309362,-1173919.8502713088,302.1746261348739
16230.0,released,0.0,40.0,88.38520071740611,0.028179833291664846,47.53484580921394,25.851469780538118,-6.745509900661593,-1174498.463175429,299.59650922151724
16240.0,released,0.0,40.0,86.00996664594588,0.06958294563786283,46.54680573963141,26.069899949723666,-4.800117670560874,-1174307.0850325022,301.47536083911496
16250.0,released,0.0,40.0,87.6127179282821,0.04165387768200701,47.12623589904197,26.130025395019306,-5.952436322995522,-1175681.2738023344,300.7313072168468
16260.0,released,0.0,40.0,89.58702854239067,0.007207649244105024,47.35725332151727,26.207781089249274,-3.918496224849859,-1173723.2545028757,302.126138123593
16270.0,released,0.0,40.0,88.6655154727662,0.02328904305313051,46.80492665541798,26.109431608865556,-6.498416519684886,-1175466.480286885,298.50196285428694
16280.0,released,0.0,40.0,88.21732996671697,0.03110844191566639,46.71951024479793,26.548339818735368,-5.410797620359482,-1174629.3589280024,299.24934518773057
16290.0,released,0.0,40.0,88.80883152527984,0.020788314246349027,46.83192794249246,26.073763230657782,-5.1885925463628695,-1175455.200254297,299.2872067970627
16300.0,released,0.0,40.0,89.2470358801255,0.013141324772891622,46.50473046184045,25.98638726767299,-5.173558297499772,-1175955.2649032902,301.00644524886235
16310.0,released,0.0,40.0,89.60927007170038,0.006819470877013484,46.64035062372742,26.033563719189214,-4.70787128304008,-1174102.8127731346,299.90752055756377
16320.0,released,0.0,40.0,88.75458062758241,0.021734956957039198,46.683196647771794,26.6043800241168,-4.0192995397664255,-1175252.0388272647,300.63658931634524
16330.0,released,0.0,40.0,88.76123625452684,0.02161882164802645,47.01514689302291,25.792502661590472,-4.88176295768452,-1175100.088820368,299.7861874722231
16340.0,released,0.0,40.0,88.54965384301855,0.025310612509536867,46.974361994919846,26.009782849295494,-6.013907682124744,-1173327.911830157,300.5267172717007
16350.0,released,0.0,40.0,88.90752959862266,0.019066050165405468,47.240353447820254,26.490211570200373,-3.9692596516116456,-1175337.3613059241,300.98596169961456
16360.0,released,0.0,40.0,82.44369067932806,0.1315005042281214,47.00476340052843,26.217306025407538,-3.0993801479329512,-1173968.234823972,300.8591398864253
16370.0,released,0.0,40.0,89.640846627608,0.006268367817249931,47.13800874076317,26.255412754005917,-5.844046859761593,-1175707.9689871985,299.72757086561137
16380.0,released,0.0,40.0,90.94677341932095,-0.016523561445736218,46.3481384875646,26.067103785670326,-3.788636142384396,-1175948.844547255,299.5356714046383
16390.0,released,0.0,40.0,92.77399162181324,-0.04839637487813722,46.89633019424403,26.32144680676682,-5.246476993261181,-1174570.2832275666,300.4794287514588
16400.0,released,0.0,40.0,87.92103079930818,0.03627689607158241,46.91816957726051,25.98180850355545,-1.931196696540245,-1173666.4984169733,299.59797816560615
16410.0,released,0.0,40.0,90.69199854644715,-0.012077359429381207,47.379084055377845,26.17855578486426,-4.9817632141137205,-1174211.7063957285,299.36979320621674
16420.0,released,0.0,40.0,88.97458750417952,0.017895868877308485,47.512356573969335,25.858146982576503,-5.255313377127969,-1175338.0418347027,299.15682964130076
16430.0,released,0.0,40.0,89.95612622185713,0.0007657418090489809,47.58044481349408,26.3908657992874,-4.095494101352927,-1171435.2998501174,299.5450434231702
16440.0,released,0.0,40.0,85.46197313840756,0.07912072639113235,48.36449294866868,26.060396770109243,-5.500267094904696,-1174170.4005760867,300.48482636942356
16450.0,released,0.0,40.0,86.56351042784438,0.059942103693790355,48.059455622716996,25.925478622393072,-5.411353144753633,-1172549.5016794223,299.4917470391992
16460.0,released,0.0,40.0,86.50917273081967,0.060888743007236124,48.556698999902316,26.13117408997308,-4.083012815921448,-1175429.106063798,300.76525475760553
16470.0,released,0.0,40.0,88.76288887446799,0.021589984720947863,47.82325489473605,26.3788893975862,-3.10774574034353,-1172237.7361860443,301.1999826295555
16480.0,released,0.0,40.0,84.69005351136676,0.09254344284147206,48.05281394121634,25.521311152120493,-6.038753643666778,-1175868.9995790143,299.7420325369109
16490.0,released,0.0,40.0,87.01599271308454,0.05205721123993334,47.84309455399944,25.875841005206386,-4.027821258633267,-1174779.9605690371,301.1641273534049
16500.0,released,0.0,40.0,83.9729393260068,0.10499816215375776,47.783325132313536,25.65294528897425,-6.181932903137039,-1176598.8022550493,300.30431135374846
16510.0,released,0.0,40.0,86.16804563064485,0.06683037287908242,47.610593155907814,25.930431456220372,-4.941832853650636,-1174612.4780409802,300.68328443097226
16520.0,released,0.0,40.0,81.418101041501,0.14922296532959076,47.50102019899321,26.10945784731739,-3.452542185504905,-1171209.0179939922,300.8663188730132
16530.0,released,0.0,40.0,86.3686814945245,0.06333604254708874,47.08692290043563,26.322012612412646,-7.122710918844937,-1174143.0693570543,299.0275095754242
16540.0,released,0.0,40.0,85.72803543632111,0.07449078454307725,46.94208071894984,26.40831724293568,-4.4786035482482145,-1174525.8636756055,299.37889028987587
16550.0,released,0.0,40.0,81.95745178593356,0.13990844194958935,48.24838438207815,26.056842642585476,-4.391658518961531,-1174254.18021949,301.604275914994
16560.0,released,0.0,40.0,81.9925638864958,0.1393016213963546,47.492341403173654,25.803096919540224,-5.476744404692395,-1172498.9524758067,299.9268737338015
16570.0,released,0.0,40.0,86.12068937708916,0.06765502469007725,47.66919456569712,25.907039924768483,-5.349507295867105,-1173883.956793001,301.60127157284813
16580.0,released,0.0,40.0,82.80465927749209,0.12525255464736804,46.96336597252458,25.833685724581784,-4.894989577191639,-1174461.9086447563,297.3517946645642
16590.0,released,0.0,40.0,86.27152496391015,0.06502824749488031,47.51269780644848,26.059057257089854,-4.890172277260939,-1175839.3199578654,298.5115800851358
16600.0,released,0.0,40.0,80.17641910568808,0.1706150433981497,47.600626087377094,25.84948431937466,-3.431016485611517,-1173309.2589211352,302.62902277254716
16610.0,released,0.0,40.0,87.75479158159732,0.0391762512214594,47.07055547525467,26.000543003182106,-5.056377500388238,-1174028.274995327,301.5116442677964
16620.0,released,0.0,40.0,75.37514619136012,0.25248910816534653,47.22838552804503,25.841644201756463,-6.634692998885493,-1173213.0219729878,303.0152686284883
16630.0,released,0.0,40.0,91.10037158197703,-0.019203926533058552,47.63029537254272,26.0401393114305,-5.390181936870597,-1173444.706405839,300.25569986176447
16640.0,released,0.0,40.0,88.35855204672917,0.028644752563372067,47.83110538832308,25.798998651728716,-3.2441030689489354,-1175054.2654498853,300.92193823316853
16650.0,released,0.0,40.0,87.25673564172348,0.04786070444745022,47.57248047564099,25.69368845977193,-4.302921295348579,-1172930.8812818099,301.3511398646399
16660.0,released,0.0,40.0,82.46965646212261,0.13105123777821606,46.87827867068183,26.162932054849726,-5.126244566760718,-1174074.701463094,300.22198294216753
16670.0,released,0.0,40.0,88.27911105721594,0.0300306624677113,46.75851990697613,26.189104579072175,-4.575355876012338,-1174522.6263780966,299.2047290392828
16680.0,released,0.0,40.0,91.64120591371636,-0.028640529909427503,46.67712791311572,26.05816663876467,-4.598682137190009,-1174188.8143466879,299.44170780870786
16690.0,released,0.0,40.0,80.97466192344105,0.156871237970758,47.88225825450391,25.598643066435546,-4.896466793655602,-1174056.1282697357,300.02355919246094
16700.0,released,0.0,40.0,85.2448962345738,0.08289697875800159,48.129608160465125,25.69276812616387,-4.58304921519219,-1175677.716748232,299.88793129140424
16710.0,released,0.0,40.0,83.7279853858944,0.10924881058791136,47.212821585007056,26.348126019412312,-5.234369161042702,-1173201.3384784255,302.21311214121806
16720.0,released,0.0,40.0,88.84934924246568,0.02008129435618261,48.15958027636063,25.927635840910966,-5.802920667255616,-1174353.43184142,300.5838102179703
16730.0,released,0.0,40.0,79.30577996084295,0.18556748910340493,48.06716073263211,25.833137734412773,-2.519769006477846,-1175105.384931974,299.89956268131544
16740.0,released,0.0,40.0,82.28055143978463,0.13432255842798008,48.119923294870866,26.16068790129403,-6.195690793734634,-1173212.0412170533,300.1078078042199
16750.0,released,0.0,40.0,82.57830109059576,0.12917115046956884,48.50299397841593,25.570063162680167,-4.314722746706744,-1173250.6178113688,300.0221291409786
16760.0,released,0.0,40.0,86.30972921691216,0.0643628543969747,47.473405551686746,26.290228523786286,-6.026007142866247,-1175317.681549428,300.3817083701428
16770.0,released,0.0,40.0,86.9213597009922,0.05370655765104107,48.08287784893005,26.11792319187045,-6.655729609944111,-1174084.014636973,300.61574196289223
16780.0,released,0.0,40.0,79.60908578148481,0.18036317136308586,48.111360477237895,26.15186362862878,-3.675811398512348,-1172234.3433137015,299.9683766196796
16790.0,released,0.0,40.0,81.69537368181025,0.14443609928020126,48.3947850805231,26.42695355673808,-4.291172668919412,-1172629.489653768,300.2940307462034
16800.0,released,0.0,40.0,84.65586093611353,0.09313763838174874,48.54023373450194,26.226407883453636,-6.160096285259093,-1174278.4323177915,301.0712724540211
16810.0,released,0.0,40.0,86.0052248270334,0.06966550515494996,48.33784927116263,25.829612048046613,-4.184784390421658,-1173297.8889268115,299.8764047761558
16820.0,released,0.0,40.0,81.93656277120036,0.14026942886066726,48.21716505777968,26.038911186426056,-3.2553945343331288,-1174384.0735046174,302.4977131649526
16830.0,released,0.0,40.0,86.34740211403756,0.06370668775664795,49.239285687174835,26.163322314015442,-5.161814680250222,-1173040.8634712808,301.27456009825903
16840.0,released,0.0,40.0,86.51081651460181,0.06086010677454959,49.40836121932281,26.422089799307166,-5.287666016167954,-1173096.3904298209,300.61052435154954
16850.0,released,0.0,40.0,81.18931912765882,0.1531700555914717,48.881141727594645,26.199704398860582,-5.4435835719816605,-1174933.7606218513,299.27119661973956
16860.0,released,0.0,40.0,78.20363375824472,0.2044339706372761,48.45146969359576,26.031204759527352,-5.125118057291266,-1173837.3570156265,299.0840979327997
16870.0,released,0.0,40.0,85.95315529096492,0.0705720531294432,46.99461986585355,26.465385653081373,-4.559487991859991,-1174747.228166923,299.58311418173884
16880.0,released,0.0,40.0,81.53564433565677,0.1471941049020606,48.555213590323355,25.85441556288474,-6.23691672634417,-1174552.2416576166,299.4788086543291
16890.0,released,0.0,40.0,81.5428396947231,0.14706988892894504,47.53817964170527,26.047307239704274,-5.875089234658361,-1175482.4895753618,299.97861665173417
16900.0,released,0.0,40.0,81.5714952422944,0.14657517530372877,47.86680477130357,25.932961978716403,-4.667291378264498,-1174182.5238774698,300.51305021308644
16910.0,released,0.0,40.0,79.71203032609817,0.17859562601520357,48.20416485352278,25.92962129886235,-4.6428684855809825,-1174235.3926005084,298.9500320113359
16920.0,released,0.0,40.0,76.17443407943377,0.23896676314978801,48.00983842835732,26.497768988581676,-4.481499103070903,-1175532.4154125862,301.4693028206363
16930.0,released,0.0,40.0,83.85455895845853,0.10705264307122406,47.720731400316446,26.393818645664563,-4.2278426613630895,-1173922.2765366286,300.05193032831085
16940.0,released,0.0,40.0,86.14005150249517,0.06731786227544068,47.73629066789567,25.965504699472014,-5.828674079400898,-1174485.7533421088,301.1525714879075
16950.0,released,0.0,40.0,79.6016540854903,0.1804907502165413,47.562438497430215,25.67619564368253,-4.740921461688192,-1175539.875917824,299.40078284748137
16960.0,released,0.0,40.0,89.84507359522459,0.0027039725665962966,47.21473229055444,26.297604321935225,-7.059851179556677,-1173202.2224728726,299.7966881320315
16970.0,released,0.0,40.0,82.02323822047128,0.13877145317505216,47.206771903679666,25.932724609523323,-5.206653704958306,-1172795.1294007655,299.6100847806859
16980.0,released,0.0,40.0,82.82829437376829,0.12484328231669392,47.57355504580105,26.127282986711677,-5.105147084785806,-1174144.1503751408,300.4870286948625
16990.0,released,0.0,40.0,88.77171108353453,0.021436043760650808,47.59545935251262,25.896355059724556,-6.180733474779249,-1174112.4385200199,298.8991037499022
17000.0,released,0.0,40.0,86.77560913155048,0.05624653711598063,47.32889247237882,26.075562028813472,-5.280924734336071,-1174521.3391784448,299.6495511254896
17010.0,released,0.0,40.0,82.92339778730762,0.12319622941382857,48.26001537882204,26.400746928915783,-5.169121803294462,-1174502.2894179095,301.14749408946636
17020.0,released,0.0,40.0,84.95774547911509,0.08789039315732952,48.3309137954474,26.074317989753265,-6.330611913514252,-1172607.7069430687,299.53829307331773
17030.0,released,0.0,40.0,84.55638522464729,0.09486612908417569,46.92400133564724,26.157866912639584,-5.81806351266269,-1174593.039294107,301.06447530148444
17040.0,released,0.0,40.0,84.33183947596478,0.09876677838711345,48.210074791238384,26.06861610701231,-4.50197595976069,-1174238.3251792137,300.04145119272664
17050.0,released,0.0,40.0,86.85844307334114,0.05480304253330848,47.736970122706545,26.321828967085185,-4.042882124651886,-1172556.504976241,301.6171866203363
17060.0,released,0.0,40.0,92.5222752215622,-0.044007789988392665,48.042775099231314,25.98640463371535,-5.885701214546938,-1175250.6839687135,299.53016846718515
17070.0,released,0.0,40.0,88.73245923744716,0.022120955213350835,48.35899190493357,26.397118291142462,-4.205451817058144,-1173597.208393585,301.75290836028506
17080.0,released,0.0,40.0,87.0750988293027,0.05102698612436446,47.507303595213564,25.923453380022547,-6.451855813135909,-1174134.2046091147,300.66577404355996
17090.0,released,0.0,40.0,85.18549897115783,0.08393004372315638,47.37526480561434,25.815678561400297,-5.382270336385682,-1175881.5714378264,298.74771351271244
17100.0,released,0.0,40.0,84.15017334064466,0.10192144618527857,46.785751287028035,26.430151180173517,-5.588126005358251,-1176292.8965388685,302.109507278275
17110.0,released,0.0,40.0,82.80522371105228,0.1252427809967283,47.4457191070485,26.084957985799786,-5.060989563408292,-1174183.8374834955,299.8664084710362
17120.0,released,0.0,40.0,86.7356041929505,0.05694363590318502,47.37605218402675,26.204051098459278,-2.5062591199652684,-1173732.6387089174,299.77441096881097
17130.0,released,0.0,40.0,78.49661476342011,0.19942583147425644,47.33311885091801,25.648106874810225,-4.777193742744174,-1173284.0755431894,300.6492364685963
17140.0,released,0.0,40.0,83.49700648389963,0.11325512447613328,47.393713231954266,26.03167804483605,-6.623264398872056,-1174244.9216988385,301.5992499457321
17150.0,released,0.0,40.0,86.51557425284633,0.060777222294944644,47.063228024997066,26.206339495965246,-4.591576298795838,-1174918.0768667907,299.2136318987079
17160.0,released,0.0,40.0,90.12721991786658,-0.0022204046163793456,47.104348009637704,25.934547915346442,-4.626913691760064,-1174332.5894623306,299.76829785043816
17170.0,released,0.0,40.0,83.6150265133206,0.11120830068208898,47.384606438269984,25.779846023765185,-4.419469915412821,-1173134.103518933,301.04577099294613
17180.0,released,0.0,40.0,86.48812854818452,0.06125534768197849,47.43015171904381,26.40705166456866,-5.603109895529223,-1174577.3961292766,301.0060705859368
17190.0,released,0.0,40.0,86.83451941572535,0.05521995684269898,47.09426036434949,25.369530877610178,-4.406742825613099,-1173448.166427914,300.9599925250784
17200.0,released,0.0,40.0,83.21976040666057,0.11806150319855732,47.365391617052154,25.850114077782386,-6.494162910483968,-1174576.3235457297,299.2410010366353
17210.0,released,0.0,40.0,79.23932362581525,0.1867071004954361,47.582063117684,25.592214075015146,-3.7778152655486905,-1174043.3685559127,300.12521996155596
17220.0,released,0.0,40.0,79.15717779432741,0.18811541235992138,47.989136635166744,25.731761795885838,-4.621225153201978,-1175231.9259956349,301.9796119858023
17230.0,released,0.0,40.0,83.38963405592087,0.11511686946680197,47.9281070741856,26.194969933700467,-5.259726522109538,-1174141.132674519,303.1134854851553
17240.0,released,0.0,40.0,82.2297758252289,0.13520067616264628,47.670130545697866,26.036429569842245,-5.7622430206688176,-1174394.639837904,299.8879968369535
17250.0,released,0.0,40.0,84.42949861439834,0.09707049606600354,47.96999114719335,25.77093555457486,-7.328768062267626,-1173975.3723375238,300.680329336251
17260.0,released,0.0,40.0,82.16254690002079,0.1363631753516369,48.68353799483541,25.950886556730598,-4.752531089176433,-1174744.2118681557,298.4964355234519
17270.0,released,0.0,40.0,91.44822043416106,-0.02527352351573786,47.82253780555168,25.96417803753123,-4.862189000129803,-1173010.6340402886,299.7071139682235
17280.0,released,0.0,40.0,81.62294560803258,0.14568683662703658,47.396914776822165,26.213234725850334,-5.605206543007746,-1174171.4201724268,301.87462816683245
17290.0,released,0.0,40.0,81.91382686034099,0.14066231113207944,47.248912513865115,25.79980388910385,-3.963701087866086,-1174870.5947576426,298.4646937613813
17300.0,released,0.0,40.0,85.29623131722244,0.08200406319668752,47.71699943270149,26.045292717097535,-4.471996434558342,-1174461.2578538693,300.16702320213693
17310.0,released,0.0,40.0,82.274993461969,0.13441868371628285,48.418462650312705,25.736412782790737,-4.277403472608879,-1174040.396267034,300.29920051050243
17320.0,released,0.0,40.0,81.52101414665061,0.1474466637561206,48.25146608227313,26.040663295093125,-4.205776819247157,-1175226.078034412,300.1404728507262
17330.0,released,0.0,40.0,80.22575309730098,0.16976656445122196,48.55251333068177,25.911767527752126,-4.359334778740169,-1174408.832024116,299.6060157518311
17340.0,released,0.0,40.0,80.91734538201501,0.15785913625440134,48.242156166652066,26.008386438295883,-5.566012422193305,-1174457.749188602,300.22925286060564
17350.0,released,0.0,40.0,84.27842998224115,0.09969434910735447,49.31722379099425,25.73710434104602,-4.974036859546819,-1175487.7768764086,299.55598061742546
17360.0,released,0.0,40.0,78.54897069876431,0.1985303201219673,49.64162908571166,25.59734274113278,-6.0941411843966895,-1174934.023627391,300.33674366044556
17370.0,released,0.0,40.0,88.96461495689849,0.018069894516570373,49.42113077542404,25.980687648786603,-5.773863823407334,-1174443.3865274992,299.14559239710206
17380.0,released,0.0,40.0,84.64917145557622,0.093253883708391,49.18961753118182,26.14630546119393,-4.472235643849406,-1174512.753606962,299.82421625868693
17390.0,released,0.0,40.0,83.86947323336418,0.10679383211507315,48.88483286259329,25.773695606592533,-4.848266663836058,-1176400.003846651,301.738723100002
17400.0,released,0.0,40.0,84.8219776476144,0.0902505698987007,49.00955235575502,25.662328782580666,-4.733409365210761,-1173749.4274537805,299.9487065479275
17410.0,released,0.0,40.0,82.29199566104653,0.13412462651388618,49.40504398188019,26.263580698920503,-5.468583850048902,-1172788.8576207552,301.0792850990034
17420.0,released,0.0,40.0,84.6432257003731,0.09335720400571901,49.1345794936768,25.98152296516603,-2.803203344194438,-1173058.2856713738,300.82127734140545
17430.0,released,0.0,40.0,88.04864783539227,0.034050936550570676,48.27461931006128,25.966025191221274,-6.335886668973444,-1176427.4203744289,300.9743907262392
17440.0,released,0.0,40.0,83.0784031125765,0.12051103706059577,48.57551299465717,25.845962681187647,-6.024039718948433,-1172737.4151676986,298.8991181571235
17450.0,released,0.0,40.0,82.73237857565988,0.1265040561434767,49.68284978047125,26.37903489421071,-5.623404245871213,-1175378.9144677185,300.09996870016755
17460.0,released,0.0,40.0,81.47208199906036,0.14829130245900426,49.90254303321793,25.888799065820482,-5.501218454464923,-1174519.0026691183,300.50045092568695
17470.0,released,0.0,40.0,84.18934324552107,0.10124133872224533,49.42108096029237,25.77594363885148,-6.064085214948967,-1174228.8790228385,301.31497486327385
17480.0,released,0.0,40.0,77.63538211307464,0.21413215756130413,49.82334288621584,25.41092228249412,-5.801466352817893,-1171773.452788718,298.7319018987795
17490.0,released,0.0,40.0,82.71793798262318,0.12675406318367577,49.440701087186525,25.836619345181212,-5.828655247220201,-1175273.0278496165,299.57555839788216
17500.0,released,0.0,40.0,89.83747175297239,0.002836649233892541,48.879885867907426,25.954769247143883,-7.1747465514064395,-1173895.9143581279,298.2414118232253
17510.0,released,0.0,40.0,80.86617124747588,0.1587410315876892,49.82474297890498,25.863348601521537,-5.832317907933126,-1173696.6199680269,302.14454544253044
17520.0,released,0.0,40.0,80.9589360339482,0.15714230243035332,50.23169778628712,25.879393685376147,-6.987585020038483,-1174060.4845339973,301.7198327395205
17530.0,released,0.0,40.0,82.65752581560056,0.12779987921874433,49.416253479438176,25.74746818511623,-6.516759483254833,-1174429.2442058418,302.20386695340477
17540.0,released,0.0,40.0,87.91115630396729,0.036449124547848155,49.19370742175822,26.001702206094443,-5.899753274643211,-1174197.8883268535,301.20681784447225
17550.0,released,0.0,40.0,80.9349300673596,0.1575560663231643,49.10015387339774,25.663620516852056,-5.067749031912946,-1173843.8270302098,300.39109863962807
17560.0,released,0.0,40.0,83.41713551543853,0.11464005620837495,48.74811562613988,25.855182978748395,-6.353837048307076,-1174368.3818614576,300.40768694311083
17570.0,released,0.0,40.0,79.16721992885412,0.18794327023750143,49.771323066363344,25.749447303318558,-4.162748191731753,-1174692.9016932976,300.9388525120233
17580.0,released,0.0,40.0,85.27164169247571,0.08243178009880375,50.08342234327154,26.007290652728635,-5.659425393942178,-1175463.0086819492,298.70395828243477
17590.0,released,0.0,40.0,80.75067718560219,0.16073090016567712,50.51167207603147,25.949802565017524,-4.221276050385654,-1174379.3864985984,298.8204770080015
17600.0,released,0.0,40.0,81.69084899767455,0.14451424138969243,50.63584271367494,25.876889757293146,-4.029035349571005,-1175574.285436377,300.6479758511502
17610.0,released,0.0,40.0,81.60310694700847,0.14602938361602963,49.625340731741964,25.890521256546577,-6.006860985534047,-1174496.96861054,298.4027558213465
17620.0,released,0.0,40.0,87.90368049671558,0.03657951498702705,49.796460843045224,26.04248817941465,-4.836337085297355,-1172103.8917164952,299.3423106583925
17630.0,released,0.0,40.0,85.05628083202868,0.08617715292683314,50.00149386850163,25.956941694479276,-5.922891675842713,-1173023.637838615,297.8215457393484
17640.0,released,0.0,40.0,83.92873115723722,0.10576544396164703,50.37915751225184,26.035290762616423,-6.4785187214797935,-1173182.1895137746,301.8000590237681
17650.0,released,0.0,40.0,89.74392813123067,0.004469282353023685,49.958171972610245,26.377587828051986,-6.455223174915048,-1174199.028213542,301.2799425881535
17660.0,released,0.0,40.0,86.97988711630833,0.0526865079709552,49.655450540128186,25.975817764426203,-4.035329688354254,-1173766.8462244924,299.40492971309635
17670.0,released,0.0,40.0,82.30154846189602,0.13395940329680314,50.232811960049524,25.61923905241737,-5.151252701600939,-1175578.2796143126,301.5223051367195
17680.0,released,0.0,40.0,83.47625573646818,0.11361495568929808,49.66711081222291,26.14525785347476,-4.536764585895198,-1174969.643022541,299.6421537525713
17690.0,released,0.0,40.0,84.60708145061453,0.0939852664883434,49.7796000509818,25.632622146229888,-6.624457867946231,-1174128.0874074195,298.8039276236638
17700.0,released,0.0,40.0,84.21205188562845,0.10084702668131676,50.32171898044689,26.22889576543658,-3.5550732670979643,-1173764.801720282,300.77259216106233
17710.0,released,0.0,40.0,87.85349742859765,0.03745477443889145,50.42560041722194,25.993193784848,-4.407405001233176,-1173591.3103139251,300.5911046537843
17720.0,released,0.0,40.0,84.86790290210885,0.08945226513189769,50.254979748271914,25.78679533624263,-6.026376761242775,-1172698.791421445,299.4230352026964
17730.0,released,0.0,40.0,85.65714399090004,0.07572457878609812,49.72733364708916,26.108020978690835,-4.626072699096125,-1173358.9561220817,301.87634250805496
17740.0,released,0.0,40.0,89.60243776084036,0.006938714375454347,49.536218763792526,26.183026152870347,-6.137319308609292,-1173926.8496155143,300.01967264980505
17750.0,released,0.0,40.0,85.91554131775477,0.07122688872124544,49.84942774468907,26.130314764115273,-5.280348422455667,-1173959.6013357453,298.2718512717102
17760.0,released,0.0,40.0,83.30199596805808,0.11663613872288514,49.94923095702484,26.426204190440156,-6.7923753873050785,-1172648.0508342255,299.0998383692437
17770.0,released,0.0,40.0,90.78493079562827,-0.013699198264223444,48.848980746849364,26.44772712753202,-7.916292925374672,-1174697.756229682,301.5307053518695
17780.0,released,0.0,40.0,86.88342049818576,0.054367754172481964,50.240174043305394,26.00907583995641,-6.275083484009777,-1173918.9488220215,300.12303734361603
17790.0,released,0.0,40.0,84.61254923214368,0.09389025768602982,51.22722529245088,26.222681309122837,-5.742032006651404,-1172105.376949761,299.716366945428
17800.0,released,0.0,40.0,84.74797062930493,0.09153688922026149,50.741545141453116,26.051394553772397,-5.911586232841027,-1175914.875808293,299.9536926621457
17810.0,released,0.0,40.0,79.59113046477427,0.18067140250088226,50.62202116888955,25.572882102958122,-5.358797894017644,-1173793.820947677,300.8973860126656
17820.0,released,0.0,40.0,87.31242627095449,0.046889811024763084,49.47789385355566,26.304849250289486,-4.759894229653447,-1172328.0955778975,301.4208119961156
17830.0,released,0.0,40.0,85.46286737690394,0.07910516790400901,49.57398887797344,26.368526582529018,-4.462981521703916,-1174166.6289560627,303.3720111316829
17840.0,released,0.0,40.0,83.68766524794843,0.10994829048441329,49.2107700095972,26.193437063298056,-6.12690661607842,-1173110.54794012,299.67972883377115
17850.0,released,0.0,40.0,89.70646401869092,0.005123146935757106,49.78210393605793,26.33187356009398,-5.85643259391817,-1175403.5428213272,300.3896800964501
17860.0,released,0.0,40.0,85.93344255025244,0.07091524334501154,48.95038144127411,25.98838690303336,-5.387228813303169,-1174231.798514532,298.51857905645926
17870.0,released,0.0,40.0,84.33532063393467,0.09870631760451237,49.62198757384132,26.116421033551646,-3.7418697059237394,-1174341.6020204462,299.3358317035112
17880.0,released,0.0,40.0,86.67087063874484,0.05807157973536531,49.20953969209427,26.07667978861603,-7.179202547913866,-1173212.502681313,299.5214323891977
17890.0,released,0.0,40.0,88.84482266799677,0.02016028199070652,48.69607191909913,26.17825785906224,-4.444666396868958,-1173484.9238303136,301.63202403723216
17900.0,released,0.0,40.0,76.25787048377144,0.23755246084966186,49.27014923106403,25.769425245719553,-5.9794828952058054,-1175376.4215581045,300.9329502298024
17910.0,released,0.0,40.0,82.25397254870262,0.13478222919946212,49.17564444454901,26.36330634108648,-4.85089031840104,-1172863.2117948327,299.28020716839217
17920.0,released,0.0,40.0,89.4976398454381,0.008767726390436714,49.2884811356658,25.929778604992,-4.505188148590574,-1174700.0755705666,299.9504855118927
17930.0,released,0.0,40.0,83.32385104294625,0.11625729068973256,49.14068625204451,26.00230371642238,-4.04647333593485,-1175054.28489016,299.51808851317713
17940.0,released,0.0,40.0,87.26177377717366,0.04777287297915156,49.63499733021282,26.226967787193566,-4.894785970105535,-1173962.7051136773,300.4878121880859
17950.0,released,0.0,40.0,85.50995327463544,0.0782859126439247,49.541259869389215,26.12127858589431,-4.478168584190636,-1174435.7504365332,300.294646257877
17960.0,released,0.0,40.0,82.13814681454818,0.13678504679099412,49.654367155457535,25.902177947419066,-5.71635974018247,-1173876.8510137144,300.05823058016716
17970.0,released,0.0,40.0,84.72986837735786,0.09185150211321708,49.53836500060823,26.25525460064998,-3.5893821880252332,-1174413.1027213316,300.77503574768394
17980.0,released,0.0,40.0,90.39628162238418,-0.006916363932593816,49.389478039042544,25.60134741216504,-6.178396012151536,-1175220.0923582464,298.4868553896408
17990.0,released,0.0,40.0,83.82517483526529,0.10756253150244269,49.30934264693608,25.665931374883822,-4.596543937429114,-1174744.9449687786,300.4049294509065
18000.0,released,0.0,40.0,84.70768940372909,0.09223695497117135,49.92316658138763,25.680245335767562,-7.0691071423503935,-1174558.1024667341,298.24469676243876
18010.0,released,0.0,40.0,82.56316106448764,0.12943317551389014,49.98806882098809,25.757263694578743,-5.463429112362551,-1174563.6092479099,297.814467579863
18020.0,released,0.0,40.0,89.00476151061869,0.017369314996595997,49.950465753904254,26.28894352796455,-5.462198401825173,-1174503.6294187028,299.9243747142844
18030.0,released,0.0,40.0,88.05609910946063,0.033920962412763433,49.22878634928194,26.408740777164876,-6.607735185778278,-1174320.580984002,300.6080000491703
18040.0,released,0.0,40.0,93.95145177012954,-0.06891118639142693,50.06504998289319,26.567352353718036,-6.380161043107497,-1174641.1427282728,299.53969453517357
18050.0,released,0.0,40.0,88.50450057398442,0.026098425310005585,49.84746616877664,25.221168723663016,-6.045249025408374,-1174187.6284524146,299.65161375649814
18060.0,released,0.0,40.0,86.3700865009247,0.06331156977419403,50.01498577165535,26.47229756391557,-5.329251365714839,-1172002.3463683762,299.7851181426083
18070.0,released,0.0,40.0,87.61937034103708,0.041537871664494574,50.21601850225623,26.474384337824315,-6.384611299708432,-1174588.8788428903,299.0693543824656
18080.0,released,0.0,40.0,74.48783177934337,0.26744302156339717,49.99165333277077,25.791905430257398,-5.075438492948076,-1175009.4950477295,300.27867550958274
18090.0,released,0.0,40.0,84.8526701601807,0.08971705765881374,50.191265286207226,25.995124088163433,-4.846223421987732,-1172998.6728708223,301.7712315025244
18100.0,released,0.0,40.0,94.11178361760582,-0.07170257940811697,50.48024210297758,26.090085223371712,-5.328310387113951,-1174239.9816262498,302.12181405766455
18110.0,released,0.0,40.0,91.7538222854286,-0.03060519349265947,50.05543871468094,25.95322996146817,-7.431252488166798,-1175717.9342815597,300.5953605661341
18120.0,released,0.0,40.0,86.97815535672744,0.052716690874094585,49.14365676844345,26.38976255881082,-5.024553038319227,-1173626.8679981697,300.3990252660834
18130.0,released,0.0,40.0,85.48178968140341,0.07877594201317628,49.65547082022257,25.947066327862608,-5.588738578884186,-1173710.2138165906,301.3597130185935
18140.0,released,0.0,40.0,92.83177260563683,-0.04940363679609447,49.80424630755351,26.417128921135735,-7.203741206352744,-1175734.353936717,300.47018308560064
18150.0,released,0.0,40.0,82.7260111100677,0.12661429576719968,49.53288249433094,26.128570830522463,-7.214814888459509,-1173117.9299135748,299.5905061476816
18160.0,released,0.0,40.0,87.42659718497207,0.04489925267896211,50.10769938028436,26.071006154774444,-6.151062954606271,-1174534.1910962071,302.59447690905614
18170.0,released,0.0,40.0,84.18994109336451,0.10123095791654516,48.81971888093032,25.80578158022173,-6.208710603074735,-1175430.3178052157,299.6501183961768
18180.0,released,0.0,40.0,85.650201578978,0.07584539827520376,50.59957250058543,25.67768408509654,-5.888973516558774,-1173953.4567392897,298.86913270609836
18190.0,released,0.0,40.0,80.76399513144177,0.1605014759701894,49.359248989794764,25.684330509511145,-4.709555951212666,-1173643.176749874,299.327556680165
18200.0,released,0.0,40.0,90.47043549624733,-0.008210556074951664,49.22024621209553,25.68378133071507,-5.410446358492832,-1173595.2491978165,300.1795665332701
18210.0,released,0.0,40.0,88.53848056286743,0.025505560079394057,48.99032563697314,26.316027855392246,-6.790072076780211,-1172424.2058318797,300.43756702741666
18220.0,released,0.0,40.0,89.45576516996525,0.009498546852069023,48.81690768145101,26.238872371208146,-4.925128431999992,-1172668.8733611908,302.5483100379529
18230.0,released,0.0,40.0,82.59184451555642,0.12893674980076814,48.7871936024608,26.310248297103456,-4.841126286730308,-1173183.1175941583,297.40570479701387
18240.0,released,0.0,40.0,87.46312287488949,0.04426239294746409,47.95644423348849,26.168367645422467,-5.0583985896335175,-1174287.4125184827,300.12809520869575
18250.0,released,0.0,40.0,89.1669775508986,0.014538472271821645,49.159800867823755,25.591112850775023,-7.301968069378697,-1174863.7705611866,300.9870284650624
18260.0,released,0.0,40.0,87.05479211432504,0.05138094023814441,50.000066110063635,26.08319938330829,-5.660898504761918,-1173582.2856299374,299.6626318764949
18270.0,released,0.0,40.0,84.03067861483541,0.10399593868206067,48.56228433554677,26.32674725952986,-5.135739369516691,-1172796.8649204466,301.0984801963929
18280.0,released,0.0,40.0,83.25550429073982,0.11744199481865988,47.58299251631873,25.877131619898304,-5.686067388040664,-1175548.8967404198,299.98680806591045
18290.0,released,0.0,40.0,84.94928703118113,0.08803744866802743,48.976984462218454,26.188486494842945,-6.157894463316463,-1173813.9623649828,300.92852108612766
18300.0,released,0.0,40.0,80.41167862481055,0.16656776723222283,48.59201208092836,25.810423180323014,-4.283062082971668,-1175020.0947953966,301.35456931401757
18310.0,released,0.0,40.0,87.32368950580617,0.04669344581267859,48.44954392743838,26.029984225081595,-6.352801405259224,-1173488.1636755504,301.5599705426738
18320.0,released,0.0,40.0,87.83128754172266,0.037842135272924626,47.35592664170047,26.267327597829198,-6.299330024156295,-1173476.2196863256,302.0327321036884
18330.0,released,0.0,40.0,78.93015736105592,0.1920054411548793,48.222253864496,26.0396905793569,-5.2204003026940855,-1174289.2078634761,302.5615627915628
18340.0,released,0.0,40.0,81.47605869141303,0.1482226631030125,48.67909824741253,25.770102380803213,-5.964385749570907,-1173140.9023555536,300.0814461305082
18350.0,released,0.0,40.0,78.016368483508,0.20763224128571825,47.33577561692999,25.648852083897317,-5.289498727423247,-1175433.6253834665,301.7351079732436
18360.0,released,0.0,40.0,84.90252907866915,0.08885033078037735,47.78794375620635,26.352661262880606,-4.475312174120649,-1172869.1220678482,299.38226342348105
18370.0,released,0.0,40.0,81.35000734410806,0.1503980123919289,47.713691997266736,25.534915749381785,-3.8804004973533255,-1174251.0135977883,299.2076442563658
18380.0,released,0.0,40.0,84.21798944478923,0.10074392449448089,47.622006011676895,25.97662920919763,-7.244651294712214,-1173878.3057318851,300.5345585003951
18390.0,released,0.0,40.0,84.65414117088721,0.09316752343498014,46.60348769357506,26.64567038190339,-4.593980380854686,-1172694.240829274,300.8274395883068
18400.0,released,0.0,40.0,77.76267601835514,0.2119614660595116,48.36092444612262,25.901347882664876,-5.779806510781716,-1174534.4835740644,301.57728453168085
18410.0,released,0.0,40.0,82.46639618167966,0.13110764944305375,47.46127689585435,25.99379324614756,-4.007984911082525,-1173291.1289264448,301.7385756551011
18420.0,released,0.0,40.0,84.75008750400363,0.09150009783717669,47.193351588364514,25.919831035005906,-6.4864840109865485,-1171459.7478511129,300.2684509721027
18430.0,released,0.0,40.0,85.56701022630244,0.07729309858172989,47.553915338973034,26.45990579152619,-5.1750799993764,-1173510.935404608,299.7995792822914
18440.0,released,0.0,40.0,83.04784372242317,0.12104049472108755,47.40591042307426,26.216188067146856,-5.231544418052884,-1173897.4788322207,302.3534096152057
18450.0,released,0.0,40.0,77.5435591768274,0.21569732139104122,46.86304925211725,26.144674440097656,-6.261994501739544,-1174265.4935235698,300.1258135607886
18460.0,released,0.0,40.0,86.81114621539459,0.055627269111195476,46.84149371606511,26.382995262285387,-4.23186043231484,-1174081.2532089483,300.05506065449237
18470.0,released,0.0,40.0,90.08615416489577,-0.0015036732750940418,46.99241076306152,26.264535420631976,-4.988101072241669,-1173568.3195891585,299.26959311999565
18480.0,released,0.0,40.0,88.39606799510281,0.027990238333012396,46.30559911772597,26.49237573558777,-6.30865236379614,-1173820.910033375,297.8821185946813
18490.0,released,0.0,40.0,84.24787615976444,0.10022494304114335,47.24215373936248,26.302339810452473,-3.773864173696419,-1175757.6832208652,300.84019780118217
18500.0,released,0.0,40.0,85.58428659311276,0.0769924676404018,47.811141684927414,26.21845134062278,-7.072886581958551,-1174003.2882559057,299.3140225685968
18510.0,released,0.0,40.0,88.80960035334746,0.020774898563076405,47.79540271528453,26.592643918602125,-6.220056631300029,-1174527.491916988,299.92291512035587
18520.0,released,0.0,40.0,87.9768837581236,0.03530270260900073,47.26252957824774,26.13923746500509,-6.276215065855816,-1172917.4558839109,300.05914829186725
18530.0,released,0.0,40.0,84.67970696433062,0.09272324770556378,47.79611477650417,25.688425223759598,-4.199600363457865,-1175262.2046253737,299.82223026481097
18540.0,released,0.0,40.0,85.46292076758326,0.07910423898096994,47.7946847406461,25.46952144331696,-5.944852530812135,-1174588.3201881126,300.7283045717695
18550.0,released,0.0,40.0,87.558482861419,0.042599617829706615,46.554206561541505,26.096837006256692,-5.3464713103308235,-1172704.7646101844,302.36372089527674
18560.0,released,0.0,40.0,81.30066683151406,0.1512493157443094,47.1036985540852,25.861982198198646,-4.433063965808232,-1173485.2218853254,298.60426090380105
18570.0,released,0.0,40.0,83.54710012073622,0.11238640769539626,45.94493814029281,26.166241193178415,-4.856999314064376,-1174665.7591150776,301.22466513064296
18580.0,released,0.0,40.0,83.13226849009703,0.11957770741730533,46.755953878983675,26.048304263036517,-4.308914611221807,-1173721.237934744,297.6656757501376
18590.0,released,0.0,40.0,88.73584211534725,0.022061927264841186,46.706932604816295,26.057269233852622,-4.341975352310524,-1175226.0932784807,300.3455252159013
18600.0,released,0.0,40.0,86.98793605645302,0.052546222057894304,46.05062665922638,26.090211336842103,-7.088386693965562,-1173971.6372234486,299.9962413581549
18610.0,released,0.0,40.0,85.28036951454418,0.08227996833199466,46.86106089383852,26.59327002608522,-6.965412888209981,-1174304.1863123737,300.8841270133337
18620.0,released,0.0,40.0,86.15856492970579,0.06699547147869075,46.769321631788806,26.5813985023002,-5.78055792981759,-1172708.560037559,300.73116353943146
18630.0,released,0.0,40.0,83.31226909197086,0.11645806078505208,47.81724128676961,26.145415954508813,-5.995284695202166,-1173667.5468869917,299.7365969193977
18640.0,released,0.0,40.0,84.18548994731292,0.10130824568243205,46.83062307888224,25.78448481857055,-4.520481960933471,-1173764.7212007921,299.93348590483765
18650.0,released,0.0,40.0,80.23531928334215,0.16960202420403303,48.09460130104211,25.65477927735932,-5.566055918852674,-1175708.8820709493,299.55028471083506
18660.0,released,0.0,40.0,84.62688343421064,0.09364118088124909,47.956893983554444,26.04826873334306,-6.685508831419652,-1175110.364167666,301.69490315573336
18670.0,released,0.0,40.0,87.39073651147346,0.04552449947406367,47.9703944759326,26.06033268637344,-4.360980496325206,-1173368.1764093675,298.76692561516825
18680.0,released,0.0,40.0,87.8746056261475,0.03708662286187653,47.39286884638042,26.211916084997338,-4.988397935480139,-1172761.5097186416,299.1965072751097
18690.0,released,0.0,40.0,91.1846897052613,-0.020675262690887042,46.921163561496876,25.874038201970524,-4.437517335613215,-1176239.235453194,301.2345309303451
18700.0,released,0.0,40.0,89.84607539807836,0.002686487871849441,47.436774693251174,26.02643583837482,-3.446017264217466,-1174443.7335574087,299.8234074456116
18710.0,released,0.0,40.0,90.61660504872243,-0.010761580554461192,47.9355534719489,26.2507464902129,-3.66378004968173,-1174785.4978627358,299.00966556967126
18720.0,released,0.0,40.0,87.12897093619401,0.050087942948671416,49.68223328308066,25.96448259670666,-4.875718283208503,-1174495.3325415459,300.0307644576166
18730.0,released,0.0,40.0,84.60960690934523,0.0939413839325568,49.36596313537914,26.158113603773543,-4.685654219394385,-1173839.1721321624,299.84544224646714
18740.0,released,0.0,40.0,87.91598356651375,0.03636492877766184,49.97473468161312,25.97374042705074,-5.727638814088582,-1173356.7802643813,300.73116800502095
18750.0,released,0.0,40.0,87.19898338631545,0.048867491860928425,50.10789933389193,25.937846457089268,-3.0888880330966346,-1174437.4013409615,301.1913177067673
18760.0,released,0.0,40.0,81.58138819006668,0.1464043734654894,50.279278376867104,26.20631031508457,-4.6565294986108725,-1175455.7774161287,300.30178163433254
18770.0,released,0.0,40.0,82.68839862025828,0.12726544703778125,50.13666516897314,26.12358444706904,-5.746682730670376,-1172083.2071072813,301.5163381910549
18780.0,released,0.0,40.0,82.9078132432308,0.1234661544412779,49.911160307177425,26.01440225446944,-3.8126480607139577,-1173073.5552770663,301.48077305552096
18790.0,released,0.0,40.0,89.03525564295498,0.01683716983994632,49.9859776619701,25.808828883635215,-5.200694649296257,-1173433.8651824128,301.0118968336701
18800.0,released,0.0,40.0,87.8342988016102,0.03778961646559331,48.4121212279492,26.058222735798875,-4.298158052159132,-1174133.5796514787,299.6391662312433
18810.0,released,0.0,40.0,89.42149999010304,0.010096558346300466,49.10554186870963,26.213522455423316,-4.721519282813411,-1172859.3920787424,297.3873504697785
18820.0,released,0.0,40.0,89.58976073397314,0.007159964735677038,49.8509938705972,26.084967337739194,-6.6855654290947255,-1172695.0158354547,300.7868800274675
18830.0,released,0.0,40.0,79.69159400417988,0.17894656123227462,49.907347767359745,26.355800698231942,-3.205478391153189,-1174381.7214346584,298.7506262322026
18840.0,released,0.0,40.0,84.6563087305569,0.09312985686351988,49.50019164667714,25.980042580509817,-5.66170700915708,-1173920.975561913,299.769474290578
18850.0,released,0.0,40.0,86.90668324004345,0.05396233876310502,49.417179581078365,26.22025828455296,-5.9576511300084825,-1175418.4055924993,300.8377135288794
18860.0,released,0.0,40.0,87.14586258112656,0.04979349600431926,50.90937750920268,25.689399042105617,-4.173873120520138,-1174863.6077838652,299.20972762059097
18870.0,released,0.0,40.0,86.3178913185527,0.06422069356962695,50.25333858250242,26.4343728320118,-4.486622978240112,-1175220.7441377603,300.09071326978614
18880.0,released,0.0,40.0,88.9054535329374,0.01910227774815726,50.25182510415742,26.38028185989356,-4.418155932287251,-1173991.072775809,298.75401959469883
18890.0,released,0.0,40.0,82.76626093546456,0.1259174262440198,49.7000372503092,25.64614035123922,-5.268428978079638,-1173056.7754244208,301.0181145275674
18900.0,released,0.0,40.0,89.21038800914725,0.013780892821193658,50.570849092057315,26.190699899702715,-5.575759346300169,-1172839.6816460993,302.9526570357802
18910.0,released,0.0,40.0,85.21885116398724,0.08334997783121473,49.79700170869264,25.958752198820278,-3.8095221746070456,-1173921.4544433057,300.75279102252443
18920.0,released,0.0,40.0,92.31661312082998,-0.04042151091092938,49.78229157184821,26.394094787840633,-4.875459199810192,-1174593.01949176,299.3189597013336
18930.0,released,0.0,40.0,83.8809222447735,0.10659514978930501,49.58982336425565,26.23455226311478,-5.1019138955726575,-1174693.5116649102,300.639741641638
18940.0,released,0.0,40.0,83.12185622736446,0.11975812978046813,49.546487457426956,26.42586477427609,-4.5142618108839985,-1174422.139336599,300.3094356941991
18950.0,released,0.0,40.0,81.92784601339851,0.14042005924711037,49.811237534711914,26.487944977254347,-4.552117925564023,-1172064.362019129,300.38176248345843
18960.0,released,0.0,40.0,83.59113725482125,0.11162265095256213,49.71762163844164,25.972986656588994,-2.1358601604321272,-1175310.8557132166,300.666126485961
18970.0,released,0.0,40.0,83.52138910181738,0.11283229532990302,50.23380695916543,26.27387072746614,-4.978499566787064,-1173237.8297672365,302.80172791386207
18980.0,released,0.0,40.0,89.46827866709174,0.009280154754057135,49.60099514550978,26.14557455085918,-4.39261971403397,-1174581.839055527,300.0964959587738
18990.0,released,0.0,40.0,88.16361688986683,0.032045444429844305,50.71025027111869,25.796028730976914,-2.883432317817226,-1174030.1101317294,300.31506499968884
19000.0,released,0.0,40.0,85.21447063015027,0.08342616628922933,50.22068753519015,25.429123086582862,-4.506636055875221,-1175771.070147464,300.25043968644746
19010.0,released,0.0,40.0,80.52906698688166,0.16454722753333445,49.830131551893025,26.06543873808162,-2.9101071978099418,-1175909.2491994984,298.34009124056803
19020.0,released,0.0,40.0,91.90699426777361,-0.03327718402881252,49.18802572443694,26.17635032799423,-5.0087126191429014,-1173270.5319371838,301.6569811564379
19030.0,released,0.0,40.0,90.21642305015476,-0.0037772858200363912,49.94804791429,26.071088120388914,-4.4452424327589,-1174134.150121212,304.07848646354455
19040.0,released,0.0,40.0,89.52169414058216,0.008347915117566163,49.953129353761035,25.861925010536744,-6.893254823494015,-1173420.3700491246,301.5011359567039
19050.0,released,0.0,40.0,86.32100986073138,0.06416637700195499,49.509983602613744,26.11523058550467,-5.282165845622251,-1173785.0898242146,299.02088519037255
19060.0,released,0.0,40.0,89.38751434635435,0.010689687682803373,50.5338018963181,26.358128726344617,-4.824027968936215,-1172959.7102435865,299.9462750201269
19070.0,released,0.0,40.0,85.16942756828884,0.0842095496146888,50.21473248665131,25.97320142221606,-6.209086476715421,-1174629.731353594,300.0548971007431
19080.0,released,0.0,40.0,86.37127162635434,0.06329092691656946,50.601824876259656,26.43664254588374,-6.965428377352135,-1172914.186768392,299.8334255213351
19090.0,released,0.0,40.0,83.42706833880274,0.11446783696384871,51.126835238814344,26.262515662423624,-5.010544467454817,-1173964.878222527,301.1194169396782
19100.0,released,0.0,40.0,85.51318462122602,0.07822968796943275,49.92241976713311,26.27648766843117,-5.548470300117598,-1174448.8618993312,302.4546334438528
19110.0,released,0.0,40.0,84.0937586204936,0.10290089176337935,49.93696851723555,26.344965869521847,-5.270450841719872,-1174590.557571778,298.94009398511827
19120.0,released,0.0,40.0,89.46063331418279,0.00941358550579341,49.32649978811538,26.27199044992497,-5.60118827162145,-1172792.7440733034,299.3130828031267
19130.0,released,0.0,40.0,84.70945476313184,0.09220627493940708,49.59291846734576,25.92396047334123,-4.229922037574734,-1173038.923489293,302.589081641776
19140.0,released,0.0,40.0,84.77645861730682,0.09104175617830074,49.186698775483116,25.894473923855738,-6.217181602299868,-1174355.8210646547,300.10254881040817
19150.0,released,0.0,40.0,82.83359328637846,0.12475152185797628,49.079348542608734,26.262422277931417,-5.0861684243193155,-1174026.7853908725,300.20327732429257
19160.0,released,0.0,40.0,82.54481155899725,0.12975073418358452,49.55620942856803,26.45893833681819,-4.502945770766381,-1175471.6438914966,298.40793247644024
19170.0,released,0.0,40.0,80.5710254224463,0.16382485263227436,48.14340647748662,26.321690290531794,-4.094101510342782,-1174172.7553364262,301.8103951113492
19180.0,released,0.0,40.0,86.21092581916346,0.06608362691965453,48.31348799574979,26.043743058755105,-4.767842301682929,-1172660.9629993513,300.684379132934
19190.0,released,0.0,40.0,83.0179991811114,0.12155753401274721,49.08173110083223,26.229397880832156,-5.816849984356627,-1174647.0975841451,299.65225957364885
19200.0,released,0.0,40.0,83.36000800379294,0.11563048868989917,49.03864437983778,26.30572523700666,-6.447128252079828,-1174134.471672427,300.40566910483784
19210.0,released,0.0,40.0,84.57564441443009,0.09453150341966776,50.327365384771994,26.378259070441572,-6.091289423178103,-1173503.6116945054,299.42456052057014
19220.0,released,0.0,40.0,85.28869275008769,0.0821351921659943,49.37210175653074,25.56308367755349,-4.709885556396582,-1175571.3496612888,301.56207764959896
19230.0,released,0.0,40.0,85.32536573453363,0.08149727371106225,49.15455089790585,26.077573852471076,-4.612896817972093,-1174979.6970371194,300.540619490815
19240.0,released,0.0,40.0,82.36028109689327,0.13294349444521547,48.56901097321091,26.210908605663484,-6.523704523719349,-1174746.5627177693,298.3606282575375
19250.0,released,0.0,40.0,81.70343293081596,0.14429691236841713,49.06108426925761,25.63766577016849,-5.481146975136716,-1171992.1972734928,300.2360286643531
19260.0,released,0.0,40.0,90.95163618146995,-0.01660842100946225,49.18876087086306,26.105937663997224,-5.0461799728294645,-1174825.4922917597,301.0136117590404
19270.0,released,0.0,40.0,82.75610501027339,0.12609326778233504,49.845837942034336,25.990647519432923,-5.589419760217927,-1175147.685629923,302.5436928704229
19280.0,released,0.0,40.0,85.1384850524752,0.08474766787169002,49.30458885709671,26.01057253807322,-5.084989379388743,-1173520.2612583134,300.5219765365839
19290.0,released,0.0,40.0,83.52061914352102,0.11284564781068118,50.45133174559871,26.39304120615996,-4.8183176381400905,-1173147.5910057873,299.81587237458643
19300.0,released,0.0,40.0,87.87818835134796,0.03702413545593919,50.129908447763064,25.855491226760435,-5.755540677855122,-1174464.5314801894,299.0048358188253
19310.0,released,0.0,40.0,86.77649919414033,0.05623102717899353,49.48390969502427,26.10002073595076,-6.731473622858269,-1172205.710409211,301.8098495615496
19320.0,released,0.0,40.0,86.40428604352168,0.06271586139406937,49.80231822933277,26.89452335752809,-6.009165180286031,-1173412.143821951,301.1117420379364
19330.0,released,0.0,40.0,87.6653309101453,0.04073638745222852,49.08577469555836,26.086009774304255,-3.996268485453229,-1172980.0430948827,301.3855424695749
19340.0,released,0.0,40.0,80.46669758922489,0.16562084335381955,49.31101780013022,26.402863144763472,-4.768603889042537,-1173555.2899176013,299.6636024229536
19350.0,released,0.0,40.0,84.91748137376622,0.08859039310430639,50.12132675704024,26.290236848351075,-4.805809137717135,-1174379.3807593994,301.83148937832163
19360.0,released,0.0,40.0,76.36626743130877,0.2357143089022986,49.63382225570339,25.90901667457119,-5.102293680661711,-1173617.070494121,301.1540934698402
19370.0,released,0.0,40.0,87.0228881326907,0.05193702626685098,49.525218511669564,26.244082044922262,-5.463323403099158,-1174082.6442972012,300.4609537766237
19380.0,released,0.0,40.0,83.82909765398851,0.10749446236604981,49.477727826643566,26.22132325408818,-4.511077253474694,-1176597.3772488795,301.69966763733987
19390.0,released,0.0,40.0,82.51601677336853,0.13024903324272086,48.785396424809406,26.1410621738149,-2.033403529838386,-1172727.776789913,302.2678720312503
19400.0,released,0.0,40.0,84.09975324740144,0.10279682061848877,47.640517746200295,26.341187973102166,-5.104019285137662,-1173727.2111796848,299.6644940461241
19410.0,released,0.0,40.0,81.58146369370834,0.14640306987760165,48.01093584827121,26.200432344013667,-6.025357862646691,-1175181.4985888414,299.9581753922375
19420.0,released,0.0,40.0,88.96224002650138,0.018111338088210693,48.36216453644386,25.813164044166232,-4.582332119197846,-1175003.2340069134,298.92630084981255
19430.0,released,0.0,40.0,88.2678110766606,0.030227794797080876,48.26826350603867,25.80819436768906,-4.997368519300789,-1175848.991189532,298.8101834563879
19440.0,released,0.0,40.0,86.30710786352783,0.06440851071463322,49.04451160035774,26.287987032654293,-5.131132461438838,-1174777.7355955336,299.6017682978447
19450.0,released,0.0,40.0,83.81811721104022,0.10768499482248439,48.425466507696115,26.2577511957546,-3.280809139144625,-1173211.2473706156,300.0126762587394
19460.0,released,0.0,40.0,87.91560061706818,0.03637160808477302,48.47175303402327,26.327939710572288,-4.8992216460385185,-1174822.276375752,299.78770035872077
19470.0,released,0.0,40.0,88.01987062373826,0.03455289806795797,48.037079443321254,26.245689341089008,-4.926451504156029,-1174289.4042123165,300.0825251791958
19480.0,released,0.0,40.0,86.73072111055752,0.05702872327374453,48.12623691858687,25.651731502728,-4.026579321854136,-1174411.9918754082,299.82098693595134
19490.0,released,0.0,40.0,87.32268585242903,0.046710943755049084,48.85484224294055,26.486168337334767,-6.108949121320059,-1173277.20622883,303.6455843339607
19500.0,released,0.0,40.0,82.85250621088609,0.1244240009434619,47.500307368551134,26.028884342673212,-6.1951722883843665,-1174578.7985442393,302.21802411151435
19510.0,released,0.0,40.0,85.53033336625899,0.07793129965899209,47.8386396427575,26.245380084507055,-7.078017041230148,-1174359.7522807606,299.19219353603836
19520.0,released,0.0,40.0,90.80156674750498,-0.013989522570959534,48.55102450097229,25.917701819927053,-4.440691919058437,-1173589.4738834612,300.39035974771605
19530.0,released,0.0,40.0,84.7051252915992,0.09228151630306658,48.05217357978075,26.085862342238933,-5.810046563025205,-1174092.83357111,299.1030999539414
19540.0,released,0.0,40.0,89.28591190654166,0.012462865729256645,48.53284280391594,25.905223924763707,-6.583961186254436,-1173738.0053116735,299.51896513642714
19550.0,released,0.0,40.0,91.83898156614968,-0.032090772717824845,49.10525625479506,26.51456258341966,-5.75700917778211,-1173794.9680218603,298.9476310504601
19560.0,released,0.0,40.0,89.13845686600273,0.015036197696475961,48.125997706816314,25.682191247023248,-5.580446568889803,-1175410.1409589536,300.28808045955327
19570.0,released,0.0,40.0,89.42021561074553,0.010118973849784052,48.63071536567187,25.982735545422603,-5.498648277690031,-1174036.865934888,302.173972707257
19580.0,released,0.0,40.0,86.36945371563449,0.06332259180036964,48.06982218092805,26.113570386247282,-5.660958561421085,-1173345.871707175,299.43296964313544
19590.0,released,0.0,40.0,85.59770989654824,0.07675888010993204,48.17864842708623,26.400820556836937,-6.691639880662468,-1173217.4526438136,300.37420058503267
19600.0,released,0.0,40.0,84.90669851449364,0.08877784796981503,47.57076927376673,26.314269764798386,-5.515045375162201,-1174699.6426484752,298.450321910339
19610.0,released,0.0,40.0,93.50368016966998,-0.061112650682746406,47.88645633736907,26.385050316674796,-7.767749104265109,-1173580.4454958923,299.345803408248
19620.0,released,0.0,40.0,83.953922238803,0.10532823248520373,48.503744306011555,26.673045260756364,-5.617606771204235,-1173270.8425926976,301.0694875015878
19630.0,released,0.0,40.0,82.90093859218867,0.12358522081442719,48.61389717540655,26.189189202199866,-6.222139174240828,-1175583.4433383886,301.7263601250649
19640.0,released,0.0,40.0,85.12988561171935,0.08489721551980883,48.295207163707154,26.208220685567223,-6.742959757878024,-1173199.0816109423,302.2286185116604
19650.0,released,0.0,40.0,88.35045143058278,0.028786076684219397,48.78830732469528,26.45306285845585,-6.42027514687987,-1174142.185964005,300.91910654267485
19660.0,released,0.0,40.0,81.89142690224752,0.14104936639464966,47.23530280789574,25.74359660731126,-6.38076002593173,-1173533.1305943802,298.88306907126076
19670.0,released,0.0,40.0,87.88038033549529,0.03698590431864851,47.629088848438116,25.944566359237257,-7.0983597812246675,-1173369.2895762268,300.56466633754053
19680.0,released,0.0,40.0,77.50146870220023,0.21641458779865508,48.41419647543791,26.377714270560183,-5.513481665591868,-1174560.2916971967,302.53249649818656
19690.0,released,0.0,40.0,83.26738339340636,0.11723609761517528,48.48690748657713,26.660477338415404,-5.773340967171871,-1173706.0203285255,301.1977335588381
19700.0,released,0.0,40.0,90.36128177062685,-0.0063055146400918805,49.096335622083366,26.295484881926612,-5.751076895527604,-1174339.3468747772,301.8837525795418
19710.0,released,0.0,40.0,94.3033515992864,-0.07503705848109166,48.32735545274757,26.061241439731596,-7.698642864840184,-1174148.826816354,300.7692932894803
19720.0,released,0.0,40.0,93.72702245194105,-0.06500294875816798,48.20136013019315,26.38780245753167,-7.7764103534482985,-1172172.3777056504,301.838760803444
19730.0,released,0.0,40.0,86.63076732095121,0.05877031919498882,49.09099210049351,26.64863393929069,-6.361981696123691,-1175442.4051252063,302.1395838477783
19740.0,released,0.0,40.0,86.88661768322078,0.054312035213609555,48.12020350278373,26.523055734958156,-5.066316345609195,-1173700.4269278534,300.0790228446891
19750.0,released,0.0,40.0,88.4280310307724,0.027432592366746278,48.53216573506931,25.761754741638235,-5.408222601195339,-1175307.9889863692,300.8819007781923
19760.0,released,0.0,40.0,84.75727440511136,0.09137518822207685,48.30698185445793,26.127379247318377,-5.291911280377511,-1173343.149909474,299.71636227571685
19770.0,released,0.0,40.0,83.71492823063647,0.10947533404682258,48.48187517499512,26.151218754398183,-4.775771888008847,-1171761.5674638078,299.9850842658368
19780.0,released,0.0,40.0,81.96154311171392,0.1398377368158401,48.28954600220984,25.756578132995575,-5.601900749610202,-1174485.2015705518,301.4012468185815
19790.0,released,0.0,40.0,87.6534705530579,0.04094321703299275,49.34263389093447,26.23848094160725,-5.548494944694691,-1175099.1876568347,299.8007434938247
19800.0,released,0.0,40.0,82.24887369503776,0.13487040842191683,49.09610078175041,26.055661249825775,-6.105881301516554,-1174426.467584053,299.8500117328249
19810.0,released,0.0,40.0,82.40342293030035,0.13219717341329368,49.881381373961524,25.84202802585753,-2.8753288615531254,-1174927.6971749496,300.6888718229419
19820.0,released,0.0,40.0,88.63321412276986,0.023852651324552943,48.824314418609916,25.855520778282916,-5.5743926332187375,-1174083.4011434298,298.4293044769821
19830.0,released,0.0,40.0,89.87430859422098,0.0021937271127709934,48.647944056332356,25.915284888431206,-6.063138886055311,-1174776.6424013972,303.37420594403426
19840.0,released,0.0,40.0,81.67704425244784,0.14475264625317275,49.71075064105931,25.620450185271686,-6.112478521997806,-1172807.1182319857,298.68494129150855
19850.0,released,0.0,40.0,86.97307021321912,0.052805319753918833,49.181112004440045,25.59989066365598,-6.574903663486604,-1173880.238012012,301.9351490507832
19860.0,released,0.0,40.0,92.72937278433642,-0.047618527186698345,50.24807756576899,26.0304595391857,-5.7178783142018546,-1173832.5166671835,301.0464027087312
19870.0,released,0.0,40.0,98.92923782475289,-0.15521451840612882,48.844895584143856,25.975309727735777,-6.3125489890367374,-1172472.631469233,299.1403504453703
19880.0,released,0.0,40.0,95.87912167707373,-0.10243006476279026,49.53364413529337,25.922335870468686,-4.647512796611685,-1174941.601826733,301.3915294475409
19890.0,released,0.0,40.0,90.72914636597402,-0.01272566131935754,49.50331932831842,25.710863749086478,-5.0295912991353395,-1173120.8365759049,300.2062497264459
19900.0,released,0.0,40.0,91.40055101445974,-0.024441792297293874,49.36328886629338,25.626507884443704,-6.791649628959567,-1173379.3804642502,300.8702667362863
19910.0,released,0.0,40.0,87.20290160974254,0.04879918754973883,48.43759387005852,25.915187656408882,-6.562869826646701,-1173097.5899214596,300.7971676913733
19920.0,released,0.0,40.0,82.81322704134271,0.12510419516879556,48.92599194232084,26.038449568500404,-3.526136658250273,-1171454.5916543603,300.83053439462884
19930.0,released,0.0,40.0,84.69786551724357,0.09240768186334858,49.52590304267331,25.992998364583894,-5.757984646695122,-1174041.0638105776,298.5737254023084
19940.0,released,0.0,40.0,87.26715931541221,0.04767898471561266,49.140243846064195,26.04180364055374,-5.796049752380957,-1173651.035164578,301.882650725713
19950.0,released,0.0,40.0,85.94908842476814,0.07064285618092087,48.837348445426876,26.216015612282305,-4.705023357738332,-1174140.5714464057,299.4787229140944
19960.0,released,0.0,40.0,86.18131034711018,0.06659937569510954,48.87635542263004,26.00205503168622,-4.947460391109939,-1173856.773897957,302.2337743273276
19970.0,released,0.0,40.0,90.17359382048991,-0.003029779093305318,48.595022096184195,26.013243987009808,-3.6700743373403566,-1174639.1033593472,299.3750862920467
19980.0,released,0.0,40.0,88.48457335903656,0.026446100769361602,48.71545954016628,26.27191153987294,-7.304361942626522,-1175186.0489007235,299.80157031878866
19990.0,released,0.0,40.0,86.80310158867256,0.05576745638303271,48.85926297086851,25.981023705446777,-5.834164461967845,-1174605.6822127886,297.94375641979633
20000.0,released,0.0,40.0,82.5849819204447,0.12905552397301578,48.34973504833281,26.23006285234245,-5.5464364511255155,-1174586.2068050448,301.24120449790496
20010.0,released,0.0,40.0,82.85807203194632,0.12432761332951331,49.83202805202129,26.269328240678092,-6.253711358919221,-1174620.315147398,301.1406719747269
20020.0,released,0.0,40.0,90.71883549042728,-0.012545716959282527,49.24278413425708,26.263781729280606,-5.347431060732065,-1174104.9815155677,299.37795387757893
20030.0,released,0.0,40.0,91.98354631630599,-0.034612499249658646,49.05556694081413,26.51022444108374,-6.378552946678691,-1175343.4159856904,301.4710484909037
20040.0,released,0.0,40.0,84.36403588153199,0.09820757705007238,49.24209179269251,26.6006795013949,-5.645963636642675,-1175220.212150799,301.07085820938994
20050.0,released,0.0,40.0,91.35762272954216,-0.02369276942484888,48.84750946686786,26.470345864615066,-4.419471732911006,-1174062.3502017632,302.23478218399316
20060.0,released,0.0,40.0,81.97287228982596,0.13964194544759184,49.11454257166208,25.740979615971053,-5.628678552676061,-1174127.8221163917,299.97166870799015
20070.0,released,0.0,40.0,86.56482445656931,0.0599192107891896,48.82778010183139,26.469740949804997,-5.224751979818299,-1173633.5818468872,300.1397228627346
20080.0,released,0.0,40.0,85.37814960167597,0.08057905146994454,49.06671959840769,25.30907837968192,-5.687595348226124,-1176056.9048401527,300.22224866712406
20090.0,released,0.0,40.0,86.67981861059167,0.05791567100945472,49.78939304302481,26.017437045793702,-4.556098035704181,-1174864.4767899495,300.7235343764014
20100.0,released,0.0,40.0,88.07188899979758,0.03364553414761867,49.984732597253114,25.684935235193052,-5.202610000018319,-1173811.039149573,299.94139442453593
20110.0,released,0.0,40.0,82.11502038103973,0.13718487420576714,50.988355267738775,26.13398890869128,-5.713429518488332,-1172937.4294530023,299.2064341885868
20120.0,released,0.0,40.0,87.0086323725833,0.052185498804526054,50.23378396132413,25.987630225561837,-4.598653047709005,-1174070.744748503,301.9820469630945
20130.0,released,0.0,40.0,86.9900352801153,0.0525096342741494,50.32287134676501,26.485464871121053,-5.801960668063419,-1173891.4588671494,299.6640302233489
20140.0,released,0.0,40.0,85.31891312608941,0.08160951783599785,50.830886425317644,25.896130127087517,-6.750863354930241,-1174628.6727345586,301.563489826284
20150.0,released,0.0,40.0,87.60441955575158,0.04179858546655857,50.5416319506937,26.213911437960306,-5.66879507377746,-1174184.1157797612,299.84005292118957
20160.0,released,0.0,40.0,91.23292580855195,-0.021516954128590504,49.41523474637613,26.027307936448143,-6.114217734977235,-1175614.6744199507,300.8606654588507
20170.0,released,0.0,40.0,86.40399630477864,0.06272090833341526,50.61160741385747,26.229021023594797,-7.26151082676483,-1174803.3614010736,300.4039715149106
20180.0,released,0.0,40.0,84.62250659641823,0.09371723518043051,49.80637228997832,26.308811627741918,-5.283272110956907,-1175918.090617055,300.22448567660433
20190.0,released,0.0,40.0,87.43664262918057,0.04472410272634597,49.740377360744986,26.28032873180651,-4.978176760095833,-1173092.7367935684,299.41127022063813
20200.0,released,0.0,40.0,83.29490948023098,0.11675897620661518,49.34178577384532,25.817706823599636,-5.47945482840389,-1173382.4938192032,299.5150429388579
20210.0,released,0.0,40.0,85.72666056926602,0.07451471381059932,49.71544135202531,25.919287326994947,-4.522156164003848,-1172703.5642940626,297.52854669511885
20220.0,released,0.0,40.0,84.29389571315349,0.09942576230461797,49.075386757118885,26.128515945730083,-5.152879450575435,-1175533.0364012271,300.8184843055761
20230.0,released,0.0,40.0,90.49467859404031,-0.008633662942473641,49.85803465018173,26.22655404146189,-4.995522881702378,-1174122.1006525196,299.6426780266831
20240.0,released,0.0,40.0,81.29497866087613,0.1513474501836839,50.07342982124384,25.98136573056708,-3.92557485700621,-1174542.8484787736,299.6945955717038
20250.0,released,0.0,40.0,87.55444575296775,0.042670014595997785,50.79500018871262,26.04806793206189,-7.734344885870216,-1172733.400775142,298.986481366487
20260.0,released,0.0,40.0,87.89296055762965,0.036766487362035194,51.59791579882214,25.629167798175267,-5.282476640331461,-1173785.967077544,300.37182067935805
20270.0,released,0.0,40.0,88.16510740676637,0.032019443352225674,50.45888292309243,26.22552546994079,-5.551031127805014,-1175697.0635442585,300.0865598094407
20280.0,released,0.0,40.0,85.9351562818759,0.07088540835768853,50.34856660682567,26.008924872934358,-5.964825528640669,-1174949.4360717759,300.00547152885
20290.0,released,0.0,40.0,90.12240109333003,-0.0021363004617123704,50.64976368926013,26.005181745091242,-5.203929754974139,-1173860.2567605264,300.97450671160107
20300.0,released,0.0,40.0,81.43040873096241,0.14901055728510126,50.117786547318715,25.956573541669965,-6.157434261743742,-1174271.362397883,299.9771837559378
20310.0,released,0.0,40.0,83.53640150344026,0.11257194884381955,50.634440556570325,26.178470522929363,-3.3606590945525823,-1174185.1188275479,300.0153869532936
20320.0,released,0.0,40.0,89.89640551598588,0.0018080638478276123,50.12381047329596,26.020125215112934,-6.287781829823442,-1172826.6184179261,298.68922175216125
20330.0,released,0.0,40.0,85.71148920947297,0.07477876523624999,49.45705164954964,25.80656445952369,-4.9888217793392755,-1173242.3329879995,299.36941628577745
20340.0,released,0.0,40.0,87.38540472742231,0.04561745998391897,49.16031409310271,25.511397408801564,-5.091002071592474,-1174668.26708371,298.76745686314536
20350.0,released,0.0,40.0,83.28719166960218,0.11689275503491092,49.12907214575221,25.993980909679973,-7.0680358738169256,-1173988.9028249886,301.1363485497581
20360.0,released,0.0,40.0,82.17398399343007,0.13616542231956769,48.25590197907531,26.069790551821246,-7.053955558987945,-1173435.8169138934,301.17335927407686
20370.0,released,0.0,40.0,86.98786849943602,0.0525473995213131,47.9354715370045,26.800435144793287,-5.536151707131518,-1174203.9903186,298.7512007692905
20380.0,released,0.0,40.0,87.02565390718067,0.051888819484697646,49.14586204873864,26.320607402298695,-6.530262276280936,-1175321.7015460115,302.3051251233358
20390.0,released,0.0,40.0,86.32258821813808,0.064138886213646,49.710776255788815,26.602802174916242,-5.542872936612614,-1175015.7937235516,300.2991668534258
20400.0,released,0.0,40.0,88.58052091104042,0.024772049485989434,49.677081451719154,26.372217694757094,-5.423609005676873,-1175351.2926698178,301.3585170757865
20410.0,released,0.0,40.0,85.37465229452398,0.08063989235751806,49.983962374794025,26.4612655921189,-4.689707542763569,-1173797.4950843137,299.343734811442
20420.0,released,0.0,40.0,84.9663897074078,0.08774010575761154,49.770123005012685,26.207378476891762,-6.428770274804318,-1173350.4415577594,300.60053787516597
20430.0,released,0.0,40.0,87.50700695293257,0.04349720903742066,49.288587847576615,26.03877490147524,-5.7381829138793465,-1173327.8760961127,298.50421301896125
20440.0,released,0.0,40.0,86.79266938044421,0.05594924848938315,49.9610005519467,26.02292219279302,-5.731486136172126,-1174234.0903578177,300.43366855407874
20450.0,released,0.0,40.0,90.72863412996526,-0.012716721837877754,49.04861285745679,26.119857038218715,-7.404280358205595,-1175113.2095596083,299.990701781685
20460.0,released,0.0,40.0,85.11543355473106,0.0851485381506275,48.957965546511105,26.012152896999613,-6.5870236344632485,-1173722.6187406406,299.6428186374732
20470.0,released,0.0,40.0,89.26533428414007,0.0128219842879016,48.770987779595856,25.944151981137733,-7.470070434272163,-1173202.9496220239,299.5669373698747
20480.0,released,0.0,40.0,83.60559340360423,0.11137191676238134,49.939476172825394,26.32468861306318,-6.057405778799807,-1174988.4223596007,300.3047624785217
20490.0,released,0.0,40.0,85.67124422477684,0.0754791875853516,49.84972523603683,26.172406069229087,-3.541152212869947,-1172987.5522920918,300.22124206747236
20500.0,released,0.0,40.0,86.67083396469097,0.0580722187381531,49.479313291677585,26.189171226889247,-6.619586153409044,-1175996.8699153233,302.94159902841614
20510.0,released,0.0,40.0,88.85221549960418,0.020031278794443774,50.30953430202594,26.05855078521803,-5.434003989733409,-1173116.09208549,299.65706497103906
20520.0,released,0.0,40.0,84.59531483139192,0.09418972171667744,49.76108670910662,25.914936148278734,-6.361885969734186,-1173826.99497802,300.64477740986723
20530.0,released,0.0,40.0,86.34252566800771,0.06379162467789323,49.98407849998805,25.99595786526276,-6.328123245253307,-1175040.4041122403,301.02605428895214
20540.0,released,0.0,40.0,90.97629018872694,-0.01703865370897384,49.159755464407844,26.322414309042742,-6.2767855328632685,-1175161.1899496838,299.6113164068496
20550.0,released,0.0,40.0,84.31613067334982,0.09903960447273341,50.87503244165774,26.569402986018996,-5.31121924390568,-1173945.235670317,300.5379682616671
20560.0,released,0.0,40.0,82.2631146102003,0.13462412434835302,49.86471815845244,25.949736049690145,-5.883867359567222,-1174264.153001761,300.3145225082116
20570.0,released,0.0,40.0,83.86024269592927,0.10695401267888244,49.93900774074585,25.862250824763144,-4.725417195104137,-1174655.8426000774,300.3171737890001
20580.0,released,0.0,40.0,88.04732781293929,0.03407396191934314,50.0224734103316,26.24530668325149,-5.320061283901111,-1173853.068744151,300.1241917639133
20590.0,released,0.0,40.0,81.48226792158596,0.14811548779246808,50.32187465046955,26.257524909798928,-5.234376547016866,-1173457.442918323,300.9763725601508
20600.0,released,0.0,40.0,81.62233194996843,0.14569743270100893,49.589652776482815,25.844109671656497,-5.509188855629209,-1173554.9432278965,299.2265085242568
20610.0,released,0.0,40.0,83.49788174806687,0.11323994650963354,49.323742730283335,26.47149980947822,-3.7308377613476362,-1174550.974954266,302.58986967679067
20620.0,released,0.0,40.0,85.16602295561434,0.08426876010505513,49.52057661342642,25.663619619991,-6.240972309269397,-1174659.2123110797,299.9519191916371
20630.0,released,0.0,40.0,87.46708680765563,0.0441932769676478,49.258757511412874,26.097605608545056,-6.807932384735375,-1175054.1535797995,300.66968007056244
20640.0,released,0.0,40.0,88.19547637902717,0.031489672102150645,49.79047915414893,26.13683442243272,-4.902133348515026,-1173378.7953793667,301.5853154949316
20650.0,released,0.0,40.0,86.30968150485602,0.06436368540280574,49.73392982933156,26.11001321458246,-4.589880439996769,-1174235.0864096414,299.55433293719096
20660.0,released,0.0,40.0,86.29694431872579,0.0645855286966665,49.34582016130448,26.0178848304579,-5.416583416558933,-1175884.5659865756,300.84810153881205
20670.0,released,0.0,40.0,82.80814178186178,0.12519225190694916,49.16999036367126,25.8434804231073,-5.627247919947662,-1174844.3205116764,300.04394465430534
20680.0,released,0.0,40.0,87.30063059167965,0.04709545702367085,50.13497043622509,25.8687247265455,-4.973132607679524,-1174853.0487501957,300.5843151176494
20690.0,released,0.0,40.0,83.51749431334201,0.11289983785450353,49.551915261814386,25.925352095479333,-5.827420206149153,-1173798.0519213416,302.0263026116591
20700.0,released,0.0,40.0,79.85239681500943,0.17618462252531356,49.71346088041463,25.394898489938658,-5.94360451016459,-1174193.2155992612,301.2862899450145
20710.0,released,0.0,40.0,84.62919431690891,0.09360102551399496,49.67856596670308,26.194413013407797,-5.1548394992245585,-1173550.3140153065,301.55632756627665
20720.0,released,0.0,40.0,85.56789074647774,0.07727777657104146,48.84534111139235,25.572157837396524,-6.814552841636132,-1172071.58279402,299.9701085841706
20730.0,released,0.0,40.0,82.34742374394646,0.13316590235017628,48.89041046450428,25.869722422104758,-6.630126126483762,-1176614.024982348,300.7335704594293
20740.0,released,0.0,40.0,86.69598471930436,0.057633990481413155,49.22454950971639,26.250166614543456,-4.274386914302623,-1174249.4750148766,299.2694247551067
20750.0,released,0.0,40.0,88.74617159235846,0.02188168740331603,49.52246578626748,26.298841032502107,-5.04744928782749,-1175622.0187967643,299.5704596718352
20760.0,released,0.0,40.0,86.96298184070518,0.05298114859526659,49.79914958165637,25.799964598080845,-5.731747734780891,-1173633.4661138803,301.05572191231903
20770.0,released,0.0,40.0,84.98461184123383,0.08742329163207857,49.77493155013033,25.235934310758854,-5.849066210504606,-1174505.313279651,299.09868022749856
20780.0,released,0.0,40.0,87.89633183253268,0.03670768723393014,49.9903822640403,25.590915054648647,-5.141398301435487,-1173635.3084886204,300.35936944160073
20790.0,released,0.0,40.0,79.56142630719957,0.18118128192525643,49.970521052156364,26.351846041630033,-5.78689609205221,-1175483.7489543092,299.1981841993147
20800.0,released,0.0,40.0,80.84943932213346,0.15902934917188244,50.99511156439512,26.129171357136098,-4.840031827190621,-1174518.078901846,302.525441598341
20810.0,released,0.0,40.0,84.97494940714859,0.08759128599207994,50.21514146342569,26.122784728319445,-5.505426577689764,-1171832.7920491397,303.03700831209585
20820.0,released,0.0,40.0,84.73044462919417,0.09184148713258367,50.62618063076156,26.057639538984247,-4.234428328489329,-1175343.4830122255,299.5318654842487
20830.0,released,0.0,40.0,85.14922614074146,0.08456087345218993,50.396781560773434,26.009339937511808,-6.000451419314954,-1174850.9232943524,300.2923123737389
20840.0,released,0.0,40.0,80.88813434696338,0.1583625520407675,51.25292659162338,26.135946267781538,-3.3344445655521207,-1175830.450804906,301.1511417336236
20850.0,released,0.0,40.0,86.17451441196857,0.06671772332883047,50.475181974501936,26.13925389097831,-6.333129262260016,-1174787.7843104154,301.34311354495105
20860.0,released,0.0,40.0,86.9370579310704,0.05343296526393054,50.123890802965725,25.86902114231811,-6.010976867545606,-1173523.2335712183,299.5647352815756
20870.0,released,0.0,40.0,85.7620133108313,0.07389939329858747,50.75704237369582,25.98340771076178,-4.927989456675012,-1174504.335428698,299.5890319914258
20880.0,released,0.0,40.0,83.79097455185808,0.10815595678968287,48.6282382582856,25.741888125621784,-4.769360608006731,-1174363.8630822878,299.1757179561849
20890.0,released,0.0,40.0,75.6598683854435,0.24767767861215653,49.01640914107897,25.816073177410956,-4.528155210603667,-1176494.3843337297,300.0875435028006
20900.0,released,0.0,40.0,81.23100140584174,0.152451106658478,49.016953668189174,25.94323665638426,-6.287129677994704,-1173313.9763239417,301.6514086719288
20910.0,released,0.0,40.0,83.63643450820096,0.1108369705755104,49.10769136763578,25.80199709768967,-5.384073514483747,-1174877.4437649567,298.97557155157585
20920.0,released,0.0,40.0,86.58115327055359,0.059634728857070995,49.003491888016214,25.889773210368148,-5.334601173456253,-1173945.5001221262,299.5891032573387
20930.0,released,0.0,40.0,88.3748685314797,0.028360091881058674,48.877921108339834,25.718797673000296,-7.573910887989439,-1175219.1726894043,297.51792647706986
20940.0,released,0.0,40.0,86.29209409073954,0.06467000417350977,48.05087927364984,25.934847725296613,-5.477185282606648,-1174504.182633467,299.7240870440245
20950.0,released,0.0,40.0,83.4274446518179,0.11446131223135908,49.16747499875578,26.062063707952305,-6.323031348569751,-1175208.0183042772,301.7062089454005
20960.0,released,0.0,40.0,89.31348660170929,0.011981632461146252,49.23582600632561,25.586165972473047,-4.995672708562904,-1172637.8403074238,300.5936245546539
20970.0,released,0.0,40.0,86.32495897785704,0.06409759379303465,48.649140142966594,26.091686510644973,-6.618936416328969,-1173932.1296714414,300.6270372968613
20980.0,released,0.0,40.0,87.71366806477957,0.03989343083939001,48.153919516723356,26.428093203617276,-6.9164571008487385,-1174902.951041527,299.7165570504394
20990.0,released,0.0,40.0,88.38418094961317,0.02819762452454544,49.959336626048625,25.999151168326733,-4.734825866028418,-1173993.2454606201,297.4334896903616
21000.0,released,0.0,40.0,87.89270102728311,0.03677101395813953,48.43138788047765,25.997365900480624,-5.825906212885144,-1174203.2508055773,302.89732455184077
21010.0,released,0.0,40.0,83.1414863574669,0.11941797808919696,48.91468089173953,26.458557142016538,-4.142062243651042,-1174384.0516273063,299.955980898825
21020.0,released,0.0,40.0,89.17190978822153,0.014452397535408557,49.02946115449082,26.67191094703566,-5.304173667469016,-1174049.574368436,300.0488017603522
21030.0,released,0.0,40.0,80.1097574173599,0.17176133459542497,48.662502992316576,26.067459617871997,-5.770354334823653,-1176006.6827442255,299.8456905632129
21040.0,released,0.0,40.0,88.63173333235423,0.023878488631673855,49.04799243685619,26.531403217222937,-6.499572055460257,-1173437.5004168376,300.45329602735535
21050.0,released,0.0,40.0,88.77059600302249,0.021455501111042774,49.1430095800401,26.169240721273567,-6.817624280205675,-1174105.7349234968,300.94313040526174
21060.0,released,0.0,40.0,86.27645720678802,0.06494234557942291,49.39981606430313,26.67609152320916,-6.390677975234906,-1175438.627622664,300.75643975594613
21070.0,released,0.0,40.0,85.22302713936183,0.08327734670372444,49.48719573066966,26.07712650329038,-6.292004187266047,-1175427.211370591,299.7821154034984
21080.0,released,0.0,40.0,87.2424027608094,0.048110572236808924,49.72571058320005,25.88665979965893,-4.42474100530675,-1172954.922876319,300.12133286067973
21090.0,released,0.0,40.0,86.60141325450563,0.05928175102993738,50.216542881772924,25.73144653848796,-4.800597253223749,-1174366.3217976484,301.22421751851243
21100.0,released,0.0,40.0,92.34644984993393,-0.040941828967990035,50.586826390995746,25.485384869891895,-5.663953896998026,-1172738.8509315662,300.7807362627673
21110.0,released,0.0,40.0,84.98906512338434,0.087345864519137,49.20735578678335,26.372396220933094,-5.26738030570802,-1174688.3267683182,298.5194765836306
21120.0,released,0.0,40.0,84.01187122795288,0.10432240403100035,49.24887139084715,25.891839427202278,-7.4265875838364686,-1174572.8207488358,301.64277990154955
21130.0,released,0.0,40.0,88.23278294232135,0.03083886601721947,50.09714565202972,26.18732913954003,-5.737704427346218,-1174329.3563737273,299.51516480372203
21140.0,released,0.0,40.0,81.63858192155287,0.14541683774296482,50.607959222408944,25.990812434230083,-5.4582953724186245,-1174244.3258792404,300.5109995614968
21150.0,released,0.0,40.0,83.28720446065016,0.11689253331945837,49.00973196064578,25.85286063393335,-6.503203316160294,-1174968.7969039883,298.4008239346146
21160.0,released,0.0,40.0,84.51953110202852,0.09550643427446787,49.35537261546806,25.704366525653715,-4.810033781807869,-1175210.720201036,302.85631427976483
21170.0,released,0.0,40.0,86.08721450812908,0.06823792114891014,49.417018575939885,25.762547818883153,-5.061550345404517,-1174739.0585152954,300.2599544389001
21180.0,released,0.0,40.0,83.79387386113119,0.10810565099568342,50.65261271331552,25.927041713076353,-7.37199013752366,-1173843.461509509,299.32688748671666
21190.0,released,0.0,40.0,86.4809734649368,0.06137999245673653,50.80217311125021,26.48766654196686,-5.831003323879873,-1174432.3156727236,299.420084910413
21200.0,released,0.0,40.0,84.88225005249028,0.08920286116363801,51.240752020215524,25.938520166449216,-5.384737102852927,-1173929.4994983952,301.5898745259264
21210.0,released,0.0,40.0,81.74484244204369,0.14358170623283317,50.204883162041696,25.982098585859674,-7.035833473320338,-1174628.6361673959,298.08889107364456
21220.0,released,0.0,40.0,86.23667653017499,0.06563516799338134,50.81678336341063,26.0443782858991,-8.06459717267013,-1172975.3723138254,299.92809785294173
21230.0,released,0.0,40.0,87.72591831941132,0.0396797928550226,51.657856821292135,26.30757714551823,-5.923818212964308,-1174945.7575881053,298.4797848095411
21240.0,released,0.0,40.0,84.97071178315439,0.08766496197623855,51.23031854670493,25.965884235894585,-6.6080432392777295,-1174009.2470031213,298.9359655205928
21250.0,released,0.0,40.0,83.40280395342292,0.11488853646099967,50.71266094047533,25.871236909069736,-5.964062060510067,-1173680.1399619188,300.9021804935768
21260.0,released,0.0,40.0,81.03270641645175,0.15587063285181407,50.45918807520241,25.829712409136548,-6.322965884854593,-1173337.562506158,301.21630653869727
21270.0,released,0.0,40.0,84.34868290381445,0.09847423820067541,50.28245350537382,25.87194489206254,-7.145576844239299,-1172636.0295367166,299.5780385381928
21280.0,released,0.0,40.0,90.99086504544206,-0.01729299546481461,49.77890852533738,26.333872796680602,-6.428612549431723,-1171682.9408269823,299.13302625075113
21290.0,released,0.0,40.0,90.70550702959575,-0.012313109403963185,49.534246251598155,26.25584383505682,-5.8166197215942885,-1173941.1797111873,302.1268743397553
21300.0,released,0.0,40.0,83.73023828442649,0.10920972536175161,48.997599047993255,25.628994620547026,-6.935600104051038,-1174125.77273429,300.27018488110804
21310.0,released,0.0,40.0,85.95120654786828,0.07060598026931864,49.80413221813376,26.220037405521847,-7.615583987963835,-1173436.4684000295,299.2905647533252
21320.0,released,0.0,40.0,84.63556037701144,0.09349040401819092,49.27322627730973,25.75384606841612,-6.544936240909504,-1174476.6657554284,300.29424710227835
21330.0,released,0.0,40.0,87.5326188518689,0.04305061581750319,49.76273008104216,25.724048439738883,-6.971740909484185,-1173197.3611162268,299.5281919434856
21340.0,released,0.0,40.0,88.34431403002273,0.0288931499759838,50.29416908642547,26.206185881990425,-4.1471205244353175,-1174409.1841699705,302.12983607064444
21350.0,released,0.0,40.0,83.07050939302655,0.12064780323315977,51.79422741501738,25.82224873808056,-1.6854007722065392,-1171986.3518626653,298.97561689566504
21360.0,released,0.0,40.0,82.37434279146694,0.13270024604217984,52.16653312412566,25.67071263878611,-6.945921157690135,-1172951.9618370328,300.7747385821112
21370.0,released,0.0,40.0,87.46097943859223,0.04429976627311255,51.32934163234069,26.37058091893256,-5.597739829873401,-1174671.4086838234,301.8194798762767
21380.0,released,0.0,40.0,89.80630585061606,0.0033805942094263797,51.93988933112097,26.413935720380742,-4.11059460310941,-1174395.3509057313,298.8522561140069
21390.0,released,0.0,40.0,83.8753866231178,0.10669121365333889,52.04778850518086,26.159114052187395,-4.039064961391547,-1173592.4472829513,300.8907299051463
21400.0,released,0.0,40.0,88.21611434870513,0.031129648176937252,51.98393546668894,26.522735176484776,-6.710016725370773,-1174286.6875065956,298.9803661337413
21410.0,released,0.0,40.0,85.30689032451097,0.08181865357256907,52.31146050694438,25.886099698458132,-4.715552523688768,-1173498.8574738745,300.966329118619
21420.0,released,0.0,40.0,85.39858814336068,0.08022348647801247,51.539940715372495,26.0014527786083,-7.297783419790244,-1173801.3519298267,299.40992422469645
21430.0,released,0.0,40.0,78.66760947378683,0.19650047528383469,52.379374668371895,26.084688382735482,-4.740515880211886,-1173110.8055668734,299.2559287119181
21440.0,released,0.0,40.0,85.9056504055099,0.07139907819027896,51.40806256011359,26.168132879701464,-6.857201845804948,-1174714.5501946378,301.47967044176823
21450.0,released,0.0,40.0,85.08799720242438,0.08562564398088585,51.12220697025837,26.995247140992234,-6.768315728873153,-1173365.5493830536,299.5909427722279
21460.0,released,0.0,40.0,89.80895573988637,0.0033343451775258437,50.99750688973395,26.322698578366833,-5.19100275560138,-1174520.7644384373,299.1208508460063
21470.0,released,0.0,40.0,85.48286049543613,0.07875731084852061,51.3918891323661,26.25714745788166,-6.640231261410765,-1174582.1212105285,300.51649957670287
21480.0,released,0.0,40.0,80.79018862957513,0.1600502232697212,51.563996380004916,26.526687590519195,-6.636466797187485,-1173123.8186045736,300.6051967662643
21490.0,released,0.0,40.0,88.61902810472921,0.02410017286963717,50.795104636127185,26.10710703422424,-5.717178554056251,-1174818.3684186917,299.87545264907055
21500.0,released,0.0,40.0,84.85929672594835,0.08960186807254492,50.40399585230196,26.31640048691665,-7.755142707518656,-1174232.4318874478,302.2894030912224
21510.0,released,0.0,40.0,84.88058284729789,0.08923184334510686,49.67628986533797,26.214934141713904,-6.0100364833922875,-1172750.5359344725,300.36427656361417
21520.0,released,0.0,40.0,82.75221172121873,0.12616067584788432,49.563340826282314,26.711738487822878,-6.10839431927112,-1172672.346415637,298.9270001613172
21530.0,released,0.0,40.0,90.85770661567936,-0.014969245356171723,50.088482291899105,26.32784681709858,-5.631261120049778,-1174150.671207806,300.70458253678
21540.0,released,0.0,40.0,86.20625883721192,0.0661649028498108,50.289456008548456,25.80916858354882,-5.94121345457344,-1174610.2757446133,301.20215643248406
21550.0,released,0.0,40.0,87.24781829800874,0.048016162518592476,49.830884564446706,26.359150305292626,-5.93177845259647,-1172580.3252683096,300.17375655124386
21560.0,released,0.0,40.0,83.1325799546018,0.11957231033915439,49.99165407707148,26.118039631617087,-5.339030760875981,-1175243.8041032832,300.98597015649614
21570.0,released,0.0,40.0,89.41474760769003,0.010214403574310194,50.14262412766727,26.43597334537638,-5.1909449361563045,-1174033.3076942228,299.40411238481744
21580.0,released,0.0,40.0,86.26384095647308,0.06516207428254273,50.05199656161105,26.267106493000338,-5.682049031244922,-1174892.2916431949,301.4002950691809
21590.0,released,0.0,40.0,82.73039816216814,0.12653834311390644,49.13832714181356,26.150868443052147,-4.632425602450122,-1174535.5923234802,301.9381789215288
21600.0,released,0.0,40.0,86.73075825199496,0.05702807608834698,50.50385302434795,26.199163471633533,-6.168181333947263,-1172698.1447315924,298.94312128246486
21610.0,released,0.0,40.0,91.57848677504366,-0.02754630654862611,50.25590342461222,26.522358938698005,-4.981301644841459,-1174529.9754016828,299.6023031797487
21620.0,released,0.0,40.0,86.81302780303878,0.055594480030795534,51.05602987096799,26.063712469617872,-6.738604577048079,-1173903.2516189348,302.32953376962973
21630.0,released,0.0,40.0,87.68983412224233,0.040309077001273064,51.40206873128963,26.090095954800542,-6.343476903278894,-1174092.8526843134,302.08113236090304
21640.0,released,0.0,40.0,88.23060932128713,0.03087678479481981,51.275015796123775,26.014056603036178,-7.160520378560334,-1172940.9847949203,301.27419151350716
21650.0,released,0.0,40.0,86.93627465504106,0.05344661647510307,50.41020188622435,26.298248285058527,-5.538876154037691,-1173904.0954820924,300.68463249779956
21660.0,released,0.0,40.0,88.13556275522818,0.032534826115897975,50.88734218249746,25.79510975941259,-3.6878189297975665,-1174650.277813103,301.06994873478357
21670.0,released,0.0,40.0,80.86923928501989,0.15868816297027288,51.495437699081684,26.30486160059039,-5.419590205439118,-1174451.883261785,299.9734100711655
21680.0,released,0.0,40.0,84.01007692731403,0.10435354955651327,51.6979342189944,26.39428995574376,-4.528393237565002,-1174730.783537997,300.36268046584314
21690.0,released,0.0,40.0,82.00430362604551,0.139098719112412,51.638734913745004,26.289143346315758,-6.767003351189421,-1173465.53016603,302.14024522881203
21700.0,released,0.0,40.0,80.96813903914762,0.15698367324385942,51.12692504071089,26.340042070669572,-4.891358958417095,-1173971.9815969411,300.24093207211973
21710.0,released,0.0,40.0,88.4351092966395,0.027309099606236564,51.21613894366391,26.636505428859202,-4.346829271482326,-1173703.3720422331,301.63452811091184
21720.0,released,0.0,40.0,91.24726740679152,-0.021767203610746244,51.372251540418674,26.527950922358272,-7.424996698379859,-1173011.5769737232,301.34915869978755
21730.0,released,0.0,40.0,90.12269351168923,-0.0021414041131997963,50.53728227473979,26.834393081686567,-7.244953412008012,-1173466.3860919252,299.2253135210078
21740.0,released,0.0,40.0,86.93505912509032,0.053467801140445026,51.02235722443559,26.732092353578473,-4.845312785976466,-1176750.2753266934,300.1327656805498
21750.0,released,0.0,40.0,86.07274847183656,0.06848981042280955,50.55367156105314,26.255311136060975,-7.156756910792172,-1174082.9154253863,298.39642335112717
21760.0,released,0.0,40.0,82.35101168038595,0.13310383850521745,50.45621285544371,26.20688471800138,-4.965277440555089,-1177580.6610504035,300.56708791020327
21770.0,released,0.0,40.0,81.70515775462579,0.1442671235023393,50.77425725094019,25.875325766277186,-6.205734798554351,-1174116.7693200074,299.5205808339725
21780.0,released,0.0,40.0,86.64178911788215,0.05857828396263276,50.50701941992954,25.975661098899344,-6.766902786897219,-1174183.6474770624,301.3189989786659
21790.0,released,0.0,40.0,87.40934050088704,0.04520013285320029,50.492978472960765,26.64454231619628,-5.176931546356611,-1173900.659836607,301.12347972895446
21800.0,released,0.0,40.0,82.40200744454499,0.1322216614359641,51.732615541752125,26.292757744606554,-4.7700722805799955,-1173051.7001030687,301.743055222281
21810.0,released,0.0,40.0,85.50900807642314,0.07830235882456532,51.17739647285555,26.3311703091872,-5.337937249439804,-1174973.698105991,301.3643798190191
21820.0,released,0.0,40.0,81.88602311942569,0.14114273667326582,50.47058585248868,25.94070554932401,-4.722011989138216,-1173067.2009678893,300.6410422944679
21830.0,released,0.0,40.0,83.97303137259645,0.10499656451771999,51.18197690564034,26.36182755905206,-5.665001753036133,-1174990.9836251587,302.8100597887355
21840.0,released,0.0,40.0,86.73186826518686,0.05700873422143776,51.59363395336176,25.95108986415969,-4.475039321979473,-1175388.7282635272,298.60507232544427
21850.0,released,0.0,40.0,86.81475069788014,0.05556445632363938,51.15929413779529,26.347772716206215,-4.913319702534954,-1173297.6633782312,300.7761007329499
21860.0,released,0.0,40.0,83.71527248078465,0.10946936185911305,50.90263190272466,25.83849921487722,-5.906016204205127,-1173449.6042504478,299.9026965153676
21870.0,released,0.0,40.0,85.01509246001947,0.08689332897385915,51.3799561967187,26.034095079604118,-5.626766256200181,-1174377.6912356336,298.8612970851264
21880.0,released,0.0,40.0,84.5754604789808,0.09453469932233621,51.58976841760412,25.897885048315256,-5.516462759653734,-1172495.5520474333,298.92167446612814
21890.0,released,0.0,40.0,83.11213227437881,0.11992662162857759,50.663700741193956,26.380645038396153,-6.599353252133186,-1173201.2252150849,300.2992254556479
21900.0,released,0.0,40.0,85.78242018546356,0.0735441953337278,50.62531376055357,26.207141038503483,-5.564255718145341,-1174170.577447096,300.378236221984
21910.0,released,0.0,40.0,89.7885819813367,0.0036899321502266713,50.7741077054157,25.93044589625146,-4.95589004076318,-1173223.1408516988,302.87043274345694
21920.0,released,0.0,40.0,87.77947831117626,0.038745713653598524,50.207044460545134,26.23764639599724,-5.125494469882531,-1172232.8769664764,299.33720429710826
21930.0,released,0.0,40.0,86.20227744829995,0.06623423876565071,49.55176218988846,25.96976724292214,-5.205441555150433,-1174900.959876515,300.7063539809646
21940.0,released,0.0,40.0,83.17310084768883,0.11887013146984493,49.841028837889034,26.02576763702395,-3.473720733770231,-1173367.2677683942,300.1223875769913
21950.0,released,0.0,40.0,86.9606201644482,0.05302230968519689,50.25513658156764,26.145742630675514,-5.650229998162932,-1175936.169782212,300.39459960735314
21960.0,released,0.0,40.0,82.5347943892821,0.12992408687078005,50.08295599077298,25.94929049099863,-4.888662350289069,-1175475.2956454344,300.42015662472863
21970.0,released,0.0,40.0,82.03974687951545,0.13848610478859907,49.24281139505003,25.60247463746771,-5.028431061959234,-1174689.958174765,302.83191955478406
21980.0,released,0.0,40.0,79.04703983249414,0.19000301528553187,50.152801151965356,26.12576008869899,-5.736422881302265,-1172920.7621592823,301.6583683182317
21990.0,released,0.0,40.0,87.38487287199695,0.045626732946885795,49.865355329601826,26.239302883858482,-5.1320901443078455,-1174001.860000033,299.32700389488235
22000.0,released,0.0,40.0,86.79463813217795,0.05591494107935441,50.42183697307495,25.97642433335781,-5.364789903734508,-1173273.8123471625,300.2155902220981
22010.0,released,0.0,40.0,87.60315338513118,0.041820664989441425,51.318071257215024,26.456606766990205,-5.646295876031777,-1174664.9694074895,299.90298614017865
22020.0,released,0.0,40.0,84.76162894298088,0.0912995048825086,50.401660616783914,26.237692985568877,-6.657660803821687,-1175509.2266921941,299.1187470910771
22030.0,released,0.0,40.0,86.8833619951156,0.054368773733465325,50.829217057472725,25.98114020133116,-5.934046370810885,-1174394.657710921,298.9974887129078
22040.0,released,0.0,40.0,81.30199195958292,0.15122645392696937,51.47074920816514,26.530742243650145,-6.910029218090698,-1175522.151082972,299.23116718289197
22050.0,released,0.0,40.0,84.61151750447338,0.093908185170468,51.18316914915282,26.295787066522653,-6.208070153112542,-1174279.8785877824,298.78872177289475
22060.0,released,0.0,40.0,86.50526832593654,0.060956761147852645,50.88956826698645,26.19785676142952,-5.783563668810457,-1173302.109887598,301.0324458780361
22070.0,released,0.0,40.0,85.0502769530574,0.0862815500822307,50.058125137195475,26.747621032498362,-6.59994402172424,-1173007.5409067757,299.03400550471935
22080.0,released,0.0,40.0,90.49188851412906,-0.008584968666351445,50.561542943723154,26.024359951868128,-4.494013925226155,-1173341.826151019,300.3773656051829
22090.0,released,0.0,40.0,87.74079525316506,0.03942034453307558,50.59939900312241,26.41942374233021,-5.50114324100206,-1174343.6775926799,299.62926509634644
22100.0,released,0.0,40.0,85.7976991659733,0.0732782463549918,51.26016865915358,26.295600718592052,-2.79386888932638,-1174181.4594510775,299.5340793732054
22110.0,released,0.0,40.0,91.15491176804149,-0.020155647966989043,51.674272390890714,26.528049076959967,-5.871453749837473,-1173916.9212938063,300.64214729113115
22120.0,released,0.0,40.0,91.2167196476089,-0.021234167888699973,50.93089704319197,26.331627118531262,-6.153834038831999,-1174969.658797199,300.3843815982365
22130.0,released,0.0,40.0,82.96618103420033,0.12245517479329038,51.41328529650059,26.750041405698198,-4.1980670768714194,-1174149.4756683111,301.70036537681153
22140.0,released,0.0,40.0,87.79892090504639,0.038406628958537414,52.33871056340974,26.471207626289157,-3.0529105724451635,-1174429.0011967197,300.7144984349662
22150.0,released,0.0,40.0,87.71728201056251,0.039830405718844275,52.26394707076172,26.42999934430046,-5.210634799995511,-1174613.5782937668,301.0765740581816
22160.0,released,0.0,40.0,90.31901232244127,-0.005567786613505099,51.10628695052433,26.12225940678076,-4.538423361134236,-1173827.7116191778,298.7277111038043
22170.0,released,0.0,40.0,86.39654676268854,0.06285067084638096,51.950668673096125,26.176806837161628,-4.446523503458684,-1172815.29322863,299.3513352743629
22180.0,released,0.0,40.0,95.03040421933673,-0.0876843648878664,50.17388893099079,26.948958629897124,-6.139655182349521,-1173286.4949382674,299.0459434185834
22190.0,released,0.0,40.0,89.30527520986229,0.01212493787396507,51.370915760163854,25.957262861772247,-4.716620194091366,-1174139.0011598468,300.14513898366295
22200.0,released,0.0,40.0,91.07913122400406,-0.018833279405321535,50.9252493835998,26.20925360935876,-6.633050695782426,-1174501.379012704,301.3700252385364
22210.0,released,0.0,40.0,87.51422722769237,0.043371310394433205,50.229510995667695,26.16463083479847,-6.660576080518906,-1174986.2279281337,300.1415010919719
22220.0,released,0.0,40.0,89.76496243107655,0.004102167938445589,50.17006680738879,26.043352851643984,-5.498989025931582,-1172684.0363863353,301.91796952621365
22230.0,released,0.0,40.0,88.64735653810497,0.02360588911596956,51.01531889717413,26.50458127023807,-5.91188816887408,-1173460.8086164203,301.92755985249977
22240.0,released,0.0,40.0,94.2172790990975,-0.07353896107127822,50.38822167915755,26.399464555404442,-5.283669521697236,-1173463.4285325184,301.4279471628618
22250.0,released,0.0,40.0,88.53698128205191,0.025531718944535098,51.01632166156637,26.262366887879857,-7.202887645124859,-1173431.4268202577,299.1372381849229
22260.0,released,0.0,40.0,92.93235200378136,-0.05115685785344809,51.08858692880216,26.428729749453616,-6.933644429854987,-1174712.2154060174,299.3492150618253
22270.0,released,0.0,40.0,92.00423533726094,-0.03497337215679941,51.14692398783194,26.38174958901802,-4.538403742182902,-1174965.9851446208,302.15804020265176
22280.0,released,0.0,40.0,95.91908116732493,-0.10312379615923634,51.169454429625134,26.08474812744633,-6.0568427672791385,-1172498.2094735373,301.7257446040988
22290.0,released,0.0,40.0,87.36564887735527,0.04596190294766772,50.76793237421317,26.383120780080386,-5.777168988704006,-1174060.5223427285,300.9222468697281
22300.0,released,0.0,40.0,93.75351065759793,-0.06546427045212783,49.82998974387112,26.18959990180798,-5.5484311728059765,-1174283.8393198252,300.53040993381705
22310.0,released,0.0,40.0,93.20555686916612,-0.05591833917000899,50.14075341824669,26.24373785254737,-5.841718578971463,-1174171.2464835737,296.85113546797
22320.0,released,0.0,40.0,89.3561012775323,0.011237916202172071,50.42066589658389,26.195095342894916,-4.501304415922518,-1173576.7948330976,299.123573338556
22330.0,released,0.0,40.0,86.063568821545,0.068649648450273,50.39839635811475,26.100233389113637,-4.868921853184842,-1175354.7895888202,300.93932802965935
22340.0,released,0.0,40.0,88.27828318561363,0.03004510503296398,50.904857058055526,26.32734509860772,-4.645411822630955,-1173742.5100123063,299.3168874730727
22350.0,released,0.0,40.0,86.03635990113266,0.0691234056037694,51.227769084298984,26.372718808985173,-6.69144880905618,-1172751.6419812273,301.3797484677638
22360.0,released,0.0,40.0,94.66360346314026,-0.08130538880020377,51.731354050878906,26.134174502914824,-5.03975900612366,-1173984.2615021225,301.7889936014448
22370.0,released,0.0,40.0,93.5153063782461,-0.06131518576775774,50.959046208297075,26.58104004332117,-5.620798521070411,-1176183.6978518143,300.6197281936208
22380.0,released,0.0,40.0,88.59535588143508,0.024513209036322814,50.1675927846049,25.991208098878953,-5.744588825480088,-1174978.601864539,299.749189351067
22390.0,released,0.0,40.0,90.02934903303822,-0.0005122372363924876,50.49882298141263,25.707219110698915,-6.80056697477991,-1174357.9221488629,299.75261239082295
22400.0,released,0.0,40.0,83.9145327931554,0.10601185898324111,50.98235849135247,26.45666683727213,-5.841054314243255,-1172873.86120609,301.64426519177556
22410.0,released,0.0,40.0,93.6746879224424,-0.0640914437123235,50.801683413742666,26.524231172636895,-5.361753163963708,-1173416.6242303755,298.1475889565656
22420.0,released,0.0,40.0,90.8028019316679,-0.014011078488589457,50.43614584441525,26.50521444568652,-6.081168760447156,-1174329.9443280809,300.31610341890996
22430.0,released,0.0,40.0,90.74408497521136,-0.012986367688410771,50.66042032448585,26.524850729786753,-6.626877759250121,-1173669.6112522315,299.38810442132075
22440.0,released,0.0,40.0,93.32704680784403,-0.058035293622241246,50.86347519699266,26.0882591261123,-4.3125228521914964,-1174302.9986357428,300.9584261398162
22450.0,released,0.0,40.0,86.61551267754085,0.05903610066851073,51.118858222997304,26.549006489600835,-5.170020128039183,-1174088.0493751056,301.77568947373504
22460.0,released,0.0,40.0,91.44454020376776,-0.02520931184349845,51.44495571415938,26.195155595461987,-3.9589426698494066,-1172729.765290929,299.7246635160502
22470.0,released,0.0,40.0,89.63512481248591,0.006368230336918579,51.12542562646577,25.912425398385597,-4.582070358878747,-1172979.8425201904,302.1262893506719
22480.0,released,0.0,40.0,91.28310011353183,-0.022392449847678186,50.41586935753158,25.993678873410566,-3.9590120169885785,-1173892.751822181,300.8377462634698
22490.0,released,0.0,40.0,89.46672213898383,0.009307320121178575,50.88104003449253,26.0983611458702,-5.88171833871784,-1173300.4638880268,300.207828046477
22500.0,released,0.0,40.0,89.02997802253928,0.016929268563979027,51.18579711662025,25.89432539376311,-4.603643235943779,-1173816.3840324096,300.80026472382673
22510.0,released,0.0,40.0,87.5796236838513,0.042230972928541055,49.97080276989716,26.213682061433424,-4.019155560694101,-1173506.210865885,300.03807641008024
22520.0,released,0.0,40.0,86.52602788795751,0.06059510821865205,50.42897110399454,26.364053329810883,-5.0087855843557225,-1173518.7411438096,298.48900695121193
22530.0,released,0.0,40.0,84.97558112202015,0.08758030285887258,50.30889308812457,26.25667458810541,-6.2961729562472,-1174106.8794601317,299.9471187062936
22540.0,released,0.0,40.0,82.96479298737611,0.12247921842092035,49.32426403266906,26.12729563850462,-4.180036527927603,-1173521.3096754774,299.7089634335626
22550.0,released,0.0,40.0,82.02379671779512,0.13876179986501208,48.784547394316924,26.130353179799577,-3.5260939259814923,-1173187.4056304693,299.0158153458022
22560.0,released,0.0,40.0,94.60355929614666,-0.08026084551018658,49.955001469047126,26.632960014115145,-5.272459246691257,-1174151.6603143215,300.9775824371105
22570.0,released,0.0,40.0,87.66902352411115,0.040671992592613504,49.28045431770827,26.292994180813018,-5.678981152918864,-1173088.4045395665,300.08243008606433
22580.0,released,0.0,40.0,95.15580365596811,-0.08986435624794137,49.47773181326489,25.977152969049495,-4.94220264230206,-1174053.9780662637,302.2026388299247
22590.0,released,0.0,40.0,88.56695910949179,0.02500867424280495,50.613111619154175,26.274734126546175,-6.269813793541841,-1174234.3058165573,299.0153074878489
22600.0,released,0.0,40.0,88.33181133035647,0.029111271458135746,49.71894075064495,26.298977751109053,-5.869929193134957,-1172929.8471216876,300.01783046346077
22610.0,released,0.0,40.0,83.82005239117727,0.10765141589705568,50.72471731885834,25.359203942302827,-6.323962766388497,-1174262.4568585362,300.68642491826085
22620.0,released,0.0,40.0,86.91418221715895,0.05383164715866062,50.04130470465054,25.713087895693985,-4.136656250862419,-1172338.9607092887,299.81211626816173
22630.0,released,0.0,40.0,91.90323986253037,-0.03321169351571962,50.03189368434516,26.034789999759855,-5.873646147704855,-1173314.8651703186,300.3745825226007
22640.0,released,0.0,40.0,88.27733145900926,0.030061708292613454,50.94184644137377,25.783998953303335,-4.770731055123316,-1172266.2807714008,301.74002196029625
22650.0,released,0.0,40.0,87.03786098341286,0.051676051647805754,50.955549848661875,26.479649735127378,-5.367051323502127,-1174000.243038293,299.6993231354715
22660.0,released,0.0,40.0,89.79500155736066,0.0035778901518668804,49.633701996008945,26.682525589938344,-6.83993849499455,-1173198.2138810586,299.28222777130816
22670.0,released,0.0,40.0,86.92174619663909,0.053699821763777966,49.12225433413533,26.598349868682046,-7.6696666879993955,-1173957.0877630208,300.57517863619034
22680.0,released,0.0,40.0,94.5423952086533,-0.07919672918454163,49.55011848829138,26.160403818956002,-5.215566380755697,-1173892.972802056,300.9523655133209
22690.0,released,0.0,40.0,90.04178498869986,-0.0007292855660752107,50.126696924201454,26.648121601716756,-5.394393555872792,-1173243.6474375147,299.31453772217395
22700.0,released,0.0,40.0,79.9587519914588,0.1743571090612281,50.56949421946037,26.144580275868396,-4.7832871674591315,-1173519.635736674,302.0239300702753
22710.0,released,0.0,40.0,90.40223600507053,-0.007020284992180104,49.49631533758287,26.636680539323788,-5.556257313000874,-1172449.2802854944,300.4880097133428
22720.0,released,0.0,40.0,88.10726737343509,0.03302840826213388,48.87725947251274,25.883592255129702,-5.086335740449138,-1174911.700642597,298.17047574123603
22730.0,released,0.0,40.0,85.82321167129425,0.07283415899892393,48.89481103574444,25.799792342942315,-5.826463146981634,-1173569.395231314,299.74083908766556
22740.0,released,0.0,40.0,87.29675452506733,0.0471630319752358,49.018859932722165,26.463141524724005,-4.942933328553885,-1174895.1918821465,301.8422909781519
22750.0,released,0.0,40.0,86.15338648897121,0.06708564898538716,49.659990267182415,26.357336137328666,-2.2128111691357146,-1173247.8504118845,301.81343772855325
22760.0,released,0.0,40.0,85.78861376003248,0.07343638937010366,50.05569788974261,26.247328385348833,-4.886766524430066,-1175697.4159125034,300.8366446003071
22770.0,released,0.0,40.0,84.1554301312238,0.10183017523660659,50.006784246962184,25.802879740994808,-4.861126898192223,-1174397.0400734823,302.0810135553533
22780.0,released,0.0,40.0,85.74329450630786,0.07422520081158085,49.492384787148005,26.513796236492812,-3.766331769177942,-1174364.895492673,300.0197372549063
22790.0,released,0.0,40.0,79.69534406057386,0.1788821664731166,49.06646212559259,26.00728211723192,-3.27035700198815,-1174249.1112843957,298.53417817878636
22800.0,released,0.0,40.0,90.64573852437856,-0.01127002476960176,48.356187777665006,25.96584820136598,-4.759148951896096,-1172696.4942642152,299.1299393406408
22810.0,released,0.0,40.0,90.77219011338805,-0.013476851939875356,49.55603703583296,26.061235896992535,-4.236053187499914,-1173472.2705807015,299.0060194956064
22820.0,released,0.0,40.0,89.88791595445011,0.0019562343860954345,49.20779442369935,25.848275501570612,-4.655556089436064,-1173139.204342354,300.27418161666367
22830.0,released,0.0,40.0,90.19401979838919,-0.003386277824241446,48.72098033730705,26.454440823177087,-4.690345484181023,-1172938.2545957789,298.60386404710044
22840.0,released,0.0,40.0,95.77765042691357,-0.10066821276830551,49.080038291441475,26.67905782970487,-5.84490288970452,-1175154.3939073067,299.57202205696666
22850.0,released,0.0,40.0,87.37172920827238,0.045855893045165685,49.411458590346626,26.416553135482108,-5.652284745436981,-1173686.894315904,298.34590152335
22860.0,released,0.0,40.0,89.03956461974171,0.016761974620899123,50.39259515482544,26.203027029044446,-4.967619870856158,-1175164.463342648,300.69735686571426
22870.0,released,0.0,40.0,90.80079959914399,-0.01397613461520425,50.239928215606476,26.292623707895345,-7.174634049077197,-1173759.8782128599,300.7684206566574
22880.0,released,0.0,40.0,90.18677126680869,-0.003259767780809275,50.22221758845942,26.037730505337436,-5.549175024261338,-1176473.0157345347,299.2625051161421
22890.0,released,0.0,40.0,92.59986886377543,-0.04536070172636508,50.76185533876403,26.068513363684225,-3.716287465787441,-1173943.519633552,300.4340719115802
22900.0,released,0.0,40.0,87.59014652297567,0.042047477874113004,49.792597775315556,25.789798877972,-5.6847696822500655,-1174444.1863605212,301.7258700730001
22910.0,released,0.0,40.0,89.51352030872384,0.008490570339647174,49.978105282979634,26.016448565545268,-5.321673432205358,-1175203.1923546884,299.2897298281505
22920.0,released,0.0,40.0,89.07545643107586,0.01613562909905014,50.48101483543768,26.066277419179404,-6.219338010258977,-1175867.4678194206,299.34992624635845
22930.0,released,0.0,40.0,88.69657113758133,0.022747163067393772,49.14103860532176,26.306525377427082,-4.500191079908367,-1174224.2287538107,301.2257211703357
22940.0,released,0.0,40.0,92.76276691614203,-0.04820069544246758,48.72589893509333,25.870940078626816,-2.895812818121475,-1175756.4837524686,299.6878226682915
22950.0,released,0.0,40.0,88.73062138620006,0.02215302390831142,48.83461104533129,26.285220482867267,-6.166478174903847,-1173706.4653561562,297.9359376688107
22960.0,released,0.0,40.0,84.08532805828163,0.10304725063569325,49.139156330591646,26.44025698194072,-1.6619549798615374,-1174157.1223473772,299.9654168351276
22970.0,released,0.0,40.0,85.00757153013998,0.08702409672021127,49.22411457491278,26.1302508318881,-4.98856123858681,-1174103.7181454804,299.31807672590446
22980.0,released,0.0,40.0,91.62096173237919,-0.028287345453835044,49.93990295298938,26.15524999763832,-2.9743034198573817,-1172731.61372938,299.39548834316537
22990.0,released,0.0,40.0,87.0872157356414,0.0508157805743234,48.66422837299238,25.819134242596885,-4.0128486149439,-1173416.5875061117,299.6290577375343
23000.0,released,0.0,40.0,82.6631089626957,0.12770323335837797,48.73399226693637,25.935309114493045,-4.167546610961858,-1172990.3158800714,299.98176560231275
23010.0,released,0.0,40.0,86.58699288370556,0.059532989462320995,49.73460378422389,26.34275003628422,-5.278763882414303,-1174125.469086485,299.01393153978086
23020.0,released,0.0,40.0,88.14207645205754,0.03242120063455356,50.03070993569737,26.43049469729751,-3.710858212790985,-1173947.0976202358,299.9791759194181
23030.0,released,0.0,40.0,88.94760344618524,0.018366752111294182,48.99332943790625,26.546631566492856,-5.85465421296359,-1175643.8527965136,300.34924750202185
23040.0,released,0.0,40.0,89.36286922875702,0.011119800550718706,48.46600873081498,25.94517548031347,-4.475900720692407,-1175109.6484152675,299.29471927713405
23050.0,released,0.0,40.0,90.62630087290593,-0.010930794655922116,48.02103921898069,26.2987589937214,-3.8642225839613324,-1173280.7583605107,299.17218818197813
23060.0,released,0.0,40.0,94.01511613794787,-0.07001965502297552,47.74577327703958,26.490621007541165,-4.622841749235817,-1175271.260905059,300.1612458657924
23070.0,released,0.0,40.0,93.46032655850019,-0.060357384300674555,47.80469329260965,25.95225117559179,-4.346377933702762,-1174854.7434900925,299.2439335356406
23080.0,released,0.0,40.0,91.66432009279649,-0.029043780604749825,48.374013624998575,26.203746260281957,-5.24295398201218,-1174130.8733156547,299.048424622039
23090.0,released,0.0,40.0,94.05511471554398,-0.07071603135425036,48.55640748802021,26.38141664750687,-4.944954678494611,-1173967.386374697,299.7654778498338
23100.0,released,0.0,40.0,95.50881525275621,-0.09599889825145674,47.55617986854183,26.75627183539596,-5.162138694088136,-1174129.7384680193,300.15746032086116
23110.0,released,0.0,40.0,92.89520801984736,-0.05050941117613561,48.52274358312089,26.36367918460748,-5.754159081728996,-1175280.944955064,300.84686309529803
23120.0,released,0.0,40.0,91.49482215802153,-0.02608660877810881,48.70459898741609,26.419659118114605,-4.323272276466395,-1176876.5883552544,302.44472173747096
23130.0,released,0.0,40.0,89.13865621711531,0.01503271875644141,48.816510912693026,26.56267990846536,-4.587456606338948,-1173960.8322768435,298.95438790780196
23140.0,released,0.0,40.0,90.9237763926893,-0.016122241089544465,49.935836846109794,26.60400391858265,-4.0025539886631005,-1173416.4327205997,301.5209234767256
23150.0,released,0.0,40.0,93.02213139853743,-0.05272168873778926,49.37251407835438,26.206592455167915,-4.9850933400953386,-1174875.9879828896,300.23855358519063
23160.0,released,0.0,40.0,84.84195516682422,0.08990331383809652,48.94672934661834,25.673314486359942,-6.301934834400269,-1172859.6666953862,300.479568173995
23170.0,released,0.0,40.0,94.73895596090686,-0.08261611314618711,48.863639668507446,26.146130970464743,-5.105859985838448,-1172021.3031334653,299.8812646083739
23180.0,released,0.0,40.0,89.02333026573645,0.017045277066233544,48.26249398357045,26.383237727936482,-5.908969087573805,-1173056.9182831421,300.60541432344064
23190.0,released,0.0,40.0,89.65776576361002,0.005973078719895719,47.58045907645138,25.512917133061432,-4.179640831548193,-1175654.5449388865,301.35244576079634
23200.0,released,0.0,40.0,84.15424338361423,0.10185078019936389,47.540529237827116,25.68673082147804,-4.297872422194753,-1173422.0930168182,298.6869841658722
23210.0,released,0.0,40.0,86.7875703264562,0.05603810414756932,48.07649098076656,26.59955999552137,-2.9144217049472223,-1172660.9086339958,297.96212129843843
23220.0,released,0.0,40.0,85.66901999717308,0.07551789688438731,47.53778405681072,26.05884036051596,-4.181506728970566,-1174055.7078768425,301.6095279477007
23230.0,released,0.0,40.0,84.91596601904084,0.08861673701309358,47.727752995302,26.243100553573093,-3.1525237472944845,-1174183.0483128764,299.34875912160766
23240.0,released,0.0,40.0,83.21752475435463,0.11810024971111055,48.93737296822801,26.286972614978204,-4.089332989786138,-1173729.541962687,299.66154528390086
23250.0,released,0.0,40.0,88.47049193079263,0.026691781295043904,48.43131481753064,26.12596403945347,-5.615799765595311,-1174653.4222447202,299.9848758962716
23260.0,released,0.0,40.0,88.08202638465755,0.03346870305166655,48.81157014712698,26.40339040375263,-5.738766091631513,-1173898.9982918203,299.6335672300678
23270.0,released,0.0,40.0,85.42750312952575,0.07972044114600929,48.28700054891792,26.40030552041584,-3.8082528275662515,-1173476.575217804,299.6227361109982
23280.0,released,0.0,40.0,88.12684373212451,0.03268692083788849,47.18355034181769,26.04603142066488,-3.427698091844274,-1172610.575039504,299.6292218565223
23290.0,released,0.0,40.0,91.04740197541477,-0.018279594908200913,47.914568944160635,25.67201847432432,-4.814366249411507,-1173090.4274267722,302.20276342925075
23300.0,released,0.0,40.0,84.90513224901302,0.08880507648677827,47.99949662183292,25.893702374815973,-5.398477748347383,-1174806.1416435856,299.4611396935318
23310.0,released,0.0,40.0,86.92114715262588,0.053710261965546124,48.1489739111082,26.17864523205341,-3.9840857587796847,-1172691.3480170108,300.87765953959786
23320.0,released,0.0,40.0,88.84115539033472,0.020224275010615578,49.67218734599076,26.376568616860176,-6.228762676617293,-1173205.4878874794,300.44147448697686
23330.0,released,0.0,40.0,90.27145269582664,-0.004737725581544561,48.117270163797826,26.603776420586502,-6.722092780762574,-1175243.749686163,298.9818571720755
23340.0,released,0.0,40.0,86.74772012798663,0.056732514794166244,47.755994517677586,26.775371483465154,-4.7279889108869115,-1174195.793051185,301.2954769494416
23350.0,released,0.0,40.0,83.70837406149735,0.10958903761085997,48.74966890721333,25.88050399341392,-5.252829172353998,-1174574.6014773697,303.0003319031863
23360.0,released,0.0,40.0,90.65056396033366,-0.01135423912610306,48.582608344866244,26.188657021763646,-4.844142537975783,-1172989.8842520714,299.24959014713374
23370.0,released,0.0,40.0,89.63208573543119,0.00642127115321095,49.045847153677215,26.30949966399082,-5.158344930851565,-1172553.6690639276,299.0105569206792
23380.0,released,0.0,40.0,90.32124243290191,-0.005606708776186686,48.85486891053654,26.49415315302273,-5.229306104284852,-1176930.127198225,299.22362328011576
23390.0,released,0.0,40.0,87.07430129635114,0.051040887561936255,49.248198883031804,26.26650735056791,-5.205697445637087,-1174295.34770713,300.338409918458
23400.0,released,0.0,40.0,87.17853218609977,0.0492240030723784,49.15238880030658,26.02196334734593,-4.658118146096729,-1175316.9901202451,300.46853135783476
23410.0,released,0.0,40.0,88.5457073722938,0.025379469291039902,49.308004083774996,25.864039149184304,-4.470793763550956,-1175120.3312354814,300.48678185667893
23420.0,released,0.0,40.0,83.85255173636706,0.10708747431968596,50.82872970813087,26.195905145305414,-5.277601024561755,-1172502.6250161268,300.30979233155523
23430.0,released,0.0,40.0,89.819787904752,0.003145289227995951,49.400534406658366,26.08204180555392,-5.650942480361932,-1172388.0673021004,300.4546510876099
23440.0,released,0.0,40.0,85.05504583410304,0.08619862749940915,48.71427032016057,26.74915685658488,-4.038810920851666,-1173696.230675945,299.7506867572858
23450.0,released,0.0,40.0,84.90729497966146,0.08876747878945407,48.12821643715075,26.380440869027957,-4.302248630217983,-1173523.0593573768,298.1151846053413
23460.0,released,0.0,40.0,88.49051165263639,0.026342494102263414,49.04342091621911,25.894750407210942,-3.9365208292789102,-1173533.1944785807,300.64467927128743
23470.0,released,0.0,40.0,89.95873225809319,0.0007202579088620431,49.29537134004759,26.42048269977089,-6.250475312977241,-1173990.3000167347,300.7784826415805
23480.0,released,0.0,40.0,84.55837065920468,0.09483163293795727,49.303841212607736,26.932559728743875,-5.779463825051307,-1174717.1346837152,300.2254534141955
23490.0,released,0.0,40.0,91.76812376013127,-0.030854683429658802,49.76892711927485,26.527655582057765,-5.5625706917103726,-1174790.1845083572,299.7775812138388
23500.0,released,0.0,40.0,84.86285926087079,0.0895399400359903,49.39873772499626,26.519174979358187,-4.152210046445193,-1174884.0639985185,300.2497327105927
23510.0,released,0.0,40.0,92.01618949137706,-0.03518188310643211,49.7432353846233,26.569027890257765,-4.448416310770083,-1173035.7328071278,299.93118673885493
23520.0,released,0.0,40.0,86.61916102326043,0.05897253596379204,49.62000165589664,26.34288532489511,-6.062972151283896,-1173148.8845447712,297.72377051497665
23530.0,released,0.0,40.0,90.20566798367747,-0.0035895757724187516,49.18220490349798,26.023963466863247,-4.918656298205924,-1176697.4376764018,299.6287161134471
23540.0,released,0.0,40.0,89.23801246787887,0.013298799263481487,50.59023859687447,26.276948004042186,-5.709087750683339,-1173754.2649995126,299.2542608778492
23550.0,released,0.0,40.0,92.14647805324866,-0.0374543468166425,50.29855067679206,26.383920519784642,-4.986079751778659,-1172916.5925421622,299.69820456033375
23560.0,released,0.0,40.0,83.50433290558769,0.11312807609416647,49.80659613956496,26.43815050655454,-4.287663409625723,-1172758.0492908116,300.51616700466525
23570.0,released,0.0,40.0,84.77890743348588,0.09099919368564047,48.5744785182773,25.91255878015639,-4.791913701696471,-1173402.9898242727,299.9461820236944
23580.0,released,0.0,40.0,88.55227308997026,0.025264912645190152,48.3807384765241,26.578321634911116,-5.320346412621246,-1173709.2778747585,299.4497247733861
23590.0,released,0.0,40.0,83.15543097358848,0.11917633669706884,48.11236241143945,26.058996008032917,-3.893860720593663,-1173432.3470069207,299.1935452192133
23600.0,released,0.0,40.0,81.77939496054815,0.14298487352468336,49.062860966718574,26.18003815626972,-5.652504019499805,-1172555.196385216,302.2505079493741
23610.0,released,0.0,40.0,89.61550662678493,0.006710624947659449,49.07315230007644,25.82222799893029,-5.176112694032446,-1174341.4654440489,300.2247436957155
23620.0,released,0.0,40.0,87.27797457060748,0.04749043673153458,48.210581342005405,26.85918153832378,-5.136255060414072,-1173887.9262269437,300.7619515774827
23630.0,released,0.0,40.0,89.8839463490891,0.002025516932331939,47.66724428302946,26.328128773966395,-6.7892823344163835,-1174707.547846621,298.7257606895774
23640.0,released,0.0,40.0,92.08445254286039,-0.036372535286636865,48.529700527467526,26.190431900308816,-3.232244725963855,-1174425.1978209745,301.7333602505388
23650.0,released,0.0,40.0,95.10264739537358,-0.08894031961179794,48.67256626932892,26.742545731755598,-3.5209871388164773,-1172000.2408481035,299.77725537843867
23660.0,released,0.0,40.0,91.61559552739502,-0.02819372486341659,47.86123936553499,26.348875528316842,-3.9357247115112584,-1174312.2782225925,300.91318984237955
23670.0,released,0.0,40.0,95.25312432405109,-0.09155591951271108,49.609068623273224,26.649469180241223,-4.384391611446748,-1174622.5785478633,299.66834768026024
23680.0,released,0.0,40.0,91.826673975823,-0.03187607463993197,48.85532825289122,25.96726455778322,-5.236403171494621,-1173672.9633855615,301.47003249228646
23690.0,released,0.0,40.0,83.30040962405086,0.1166636366329648,50.06487348132395,26.751129822289627,-6.4717850084803725,-1173291.9797388818,299.3698910914204
23700.0,released,0.0,40.0,87.33140789763446,0.04655888097326838,50.65746328511361,26.925873926729842,-2.4502078124002367,-1174138.394277947,299.55200040392526
23710.0,released,0.0,40.0,90.44204073925226,-0.007714989791780258,51.24266165977327,27.46395683465478,-4.066072194133097,-1174295.3063366935,300.57246552165765
23720.0,released,0.0,40.0,92.48078151444638,-0.04328427831872761,50.61461178788477,26.625912409995372,-4.655053470298512,-1174589.255924601,300.8785435703347
23730.0,released,0.0,40.0,92.49412472078234,-0.043516941767545725,50.26815868045394,26.752173069464728,-5.231133706791204,-1173423.5686619189,299.12286296191417
23740.0,released,0.0,40.0,90.3092599746774,-0.0053975785936994924,51.03050158704313,26.57373419292611,-3.39501051134065,-1173933.583131792,298.935980394882
23750.0,released,0.0,40.0,92.48666076075418,-0.04338679412775526,49.319499120611255,26.296497803705325,-3.970204118295662,-1173880.5086689685,299.81123869417377
23760.0,released,0.0,40.0,93.02776026715055,-0.05281979414268023,49.88558205088693,26.03848731696608,-5.383324896199834,-1173416.8564000856,301.42268770043995
23770.0,released,0.0,40.0,89.23215132618861,0.013401086367785808,49.43108512100188,26.750788808543245,-4.685973717112127,-1174887.0780482274,298.94984635691054
23780.0,released,0.0,40.0,93.20354060132566,-0.05588320368396443,50.01028764428026,25.81832294214213,-4.335341171308671,-1174815.9017170127,300.9654731471535
23790.0,released,0.0,40.0,86.57161108101374,0.059800974252993466,50.523921667455944,26.05425532920938,-5.51234660309861,-1173805.0211525876,302.93149326103236
23800.0,released,0.0,40.0,94.53212032695615,-0.07901796067222305,50.5469657008457,26.167119532869783,-5.055654513816708,-1173298.8135103788,300.8746026459386
23810.0,released,0.0,40.0,93.06403737565924,-0.05345205465352737,50.24697635052354,26.744473321678374,-2.884789511662593,-1174634.2660747766,300.61881562896576
23820.0,released,0.0,40.0,89.53027046590458,0.008198235125701947,49.66291099052172,25.9271757447046,-4.222103554184478,-1173870.0720203165,299.9131128020147
23830.0,released,0.0,40.0,93.35721954634349,-0.05856101159141952,49.126264355235314,27.032940805144186,-3.6222154909715663,-1172802.059820976,302.3473847747792
23840.0,released,0.0,40.0,86.58027233258575,0.059650076754176606,49.10143270076451,25.923012962531644,-2.8118347575801232,-1173882.9611519948,299.51750642639894
23850.0,released,0.0,40.0,86.07513867250624,0.06844819145064812,48.92812285391598,26.553331002136236,-2.2969663509547935,-1174239.2901582494,299.9801029660726
23860.0,released,0.0,40.0,87.40604074535646,0.045257665515333056,49.09408106186895,26.204674052395763,-3.2321239490954596,-1176107.076679621,301.2867587220154
23870.0,released,0.0,40.0,87.79973757594176,0.038392385875006374,48.83171480802974,26.548669179995343,-4.051137633038527,-1173212.3429828137,300.1484129445346
23880.0,released,0.0,40.0,98.35451970656699,-0.14529771717393491,49.357535329485685,26.93799595049095,-5.083601739387218,-1174259.5156955626,300.24357686007596
23890.0,released,0.0,40.0,93.02977606902131,-0.05285492737721681,48.41892007213739,25.89760810530075,-4.745068636939873,-1174712.5694145449,300.41055393939183
23900.0,released,0.0,40.0,90.90885569043789,-0.015861859011465418,49.05208689909841,26.830921606687678,-3.2569090604990274,-1172476.950952528,298.6084836591608
23910.0,released,0.0,40.0,86.6628609458868,0.05821113876406464,48.0639895828046,26.960018785958212,-4.105762776303585,-1175187.8646735437,298.9311124688929
23920.0,released,0.0,40.0,90.05909534314804,-0.001031408127659894,48.99592136614366,26.43530292624368,-4.535094908794002,-1173344.5585786402,300.14306583483733
23930.0,released,0.0,40.0,86.74950602058273,0.056701395262218346,50.05049587966248,27.021688278084618,-4.273065230698917,-1174370.8640796877,299.8266371881548
23940.0,released,0.0,40.0,91.7752712798746,-0.030979371547340984,49.52999608574457,27.2865599812973,-5.149134142156239,-1174080.8194020838,300.441854478499
23950.0,released,0.0,40.0,95.35708517010087,-0.09336260602183372,49.350665992715754,27.301100797770477,-2.7864464304875662,-1172959.3976435792,299.24451473331334
23960.0,released,0.0,40.0,91.8041612677829,-0.03148335098164362,49.33886224727553,26.90147721512388,-4.274323268627267,-1176197.5753686577,298.6723692892107
23970.0,released,0.0,40.0,83.58330780619475,0.1117584455976034,48.99037511215483,26.792852870739935,-4.560063706409371,-1173463.1486247387,301.2845600721941
23980.0,released,0.0,40.0,92.61426627699335,-0.045611723904580626,49.28917988322736,26.182477700716863,-4.839668794973299,-1172675.6791398302,300.8551886903163
23990.0,released,0.0,40.0,83.77710051729848,0.10839668074758901,50.36127293069126,26.426674010135226,-4.049385763841177,-1175047.9011819623,299.19635794558656
24000.0,released,0.0,40.0,85.65595523775401,0.07574526685493982,49.976269305245204,26.356587642311194,-4.9114160377350835,-1173254.3929240294,300.735263016545
24010.0,released,0.0,40.0,90.52716239285047,-0.009200589636699064,50.57492461558955,26.379705320051674,-4.613139312783774,-1174456.684190493,301.822548173131
24020.0,released,0.0,40.0,95.13876003625248,-0.0895680885444422,50.13309839357179,26.891133334823163,-4.327111888339919,-1174552.3886148483,300.2998510376571
24030.0,released,0.0,40.0,88.95060149683471,0.018314435057682543,49.38024380373543,26.428571592251824,-4.3055712599766895,-1173401.7104192432,300.3642286638496
24040.0,released,0.0,40.0,90.6486524092916,-0.0113208784109049,50.664395403534215,26.35099035860115,-3.094066432407866,-1175163.4279995505,299.7024978884721
24050.0,released,0.0,40.0,94.29598051762673,-0.07490877091213816,50.09426657790194,26.254008391178147,-3.9381074835919176,-1174215.3843404409,300.3183176895714
24060.0,released,0.0,40.0,92.46162083176117,-0.0429501723216249,49.75935901279024,26.41991407886178,-3.1849185241152917,-1174466.746678792,296.7606118899684
24070.0,released,0.0,40.0,89.9275189744061,0.0012650322044291396,50.27247307264683,26.868789373232463,-3.1102232754981785,-1172874.1902030222,300.8416134945689
24080.0,released,0.0,40.0,90.99036755221701,-0.017284313867776235,49.96400784960561,26.391996370815555,-4.239524007129542,-1174106.964488754,301.75345846905844
24090.0,released,0.0,40.0,94.54108942746726,-0.0791740105667883,49.90535852814064,26.49862076723114,-3.110070510861168,-1174633.8798287362,300.39175668683157
24100.0,released,0.0,40.0,85.54691932727218,0.07764269715372007,50.35901770587687,26.25965150119355,-3.0600907402269364,-1173681.4304902852,302.2942678342387
24110.0,released,0.0,40.0,90.94827547676725,-0.01654977370897137,50.30148136200602,25.966673882256543,-1.821612413287638,-1174295.1781875882,300.4865571231531
24120.0,released,0.0,40.0,94.43632467583328,-0.07735112934791927,49.9082988265061,26.728722484164447,-4.027129372720211,-1176253.8872339688,302.45294110602515
24130.0,released,0.0,40.0,82.26730618149743,0.1345516332330005,50.823536268281316,26.023156713863244,-3.4027905000391687,-1174093.2482352685,300.51268708999464
24140.0,released,0.0,40.0,93.02769984820803,-0.05281874110520496,50.51984834915172,26.55565046424896,-4.393033164524551,-1175105.658740757,302.65808837727593
24150.0,released,0.0,40.0,87.3411273166354,0.04638942840330995,50.74499834366668,26.300843316048557,-3.379835581669185,-1174238.2283570468,299.7318493217696
24160.0,released,0.0,40.0,88.7019903166469,0.022652604921583275,49.51271801395869,26.436610427054855,-4.0006180858484095,-1172900.1994722933,301.3566033280473
24170.0,released,0.0,40.0,83.34843893968045,0.11583105018405504,50.62406918424099,26.594773880829337,-4.257477344580767,-1173962.7770586796,299.5316103885304
24180.0,released,0.0,40.0,87.28565434671435,0.047356550161804734,50.05447135396138,26.58207529750196,-3.3989368673128,-1173533.7513231859,299.16598352330243
24190.0,released,0.0,40.0,91.01673992251122,-0.01774452795418241,49.71486663262226,26.58924179209147,-5.031289202040818,-1174095.454419624,300.0908641079873
24200.0,released,0.0,40.0,91.3534071656985,-0.02361921454548155,50.821022751810226,26.581971255047595,-4.279161521769307,-1173557.3604523428,299.65853707515134
24210.0,released,0.0,40.0,91.2111840264213,-0.02113757475765643,49.86864611299445,26.30905548419651,-3.3807212143855825,-1174886.539879419,300.41798094620924
24220.0,released,0.0,40.0,94.34089709356005,-0.07569048738182693,49.95660997714974,26.10726970267593,-4.3965864404000055,-1172724.2856633216,301.3572045785551
24230.0,released,0.0,40.0,89.96841470130438,0.0005512674295430342,49.036592970786124,26.22194272603249,-3.5165018379733306,-1173602.226906715,302.0882242345688
24240.0,released,0.0,40.0,92.8572552892872,-0.04984784553239757,49.10910827335882,26.598064576582505,-2.975484891439506,-1174112.4068221636,300.68513703612217
24250.0,released,0.0,40.0,91.84377101967945,-0.03217432128586478,49.44582620740297,26.423533326546554,-5.065785426782869,-1174580.0988823678,299.4973097442673
24260.0,released,0.0,40.0,94.24371380444155,-0.07399907663508426,50.19921683901909,26.382242834103362,-3.8038498662945615,-1175097.5801366959,301.42706604470317
24270.0,released,0.0,40.0,84.71478140543886,0.09211370314281841,49.32021683824211,25.918071711013937,-3.042169741930102,-1174219.0865368582,300.20437528125973
24280.0,released,0.0,40.0,94.2285442101871,-0.07373504056679442,49.18425114816852,26.317912769698705,-5.934987038811102,-1174918.0338107552,301.79188588563926
24290.0,released,0.0,40.0,99.61680135512334,-0.16705787199990613,49.24082485280507,26.36880010360297,-4.975195954494552,-1173452.2000899632,299.8897107672835
24300.0,released,0.0,40.0,92.22797971557934,-0.03887578270546144,49.09869105693838,26.454021070112596,-5.060898756554968,-1173784.7067872863,300.23925048220303
24310.0,released,0.0,40.0,93.11223608987649,-0.05429205929709158,49.93515596942049,26.39793954311395,-2.8671063389226905,-1172200.5382184014,299.7247484019494
24320.0,released,0.0,40.0,88.47811481275781,0.026558784072680752,50.05861080386928,25.901178342924762,-2.875695218679547,-1173676.1415449101,298.44236766108855
24330.0,released,0.0,40.0,95.9097235959938,-0.10296134509302857,50.22948267523785,25.812107435566862,-4.56943313200451,-1173510.5582076348,301.71955957376724
24340.0,released,0.0,40.0,89.95759804605345,0.0007400536380944289,49.61214423972785,25.8556819757207,-3.9540921857790106,-1174674.777998805,302.57641732620635
24350.0,released,0.0,40.0,90.19971338407305,-0.0034856490540424168,49.17680275557869,26.127177390084512,-4.064163228508599,-1175924.5269219168,300.7478278565911
24360.0,released,0.0,40.0,96.8134718730969,-0.11863743956347195,49.64962478423933,26.34698550951695,-4.88283878922979,-1172171.957248954,298.6411954962691
24370.0,released,0.0,40.0,94.98198591931794,-0.08684252983152235,49.814218585859805,26.17935737526797,-4.172756740688324,-1173905.362115536,300.1677540032562
24380.0,released,0.0,40.0,96.4318188774745,-0.11202079821546918,49.90365513158488,26.026311609489387,-2.9931118571245086,-1173430.6692379173,299.92491564883767
24390.0,released,0.0,40.0,92.48264948179222,-0.04331684992134377,50.54221035264776,25.86461547724142,-4.551036735301813,-1175416.631055599,301.11816442889693
24400.0,released,0.0,40.0,88.04279474490778,0.034153032832869024,49.93702902850982,26.03087445280286,-2.0778532881129954,-1174053.844052827,299.3275889584335
24410.0,released,0.0,40.0,93.21730357161266,-0.05612303584401379,50.45013454896662,26.11701415765333,-4.924362854212082,-1173694.0041300096,299.13160071273217
24420.0,released,0.0,40.0,88.0789077062121,0.033523103715032365,49.86933893548423,26.608896683629833,-2.3088046638493447,-1171932.0853137858,300.5997054499497
24430.0,released,0.0,40.0,94.83277185507039,-0.08424780038323942,49.760128141839544,26.47453954455019,-3.1839309388613817,-1173420.3883357309,300.2223173606916
24440.0,released,0.0,40.0,87.82141478134244,0.038014323463110455,50.06629533060058,26.03066040923281,-2.3815084026553563,-1174088.3199270535,302.62790689321974
24450.0,released,0.0,40.0,89.3698559642136,0.010997866469929951,49.967024147932584,26.520893547333404,-2.4503193571144215,-1174697.4010398258,300.3406184179348
24460.0,released,0.0,40.0,89.7970736208705,0.0035417260504537196,51.09113082313819,26.610514958655774,-1.5564527517981608,-1175496.5387681257,299.26850800611805
24470.0,released,0.0,40.0,85.85384966606378,0.0723008349443856,50.3225993693313,25.976377399827328,-3.354553482823041,-1175371.9735656139,301.05367804610603
24480.0,released,0.0,40.0,88.34834466277145,0.028822831461948584,50.34764553176313,26.356540697143547,-4.31413158018121,-1175099.8980972506,300.79330722421065
24490.0,released,0.0,40.0,92.93275461720489,-0.05116387558119223,50.177157505051895,25.855901371320236,-3.4505242201332225,-1173250.4783310127,301.16211925655233
24500.0,released,0.0,40.0,93.87708254403564,-0.0676162264261887,49.37079764774445,26.46652832807337,-4.195836275791323,-1173261.313516723,299.78576553002324
24510.0,released,0.0,40.0,89.29466914332254,0.012310034839526252,50.00525019926545,26.33086519751649,-1.8802999580181097,-1173208.5365077667,299.4116582550079
24520.0,released,0.0,40.0,92.24721509175349,-0.039211247367768265,49.43078770959122,25.775503515579544,-2.3837781937119176,-1173634.6813391782,301.9117575933246
24530.0,released,0.0,40.0,95.16206887400284,-0.08997326197025607,50.4462636465189,26.521837286656286,-3.477546525560172,-1175372.4106604736,302.0490481351522
24540.0,released,0.0,40.0,95.2508560092509,-0.09151649615790891,50.450558148702086,26.161863804031178,-4.444171070322814,-1175736.6323428638,300.3856615777376
24550.0,released,0.0,40.0,93.97814278619724,-0.06937591759840095,50.32005261989024,26.139319159904176,-4.475410471938492,-1173614.2058544662,300.5195655135244
24560.0,released,0.0,40.0,97.11992588198213,-0.12394657476677329,49.138502914229186,26.26842343330303,-4.944628439325272,-1173926.6561699286,300.27739064302494
24570.0,released,0.0,40.0,84.41779796173894,0.09727374455082183,50.278679238408365,26.279486939521608,-4.129826507338848,-1177123.7090916466,301.93754726326404
24580.0,released,0.0,40.0,92.18291257809435,-0.03808979543360419,50.55608114233249,26.05265136270857,-4.304619018178235,-1172474.2284286395,300.35607190793826
24590.0,released,0.0,40.0,99.19997798417621,-0.15988080838608282,49.66505852043591,26.3435472378057,-2.770476040475972,-1174302.7582298052,301.45689508364444
24600.0,released,0.0,40.0,90.20732873775681,-0.003618561210915916,50.5090751048044,26.049426931231828,-2.8106133508182953,-1174623.1840498596,302.3918649228683
24610.0,released,0.0,40.0,86.10394329090306,0.0679466264704236,49.7517327003416,25.989417741170076,-2.5407211061147272,-1172963.6683924291,301.5357009275435
24620.0,released,0.0,40.0,94.92513848731612,-0.08585406077555391,50.217884484413794,25.956753044952592,-3.594356333298791,-1174611.0841812603,299.34458051109436
24630.0,released,0.0,40.0,98.74100316148397,-0.15196818738821938,50.08681459913494,26.323559871837375,-4.354741700267061,-1172612.9553075302,299.58036960454814
24640.0,released,0.0,40.0,87.30707455640054,0.04698311312047304,50.88701763389958,26.123053247817722,-3.9398734164591924,-1175120.7218200173,298.44541343404734
24650.0,released,0.0,40.0,94.1822985741903,-0.07293007516192862,49.74733024961839,26.084462637228107,-3.365014345180431,-1173786.928868195,298.9375128889308
24660.0,released,0.0,40.0,87.16556095110077,0.04945011812876876,49.615488207285814,26.051064689804857,-4.499022800489354,-1174630.6460965723,299.8403879623821
24670.0,released,0.0,40.0,91.18339621403328,-0.02065269183053492,49.893185522444064,26.068796586072118,-2.1054107897925483,-1174636.692129353,300.38042638579674
24680.0,released,0.0,40.0,95.57778658706287,-0.09719704556479247,50.12938204471785,26.08004268369177,-4.3301853537432455,-1173834.6858063415,299.59673884772053
24690.0,released,0.0,40.0,86.8310328418896,0.05528071608605617,50.07755101543944,26.462459600556787,-1.2837116681526286,-1172859.256277334,299.6843983284065
24700.0,released,0.0,40.0,96.74564591576394,-0.11746193076217976,49.41065933676398,26.066517779750107,-4.391855649939176,-1173220.683988031,300.5528293473603
24710.0,released,0.0,40.0,90.67262239247786,-0.011739205726720159,50.624549048813634,26.69146567667009,-4.824984990996741,-1172801.8917620052,300.6333090596767
24720.0,released,0.0,40.0,87.93669107998144,0.036003751168251386,50.31825021801257,25.89708418007863,-2.8860694205993185,-1174952.611527536,299.91019552563915
24730.0,released,0.0,40.0,85.21499998573769,0.0834169594952599,49.5657624262474,26.047410218614615,-3.7919685549416737,-1173063.9466973823,301.5088569256094
24740.0,released,0.0,40.0,89.99524253484331,8.30334309378511e-05,49.96857998229709,26.09112178330768,-3.6646138255736287,-1172440.5044643488,300.74779394912
24750.0,released,0.0,40.0,90.30716447084632,-0.00536100568152359,49.982599086224155,26.442018284098303,-4.093325820633678,-1174194.1235733796,300.8420416249042
24760.0,released,0.0,40.0,90.24479284720147,-0.004272428170994158,49.70569978664263,26.268511803802646,-3.2077088772481885,-1172145.4696531482,299.8392603386807
24770.0,released,0.0,40.0,92.31888212700702,-0.04046108014201233,48.88473797476592,26.146222432716588,-4.001831972093395,-1175069.3844164964,301.7881115087337
24780.0,released,0.0,40.0,89.82899841958287,0.0029845361736040577,48.899380489346754,25.952290050516886,-2.4398955529692685,-1175374.3975419626,300.0647090252669
24790.0,released,0.0,40.0,91.2511840657648,-0.02183554595814563,49.323235181998534,26.189780033870903,-4.604935295422214,-1174775.1424172893,298.4418291464732
24800.0,released,0.0,40.0,91.39974660204837,-0.024427756844040194,49.17262756574973,26.335858861163775,-4.0419764646453284,-1175765.8107622713,298.6378496247477
24810.0,released,0.0,40.0,93.32377400777678,-0.0579782686665114,49.28155367895974,26.174644337266603,-3.1021606693737653,-1174500.7617956307,300.06004943061106
24820.0,released,0.0,40.0,88.73673914517087,0.02204627494883299,49.74770708308804,26.108425653993194,-4.515514835694349,-1174407.2943399046,301.70653057607916
24830.0,released,0.0,40.0,90.65921389396009,-0.011505199086264073,49.13259315762427,26.027567331386987,-3.355248249117752,-1174280.158024082,299.6629633646572
24840.0,released,0.0,40.0,88.53547254935836,0.025558042704697803,49.18568211830287,26.654832500581218,-2.844686104926092,-1175780.0062622838,300.23693028033415
24850.0,released,0.0,40.0,87.25752902902262,0.047846873090888475,49.15284815320892,26.36664047251855,-4.845604714727507,-1174870.336221559,300.74262206129913
24860.0,released,0.0,40.0,86.28540280069909,0.06478654430902525,49.431413810799974,26.363346314689903,-3.582475237340916,-1175717.330482483,299.6799413490798
24870.0,released,0.0,40.0,90.30909689180456,-0.0053947323020557825,49.57612264403424,26.31045114045856,-2.541671831388566,-1173946.8402680848,300.128657582474
24880.0,released,0.0,40.0,89.27163329500144,0.012712054768981629,49.23721283935778,26.513902611129502,-4.778225382253475,-1175718.1771713793,301.8355895796243
24890.0,released,0.0,40.0,96.0946489304185,-0.10617120589104401,49.71335216579492,26.30169580731726,-4.522580347463721,-1175020.1630977858,300.46387114500254
24900.0,released,0.0,40.0,95.89237010837851,-0.10266007455436826,49.82419533385576,26.21612807337958,-4.806275427245893,-1172905.2588914447,300.7862307482915
24910.0,released,0.0,40.0,92.96750299488042,-0.051769545419002805,49.35588332052455,26.24311907416629,-2.2109763644000604,-1173671.4373131488,302.22943384538735
24920.0,released,0.0,40.0,92.29529637214222,-0.040049764739673754,49.82431551702002,26.34348818044973,-3.242505321132063,-1174421.2646817714,300.58393471022646
24930.0,released,0.0,40.0,90.36076896807505,-0.006296564724825426,49.593883861714524,26.7283125731469,-2.6178322327481345,-1174870.5835431572,298.5897516827372
24940.0,released,0.0,40.0,89.61871444784691,0.006654639158457265,49.44138300589209,26.392488459724742,-4.958242987186381,-1173764.9798479956,301.8875483457024
24950.0,released,0.0,40.0,98.68524977446212,-0.15100633737034236,49.16796622560798,26.326957235456753,-3.408321530941005,-1175027.3321444672,299.4279651871526
24960.0,released,0.0,40.0,86.09223148968937,0.06815056214298537,49.251412830600565,26.087346535723878,-4.0333915085224685,-1174866.8894509524,303.273815941959
24970.0,released,0.0,40.0,90.63284605283489,-0.011045022699519236,49.85579851272669,26.79216375028822,-2.698976080556402,-1174464.04018314,300.20237820292823
24980.0,released,0.0,40.0,85.93785492547649,0.0708384265451299,50.01852248414119,26.733333631525042,-3.5925121352448146,-1175865.9414803255,301.0252283585938
24990.0,released,0.0,40.0,87.84043676615828,0.037682565077671704,49.97394796347969,26.205910775239584,-3.152303827981666,-1173269.2540939804,302.6877282448229
25000.0,released,0.0,40.0,95.26563203962375,-0.09177330127077776,49.63458767007765,26.32625114064257,-4.325560903179476,-1173487.4125422519,301.29931139067264
25010.0,released,0.0,40.0,93.04001238752099,-0.05303333426669726,49.77324482576033,26.58754773354225,-2.6121205449679112,-1174029.920166526,301.19094654619926
25020.0,released,0.0,40.0,90.0354478766091,-0.0006186821202008863,50.83514178262531,26.06403678127739,-4.707295224847483,-1174393.3403227273,299.1828953151336
25030.0,released,0.0,40.0,86.36367928370362,0.06342317206823161,50.60520838436695,26.62957681014946,-4.409225010986642,-1173937.789606234,299.5601666378998
25040.0,released,0.0,40.0,90.94808354487078,-0.01654642432412967,50.857690722194874,26.687336204463598,-5.206961224463276,-1174315.1427038815,299.40678831318485
25050.0,released,0.0,40.0,88.45322845337938,0.02699297724858657,49.84334529996944,26.2740546427417,-3.555402572816077,-1172575.426936211,300.01356372630215
25060.0,released,0.0,40.0,88.37959203970799,0.028277684173959983,50.61068300172139,26.447781895919892,-4.327888477982665,-1173953.1432166975,300.66632135589094
25070.0,released,0.0,40.0,99.315839502359,-0.1618766326361129,51.10660403367467,26.53805489275699,-3.5078463123398973,-1173806.8575439192,298.9343365151412
25080.0,released,0.0,40.0,90.32119529098264,-0.005605886007410299,51.22774519216276,26.311646266701914,-4.829430431968886,-1172942.7760144696,301.0038113245311
25090.0,released,0.0,40.0,85.61973429923576,0.0763756102018654,50.996269435736686,26.370534395464187,-4.07592407497829,-1174423.4784280304,300.9713679282197
25100.0,released,0.0,40.0,88.10943043352957,0.03299067631531227,50.98660820622015,26.463964507946578,-4.239611295196168,-1174585.7405772265,300.89409390937794
25110.0,released,0.0,40.0,85.08227541930178,0.08572514074602178,51.6878671553085,26.787737902803233,-5.355682650068669,-1174452.2617243193,300.20314698691516
25120.0,released,0.0,40.0,92.00229293782414,-0.03493949161043319,51.108526431748984,26.652191415876512,-2.434873818572324,-1174613.7346558124,299.006284925809
25130.0,released,0.0,40.0,90.80714573628264,-0.014086884698971014,52.690025056877666,26.664836338191833,-3.7079887767096396,-1173127.1554366462,300.7946747341971
25140.0,released,0.0,40.0,94.41648524334511,-0.07700589873431912,51.879315634755756,26.52202266615688,-5.0290312702590985,-1174325.5010249894,301.2957731500104
25150.0,released,0.0,40.0,85.16334233300537,0.08431537928954541,51.41009925506904,26.28958017100657,-3.1778394611651257,-1174101.3437783811,299.5363323753667
25160.0,released,0.0,40.0,87.62449269617564,0.041448546696126465,50.71861730057608,26.63534885191173,-2.676781366098802,-1175921.5794309936,299.9926288202318
25170.0,released,0.0,40.0,86.11619305012663,0.06773332038582502,51.33797713226239,26.716063705987544,-2.7079603281462026,-1176814.8870878387,299.44245271334665
25180.0,released,0.0,40.0,86.18550088618473,0.06652639919553738,51.45261411783881,26.450770662593413,-4.07795492385661,-1173480.9179873206,301.81113610323393
25190.0,released,0.0,40.0,83.10507542478294,0.12004889706547317,51.10800330534147,26.610131180550045,-2.3279455381506495,-1174541.654600503,300.3517806494106
25200.0,released,0.0,40.0,83.00271889573267,0.1218222432979496,51.571632540249844,26.116010112895548,-3.044653616366161,-1173713.441445522,299.69785799942525
25210.0,released,0.0,40.0,83.57674709887274,0.11187223347504643,51.201958307171296,26.093967177848118,-2.718954978706923,-1174433.1975620873,300.0866993964133
25220.0,released,0.0,40.0,88.29338310589951,0.029781679645078774,51.54284073169996,26.138440635332888,-4.686983158582308,-1172231.379279429,301.0661139704506
25230.0,released,0.0,40.0,91.89438416040203,-0.03305721722519972,50.32413777031991,26.572571220547626,-4.142532590024148,-1175193.112009218,301.78327103313643
25240.0,released,0.0,40.0,90.93120590539408,-0.01625189355878731,50.629638838633575,26.057523034454427,-4.198698136070634,-1173828.9961351193,299.28992346986973
25250.0,released,0.0,40.0,85.01749092688624,0.08685162608860297,50.88691639153915,26.108753368873728,-5.637025234720154,-1175486.7728707734,302.31013906612276
25260.0,released,0.0,40.0,90.65483408740361,-0.011428762067182074,50.06430452016137,26.566471586965033,-5.059730689812641,-1175267.7854650784,300.8951648367315
25270.0,released,0.0,40.0,86.2808607194466,0.06486565183436993,51.11808738547512,26.595364548219866,-4.17691692260615,-1172791.8210127018,300.7251859932087
25280.0,released,0.0,40.0,92.86944113984708,-0.05006026321501511,51.04699686803315,26.36108827245755,-1.8917609871686834,-1175440.8852866422,301.1908301041246
25290.0,released,0.0,40.0,88.78560442962686,0.02119361421711702,49.929878009731574,26.77195001610394,-5.992620166043199,-1174837.4455887917,301.16582329576306
25300.0,released,0.0,40.0,84.26788300057194,0.09987750990918048,50.15346539698414,26.520780098903018,-2.6145489120858016,-1173408.0434682127,302.0532382274605
25310.0,released,0.0,40.0,89.43836982855849,0.009802138695351459,50.95711349837768,26.44502710094539,-4.316575528003998,-1173938.1718286462,298.35151436261293
25320.0,released,0.0,40.0,80.61280170739462,0.16310552643081228,49.68107883580181,26.05218476298863,-3.533712587142191,-1172916.1399000324,299.88641722151806
25330.0,released,0.0,40.0,83.18907492269761,0.11859330339597601,50.70527890412631,26.112499625614568,-4.112354588334181,-1174106.2661806867,301.2178698556985
25340.0,released,0.0,40.0,93.60316081836967,-0.06284557726249013,51.302916290263,26.571578881818294,-4.258551365197598,-1173078.5833785385,300.2139125198074
25350.0,released,0.0,40.0,88.55183207618933,0.025272607329969277,50.41458941184423,26.541683726866847,-2.593945395491007,-1175369.3662341852,300.4956641560517
25360.0,released,0.0,40.0,88.35943130565732,0.028629412893867112,49.417993913017966,26.628015925425615,-4.2410856589914365,-1172836.9084198326,299.295065156378
25370.0,released,0.0,40.0,86.48677142117032,0.06127898951965349,49.56053423003519,26.12233740306535,-4.623705478339809,-1174634.6655105092,299.1310003799097
25380.0,released,0.0,40.0,91.5972048473359,-0.027872873093666317,50.213842600062414,26.586953063976182,-5.145673216088744,-1174051.7162308227,299.5024329500943
25390.0,released,0.0,40.0,89.33667824575741,0.0115768899984523,49.6833923886694,26.528207794976062,-2.9243501884633787,-1172344.081238944,301.93759066428765
25400.0,released,0.0,40.0,85.1292113342647,0.08490894138843774,50.18527404260191,26.316032379934462,-2.928926994238908,-1173759.9110778328,300.4432350030254
25410.0,released,0.0,40.0,89.49465090906537,0.008819891154171977,49.648398091227264,25.952012895314347,-4.8362159211886775,-1175345.5761161726,302.0981558070006
25420.0,released,0.0,40.0,92.40974145306238,-0.042045524416195745,49.361176343466475,26.62572151475771,-1.9413230177114755,-1172777.746313652,298.8504057947507
25430.0,released,0.0,40.0,87.32271229880772,0.046710482682495336,49.71969499774375,25.97291060677617,-2.9706384722758736,-1175041.503608007,302.3942960988837
25440.0,released,0.0,40.0,95.76762268149652,-0.10049408313138031,49.62889276720438,26.79539540140448,-4.120706628472867,-1173465.9157051481,300.15030125836546
25450.0,released,0.0,40.0,91.17443857604799,-0.020496384648479693,49.626644056953495,26.26575675157175,-4.127365549444495,-1174014.7798796352,299.18321896525134
25460.0,released,0.0,40.0,89.59083478791952,0.007141219437219737,49.57342644859505,26.703081254908827,-3.761653292034225,-1175667.031354703,300.40477522841655
25470.0,released,0.0,40.0,87.70931709602458,0.03996930900294837,49.76074307976121,26.467279018868624,-2.6956198209040494,-1173044.1561130937,299.2771080573693
25480.0,released,0.0,40.0,84.89467877366751,0.08898680172486662,49.7734243916522,26.20278824524436,-2.062477091223374,-1174432.3455706984,301.2518148148228
25490.0,released,0.0,40.0,94.23133058042478,-0.07378353943344379,50.05632102114293,26.220837794757458,-2.6318313632383576,-1174254.3675901834,300.39705622273465
25500.0,released,0.0,40.0,93.95296173145327,-0.06893747751588974,48.76623615652269,26.69529644285578,-2.07326245757468,-1172999.35971006,302.13081839362604
25510.0,released,0.0,40.0,85.09102687636687,0.08557296027563227,48.10453743816846,26.863054725591603,-3.1568083420971043,-1173659.1288230494,301.00372316567694
25520.0,released,0.0,40.0,88.18857088392471,0.03161013572876725,48.45543341599109,26.41592284227088,-4.259014928152256,-1173082.1294076983,301.04954142491425
25530.0,released,0.0,40.0,87.21850490671669,0.04852718128713929,48.95988383703287,25.99471634726521,-2.876754817051995,-1175197.9780693632,300.572981156827
25540.0,released,0.0,40.0,86.388631094499,0.0629885515791645,49.738081275567446,26.56461078466661,-2.821772615657883,-1175920.2565847635,299.27742037547796
25550.0,released,0.0,40.0,91.54303526729716,-0.026927790576419364,48.212554357329495,26.247841541297596,-3.429874951518671,-1172777.12643056,299.66216204585004
25560.0,released,0.0,40.0,91.13786370771321,-0.019858162740298002,48.845631997064615,26.30536054319191,-2.681664343941722,-1174063.6464602966,300.2774484507575
25570.0,released,0.0,40.0,86.8610335793935,0.054757897564010616,49.18998614471665,26.17009090134088,-2.7049574478832312,-1174115.3067012075,301.10506010151084
25580.0,released,0.0,40.0,87.4315559844946,0.044812792413594926,48.61309353126116,26.195818674582245,-2.882542140668159,-1172914.7540708184,299.6230049167974
25590.0,released,0.0,40.0,86.24959747205496,0.06541013962449921,48.4255728328305,26.350525935729824,-1.251671564568305,-1175056.9346818011,300.9066387104602
25600.0,released,0.0,40.0,90.52966875730263,-0.009244332088291618,49.64339599639572,26.62163909208416,-2.9626548072663796,-1172553.2077215146,301.57074657827445
25610.0,released,0.0,40.0,91.17832288614042,-0.020564164359922088,49.9478429089198,26.09850655248769,-1.9280569355731645,-1173640.0240293704,300.82308744437773
25620.0,released,0.0,40.0,95.15759168856984,-0.08989543699689095,50.30536527294986,26.19709264901465,-2.3115028988444157,-1175101.8930677325,302.75787507055105
25630.0,released,0.0,40.0,84.02491048703315,0.10409606510067115,49.993742074171664,26.465470355370314,-1.0866127553266178,-1174231.5053178184,299.7533209639448
25640.0,released,0.0,40.0,84.44429571266281,0.09681345436886385,50.45503003540444,26.54703506646391,-5.217830140575494,-1174420.9507075977,299.39169659247125
25650.0,released,0.0,40.0,87.13474586204066,0.04998727773666034,49.959027817758034,25.898158878061725,-2.5058557739665037,-1173683.4981264044,300.08921219847866
25660.0,released,0.0,40.0,94.43150526279258,-0.07726726646353,50.059996097007414,26.174843104527174,-3.6536807765393533,-1174060.3364523388,300.33060439845167
25670.0,released,0.0,40.0,83.12980670386698,0.1196203652924056,50.189374003450986,26.027706199783427,-2.394713092654424,-1174138.383176528,299.67295676897356
25680.0,released,0.0,40.0,86.16413691540905,0.06689844015807905,50.73687838815758,26.255997051802776,-3.1500236230048246,-1174178.046154527,300.0903585992733
25690.0,released,0.0,40.0,88.68566194365131,0.022937514740352105,51.04484529662917,26.193652503515906,-3.5888007771675525,-1174266.2878063936,298.625900451419
25700.0,released,0.0,40.0,95.19975177683736,-0.09062826571552896,50.07986009154912,26.146659411888717,-3.694903209669592,-1174667.4815619104,300.1956231553337
25710.0,released,0.0,40.0,88.06321347689037,0.033796864472773025,50.88649245716254,26.00671263345309,-2.118763642284824,-1173159.847964948,300.1602166824525
25720.0,released,0.0,40.0,96.13794590984112,-0.10692257917552783,50.61943591952664,26.261472810393983,-3.4472316338207394,-1175309.663566986,300.31331019633086
25730.0,released,0.0,40.0,91.40418314686757,-0.024505165979267773,49.82177477332478,26.52045807433407,-4.152566745322559,-1174839.0716230534,299.89162390217047
25740.0,released,0.0,40.0,85.04920903461878,0.08630011925260561,49.53890542276178,25.836183641506615,-5.235832931112025,-1174213.9924033638,302.2714425558281
25750.0,released,0.0,40.0,90.2339347661407,-0.004082920560075254,49.69412339800187,26.527813661896012,-2.526831779486824,-1175412.7557387631,300.06364304397135
25760.0,released,0.0,40.0,91.0841008396173,-0.018920000105687174,50.05900840795918,26.34390159508868,-4.193908959694847,-1174778.5595756397,299.2577788526657
25770.0,released,0.0,40.0,95.08307156671981,-0.08860000578730864,51.36146629566394,26.57839185044752,-4.285116263544267,-1174393.107301589,301.7328958921532
25780.0,released,0.0,40.0,88.88989406964453,0.019373791353814285,49.705179593435204,26.644027234075086,-3.430353755474963,-1172941.6852615196,299.6898966078286
25790.0,released,0.0,40.0,94.56976884127468,-0.0796729795040978,51.19050743519162,25.881729953976375,-2.830797252711819,-1175964.7222579978,300.24746213055334
25800.0,released,0.0,40.0,91.47298197301156,-0.025705553476230325,51.007043153032996,26.985563627204474,-2.4201754387251064,-1175175.2367902175,299.5731344103341
25810.0,released,0.0,40.0,93.48699173022825,-0.060821924295926366,51.36038291017565,26.534438355461877,-3.6447388946060526,-1173483.1718856972,299.62816332441923
25820.0,released,0.0,40.0,90.8383204972904,-0.014630930821454835,51.42829755838509,26.295833599173992,-3.82186209272294,-1173505.5133112334,298.475721083435
25830.0,released,0.0,40.0,93.37177421591794,-0.058814600651831195,50.855977965089,26.186185169929725,-3.3783863194358315,-1172242.311522724,299.78526991185
25840.0,released,0.0,40.0,90.90709584181862,-0.015831147715432536,50.963736249971056,26.242368344302527,-3.572032261972934,-1173912.811756121,301.2978973533212
25850.0,released,0.0,40.0,95.06934498376376,-0.0883613713555304,51.21590650441349,26.678680976595572,-4.558530610697363,-1176248.972936131,299.2230975099953
25860.0,released,0.0,40.0,92.85257990140164,-0.04976634589846046,50.32473230352193,26.323077797053124,-3.495569143041907,-1174848.7618980631,299.1721371555674
25870.0,released,0.0,40.0,99.87388972654696,-0.17148015803473848,50.80627344971976,26.292390432213942,-2.3419587046399464,-1171854.3381656148,300.2055044003353
25880.0,released,0.0,40.0,90.41744553645981,-0.007285734600630478,51.5218798862235,26.204314979914834,-4.464093051489492,-1175041.0173629224,300.73667440675024
25890.0,released,0.0,40.0,90.48573323860958,-0.008477542751788136,51.73259284308306,26.26439643349944,-1.3164426752771208,-1173478.9167654663,301.11833744370955
25900.0,released,0.0,40.0,89.89277988078695,0.0018713430124299157,50.935173383199405,26.109388694994905,-3.194738223477926,-1174289.6039403751,300.01229847860304
25910.0,released,0.0,40.0,94.12328246042038,-0.07190275405866137,50.95401385526147,26.413089796024487,-3.573063168165441,-1173372.165829176,300.0874111615531
25920.0,released,0.0,40.0,88.00571406059268,0.03479982811042842,51.36041247194268,25.96086074618023,-4.208898240537084,-1175278.418042846,300.43553509635984
25930.0,released,0.0,40.0,89.89674127243838,0.0018022038017944664,51.09758098523192,26.266080968489728,-3.7865540012817736,-1173758.488861505,297.6298713657994
25940.0,released,0.0,40.0,84.72468579176233,0.09194157254844082,51.12134705302914,26.003335181362157,-3.53491089791165,-1173451.8510118108,300.7882477954736
25950.0,released,0.0,40.0,91.9327592128118,-0.03372661471961941,51.16838994875697,26.249466156825417,-4.821660823373059,-1174621.1859920174,301.37077902933135
25960.0,released,0.0,40.0,90.43727343694518,-0.007631787119739608,51.0991953997977,25.626098938393984,-3.736450244704759,-1173907.831551686,299.5795145757203
25970.0,released,0.0,40.0,92.54083955808937,-0.04433148256493219,51.470154157284,25.830707456917146,-2.386321102517841,-1174298.028633736,299.1225487450876
25980.0,released,0.0,40.0,94.46731192417516,-0.07789032714666788,51.90708335204509,25.728234153021067,-3.381272191233349,-1172785.1384505406,302.0231273799013
25990.0,released,0.0,40.0,96.34057248391767,-0.11043813056084162,50.932487891094176,26.12052611717222,-5.547308815512682,-1173429.7410934884,300.4135062868215
26000.0,released,0.0,40.0,94.41479512832511,-0.07697648821946079,49.77294120925397,26.112894901872718,-4.263819460925563,-1173384.2567646354,300.9396504025941
26010.0,released,0.0,40.0,89.31224619534899,0.012003280079358414,50.36720109518781,26.056188436691944,-4.580730628428399,-1174001.5798171721,300.88504087765995
26020.0,released,0.0,40.0,92.33600489087063,-0.04075968221465148,49.23410703909551,25.794827602156325,-3.076139910109765,-1173941.1845114436,299.59186765531723
26030.0,released,0.0,40.0,88.17552391304359,0.031837733712822114,48.97951681225907,26.290301561291077,-1.9088969047515327,-1174868.425523838,300.0246916021248
26040.0,released,0.0,40.0,91.13494606348546,-0.01980725025794461,49.147195520211774,26.265760389554895,-3.5044992821495793,-1173187.3266028743,301.2295527687587
26050.0,released,0.0,40.0,91.60506607731558,-0.028010023870102152,50.22147252874797,26.191454405640112,-3.958452172065871,-1175096.4952755552,299.72443021063253
26060.0,released,0.0,40.0,90.38866841878837,-0.0067834915807152285,49.37251478037944,26.45697195885851,-4.391190382588541,-1174652.2160416525,301.40500829094634
26070.0,released,0.0,40.0,88.02322514918053,0.034494385455418775,50.09271116355152,26.13571502271095,-4.030451760622011,-1174671.1365279034,300.7729822615086
26080.0,released,0.0,40.0,88.07178263491983,0.033647389513835835,49.125448560054146,26.010485061233254,-5.252819757889831,-1173965.179725349,300.1957296474567
26090.0,released,0.0,40.0,91.11673179006772,-0.019489412586773613,49.26511621527537,26.074001076813456,-4.255219942928095,-1174614.8391591646,299.5240192052266
26100.0,released,0.0,40.0,93.64235464596791,-0.06352827163393632,49.501057849215776,25.934576640328043,-3.942828490072141,-1173095.1688380167,300.6646999086235
26110.0,released,0.0,40.0,86.22243811269001,0.06588313737021922,48.591115450615284,25.523475753431153,-4.52410367689256,-1173730.9737682994,298.2704851036152
26120.0,released,0.0,40.0,94.33256649045714,-0.0755455072194674,49.477831707504656,26.033517067851168,-4.033509652234856,-1173293.0648964848,300.42403326259677
26130.0,released,0.0,40.0,92.53929685201851,-0.04430458371943269,47.99460313845171,26.262065913320907,-3.8577141876999903,-1174737.8839184605,301.12284607648786
26140.0,released,0.0,40.0,87.85583292157862,0.03741404096736778,48.5938307056961,26.149895049853512,-4.7239706381109805,-1174222.4642692711,302.76727305620955
26150.0,released,0.0,40.0,89.95877294057253,0.0007195478658339471,48.57573428583526,25.80090379947783,-3.92430127776313,-1174180.8655258752,299.8867338543228
26160.0,released,0.0,40.0,91.3109399264388,-0.022878221748752647,48.60297437322069,26.101527043757276,-4.526849915933655,-1175173.2575898413,301.90108161028274
26170.0,released,0.0,40.0,91.25520692260604,-0.02190574126123601,47.653300029065264,26.30094995454559,-3.4458482194876505,-1172747.9042558372,298.5274535968296
26180.0,released,0.0,40.0,97.24720881402685,-0.1261506430827914,48.57603651660331,26.374950190563656,-1.9725282659481227,-1174434.791697327,299.92517697657314
26190.0,released,0.0,40.0,87.67311069106191,0.040600716994416086,48.70408978495391,25.57543088051038,-4.364405941575315,-1175811.9761614464,300.14568075409676
26200.0,released,0.0,40.0,93.71773105759856,-0.064841125449004,48.58813414213405,26.15362576759519,-4.482857049499975,-1173756.0693463758,300.7034297196417
26210.0,released,0.0,40.0,92.32153760083477,-0.04050738890737687,48.948153051440165,25.781875649527844,-4.416454271333571,-1173464.840071138,300.7095694707911
26220.0,released,0.0,40.0,98.2509064150618,-0.14350827818613354,48.48550899859858,25.772441169986248,-4.524480528554067,-1175337.602875961,298.3209767073909
26230.0,released,0.0,40.0,91.70727513993083,-0.029793163104130715,48.27974587350757,26.047855192158245,-2.8089507359993693,-1174866.842799861,298.1986614153511
26240.0,released,0.0,40.0,91.3098819680948,-0.022859761721407468,48.866457182945545,25.9282420372573,-3.570196022253712,-1176235.0331399348,299.71904829007053
26250.0,released,0.0,40.0,91.5225403562444,-0.02657021489358169,48.044976045902274,25.680229392911084,-6.331229565638241,-1171620.112963939,301.2460807848368
26260.0,released,0.0,40.0,89.04364342775462,0.016690795950520088,48.59916319343308,26.095009502622215,-3.0027283859787195,-1175376.603689285,299.739503107249
26270.0,released,0.0,40.0,88.68980430384983,0.022865235877714885,48.25806845315851,26.056058966620586,-3.2481332486678096,-1172711.7864147704,299.76090468891664
26280.0,released,0.0,40.0,94.98336213280002,-0.08686645851866148,48.70989668134907,25.568468568027868,-4.557648020838804,-1175662.948413739,300.16858633223046
26290.0,released,0.0,40.0,99.80242563074157,-0.17025121649620542,48.35157220938381,26.25203348263386,-5.0056530775087795,-1174592.7163789198,300.9895165940583
26300.0,released,0.0,40.0,90.67893618132945,-0.011849394465670071,48.555760631931356,25.870997720654238,-3.8722534745264126,-1176619.0955986418,300.0065679671595
26310.0,released,0.0,40.0,91.96443927119422,-0.034279216302768145,49.2449144604265,26.03350142969149,-4.202243858028817,-1174400.594494922,299.5230246447526
26320.0,released,0.0,40.0,95.54612753301907,-0.09664709228316187,48.50910284733111,26.175006770497735,-5.842919444390854,-1174663.819756098,299.96162681024936
26330.0,released,0.0,40.0,93.40417159866318,-0.059379053395609116,48.29118990017485,26.205836400859372,-4.580459492866536,-1174022.2404597625,300.0448498597286
26340.0,released,0.0,40.0,92.80155567713419,-0.04887688905030663,48.87778203868691,26.275211762587787,-3.584750441908406,-1174038.1389625221,301.39673823939347
26350.0,released,0.0,40.0,89.10975408989545,0.01553709710302481,50.02398129556725,26.073840233109017,-5.656839112124359,-1173601.6875671986,299.8309321029905
26360.0,released,0.0,40.0,96.76128033967912,-0.11773290957102778,49.28829352323284,26.17965597413829,-4.497499343519677,-1173215.5352024753,300.0531696618519
26370.0,released,0.0,40.0,91.73187558885772,-0.030222328577271973,49.621816596356986,25.780858873086423,-4.2489836331750555,-1173645.7379252184,299.61415922477846
26380.0,released,0.0,40.0,88.9607762349405,0.018136881874122046,50.45200164584827,26.004321034721706,-3.5679556374622834,-1175205.6963197328,301.775420825453
26390.0,released,0.0,40.0,96.04581248309127,-0.10532362826188857,49.107696563520506,26.32615190156343,-4.90548884807854,-1172156.9989879988,299.02522561990105
26400.0,released,0.0,40.0,87.54628197233387,0.042812369241516934,49.461704356278936,25.82699384634892,-3.251450015402055,-1174071.2350190207,302.70456093487564
26410.0,released,0.0,40.0,93.39289267306506,-0.05918254520671734,49.30630357489879,25.89388591728559,-5.118892610977168,-1175002.5420852248,299.92537225651733
26420.0,released,0.0,40.0,95.67005838908096,-0.0987997403705625,49.743717789409985,26.213406461325615,-4.260131426814189,-1175808.2461789623,301.11190023266255
26430.0,released,0.0,40.0,94.21817150502449,-0.07355449431117794,49.56300363027494,26.268376694239244,-4.585183385726699,-1174866.2784209792,300.8606645150657
26440.0,released,0.0,40.0,93.57147369996633,-0.06229361635673719,49.26819349613131,26.117342216960413,-5.484682768443465,-1174973.6275266428,299.65352384005826
26450.0,released,0.0,40.0,90.17854339330283,-0.003116165027550133,49.559077778694885,26.077817166819077,-5.393730231910585,-1172598.8541948628,300.1619692217855
26460.0,released,0.0,40.0,90.48105308065412,-0.008395861493081858,48.869219672713626,25.852538732989295,-4.7289920358880195,-1175173.7180661708,300.8226972076867
26470.0,released,0.0,40.0,95.7033458588646,-0.09937785709156394,49.59443516486119,25.694362987662277,-4.656145670855778,-1173191.1444514375,301.09820908936643
26480.0,released,0.0,40.0,89.57060069342381,0.00749436154972416,49.49530343911758,25.97272936465295,-3.660545781206577,-1173952.7500486746,298.6615501331615
26490.0,released,0.0,40.0,94.54498074215617,-0.07924171343571773,48.74807222813156,26.376655844526805,-5.82595506312062,-1174260.6636564732,301.92995792636856
26500.0,released,0.0,40.0,95.0626870434136,-0.08824562230851363,48.880959982628944,26.100425176676932,-5.65672600833982,-1175089.348764252,302.5884612260884
26510.0,released,0.0,40.0,89.3307440232732,0.011680454716268995,49.06354727635752,25.867146370279404,-4.06968954565557,-1173657.1712160036,300.77772967968133
26520.0,released,0.0,40.0,95.1464967892928,-0.08970257680824278,49.33332805197744,26.42949736053839,-5.07639824209155,-1175303.210780589,300.5964149576907
26530.0,released,0.0,40.0,94.519690450203,-0.07880169487624744,48.74435919427214,25.948742331688486,-4.740245474658302,-1175747.8695811294,298.8379964841533
26540.0,released,0.0,40.0,90.80772713909944,-0.014097031084803258,49.77642839450055,25.970790745430804,-3.3739716901845016,-1174382.647429563,300.1667698219766
26550.0,released,0.0,40.0,93.83541069832458,-0.06689056221402301,49.417773185196936,25.855949920523912,-4.107647294103662,-1174457.0613426287,300.36506817954734
26560.0,released,0.0,40.0,95.30966477128494,-0.09253854704519493,49.9359834631152,25.747677223516426,-4.727129885897599,-1176296.8796953075,298.5097082503511
26570.0,released,0.0,40.0,86.289368769523,0.06471747035939485,49.025149577904116,26.071005414807825,-4.29211663892702,-1174400.4083341137,300.5161998858177
26580.0,released,0.0,40.0,93.78018487561569,-0.06592881761970865,48.235939075936344,25.832232336986575,-4.212047954807923,-1172567.1231149249,301.24449389567445
26590.0,released,0.0,40.0,97.04551355878407,-0.12265774527708961,48.7202519353336,26.04532671264966,-4.976466698805256,-1175341.8812865298,299.59825301902515
26600.0,released,0.0,40.0,91.02285347150448,-0.01785121261209155,48.543660077716076,26.097272032390713,-4.9335515925984,-1174419.2996380404,298.99873537683493
26610.0,released,0.0,40.0,93.5283721731918,-0.06154279624277642,49.30144093306144,26.257706391579855,-4.328520424071862,-1173191.9789229054,300.23647588634554
26620.0,released,0.0,40.0,94.73742181097687,-0.08258942868417646,48.869180451841835,26.040823464400024,-4.608962962990896,-1175322.4713133518,300.84716245656267
26630.0,released,0.0,40.0,95.89081274951067,-0.10263303708767935,48.950642614100055,25.956754727866354,-4.208039927575133,-1174520.8386106174,301.156752495491
26640.0,released,0.0,40.0,96.17440917406205,-0.10755531321526113,49.2710151679475,25.94059990627177,-5.006039168437293,-1173555.8718048483,299.41174719450004
26650.0,released,0.0,40.0,91.03282954423915,-0.018025299911752446,49.10939558440201,26.367515393214966,-2.9631772223571637,-1173294.9897624608,299.2022519686063
26660.0,released,0.0,40.0,95.52220006206205,-0.09623142568490334,49.615639959832734,26.283217650803547,-5.043947842069088,-1173848.490281878,300.80918174870305
26670.0,released,0.0,40.0,92.29356761308634,-0.04001961639178886,49.275184166771915,26.29031760426709,-4.424019040654404,-1174015.4409423005,301.00359498907596
26680.0,released,0.0,40.0,88.0665122811319,0.03373932231267729,48.95739238934768,25.83647518166722,-5.028591671977533,-1173596.48069554,300.23785603957583
26690.0,released,0.0,40.0,92.0568645140113,-0.03589134776093128,49.339636595345766,26.184068124178108,-5.352112423228504,-1172610.0777764134,298.63908494989096
26700.0,released,0.0,40.0,91.00196719181982,-0.01748673517203364,49.821160960956306,26.06060282799887,-4.2757683723867395,-1173241.8946538195,301.00179429973775
26710.0,released,0.0,40.0,84.98490499511651,0.08741819472024515,49.52537316109282,25.75633338344753,-3.8915953422705707,-1174890.7383726947,299.46109840970934
26720.0,released,0.0,40.0,93.13320128592926,-0.05465742767004489,49.9744552543678,25.68991117786543,-5.65264164673036,-1174986.2738076951,300.49726427138626
26730.0,released,0.0,40.0,88.44941721696723,0.027059471574940097,49.34262416592798,26.046487355873115,-4.089980789095643,-1174894.2473170832,298.93238335625523
26740.0,released,0.0,40.0,95.38609904254194,-0.09386676981925113,50.02670572212317,25.734657899851413,-4.437104150865145,-1175504.4765633866,300.4238954021967
26750.0,released,0.0,40.0,92.60757387392893,-0.04549504069033666,49.88216751078417,26.32937453032025,-4.000342506953573,-1175299.0893341806,301.57836974685966
26760.0,released,0.0,40.0,92.78502831224904,-0.04858877484758228,49.28380753214995,26.057580081928652,-5.717176439054677,-1173090.349011965,300.0719778300485
26770.0,released,0.0,40.0,96.61745458324252,-0.11523976618159404,50.27535955995151,25.964844405045437,-3.941714286687999,-1174900.0477833506,298.37700419891905
26780.0,released,0.0,40.0,83.71506393470945,0.1094729797993701,50.0545851545825,25.72280895651414,-4.39796970718732,-1172482.2790238913,300.12656527242484
26790.0,released,0.0,40.0,96.24625920870594,-0.10880197355174254,49.565444621040484,26.344200882818647,-4.97832723632721,-1174535.655864654,301.7955093891071
26800.0,released,0.0,40.0,92.6492187063146,-0.04622111545525498,49.98495630947546,26.061006018823402,-5.178195592868953,-1174918.0523341056,299.8429680557427
26810.0,released,0.0,40.0,90.25958171946836,-0.004530540183745213,50.61599790459114,26.42653400511344,-4.251015110148082,-1173220.4765816722,300.18166010096917
26820.0,released,0.0,40.0,94.02199318894918,-0.07013938710783468,51.66340716749091,26.197529436464848,-5.677669903352137,-1173965.6480682213,301.764116821104
26830.0,released,0.0,40.0,94.19071961057942,-0.07307665779949002,51.21602933381195,26.36236010456911,-5.37726163117477,-1173363.8941353355,300.5270745538507
26840.0,released,0.0,40.0,95.42433017734066,-0.09453106194825989,50.60222979779113,26.162440962825617,-5.563217423629954,-1171634.9958670177,299.66937938510364
26850.0,released,0.0,40.0,92.2525799463725,-0.03930480956259047,51.006854281351856,26.504952337993817,-5.251653534389219,-1172408.0328313652,300.2024616518629
26860.0,released,0.0,40.0,85.72198918584155,0.07459601792099946,51.572048115964186,26.438238492757993,-5.046324010036465,-1174135.195447782,300.9436552371328
26870.0,released,0.0,40.0,90.67187392586305,-0.01172614341909356,50.93405006954221,26.0641710587485,-3.2269383324564243,-1172967.9296422228,300.39355530551006
26880.0,released,0.0,40.0,92.85782025704836,-0.049857693819172155,51.00762910432262,25.8762727584752,-5.354944384864791,-1171961.0139614474,300.19486991341125
26890.0,released,0.0,40.0,95.01086405531669,-0.0873446331784053,50.766633007269924,26.049650607196302,-4.160007030100813,-1173025.7256383318,300.45386330622847
26900.0,released,0.0,40.0,93.63186169194113,-0.06334550390233157,51.103061872275646,25.686594754239216,-4.290187227650798,-1173604.1379669737,301.74967206415766
26910.0,released,0.0,40.0,91.3846923117141,-0.024165087475237768,50.833297428035024,26.09105374719287,-4.383884465407812,-1173122.4661365747,300.5547586965531
26920.0,released,0.0,40.0,89.30329254607906,0.012159539333943425,51.03743484212304,26.314649200165693,-4.336651943922418,-1173548.5745923668,300.25543842420376
26930.0,released,0.0,40.0,92.24577617799369,-0.039186152886567294,50.83041741816828,26.284415870449916,-5.9430663523900815,-1174484.714931365,301.47890297836454
26940.0,released,0.0,40.0,97.64585519497567,-0.13304964153244225,49.9894546724966,26.121080756981893,-6.429333099340035,-1175604.696432041,301.02612577502896
26950.0,released,0.0,40.0,91.59977820967435,-0.027917769261161574,51.7864676784856,26.02667852922314,-5.521486206864658,-1174025.04724784,299.20776308143206
26960.0,released,0.0,40.0,97.01648824461199,-0.12215496748639382,51.532396328184994,25.895138941566994,-4.63602597251281,-1172703.5403556712,299.1945527252221
26970.0,released,0.0,40.0,93.1608458732179,-0.055139189116598764,51.62552900576029,26.414489456668093,-5.530867839277778,-1172289.2374711577,300.91881653643804
26980.0,released,0.0,40.0,91.34850130884506,-0.023533614990848217,51.49011187902802,26.356077722761537,-4.636617051986711,-1174391.9031690229,298.99055637686985
26990.0,released,0.0,40.0,94.5503313804622,-0.07933480568607382,51.60739600458396,26.309603188066156,-3.4931532196615938,-1173486.1730042938,300.2521660398053
27000.0,released,0.0,40.0,98.72804396021778,-0.1517446297744492,51.43183157845302,26.2926895479056,-4.528959525130382,-1172553.9680559337,301.3291971064431
27010.0,released,0.0,40.0,93.25624409939523,-0.056801592043877525,50.72569228190329,26.353134778273944,-4.1149244679078585,-1173279.5393185057,299.68405990568516
27020.0,released,0.0,40.0,93.42192166853667,-0.05968830106814976,51.259874006343104,26.384827915037572,-5.211524722379783,-1173307.6262675151,300.3632044164639
27030.0,released,0.0,40.0,82.53440993102306,0.12993074005544697,50.997268947974604,26.393420491895956,-3.716814147155036,-1172652.7501690835,300.8041911398614
27040.0,released,0.0,40.0,92.86020287120782,-0.04989922652066686,51.899572372067915,26.776085263787223,-4.529285883193969,-1172096.1816367637,300.22709232330976
27050.0,released,0.0,40.0,89.08127176874486,0.016034145440311065,51.60173620094749,26.62170517538792,-5.883551082008045,-1175315.6073502637,300.04986442800504
27060.0,released,0.0,40.0,90.37297977917575,-0.006509679213489994,50.548314490003825,26.553599981019385,-5.160935631879891,-1174209.948963903,299.6718110070421
27070.0,released,0.0,40.0,85.06850505088238,0.08596459180867783,51.16669480055265,26.456142198149873,-4.760896827127105,-1176715.3709902968,300.87160565742084
27080.0,released,0.0,40.0,85.78699003099507,0.07346465223929932,50.335221854530786,25.992102820134374,-4.176452675665197,-1172507.6426120605,299.9750998289331
27090.0,released,0.0,40.0,92.07320874548704,-0.036176423155715176,49.67966460441261,26.35882845987815,-5.892216561082096,-1174806.1268205866,298.14087354920775
27100.0,released,0.0,40.0,89.40254032125819,0.01042744956697833,50.35154269807797,26.43127749792789,-5.652922515441534,-1173630.742909262,302.7660562570366
27110.0,released,0.0,40.0,92.89703714928247,-0.05054129473278701,51.59404172453795,26.309810627846844,-4.818021939426123,-1173498.0273595937,300.43002277470396
27120.0,released,0.0,40.0,93.07832146048906,-0.05370100089958357,50.90400308076565,26.069746452211447,-4.287592103060035,-1173229.3505272828,299.91260671901364
27130.0,released,0.0,40.0,91.26360090762223,-0.02205220854681117,50.7484516891332,26.25361340504578,-3.7527863468944327,-1174465.795706788,300.4513520383154
27140.0,released,0.0,40.0,90.94137462770416,-0.016429347547324336,50.82122559377089,26.009461125305318,-5.827812435175559,-1175428.519299196,301.1664783604941
27150.0,released,0.0,40.0,92.81012532272615,-0.04902627827163181,50.48650931199229,26.38464065221795,-5.735135509619775,-1174084.8869291637,298.8110617023013
27160.0,released,0.0,40.0,90.30410200841338,-0.005307556389311019,51.0594225842102,26.426431203478415,-4.887578181100136,-1174876.0016334113,300.46181305826235
27170.0,released,0.0,40.0,92.12812617136224,-0.03713426888029242,49.38558019339703,26.39136885328174,-5.557407870236178,-1171375.8998539094,300.3509311189847
27180.0,released,0.0,40.0,91.53836034106001,-0.026846227218844276,51.50073205081145,25.597290303505293,-4.691465677281116,-1175585.574546989,301.83388172109517
27190.0,released,0.0,40.0,93.04227150415491,-0.05307270776212403,50.5198967159025,26.42044968520674,-4.5668165350680905,-1174088.4050229955,299.546865984735
27200.0,released,0.0,40.0,98.30060850918667,-0.14436671024042746,51.057114850679966,26.700406905044893,-6.158822999431753,-1175990.5818597507,301.1963501849085
27210.0,released,0.0,40.0,86.10453614658998,0.06793630309607279,51.6293754670905,25.998544468798265,-4.38465491776426,-1173936.1929595321,301.30240265492193
27220.0,released,0.0,40.0,90.08836280110069,-0.001542221204142713,51.47267529159849,26.418278505761197,-5.726416919463096,-1174437.362082513,299.6300683545437
27230.0,released,0.0,40.0,93.34294500175703,-0.05831229953679262,51.00221120421844,26.138313986310795,-5.105593540458423,-1176028.9810345378,299.334900118534
27240.0,released,0.0,40.0,96.67271145949026,-0.11619770165266458,50.318261948687166,25.804976934192254,-5.504616367804424,-1173659.384163931,300.20008743929833
27250.0,released,0.0,40.0,89.80046046568528,0.0034826148217725894,50.061183594487595,26.3821191289048,-6.2256533105209035,-1174898.2029685546,300.6977970484127
27260.0,released,0.0,40.0,91.20224270905317,-0.020981553939814046,49.12595278264564,26.37625748304726,-4.691805573225736,-1173174.5669519957,301.22313661206164
27270.0,released,0.0,40.0,88.5770053390962,0.02483338891554976,50.11454532102522,26.41374488615711,-6.238174493951723,-1173880.0036195945,298.2129533340581
27280.0,released,0.0,40.0,94.9916832731935,-0.08701113992003279,49.529324152600545,26.47662885537294,-5.157632906077346,-1173716.9971336387,300.38390286743856
27290.0,released,0.0,40.0,94.56424648101992,-0.07957690216264596,49.92538573358988,26.124399020127623,-4.664186110143608,-1174488.1893859394,299.6972618258516
27300.0,released,0.0,40.0,89.74650493899458,0.004424309018014272,50.365091557481975,26.776978775057874,-5.3115352631331705,-1173640.7285591383,299.8435853864242
27310.0,released,0.0,40.0,92.774141451698,-0.048398986838516234,50.590692471268206,26.734594837505746,-4.475584651854094,-1174531.7185573224,299.0786033400907
27320.0,released,0.0,40.0,88.42616817369809,0.027465093105601024,49.50565990002133,26.576371549518864,-5.536170562230016,-1172893.3135387152,300.2085441638803
27330.0,released,0.0,40.0,91.47497996084343,-0.02574041340366595,49.82314175971511,26.444879524341133,-6.377145819876549,-1173138.9550427087,300.7644080150311
27340.0,released,0.0,40.0,95.14484064691882,-0.08967378816170091,49.29675135173326,26.52669860211855,-6.4164211817932255,-1176024.3453294188,300.23460197485224
27350.0,released,0.0,40.0,87.63102842817281,0.04133457441159266,49.84135805303224,26.488361547748518,-4.615953606782021,-1173776.3473729435,300.4686549756646
27360.0,released,0.0,40.0,89.28535488031154,0.012472586915352801,50.385605301727765,26.129628562798292,-6.258791375979191,-1173593.8961842358,300.2351524646331
27370.0,released,0.0,40.0,93.5569501595828,-0.06204062305833041,51.75254443566408,26.383360125716745,-4.303091270213009,-1176709.8980564885,301.42038024280475
27380.0,released,0.0,40.0,92.94140861450238,-0.05131471792089792,50.1079141192489,26.407938635665833,-4.205260739177363,-1174286.0922626387,300.8554045505602
27390.0,released,0.0,40.0,89.85331172872708,0.002560190510935756,51.37086710699474,26.638648320325544,-5.327853157465161,-1173617.2994516697,302.47895821582244
27400.0,released,0.0,40.0,99.27818399831817,-0.16122805317023342,51.137999810475925,26.38805087145017,-5.964092832768539,-1172918.5721421242,301.9786008490236
27410.0,released,0.0,40.0,94.71289677110008,-0.08216284077660768,51.298692645066076,26.4953769209572,-6.353488516635496,-1174706.3163851053,300.4557694814221
27420.0,released,0.0,40.0,96.37550982760014,-0.11104415169794846,51.940380763057824,26.18771970314184,-3.6369811272446864,-1173969.4954922367,300.7942126335526
27430.0,released,0.0,40.0,92.64199618593825,-0.04609519305278692,50.98423546624091,26.37892644543675,-4.249752813392403,-1172185.8942232355,301.0422569087642
27440.0,released,0.0,40.0,95.90438824720472,-0.10286872013994114,51.09432162258813,26.151733135535718,-4.82196434789143,-1174076.8131669145,299.5928836343115
27450.0,released,0.0,40.0,92.3032942182368,-0.040189241102492,51.76507462411746,26.142203790786724,-5.781588271269776,-1172570.332366921,301.10672221749843
27460.0,released,0.0,40.0,92.78928157310598,-0.04866292044008197,52.37489019787562,26.61959791697038,-5.932263856515719,-1174413.071219774,300.85124898961055
27470.0,released,0.0,40.0,91.7326395851253,-0.03023565673385603,51.57870175121147,26.024229364710735,-3.5857015382490807,-1174591.2137703039,301.9285502454315
27480.0,released,0.0,40.0,89.19879289083148,0.013983246311839559,51.381555866437786,26.172207712073337,-4.422288328606592,-1175664.4600472394,301.24126043470187
27490.0,released,0.0,40.0,94.37195221743713,-0.0762309355552579,52.00860152916096,26.091935532447284,-3.9363307481690004,-1172847.6353691332,300.4976855090929
27500.0,released,0.0,40.0,97.98108752387617,-0.13884622077037284,50.434597112612664,26.204495202539952,-5.141331504065402,-1174576.1007505823,300.25245302021307
27510.0,released,0.0,40.0,93.41664670576961,-0.05959639949395812,50.92615604284866,26.32692788864774,-4.291657471552719,-1173465.3125031032,300.7967145990819
27520.0,released,0.0,40.0,96.1658639351476,-0.10740703462591283,51.279760121088906,26.307159087163644,-3.897047090239732,-1175599.4646981526,300.8264419681831
27530.0,released,0.0,40.0,91.45335301748074,-0.025363075277894165,50.914427245931975,26.419895148822476,-4.910715759602306,-1174060.3955550492,300.1400811620745
27540.0,released,0.0,40.0,88.46513783743292,0.026785194441967697,50.541057997504375,26.084942461022795,-3.782969491382474,-1173277.1771562845,300.4367480770713
27550.0,released,0.0,40.0,90.1219327873659,-0.0021281269993113083,50.80102351667329,26.207170290679965,-4.304707775428408,-1172776.5090271998,299.45681261658586
27560.0,released,0.0,40.0,93.50445544654002,-0.06112615651976949,49.60584880395873,26.60210763365679,-3.6826888832013647,-1174383.762786774,300.8582144146525
27570.0,released,0.0,40.0,92.02214235456621,-0.035285715658951666,51.03386227491871,26.57142654925686,-6.237096654585866,-1173596.2861237805,300.5780485647865
27580.0,released,0.0,40.0,93.63119744444138,-0.0633339338754928,50.86923514267216,26.469567697544896,-4.345830619722672,-1173071.984364327,300.5150220541868
27590.0,released,0.0,40.0,89.0462563172487,0.016645198761136015,50.48168839344264,26.332552702986526,-2.8640272795637323,-1174398.8681722116,299.6622032051711
27600.0,released,0.0,40.0,98.15357781591156,-0.14182695052187422,50.97925047888862,26.29822992391119,-5.027365012946019,-1174608.102978615,300.5476143677044
27610.0,released,0.0,40.0,89.3299077630822,0.01169504921307285,51.83502019051463,26.399779147242164,-5.235408368739109,-1175070.5782645848,302.02102133311826
27620.0,released,0.0,40.0,97.86145147986288,-0.13677810160140547,50.911184543777445,26.502099066069658,-4.6871298127066865,-1174089.3736271877,300.0807340426552
27630.0,released,0.0,40.0,94.5109703049569,-0.07864997199820595,51.3806624149312,26.409412514032933,-3.931710940912316,-1174288.5411840007,300.45712359218845
27640.0,released,0.0,40.0,95.81928267420946,-0.10139111472943207,51.601098992392714,25.803385298572042,-5.4547575087085125,-1173895.9506488778,298.4351544823335
27650.0,released,0.0,40.0,91.8839310824597,-0.032874875759948796,51.06264356470094,25.66409466337205,-4.348824542997225,-1174656.3822945133,299.2851930824131
27660.0,released,0.0,40.0,94.04389262280081,-0.07052065787586143,50.20598420143406,26.143044530610226,-4.254641772363081,-1171623.8518249784,300.34068281157573
27670.0,released,0.0,40.0,99.32337708142883,-0.1620064517213088,50.909107470019,26.19078281070437,-3.7993522465445815,-1173618.8079348244,300.55176205379297
27680.0,released,0.0,40.0,97.23000039373694,-0.1258526932203874,50.76703303483785,26.39010734357633,-4.671727639617388,-1174241.7174689062,298.7195492927549
27690.0,released,0.0,40.0,93.25216815637597,-0.05673056812868976,50.45811645756219,26.008569241236412,-3.190302781614666,-1172657.2722890768,300.7134041971096
27700.0,released,0.0,40.0,93.16487152854945,-0.055209343030992175,49.26643125161913,26.31988617469207,-4.447919032434539,-1174721.3091877345,300.37069219481197
27710.0,released,0.0,40.0,94.38942284950238,-0.0765349647988538,49.51891906314195,26.196695866545635,-5.131770046691848,-1174261.195196543,300.21045866204526
27720.0,released,0.0,40.0,95.31725772137423,-0.09267049957302764,49.8367314566908,26.35989943529513,-4.4613555467332,-1174283.3667276576,298.08889782931954
27730.0,released,0.0,40.0,92.10801548483208,-0.03678351099355759,49.80626720581613,26.051082255241745,-4.70870008560948,-1175787.6095370278,298.3881772705365
27740.0,released,0.0,40.0,87.2215236689785,0.04847455595194594,49.9138682437093,25.88031991344287,-4.940497184387895,-1174837.8471786305,299.9084829433681
27750.0,released,0.0,40.0,91.15162241758385,-0.020098249600661366,49.11717414528017,25.644127453494306,-3.73191557571939,-1171902.4207048118,299.4480518323412
27760.0,released,0.0,40.0,85.2574896081291,0.08267793743530372,49.76208665662005,26.264975483847387,-4.454277172439816,-1174082.0221433453,299.06533833741287
27770.0,released,0.0,40.0,92.49057614717108,-0.04345506606188265,49.26752133723619,26.2113936395803,-5.381057736775793,-1175378.1850897856,299.8115567671139
27780.0,released,0.0,40.0,91.30400965255413,-0.022757297143478517,49.188027505879994,26.362478819305984,-4.940795461479944,-1175150.250900047,301.47131263730375
27790.0,released,0.0,40.0,91.09763151695716,-0.019156112173984108,48.91890119108372,26.318344309434966,-4.273844111810965,-1174154.8457674123,299.2777617133426
27800.0,released,0.0,40.0,90.9040914401865,-0.015778717564551237,48.97001265408073,25.865933160416034,-4.492210905688323,-1173318.9442983512,301.1490160446289
27810.0,released,0.0,40.0,92.1181010690008,-0.03695941794881913,49.501169538441424,25.938896822202047,-5.276737719541834,-1173603.9853523877,300.1001641449863
27820.0,released,0.0,40.0,96.65717439394346,-0.11592836133108764,49.368658314569,26.025901883139912,-5.083555609314422,-1172452.2954378817,300.36547826236347
27830.0,released,0.0,40.0,95.29353779516393,-0.09225828230535826,49.54803298173384,26.10561894461921,-2.897644849355232,-1174372.7913829722,301.73899965843134
27840.0,released,0.0,40.0,95.51109049517373,-0.09603842524203549,49.69091330167569,26.395743580149553,-4.703744708441757,-1174425.5886959769,299.1418109370245
27850.0,released,0.0,40.0,96.00332215201337,-0.10458612794864347,49.30668143591676,26.85241827146071,-6.392953324957334,-1173846.6257669218,300.8821872352201
27860.0,released,0.0,40.0,88.50964876266468,0.02600860296763613,49.57060791800659,26.41381918933841,-5.762790085130879,-1172633.177549161,300.39894214469507
27870.0,released,0.0,40.0,92.7520421166746,-0.04801372910512719,49.361890201467006,26.214351345672377,-4.317893194547629,-1174852.6608159114,300.3867022215524
27880.0,released,0.0,40.0,89.79767767348831,0.0035311834093445515,49.00242356345104,26.121853245953943,-3.365335467203597,-1173369.0698095895,301.2785669515249
27890.0,released,0.0,40.0,95.59356482586662,-0.09747112020178977,49.5935860481587,26.240332887694205,-5.561945306794787,-1174067.1652528346,301.073772091775
27900.0,released,0.0,40.0,93.68937585624975,-0.06434726735513513,49.303464545551385,26.403519591846198,-3.6038785883837186,-1173906.4134319834,299.23879922189604
27910.0,released,0.0,40.0,95.00669504670641,-0.08727214810913597,49.40530419092715,25.750973740322973,-3.647907073589784,-1175552.8978972025,301.5058119567716
27920.0,released,0.0,40.0,94.32637146285792,-0.07543769212816487,49.08094342189398,26.191697783650817,-4.388225993109476,-1173617.147374507,299.9792220087839
27930.0,released,0.0,40.0,88.6204551360241,0.024075273701635536,50.10396369711959,25.586584388829223,-4.715085512122491,-1174224.0675714482,300.46047563177103
27940.0,released,0.0,40.0,92.17437654868735,-0.037940921306304054,49.11639687242028,26.21341440552549,-4.224391224012838,-1172619.3127859794,300.5019303030893
27950.0,released,0.0,40.0,94.03700132751872,-0.07040068102200281,49.88755557770034,26.40454958432288,-5.227239933897207,-1174521.2519578729,298.75914340645147
27960.0,released,0.0,40.0,91.05161959741515,-0.018353193949705526,50.22037312397214,26.199644145757603,-4.770873020730055,-1175889.7638120446,299.30695459505665
27970.0,released,0.0,40.0,94.51586028077838,-0.07873505351263893,51.00083280252949,25.994037539173455,-4.329397939025622,-1174511.4093961325,302.53226383839365
27980.0,released,0.0,40.0,93.39405686938692,-0.059202828637740124,50.71558434124117,26.14621869426049,-4.950414685852136,-1172073.1015494596,300.1134014199584
27990.0,released,0.0,40.0,91.72352361687287,-0.030076625433831994,49.54547610834418,26.5788514872978,-3.6433295769946294,-1174009.293114014,300.5423255696954
28000.0,released,0.0,40.0,88.73097214054086,0.022146903592128786,50.645323004343496,26.395785429066635,-4.058315371368293,-1174479.8905083705,300.7859835528277
28010.0,released,0.0,40.0,88.49466455159978,0.02627003742560602,50.04229878189269,26.27368609741557,-4.67911724891485,-1175131.390647579,303.75541782863723
28020.0,released,0.0,40.0,96.01897190633522,-0.10485776583998713,50.29122580678101,26.097357014926605,-3.4453023134608305,-1175682.7899591383,299.13178045513433
28030.0,released,0.0,40.0,94.58472823575511,-0.0799332374804893,51.15567711342266,25.93700932463184,-5.9173039615229985,-1172200.9487129953,300.6604695859595
28040.0,released,0.0,40.0,89.58020572710083,0.007326726690612739,51.110289066685354,26.352678156690114,-3.599500041933114,-1171643.7909032498,301.4743747003111
28050.0,released,0.0,40.0,90.65478994305052,-0.011427991653190472,50.5230132557395,26.745985680002377,-3.301219875910112,-1174486.1827509534,298.7017999454594
28060.0,released,0.0,40.0,94.05368525176198,-0.07069114494246304,49.23237534010411,26.601509084722764,-4.052339731103868,-1175126.086269062,303.01136224846726
28070.0,released,0.0,40.0,88.80446482047631,0.020864511092447635,48.950155189260784,26.20190341071419,-4.714527464285699,-1175028.8590773996,298.71310286226554
28080.0,released,0.0,40.0,96.59924769446269,-0.11492410729132219,49.56649336124444,26.667771089095208,-3.5808692046435158,-1173482.403150782,298.6827653017693
28090.0,released,0.0,40.0,93.07813579372188,-0.05369776507874413,48.95454575814812,26.875173099455935,-3.3371924107373045,-1174251.6818750333,300.5950474022594
28100.0,released,0.0,40.0,96.80888196727406,-0.11855789597225452,49.023959052616945,26.61214927311362,-5.216740985078885,-1175022.491698226,301.64450992732276
28110.0,released,0.0,40.0,91.60766772357354,-0.028055413318483602,48.85143899947785,26.287188944187378,-3.865710684545755,-1175447.456975136,300.6043304407804
28120.0,released,0.0,40.0,90.74883085638312,-0.013069191911258049,48.89216526246215,26.488976569625414,-3.6006914216180075,-1172847.0032391325,298.89292098184956
28130.0,released,0.0,40.0,88.35009053525911,0.02879237288504266,49.22936216075246,26.903388267731497,-3.614848982434548,-1174251.201233536,303.37813996639056
28140.0,released,0.0,40.0,93.08395936010601,-0.05379925856550957,49.539733402786844,26.492314531413037,-4.089637389992049,-1174490.5656678695,300.8399910786996
28150.0,released,0.0,40.0,93.76780891324422,-0.06571328473969779,49.21658200068302,26.825703706550836,-3.7265526133142135,-1172998.2318067867,300.36879235092186
28160.0,released,0.0,40.0,88.34454519419008,0.028889117084327898,48.67161140481346,26.4971011524912,-4.352139697622061,-1171881.238089202,301.6199597794394
28170.0,released,0.0,40.0,92.12025771034268,-0.03699703269761373,49.82047084676023,26.169306103742255,-3.93560126029712,-1174209.825211268,299.61086857959066
28180.0,released,0.0,40.0,91.34039724651313,-0.02339221135850139,49.355118187220896,26.157576362199347,-5.518642509124116,-1174500.9728666618,299.76338531746103
28190.0,released,0.0,40.0,91.14584581561938,-0.0199974491396277,49.201592986223055,26.479454262572354,-4.412853172149102,-1174603.7891409062,300.77040534719504
28200.0,released,0.0,40.0,92.5459207163474,-0.04442007814562898,49.34762090155441,26.36149803315205,-4.0324775446283745,-1174084.7242026608,300.522442358184
28210.0,released,0.0,40.0,89.87462821897984,0.002188148621746877,49.827366961659415,25.989103524620152,-5.812012070152347,-1174804.7660995051,299.14335561427566
28220.0,released,0.0,40.0,87.61310159538253,0.041647187238613936,49.79942425241987,26.350538726466276,-4.2538560070965765,-1173510.3544889167,302.47841389477827
28230.0,released,0.0,40.0,95.04855932852004,-0.0880000064401475,49.87573249480867,26.58309665843,-5.378671501842339,-1175691.9757617433,300.6083606410573
28240.0,released,0.0,40.0,94.38054925674976,-0.07638054473108447,49.482377280782615,26.396843069257738,-5.009341176426259,-1173417.2348342855,301.6570468219385
28250.0,released,0.0,40.0,97.33922427416364,-0.12774362249798127,48.59752709794253,26.780567764756213,-5.258960651892491,-1173400.1800762266,299.5106236011357
28260.0,released,0.0,40.0,93.57990733372687,-0.06244052448672194,49.79595777824309,26.024656940738353,-5.940344813805725,-1174487.0105884075,299.0962522707975
28270.0,released,0.0,40.0,93.80481905040858,-0.06635782354717637,49.098718225944005,26.51744116867757,-5.0044225834275,-1175545.4528104179,299.5219119488999
28280.0,released,0.0,40.0,99.99928389958532,-0.1736358692207694,49.518592603938274,26.455259878352305,-7.258937547996153,-1172988.223175006,299.88783231132396
28290.0,released,0.0,40.0,98.2115278136465,-0.1428280721159935,50.4231312838715,26.55596464340443,-6.1965182589798005,-1175136.135709118,300.556327190324
28300.0,released,0.0,40.0,94.34819574333918,-0.07581750681397414,49.08247860794091,26.235765469731213,-6.775403433400786,-1175109.5456620082,301.51071286412275
28310.0,released,0.0,40.0,93.03828073869359,-0.05300315380045903,48.80271458347412,26.69800738737741,-5.939364870003862,-1174547.3147036247,300.1916975706571
28320.0,released,0.0,40.0,98.54482375351417,-0.14858309476823345,48.82527582606772,26.32104213053368,-5.767755888759342,-1177135.4751200993,299.66590258340915
28330.0,released,0.0,40.0,95.22819726977794,-0.09112267896792176,49.001373692577566,26.252020377055047,-4.8318163791824125,-1172527.4264532663,300.18093170517153
28340.0,released,0.0,40.0,92.33836718152402,-0.040800877666993085,48.95952351390566,26.381684972411534,-4.117430637117143,-1175318.6214109156,299.7676414895404
28350.0,released,0.0,40.0,93.863503693538,-0.06737977126695,49.3871703242196,26.34992867156506,-2.8902983710785044,-1173728.0011921618,301.6488946901294
28360.0,released,0.0,40.0,92.16264676800834,-0.03773634462330469,48.581895276456486,26.8171425340313,-6.872314662254398,-1172678.835748339,299.27348518607533
28370.0,released,0.0,40.0,89.6318490049827,0.006425402793740043,49.35971630426874,26.640506275851948,-6.943699889065146,-1174814.1069109105,300.01872399372195
28380.0,released,0.0,40.0,84.41722343217417,0.09728372442503655,49.52507884427596,26.418710115385863,-6.713980990030752,-1176012.0089759342,301.00512937053594
28390.0,released,0.0,40.0,95.0616806659232,-0.08822812621815981,49.30232919873312,25.995451910406747,-4.723889524999278,-1173781.4020739272,301.19023004810305
28400.0,released,0.0,40.0,88.08613414282058,0.033397049226253916,48.98890899809802,26.299688283466587,-6.52358015936466,-1172725.3412229475,300.0552807602068
28410.0,released,0.0,40.0,90.23368041855007,-0.004078481394135358,48.83444177355036,26.340161459734453,-5.74496498944516,-1173830.223618744,302.0277569586672
28420.0,released,0.0,40.0,89.56018254873598,0.0076761872452028035,48.78867428036889,26.34650503889814,-5.262315471232281,-1173701.2200828474,301.4451447301713
28430.0,released,0.0,40.0,88.12492841747813,0.03272033150352616,49.155633395200226,26.339989911380414,-5.491325457577306,-1174750.632033769,298.2973007955037
28440.0,released,0.0,40.0,91.46563111382949,-0.025577298964107154,48.35336507822293,26.072702314805973,-4.572413397513243,-1175107.2642472647,298.6161760058066
28450.0,released,0.0,40.0,87.5406046737104,0.04291136573439408,48.55267276051927,26.27997816069755,-5.415833047269662,-1174372.3527439442,300.16585185361373
28460.0,released,0.0,40.0,100.66598424314822,-0.18508321830067764,48.91277601320544,26.391678535762022,-4.078431511112413,-1172404.6495322324,301.0233390478164
28470.0,released,0.0,40.0,92.54728177168705,-0.044443809582592086,47.864031353812145,26.189260356252156,-4.556233933409004,-1173496.7065289821,302.2098449660825
28480.0,released,0.0,40.0,91.45514054093458,-0.025394263398991312,48.70003766997116,26.26082725376102,-4.218864482411553,-1172046.921756342,302.09511622128275
28490.0,released,0.0,40.0,93.03705075975199,-0.0529817167814407,49.158496298985064,26.259707595376717,-4.740438518441968,-1175587.7459108569,301.15572778796576
28500.0,released,0.0,40.0,89.52729053622873,0.00825024295107285,48.87735259020114,26.048478711414823,-3.900491043322636,-1174344.509801302,298.64094646991185
28510.0,released,0.0,40.0,93.18549515085866,-0.05556874056412625,48.166482872250704,26.536880680840977,-4.960591948363303,-1174323.8801712152,302.71049872892013
28520.0,released,0.0,40.0,92.75994442299154,-0.04815149084382975,47.87649837960021,26.471630621121566,-4.629990105228844,-1174669.0650004223,300.02595933128225
28530.0,released,0.0,40.0,86.23045502849108,0.06574351915034757,48.392506109275956,26.32325237686402,-3.9189320124223634,-1173640.792167252,298.173739618257
28540.0,released,0.0,40.0,92.98488625054684,-0.05207253124264008,47.81168841254087,26.01092964529162,-4.6640142700357465,-1173448.0661085304,300.3415834973019
28550.0,released,0.0,40.0,90.62018462228463,-0.010824052260105854,48.469207542963446,26.250588885415116,-3.4763012136512614,-1172221.9711743612,301.9256153719065
28560.0,released,0.0,40.0,89.25613702903843,0.012982493309941057,49.29908578282295,26.26935250528673,-3.5777513807932295,-1173255.405279275,300.8975267293349
28570.0,released,0.0,40.0,89.48777206153459,0.008939944958677004,48.33998600562046,26.11377290063009,-3.6391622561950854,-1174419.0164780058,301.36482362671137
28580.0,released,0.0,40.0,92.9417698507733,-0.0513210143758607,48.32561198033375,26.231853885995307,-5.057796466501795,-1173909.7346488405,298.98072104898273
28590.0,released,0.0,40.0,89.58424152087757,0.007256290673770677,48.04000285899203,26.380937967101346,-4.822757850634989,-1175180.9866045825,299.8043469448437
28600.0,released,0.0,40.0,92.75551587318316,-0.04807428758103077,47.94231112377549,25.903550168500587,-4.546727324825017,-1174352.988716025,302.58823274710653
28610.0,released,0.0,40.0,87.24181957573232,0.04812073894751984,47.978979940843864,26.01438000832552,-5.368774035204906,-1172074.5314448234,301.3253565090808
28620.0,released,0.0,40.0,85.11367171747148,0.08517917629619093,48.30962797440775,26.131543284292658,-4.14395886177509,-1173850.907933833,301.24945661178725
28630.0,released,0.0,40.0,86.25990343995721,0.06523065069952666,48.58991049812246,25.77263735524166,-4.745869212330963,-1176326.030986471,301.57314763248274
28640.0,released,0.0,40.0,88.4319135627229,0.027364854840176422,47.863724688822856,26.020575679499714,-2.795654757641998,-1173932.703438433,300.18195001769885
28650.0,released,0.0,40.0,86.38242079547682,0.06309672613859871,49.37612280072193,26.087184165082938,-4.762451611501689,-1173371.3944038395,299.4021005346559
28660.0,released,0.0,40.0,86.1340643358146,0.06742212063884412,50.11816546786463,26.230444818669973,-5.5856847666440395,-1174035.360520972,298.7327931101423
28670.0,released,0.0,40.0,93.84894263155122,-0.06712620817439435,49.8468298937459,26.219607891189632,-4.786231587818706,-1174243.584274562,300.80876919089656
28680.0,released,0.0,40.0,85.15985799593396,0.08437597573930694,49.4463686613813,25.936483851687193,-3.92194074023779,-1172775.769517688,302.1586533670869
28690.0,released,0.0,40.0,89.36511702762817,0.011080571476508455,49.82384859515661,26.11797235744726,-5.215554280585831,-1172186.9323783573,300.413069528482
28700.0,released,0.0,40.0,87.4296903025568,0.044845321970433866,49.738254755229065,25.846098445285477,-3.8370159395905987,-1174706.7569177505,298.7772810014028
28710.0,released,0.0,40.0,84.57015460307761,0.0946268891957727,49.519015283376255,25.82252196732205,-4.069904562845066,-1173263.8500345387,298.40764126192886
28720.0,released,0.0,40.0,86.71354048885819,0.057328091113416135,49.20280192762006,25.75999086545595,-4.905312100281245,-1174586.6949910931,300.105567864951
28730.0,released,0.0,40.0,92.46774731367485,-0.0430570006860162,49.381549664457786,25.845338121961866,-4.017657700604651,-1172470.4904233925,299.5642660953183
28740.0,released,0.0,40.0,85.7296991536555,0.07446182784076688,49.238506676079226,26.40162616555386,-5.958336602084989,-1172461.3503644224,300.943464653242
28750.0,released,0.0,40.0,88.87264883263836,0.019674720145807456,48.771994076231074,26.366194255800142,-4.653660220883287,-1173098.9394561388,301.8729894892506
28760.0,released,0.0,40.0,88.95473208599026,0.01824235472091479,48.49588210453563,25.72148269888505,-4.489010779205739,-1174634.2318966147,302.8739859957252
28770.0,released,0.0,40.0,85.79688753426232,0.07329237390947207,49.570388494435306,25.862349486372505,-4.117064981673222,-1174080.333873691,300.98288444297685
28780.0,released,0.0,40.0,93.15223665841552,-0.05498915794297615,49.24509106224462,26.06286252543586,-6.491865750897526,-1175474.7133037224,300.73738598823877
28790.0,released,0.0,40.0,86.24040441320795,0.065570244319401,48.71763814906978,25.85536436711717,-3.697477964002391,-1174346.8412762955,299.97455447846284
28800.0,released,0.0,40.0,97.28389718422069,-0.12678583447641453,48.87460097403737,25.97560740948605,-4.926193766214823,-1173449.9813140072,299.53587893682754
28810.0,released,0.0,40.0,83.99842874558381,0.10455573656214648,49.083415993872165,25.717536553124578,-3.773651797209131,-1174300.9668317884,299.49332614897656
28820.0,released,0.0,40.0,88.03560338047023,0.03427847232827716,48.998787026159256,26.35229456018136,-4.604945659425379,-1174139.8662819527,301.3188090285842
28830.0,released,0.0,40.0,85.83607500650912,0.07261024589028461,49.451173955994754,25.807729406360245,-3.181406221316913,-1175727.5328468718,303.28425507249796
28840.0,released,0.0,40.0,88.87873625457097,0.0195684950448112,48.8594349160557,25.82216896485152,-3.013002273721125,-1173007.2680508737,300.8552251218528
28850.0,released,0.0,40.0,91.17032746713559,-0.020424647282586084,49.181483868911194,26.056318228768422,-4.6789713689577415,-1174888.7003753427,299.8633397118877
28860.0,released,0.0,40.0,87.38461717706049,0.04563119101729202,49.04590117532982,26.32179998313767,-4.202886447699373,-1174954.3435581382,300.0371746332642
28870.0,released,0.0,40.0,91.71357034420451,-0.029902986191914893,48.81435593625053,26.031206793777557,-4.020229590395292,-1174891.6307165008,301.76125001794935
28880.0,released,0.0,40.0,85.6395448397794,0.07603085640626311,49.21518171288666,25.62574978065239,-4.846811759945506,-1174872.9857501686,300.43857485009335
28890.0,released,0.0,40.0,89.61649598105811,0.00669335784592795,48.53404837689769,26.049008092997223,-4.799975132809133,-1172407.1026374232,300.44638054550063
28900.0,released,0.0,40.0,83.34463378829153,0.11589701532220462,48.82237936806856,26.371342209360414,-4.843783892429718,-1172087.1197972465,302.1706732921634
28910.0,released,0.0,40.0,87.59841400341145,0.041903310294729296,49.35507801485943,27.068182903252243,-5.675155480637109,-1173946.0656962562,299.8339088442153
28920.0,released,0.0,40.0,91.14100797997828,-0.01991302979244758,48.17731444628017,26.150271961018895,-4.965885635141701,-1173500.7017713822,297.6775904019015
28930.0,released,0.0,40.0,82.76412582366896,0.12595439428710659,48.95999438917581,26.008906002570903,-7.858759147376004,-1174368.2822429165,301.07066355766335
28940.0,released,0.0,40.0,82.9468479972749,0.12279005351812555,47.597402857223344,25.792725368975685,-4.39570685349601,-1174230.5700472295,300.0716720773393
28950.0,released,0.0,40.0,84.4187656874911,0.09725693463436705,47.87432255179062,25.777015006849627,-5.172236357308569,-1173406.8569346108,301.5774189832649
28960.0,released,0.0,40.0,88.19505331423866,0.03149705231297034,48.335983722094696,26.12196868909694,-6.7897249882470625,-1173862.9086824972,299.3434702212415
28970.0,released,0.0,40.0,92.4577650863929,-0.04288293887182129,48.12412245527268,26.104705292602034,-4.981683011357805,-1173881.9003745168,299.14121129656627
28980.0,released,0.0,40.0,93.18921297010648,-0.05563352837287833,48.476942399351145,26.19755726567964,-3.6840980585585337,-1172684.1512912177,300.3477676021998
28990.0,released,0.0,40.0,98.76918111682357,-0.15245425504248827,48.8385376298203,26.02008494110151,-6.512517634315703,-1176572.6885506492,300.3470332884541
29000.0,released,0.0,40.0,88.31687222609735,0.029371896516141804,48.804278012000836,26.22151291857814,-5.2168219995253144,-1173432.9029040746,302.70631273608933
29010.0,released,0.0,40.0,82.98186674129694,0.12218346333329244,48.51256065681311,25.873217219134187,-5.538828977251677,-1172489.9610723928,299.865479095587
29020.0,released,0.0,40.0,92.17412623187575,-0.03793655559904999,48.4527472766449,26.358159097296472,-3.2936176208679644,-1173375.8674101066,300.4986031831832
29030.0,released,0.0,40.0,93.13346776286697,-0.05466207161707193,49.028320603813704,26.25511204504821,-4.73849073478633,-1174152.9621402752,300.14705241210936
29040.0,released,0.0,40.0,84.01962245358973,0.10418785684345047,49.015375698974665,25.622659267990894,-3.7296536222648324,-1174199.3036155272,300.01433450007625
29050.0,released,0.0,40.0,95.84999199244297,-0.10192431676465469,48.39882470934985,26.152522149703433,-7.279533078535088,-1176013.4351580609,298.52583289193143
29060.0,released,0.0,40.0,90.26946289358881,-0.004702997367942774,48.60572215816906,25.897506892020495,-5.478114042912262,-1173129.748094825,299.95524587521714
29070.0,released,0.0,40.0,87.26665167849656,0.04768783457301243,48.31857254747071,25.962427727565615,-4.312742633458484,-1174133.663225785,299.9309390771162
29080.0,released,0.0,40.0,88.42936022596979,0.027409402257520504,48.790244726867606,26.25426353543458,-4.2777078609483965,-1174749.3346941732,297.6470682705043
29090.0,released,0.0,40.0,89.36732070998357,0.01104211231675914,48.52438520889034,25.819915446140946,-5.2564464781524505,-1174017.862221457,299.9831037006642
29100.0,released,0.0,40.0,87.51952471768227,0.04327893856831627,48.74988850240332,26.198638074924723,-5.297565243027908,-1173136.641109977,299.99788405517006
29110.0,released,0.0,40.0,84.66838345195997,0.09292002705025926,48.03470614621819,26.25397688275109,-5.75679234931556,-1172283.2642263174,299.6228072929157
29120.0,released,0.0,40.0,92.87416108542027,-0.05014253834947077,48.95992652466191,26.850426325913272,-5.478091557737279,-1174312.9083072282,299.756536162854
29130.0,released,0.0,40.0,87.61653648157166,0.04158728910428977,48.4126684912826,26.444232147206623,-4.683061219410135,-1174691.1387460046,303.48726399995724
29140.0,released,0.0,40.0,92.02344771054138,-0.03530848422185301,47.93329541322532,26.12350416805765,-4.284542381810454,-1172814.7180511672,301.02901869567836
29150.0,released,0.0,40.0,86.08601539564755,0.06825880081222666,48.66815526621727,25.97079678698534,-4.812582279227602,-1175862.9200031068,300.0128868833253
29160.0,released,0.0,40.0,87.64132698759929,0.04115498359062697,48.12741175193701,26.31871683702532,-2.5228050414797134,-1174349.538085539,301.06390981468326
29170.0,released,0.0,40.0,88.08052965986337,0.03349481118103226,48.59221912747895,25.946535668560458,-1.5720001280513731,-1174926.8425258733,299.21506865768396
29180.0,released,0.0,40.0,92.93194057383387,-0.051149686447232556,48.836136973632286,26.250782558434327,-4.338686477713017,-1173006.3915362097,298.7266500616532
29190.0,released,0.0,40.0,87.00835337247351,0.05219036163933799,48.7056356547889,25.81213488998284,-4.374856690863133,-1172430.2447766736,302.0224935991391
29200.0,released,0.0,40.0,91.49970359005178,-0.026171776750761544,48.26116606576701,25.886815274304514,-2.926936102635231,-1171896.133767102,302.1846795531628
29210.0,released,0.0,40.0,91.0842273690897,-0.01892220806624123,49.72435527527245,25.897326723057112,-4.0007482538581485,-1173185.5641268697,299.6418733505927
29220.0,released,0.0,40.0,91.06338423759775,-0.018558490683015405,49.236160621008324,26.016642531665525,-4.778875431577194,-1173911.9232959598,299.44928733807035
29230.0,released,0.0,40.0,94.44957000403787,-0.07758160924750837,48.56269054525311,26.437219101329585,-5.7274869282192755,-1175306.6111522615,300.6080887497695
29240.0,released,0.0,40.0,96.362643255079,-0.1108209736681891,48.057804179887796,25.910621500717212,-6.25519000699455,-1175505.3898866083,299.0965697494758
29250.0,released,0.0,40.0,94.30890459467612,-0.07513370294479865,49.432464971782544,26.371913560211482,-3.9446618039317807,-1174031.2174881846,301.2543540742606
29260.0,released,0.0,40.0,91.25923039415402,-0.021975947182402478,48.999024781053016,26.22161349104827,-4.4832279286501056,-1174252.014187308,302.04480462984907
29270.0,released,0.0,40.0,93.83237387118042,-0.06683767819663966,48.82208703961282,26.995178222755722,-5.889989817377241,-1174612.2276595123,301.62987959466693
29280.0,released,0.0,40.0,87.03645247741481,0.05170060185395897,48.80697681224638,26.62986244304374,-5.4261348263465745,-1175401.3199819606,300.91858008618897
29290.0,released,0.0,40.0,91.60140437018956,-0.02794614004247864,48.8780964803411,26.8653467332841,-7.236408567971335,-1172619.2130171247,300.7414078846338
29300.0,released,0.0,40.0,89.7208690989116,0.004871733997058314,48.45834885286536,27.096461650105645,-6.060046784494656,-1174898.0986030083,300.4426582427374
29310.0,released,0.0,40.0,85.88533300239868,0.07175277425950244,49.225883662888634,26.34034004999386,-4.5071894450769445,-1174985.0406855345,300.67458345054064
29320.0,released,0.0,40.0,95.29282080727998,-0.09224582186884028,49.56067888657629,26.45411463829069,-6.257024997545946,-1173647.187364947,301.1739534176669
29330.0,released,0.0,40.0,91.54743774859553,-0.02700460042794539,49.34412833666616,26.353665124860377,-5.745061429321496,-1171276.2985623144,300.25852736003924
29340.0,released,0.0,40.0,88.08119644911928,0.0334831800408279,49.307239423093954,26.153449856856113,-5.70957084233378,-1173935.326146068,299.74843927249225
29350.0,released,0.0,40.0,87.39938160955249,0.04537376996539516,49.23529447140297,25.88530867473502,-4.953970849535956,-1175033.5532125328,302.1506175769611
29360.0,released,0.0,40.0,91.79877324039663,-0.031389358641753795,49.06618642694448,26.246539882531533,-5.280278354560839,-1171993.7653264757,299.41119037364246
29370.0,released,0.0,40.0,92.05844816926992,-0.03591896993719129,48.9393493950645,26.385648241274712,-4.193282485253715,-1174711.9191579036,298.9887133513273
29380.0,released,0.0,40.0,82.28146197493926,0.13430681059180602,49.624299492574444,26.48137104174279,-4.062189256215349,-1173774.4145746361,300.8873092255469
29390.0,released,0.0,40.0,84.79077010345348,0.09079300811464869,49.6950336111095,26.65094813143659,-5.313998403689945,-1173112.9135791045,301.1952872538102
29400.0,released,0.0,40.0,89.05799181885844,0.016440403647337037,48.42029823645195,26.68552012360657,-6.0507755489919965,-1172420.0395536814,301.30230470037833
29410.0,released,0.0,40.0,89.86093216416518,0.00242718923573898,49.547738257080624,26.522996812674943,-4.850735745736058,-1174610.321924828,299.5410738636062
29420.0,released,0.0,40.0,88.94106799220157,0.018480797940830684,49.48719699372345,26.547661016249236,-6.580662509693939,-1174407.6374429055,299.889292716584
29430.0,released,0.0,40.0,85.85502137207689,0.07228043832211845,50.168385695921216,26.408706441230947,-6.1261297749104,-1173340.8705260959,300.37676124228994
29440.0,released,0.0,40.0,92.162136346751,-0.03772744243556991,49.546424201238004,26.26734528887837,-4.371459908250763,-1173129.6795037203,298.9415783461296
29450.0,released,0.0,40.0,83.80800149841802,0.10786051899330062,49.50677857692191,26.85608531069661,-5.70854921216957,-1173480.9939657673,299.2690945773396
29460.0,released,0.0,40.0,87.41892634981046,0.045032998589479845,49.826199727521406,26.67164929276548,-6.588160336125451,-1175057.816260552,300.17393757214353
29470.0,released,0.0,40.0,88.67170296571499,0.023181080083468975,49.8416139744515,26.224516319712787,-6.681436411141576,-1174873.2370300088,298.5515433318175
29480.0,released,0.0,40.0,86.2966315504158,0.06459097613541473,50.19917994971484,25.757748610892634,-6.791336719862264,-1175645.5630974006,301.0608418618148
29490.0,released,0.0,40.0,90.72071244752219,-0.01257847345561025,50.014414251340256,26.36615747615723,-7.3878860660156525,-1174482.3821160682,301.0408700145985
29500.0,released,0.0,40.0,91.14095264825235,-0.019912064263127083,50.267029333336424,26.285001204029317,-6.154554574130103,-1173178.829073742,301.28334871197495
29510.0,released,0.0,40.0,90.77009772275908,-0.013440336141734954,49.88365300589483,26.268398323126366,-6.666345006075137,-1174247.3910928797,297.4603301688812
29520.0,released,0.0,40.0,90.70228352816045,-0.012256852936096907,49.622090242303365,26.566836419542177,-5.87963149719662,-1174171.549803719,298.65439234102035
29530.0,released,0.0,40.0,95.42135898750752,-0.09447943699627331,49.60273045339095,26.343223227049933,-6.490503447503576,-1174568.3537325878,301.6367872015254
29540.0,released,0.0,40.0,90.57587729701193,-0.010050785693781233,49.40528488587575,26.47801263356978,-5.542180239323275,-1175357.5295354407,298.97188502967197
29550.0,released,0.0,40.0,87.71043506115046,0.03994981241499465,49.13316259469524,26.427753952891113,-5.521866964197753,-1172677.2530715633,301.3292696100672
29560.0,released,0.0,40.0,87.0079238207296,0.05219784851273082,49.46153516674778,26.669803538711474,-6.6161912762368535,-1174297.6576225236,300.95693076351114
29570.0,released,0.0,40.0,90.5850493408135,-0.010210859841961878,50.161082714234645,26.017299723532023,-6.0273120770065916,-1175105.992094662,300.88936058427043
29580.0,released,0.0,40.0,89.93998802127611,0.0010474064278572226,50.709961176172555,26.470312411796133,-5.25578860033006,-1174920.0525106713,300.74663235110745
29590.0,released,0.0,40.0,93.8593814126849,-0.0673079872265796,50.471833251462414,26.473852182466832,-6.141341417657059,-1173168.1240137704,300.54163104717526
29600.0,released,0.0,40.0,88.16511077584266,0.0320193845809022,50.48829081085351,26.40241472710034,-6.98813869251804,-1174488.248340262,300.7345929887634
29610.0,released,0.0,40.0,91.69918293960897,-0.029651989964651793,49.43147124067226,26.08057762727743,-4.880819289943647,-1172148.6954975668,300.02007259685496
29620.0,released,0.0,40.0,94.00573215667588,-0.06985627469748712,49.37390335805376,26.345503597822105,-4.441671846724813,-1174009.366537178,300.1986255721272
29630.0,released,0.0,40.0,86.05851521957922,0.06873764209302091,49.5248424595674,26.639667241666555,-5.284127071254707,-1175272.0015932694,300.3412503972308
29640.0,released,0.0,40.0,88.25657697024369,0.030423776762326382,49.00194500577891,26.364570266502728,-5.629224507795104,-1173451.6138851605,298.27824684984733
29650.0,released,0.0,40.0,88.48366869383318,0.026461884630006816,49.903838371599285,26.418135552935556,-4.92862203697352,-1173149.775899835,299.46709129385147
29660.0,released,0.0,40.0,97.95361757614646,-0.1383714076855009,49.767681551332004,26.766994848125325,-4.593380029648634,-1173704.0004488807,298.9113429919734
29670.0,released,0.0,40.0,91.85567879118761,-0.03238204280969348,49.642552433030836,25.839896574208034,-4.878276207118463,-1173241.880135905,299.58073101239546
29680.0,released,0.0,40.0,93.57154114772705,-0.062294791255940285,49.7034964534733,26.390376098543566,-4.935219741939345,-1172735.702482883,298.6261961328679
29690.0,released,0.0,40.0,87.23798292778662,0.048187623404594565,50.1953092032097,26.303900573114035,-4.258675045061012,-1175085.0989705678,300.4758732116102
29700.0,released,0.0,40.0,91.2937360987399,-0.022578035875825853,50.14303147160596,26.734737948553086,-5.589346331353872,-1173892.0351490919,298.76171586421106
29710.0,released,0.0,40.0,90.12787448270807,-0.002231828899723509,50.01030566692425,26.009423645515255,-4.695511908420284,-1172328.82814732,300.78846952345907
29720.0,released,0.0,40.0,93.88827393916044,-0.06781110480404076,50.18970498635337,26.138284228649493,-6.3823629772957755,-1174515.8885790464,299.98357694814865
29730.0,released,0.0,40.0,95.5093788164855,-0.09600868886108274,49.85655004913223,26.390520837244285,-4.899013664538114,-1173469.0400353335,300.8264440960498
29740.0,released,0.0,40.0,95.5464648996915,-0.09665295287654091,49.74226020409686,26.34707271313561,-5.1211954848146775,-1174280.1328228954,300.1868672680528
29750.0,released,0.0,40.0,91.01608656619018,-0.017733126529435567,49.58781055900851,26.17576991910476,-4.780448719422931,-1174824.1350268554,302.4272323095604
29760.0,released,0.0,40.0,92.39510940239987,-0.041790371418859384,50.381617090144914,26.21877133995631,-4.855421549628563,-1172105.912513813,298.0607952259174
29770.0,released,0.0,40.0,92.91701186281087,-0.05088947062071067,49.74081928434429,26.070540539108013,-6.155445389233753,-1174220.251726348,301.40125577130294
29780.0,released,0.0,40.0,93.93593255606739,-0.06864096637620343,50.5442610344656,26.504506657425026,-6.307745040913481,-1173973.4883057456,299.7992632166199
29790.0,released,0.0,40.0,85.53083529793697,0.07792256593820801,50.11702170395975,26.56303766025565,-4.801394239267427,-1175706.5635727476,298.95480199642617
29800.0,released,0.0,40.0,93.34189294191818,-0.058293968863651624,49.79975584909209,26.324890725702396,-4.346181065994136,-1172634.3521479089,301.92173840243356
29810.0,released,0.0,40.0,91.13790616412794,-0.019858903598397537,50.05562298486052,26.261851808327485,-4.0215228712910225,-1175418.2561515793,300.53482983467984
29820.0,released,0.0,40.0,95.57559967985443,-0.09715905748569725,50.64482145686142,26.287817566190242,-4.716990931940035,-1174571.9267819002,301.33189887611775
29830.0,released,0.0,40.0,90.03454447717644,-0.0006029148285816299,50.14469594658316,26.76779538964263,-5.667047318174637,-1173772.6062959805,299.5833569348219
29840.0,released,0.0,40.0,92.45900585842023,-0.04290457449804047,49.94236497868916,26.505829952963666,-6.171717460627512,-1174410.5279638022,300.01879800113676
29850.0,released,0.0,40.0,91.3368420051969,-0.023330177626083998,49.94308972712452,25.988401468583348,-4.371933968183294,-1172789.1794610545,300.1253134797143
29860.0,released,0.0,40.0,94.44422905524647,-0.07748867272499355,51.173850506043436,26.16580725418634,-4.50298322207326,-1172439.6076970585,299.2470932505702
29870.0,released,0.0,40.0,92.85193697844706,-0.04975513867716447,50.43610760923843,26.611875436758712,-3.9428375095359716,-1173852.0720461626,302.3722046809269
29880.0,released,0.0,40.0,95.30783539640314,-0.09250675538549696,51.34774315931204,26.119942952656263,-5.471168029335455,-1174806.2247750275,302.1023979170618
29890.0,released,0.0,40.0,89.67473604565727,0.005676896449193003,50.42709564181443,26.443650812061065,-4.509183353397498,-1174913.120662341,301.6281580366748
29900.0,released,0.0,40.0,90.92954605973335,-0.01622292760617655,50.50880532140735,25.990378147937946,-6.996833667089142,-1173908.4168221243,300.1805171681749
29910.0,released,0.0,40.0,92.29051595030761,-0.03996639744004454,50.52149503958885,26.364009231868202,-5.179501554945423,-1175536.458320368,300.31861492547546
29920.0,released,0.0,40.0,88.72593934832639,0.022234720756825616,50.54319858191006,26.162341616423767,-5.986735797278698,-1173160.950704841,301.3907533916186
29930.0,released,0.0,40.0,91.87335280442534,-0.03269034921462402,50.955805429104046,26.113949871159235,-5.881061565608922,-1173965.1445331927,300.3569244911553
29940.0,released,0.0,40.0,94.98543504866889,-0.08690250091015683,51.35238449424945,26.310854704539416,-6.092452998649281,-1174782.3873796705,298.6283948192984
29950.0,released,0.0,40.0,91.48755950269498,-0.025959894458190913,49.68274740151513,26.12358473544679,-7.321131748452437,-1172758.1952537056,302.0485675955906
29960.0,released,0.0,40.0,88.65411624589001,0.023487942670450568,49.674766282714465,26.132006421731596,-7.087824738345204,-1175028.042441791,301.4016763667634
29970.0,released,0.0,40.0,92.59642277400278,-0.045300617940969484,50.21320470733086,26.937657034055704,-5.275631587096617,-1173882.8035144657,299.28627143507487
29980.0,released,0.0,40.0,91.69496919016548,-0.029578478421340537,50.96411360969341,26.75421199503052,-4.471463599653053,-1175621.4271659162,298.7142282713628
29990.0,released,0.0,40.0,92.25192497670413,-0.039293387016206605,50.53464300115334,26.431661355247808,-6.217312532595087,-1173977.6515017524,301.8982738627837
30000.0,released,0.0,40.0,91.33509514833518,-0.023299697509953088,50.744100787956235,26.21471870092582,-4.4391349501732735,-1173772.268073123,301.506659761789
30010.0,released,0.0,40.0,94.0513753038264,-0.07065092954897761,50.08926817588147,26.737331284175564,-6.4334812437614275,-1174512.4792784117,297.6125613115515
30020.0,released,0.0,40.0,89.51704756890672,0.008429010238877793,51.06231762421401,26.53277207461613,-5.477121829210324,-1174527.1009149682,300.129181367656
30030.0,released,0.0,40.0,92.51412030441197,-0.04386559727979614,49.39564808609563,26.37267638998422,-6.428331196821601,-1173228.7362946942,304.3344017461715
30040.0,released,0.0,40.0,89.27739441509377,0.012611512315300749,49.506280425700226,26.694995976280286,-6.2611040308206025,-1173688.9214639943,298.9550774710776
30050.0,released,0.0,40.0,89.9979813309209,3.5232421931347124e-05,50.02365062035956,26.456745686303865,-5.906518285783599,-1174388.9608475175,297.96526365385705
30060.0,released,0.0,40.0,89.50842260809674,0.008579538759116545,50.12226431368216,26.375740945297345,-6.610210277087095,-1173529.381278323,301.30545371768636
30070.0,released,0.0,40.0,87.61176213106683,0.0416705450064668,51.3200200698389,27.02164826264846,-4.8120155000876075,-1176367.8644586075,300.7901576926273
30080.0,released,0.0,40.0,92.11667213184745,-0.03693449531878737,51.34494292057759,26.05080391291328,-6.160053877504964,-1174717.6918499768,299.7318831795837
30090.0,released,0.0,40.0,98.89993612382509,-0.15470928487274452,51.046380416065126,27.043419295343824,-5.858480492304645,-1172598.6504402962,300.46655326626006
30100.0,released,0.0,40.0,96.40187583201016,-0.1115014675565045,50.942932313232326,26.5495602646378,-5.601032401460912,-1173718.5825161543,298.7387430312688
30110.0,released,0.0,40.0,89.20358892919144,0.013899547786546396,50.26378762961006,26.78285766505013,-6.209859800925855,-1173815.235010365,301.8067426025796
30120.0,released,0.0,40.0,89.07740392474597,0.016101643338134575,50.55107911863859,26.32389924230658,-4.782011753171874,-1173504.1025021002,300.6216468652815
30130.0,released,0.0,40.0,90.89387146524861,-0.015600367308208851,50.13910290024655,26.675207361761483,-6.172530178776132,-1173747.4650759213,302.39850747434855
30140.0,released,0.0,40.0,87.94688730063518,0.03582590835539701,51.74101530643608,26.83094389073735,-5.3237133015169285,-1174315.9239836764,296.9780265327971
30150.0,released,0.0,40.0,88.63965244352207,0.023740313249686756,50.54971460873621,26.454618573564392,-5.4257473546657256,-1174318.4000223093,301.6661685511408
30160.0,released,0.0,40.0,93.33294588778895,-0.058138078149297584,51.43549502445648,26.225921548683605,-6.880132289166342,-1175742.0045350231,299.9552730948856
30170.0,released,0.0,40.0,89.05084094604727,0.016565192926027733,49.933156827574855,26.631106101548916,-4.982200939986508,-1172375.3428559303,302.21297937400453
30180.0,released,0.0,40.0,92.94863982873063,-0.05144075973342194,49.72121324569542,25.75941018372346,-4.607807146341701,-1174540.3665551245,300.89610616720154
30190.0,released,0.0,40.0,94.16954517196422,-0.07270807723896791,50.12356636502124,26.51104150686538,-5.714776941070275,-1174322.9962907322,302.31372924451296
30200.0,released,0.0,40.0,96.70299350154579,-0.11672262658883661,50.335176906426966,26.821483956553095,-7.039741999860272,-1173446.473770691,300.5420819443573
30210.0,released,0.0,40.0,92.64158686117611,-0.04608805658057322,50.616909047851145,26.415361675896897,-5.404905157753401,-1173364.966548169,299.27362091891206
30220.0,released,0.0,40.0,89.5032270290107,0.008670215347848148,49.98516667164038,26.224283329522883,-5.3361089566440025,-1175195.1136925984,300.43264039222225
30230.0,released,0.0,40.0,96.82853586040044,-0.11889849482842987,50.6903786999986,26.570890231145455,-5.880113348758952,-1175714.14283723,299.97533680221625
30240.0,released,0.0,40.0,98.75407750555574,-0.15219372343830254,50.527676095338585,26.40848258610034,-6.084502006170914,-1175212.7935265508,300.8364007702445
30250.0,released,0.0,40.0,96.35073832509451,-0.11061447089810539,50.38007969508543,26.50560773817137,-4.490960993065009,-1174041.8700341266,300.46520377588854
30260.0,released,0.0,40.0,90.9711904493257,-0.016949659319092453,50.76604993632525,26.228149547963568,-6.7012808485417565,-1172770.134914495,300.09585695719863
30270.0,released,0.0,40.0,85.51572182654003,0.07818554101631572,50.193418443557775,26.23958770275649,-6.717608997709265,-1175035.5870846417,302.221938421966
30280.0,released,0.0,40.0,88.84922161943342,0.020083521349084477,50.34825239700253,26.631913686850986,-5.5597701518129075,-1174290.698236592,300.61622925553655
30290.0,released,0.0,40.0,87.31941096249214,0.046768038900256326,50.487798534134505,26.140865498126587,-5.9503158099034765,-1174443.166982051,301.1630127413365
30300.0,released,0.0,40.0,94.51502776482398,-0.07872056846756376,51.00736751867622,26.65145878796491,-6.041766876660639,-1172782.385823667,300.4523098794748
30310.0,released,0.0,40.0,91.27774717529933,-0.02229904677922806,50.49533908051373,26.6369728783981,-5.392580723649676,-1173839.8175771143,302.09286298737754
30320.0,released,0.0,40.0,98.5511915813396,-0.14869299975476913,50.61201037595201,26.760553227134587,-6.571023154755444,-1174662.6928044967,300.0967805748611
30330.0,released,0.0,40.0,92.11729021843853,-0.03694527560218233,50.309332052817325,26.371962092289333,-5.8753850880736715,-1173716.185437424,300.97653407598403
30340.0,released,0.0,40.0,94.64414332317307,-0.08096686508120601,50.07826846323439,26.110940054450072,-5.547087878494134,-1173635.9715447314,302.3504619091415
30350.0,released,0.0,40.0,95.78052590031139,-0.10071814417518113,49.771261160761725,26.50857198028003,-6.9283914047255495,-1175442.130432006,300.5659623410328
30360.0,released,0.0,40.0,94.47294028864671,-0.07798826182235183,50.012250766120076,26.753189725800013,-7.400174760629438,-1172547.925150277,301.7932441238204
30370.0,released,0.0,40.0,92.91403173968281,-0.05083752498483535,50.06763218162526,26.773169230148433,-5.908662138234201,-1175680.677316729,301.0056813871051
30380.0,released,0.0,40.0,93.50647145040621,-0.0611612765911724,49.74430570574521,27.139761439181182,-5.804915596790062,-1174057.8727499899,297.67255009795275
30390.0,released,0.0,40.0,98.03150160987886,-0.13971753602745332,49.21308201216937,26.62060718842222,-5.5829788820631165,-1173082.33343851,300.6046586761332
30400.0,released,0.0,40.0,91.78056680535025,-0.031071751408600884,49.58788609663538,26.373170393646898,-5.7460303430333415,-1173070.1694349162,300.90497781641
30410.0,released,0.0,40.0,96.83974227213994,-0.11909269390939878,50.149160523125374,27.105823838865202,-6.340017940873786,-1173560.2430062424,302.54493308105276
30420.0,released,0.0,40.0,93.59257874287154,-0.06266124922016691,49.76181310860671,26.40158977908189,-7.20463077538872,-1173543.8594085593,299.252910645917
30430.0,released,0.0,40.0,96.33639503755515,-0.11036566606560852,50.27313132578343,26.624015824882587,-6.69538074221292,-1174341.782658862,301.37444558491177
30440.0,released,0.0,40.0,96.86590799836432,-0.11954610943496172,49.83869474422653,26.28720568130783,-5.379878411951584,-1174728.238171341,301.8751522904083
30450.0,released,0.0,40.0,90.74002209555438,-0.012915463008333794,50.597439548515936,26.07091532219754,-6.444962185271322,-1172720.8454064187,298.9221697194727
30460.0,released,0.0,40.0,88.80744422482677,0.020812521968444214,50.26261762731745,26.34195640237139,-4.944076972518369,-1173543.6557718795,299.9456065850998
30470.0,released,0.0,40.0,97.07293575844017,-0.12313272493069369,50.225187650195736,26.406674553201302,-5.877411303505653,-1175681.4171893355,299.7099861979917
30480.0,released,0.0,40.0,98.31798029690088,-0.14466672230067862,50.156098772476405,26.601137663033942,-5.741711244710441,-1175676.006729627,301.84560905708656
30490.0,released,0.0,40.0,91.96457776896067,-0.03428163212407387,50.31941224639354,26.258296019055518,-6.367233276488146,-1172524.1907732338,301.6817880288881
30500.0,released,0.0,40.0,91.5935094367316,-0.027808401012143463,50.32042923481869,26.395131676056984,-3.850755259109203,-1174798.561262617,300.63082758892676
30510.0,released,0.0,40.0,101.30660596745837,-0.1960592037722765,50.79434644693111,26.877304079538362,-5.13448283568588,-1173733.5180777963,300.5370886304155
30520.0,released,0.0,40.0,90.58476029914446,-0.01020581537602458,50.267102580610306,26.291463979951253,-5.911427400770722,-1174412.8227858376,303.18714655892256
30530.0,released,0.0,40.0,92.1573293153332,-0.037643603507560575,50.33577790568086,26.024379220089124,-4.975146865195704,-1173011.0492246076,300.7967260781446
30540.0,released,0.0,40.0,89.85430420853265,0.0025428685269553164,49.90550283022666,26.647157936899312,-6.053044006508753,-1174456.3036675677,300.52011270140827
30550.0,released,0.0,40.0,96.34325653401208,-0.11048468939712741,50.16551886505556,26.344033295184378,-5.182272396708916,-1172140.0153567437,300.0646405455046
30560.0,released,0.0,40.0,92.862457791634,-0.049938533240651506,49.65643649019001,26.71208776116462,-5.559054478096775,-1175454.6691034287,301.22475447550465
30570.0,released,0.0,40.0,95.36438868113923,-0.09348951880926637,49.94222720363042,26.62283416423043,-6.501237900023905,-1173609.6284109708,299.07587280156145
30580.0,released,0.0,40.0,93.69208691191722,-0.06439448606969489,52.616449524454595,26.878927859893473,-4.1699911217307655,-1173290.6662375182,299.8704295673191
30590.0,released,0.0,40.0,93.6818712112177,-0.06421655748738281,51.91118977704097,26.745789593752793,-3.576705814733291,-1174355.2446138784,300.88882640071256
30600.0,released,0.0,40.0,92.11148083205673,-0.03684395171449875,52.37275816242134,26.69211495710783,-5.039509085058424,-1174389.1267200112,298.7625884557858
30610.0,released,0.0,40.0,89.54450421815123,0.00794981738228362,52.00929057279056,26.765918147107673,-5.673598979251583,-1173895.962299252,301.16402813989004
30620.0,released,0.0,40.0,96.32912008771783,-0.11023946901323514,50.865829614344584,26.7230602891081,-4.340444541645557,-1173253.9750669561,302.84760415867044
30630.0,released,0.0,40.0,98.20541679999697,-0.1427225074975313,50.75174293305002,26.86419886005894,-6.937260066142369,-1173603.376084758,299.15937704863796
30640.0,released,0.0,40.0,93.07155716372208,-0.053583111627838714,50.49718803046938,26.458186662647762,-4.935548597809061,-1175738.416486308,298.8623860418021
30650.0,released,0.0,40.0,93.43378024823902,-0.05989490203212777,50.95224382044202,26.43851870308039,-3.851314875312837,-1175722.0849144459,298.72251566706456
30660.0,released,0.0,40.0,95.83493517435171,-0.10166289077248922,50.78117624332632,26.558943216915115,-5.230208336606184,-1172727.2800945155,298.8685248754606
30670.0,released,0.0,40.0,90.67306627682377,-0.011746952435863711,50.67374020426021,26.950649766031262,-2.7211926861552946,-1173972.0908236373,301.17542453071087
30680.0,released,0.0,40.0,97.15971972475234,-0.12463572277231028,51.61885901571478,26.88825714919876,-3.902365288226692,-1174112.7291214727,299.9531207538884
30690.0,released,0.0,40.0,93.00012051359712,-0.05233805671931063,50.97252264762886,27.00347510814371,-5.521910872705311,-1174764.2870985325,301.81778932148796
30700.0,released,0.0,40.0,89.29327459984489,0.012334372366897328,50.619066781173366,26.65302829169439,-3.555566011702804,-1174986.1799506135,299.51902759303107
30710.0,released,0.0,40.0,94.4446660082571,-0.07749627606103504,50.99064178663286,26.680862603495918,-3.008618173380846,-1173808.8692382611,297.517466413986
30720.0,released,0.0,40.0,91.20063967589384,-0.020953581883996292,51.46212951169225,26.78667255802116,-5.001382394511708,-1172421.8477383982,299.3705143814786
30730.0,released,0.0,40.0,86.0338822395401,0.0691665454586198,50.78380079529695,26.715151331418262,-4.330849328378961,-1175571.64821852,298.6545092192677
30740.0,released,0.0,40.0,96.19991431739905,-0.1079978690093068,50.79450495997929,26.945659600660385,-2.856768765959573,-1174067.7311330643,301.7018184615296
30750.0,released,0.0,40.0,95.03192731140557,-0.08771084543888397,50.579004045235365,26.55793148799884,-3.7853423520953573,-1173843.9809899759,301.22956511444045
30760.0,released,0.0,40.0,89.9004236807981,0.0017379337522090976,50.596964104057434,26.835547617561716,-4.131276970677586,-1173556.0097098798,301.08430513862623
30770.0,released,0.0,40.0,89.85078743423335,0.0026042476142540683,50.787399990507424,26.695762514323377,-4.558234160999584,-1175394.658893818,300.43262763469266
30780.0,released,0.0,40.0,91.89105514906385,-0.032999146715878724,50.75138049799122,26.633044125292685,-3.5202750111930587,-1173736.1693563256,302.1380105401362
30790.0,released,0.0,40.0,89.69505876310487,0.0053222034826143905,49.79051350860728,26.470112004932037,-3.98438114949934,-1171118.3345035724,299.96204347127684
30800.0,released,0.0,40.0,91.606783086278,-0.028039979559237538,49.893633824805974,26.089311652326927,-4.554539791088942,-1173567.6240399387,302.3071037702478
30810.0,released,0.0,40.0,98.17803397947584,-0.14224946343359074,49.147154289241115,26.28960185822132,-3.8586207945617215,-1174490.4167274665,299.08020907374754
30820.0,released,0.0,40.0,93.33347853357324,-0.05814735884504724,49.52261587180056,26.98444134532345,-4.80566631966458,-1174082.025164267,300.9269357914638
30830.0,released,0.0,40.0,89.99211593072387,0.00013760296688963836,49.99373001002509,26.45583794398878,-4.062361279301161,-1174861.467368191,300.6475156099821
30840.0,released,0.0,40.0,91.1816405013069,-0.020622055388874683,49.574157480652666,26.485433294873832,-5.66814166793172,-1175102.209760761,298.70583777186073
30850.0,released,0.0,40.0,89.74474201115942,0.004455077609969216,49.3951505556728,26.26239597797367,-4.627864787488058,-1176017.360527927,301.0201223816018
30860.0,released,0.0,40.0,88.10341324059897,0.033095638795008736,48.269090445339984,25.85928819451092,-3.78188687419333,-1173542.1515535768,302.4003052823257
30870.0,released,0.0,40.0,95.89343998812943,-0.10267864880226896,48.50977083987486,25.939333420059953,-6.248900382538203,-1173314.7660330497,301.2493591243683
30880.0,released,0.0,40.0,86.9141055306639,0.05383298364975103,48.26443423566433,26.22197792803714,-3.8236521836152573,-1174207.530981928,301.4632495541936
30890.0,released,0.0,40.0,86.75011643770696,0.05669075861038189,49.42509976779841,26.58478123403928,-3.0562088057740437,-1172603.734761415,301.00695348294545
30900.0,released,0.0,40.0,90.84130787293044,-0.014683064761555065,48.402338902878604,26.605656850026318,-3.3975768883721433,-1174061.4373789616,300.5870332496195
30910.0,released,0.0,40.0,94.82404906349285,-0.08409609921800307,47.79643469678004,26.481901731736404,-7.10266062087702,-1172603.2280271258,301.28705174525726
30920.0,released,0.0,40.0,95.41540863569965,-0.09437604781114714,48.88999624576145,26.64308662205908,-4.923561192840212,-1173798.6965300702,298.29833437163717
30930.0,released,0.0,40.0,89.57333955273715,0.007446560770845517,48.58410026982418,26.32328809971769,-5.5159606538649175,-1174012.5315331481,298.15391202638756
30940.0,released,0.0,40.0,91.5010398712209,-0.026195091260892533,49.083469430234004,26.682334761910525,-4.550954123595547,-1173375.139429355,299.6891023280887
30950.0,released,0.0,40.0,89.46835330873725,0.009278852067674148,49.36268374040695,26.761379871352442,-4.861301809768701,-1175685.8787748963,299.9431468796345
30960.0,released,0.0,40.0,91.00511723394811,-0.017541705345808678,49.03732847303854,26.419587089405855,-4.672491343200189,-1173975.5809428412,299.24090322660226
30970.0,released,0.0,40.0,95.60708302997871,-0.09770593120804325,48.43002146746663,26.25643391588494,-4.81249497192272,-1173698.0569932293,300.8726406312396
30980.0,released,0.0,40.0,87.19800826413007,0.048884490613381126,49.29136296163819,26.003608296246192,-6.145042543789152,-1173028.6965206042,299.4395762962635
30990.0,released,0.0,40.0,91.51272372575666,-0.026398942470004932,49.03306859258045,26.46151998259421,-5.358668884115431,-1173346.8620287105,298.3738325313766
31000.0,released,0.0,40.0,90.00070169073287,-1.224681361894353e-05,49.272382794973915,26.213051088885805,-4.986038382319973,-1174857.5669524465,302.1344688384182
31010.0,released,0.0,40.0,98.30497374521121,-0.1444420994393335,48.94954550408415,26.5416559960898,-6.682409109802363,-1175481.1035376564,299.1467643940977
31020.0,released,0.0,40.0,94.8227662595485,-0.08407378935467916,49.670236876616144,26.009537974534673,-4.95192360312137,-1174999.337371042,300.97384888286354
31030.0,released,0.0,40.0,95.44416620283006,-0.09487570989996691,48.73321600906769,26.565460335042356,-5.24069567663081,-1174349.8546776064,301.38190139278817
31040.0,released,0.0,40.0,91.5251415558559,-0.02661559833559185,49.51709311954679,26.51250688043402,-4.46031512732076,-1175124.3177176584,302.3256547115201
31050.0,released,0.0,40.0,87.47339594164752,0.04408326912135929,47.79445031743297,26.144531888891354,-5.587340845694457,-1176081.0929294955,297.1960276623833
31060.0,released,0.0,40.0,86.5742592292463,0.05975483800043713,48.57213286386769,25.960725618456486,-5.462894208708519,-1173327.7160200607,301.9418558596596
31070.0,released,0.0,40.0,84.32940293842998,0.09880909597581367,48.191329034885655,26.113040164830448,-4.477276294380131,-1174625.823145194,299.8147133248011
31080.0,released,0.0,40.0,86.9409852551112,0.05336451832351044,49.1301440539844,26.380731033298368,-4.01035915333181,-1174581.815572191,300.77529040699744
31090.0,released,0.0,40.0,92.6503737488632,-0.04624125319574779,49.283637918964736,26.39962293603039,-5.734879374142556,-1173363.4633885473,301.93729114044515
31100.0,released,0.0,40.0,91.07294499971314,-0.01872532846337821,50.00605262766553,26.346177835824424,-6.010315011013912,-1175316.9707297403,301.0139759231269
31110.0,released,0.0,40.0,97.71474727174785,-0.13424124860472086,49.50865522602088,26.101294414113895,-5.1360407300702295,-1174477.5611291472,301.06899001266856
31120.0,released,0.0,40.0,92.6496328860996,-0.04622833652908759,50.64758573883116,26.388355431863673,-4.86649199524337,-1172703.3182906248,301.55142050045185
31130.0,released,0.0,40.0,93.29600409839182,-0.05749440082441065,49.67088687402947,26.223714598473478,-5.154319610351774,-1173945.3862915523,300.1976880118335
31140.0,released,0.0,40.0,87.21583905941931,0.048573654231121755,51.01463095846397,26.21850556693806,-3.1047286949591957,-1174988.1567707472,299.9591579243706
31150.0,released,0.0,40.0,94.24545231595287,-0.0740293361605538,50.72345098121564,26.220206264594697,-5.399333402585017,-1174517.4335993212,297.5767003954688
31160.0,released,0.0,40.0,94.59128072817924,-0.08004723358942403,50.45671655168693,26.34981845684943,-6.697310279221014,-1173704.559612535,298.338909422452
31170.0,released,0.0,40.0,91.6371412030606,-0.028569616355690386,50.81690778202488,26.26388661930273,-4.88637513171815,-1173784.797415359,301.44532464112694
31180.0,released,0.0,40.0,88.46361787193825,0.026811713316874153,51.228045593449856,26.066054594686655,-4.032214365906455,-1174788.788632961,299.79095575539975
31190.0,released,0.0,40.0,89.8134178430226,0.00325646720912387,50.89786868484152,26.16633642632228,-5.785035065827744,-1174694.602878848,300.77662390045384
31200.0,released,0.0,40.0,92.45750164568688,-0.04287834519326261,50.497937004067545,26.171208935092327,-4.74037018826254,-1174123.2034779768,300.214306544162
31210.0,released,0.0,40.0,89.47554866190671,0.00915327479745015,50.10480318648607,26.488172788670028,-4.170011308100181,-1173648.1502740681,299.6502217796426
31220.0,released,0.0,40.0,94.61824869752927,-0.08051639418505352,49.54461222856638,26.00979111620075,-5.411469037172804,-1173868.8095957227,299.89188700735565
31230.0,released,0.0,40.0,88.63204026640739,0.023873133148970632,49.86380395421461,25.747732835865005,-5.388197429890133,-1173674.524614852,299.684706011579
31240.0,released,0.0,40.0,87.05732985511423,0.05133670675943791,49.802653991997026,26.0371365809832,-4.6668522106883366,-1175669.4471695572,300.0205713003548
31250.0,released,0.0,40.0,90.84066681838749,-0.01467187745432108,50.32145250341229,25.863089438571166,-5.982285180598355,-1174649.4600222576,300.4976596828574
31260.0,released,0.0,40.0,88.71163780500099,0.022484267371884137,50.635145633368474,26.00604896661016,-4.022367002784313,-1174564.9621607196,300.4238795360006
31270.0,released,0.0,40.0,95.39110319254914,-0.09395372273350588,51.84241612766706,26.139583014853457,-5.146707395471569,-1172679.8385759145,301.2161740470632
31280.0,released,0.0,40.0,92.01631383398698,-0.035184051950786055,49.89333255015138,25.708695705636583,-5.032549082047267,-1174388.315580966,299.8406623791429
31290.0,released,0.0,40.0,95.64234939371863,-0.09831848179072564,50.71915589053342,26.114953016835457,-4.221993187030355,-1172622.591800291,301.82178687716146
31300.0,released,0.0,40.0,92.97590253582318,-0.051915947925666034,49.554669231199796,26.591532723560217,-4.911274401031389,-1174980.4598530605,301.4877018434031
31310.0,released,0.0,40.0,93.2376526263865,-0.05647763052380336,50.60123232025864,26.276374328632905,-4.215276947243335,-1175303.0880726576,300.46856292980135
31320.0,released,0.0,40.0,95.31779880093295,-0.09267990255121455,50.42287432912842,26.190825828978355,-4.348603657881519,-1173822.5287801996,299.5654476676086
31330.0,released,0.0,40.0,90.85122135791268,-0.01485606884197449,51.040929226471036,26.59062466217951,-5.001313925888647,-1175411.119647149,300.6233078618217
31340.0,released,0.0,40.0,92.47730336384392,-0.04322362995222784,50.51142459316688,25.901850081406494,-5.541925937977501,-1174012.7826729044,299.9409811661521
31350.0,released,0.0,40.0,92.42628991737885,-0.04233409243765002,50.49674717739537,26.31417860698701,-5.19230518016356,-1174859.0129899848,302.2686623874363
31360.0,released,0.0,40.0,93.84223584848924,-0.06700941628757767,51.344875948179606,25.746518475625003,-4.251963771830143,-1173512.4439678267,301.38900676338886
31370.0,released,0.0,40.0,99.12994974178464,-0.15867418815272938,50.43641877826909,26.35467418054018,-3.4715749127796394,-1173832.54425757,299.72477204621237
31380.0,released,0.0,40.0,93.03096458330789,-0.05287564185813365,50.79378619120089,26.04138457148195,-4.4597276052894665,-1174375.0589834098,301.79180767193145
31390.0,released,0.0,40.0,95.59705209478922,-0.09753169453143062,50.396820621883705,26.336791266169953,-5.936334802332709,-1174706.8723082263,300.085745721869
31400.0,released,0.0,40.0,91.95492060238689,-0.03411318135606406,49.94720594460339,26.391022676278975,-6.450803268850098,-1173168.4021391403,297.85667206654796
31410.0,released,0.0,40.0,88.21485186558579,0.031151671977659307,50.217526689636756,26.396248606541405,-4.568425222156289,-1175773.2860313375,301.6292249944297
31420.0,released,0.0,40.0,91.23044777552457,-0.021473714286227602,50.197471270765206,26.496066237028412,-6.001151754010962,-1175093.2647534981,301.0080398753195
31430.0,released,0.0,40.0,91.53355203445545,-0.026762336589853247,50.702986539843856,26.485260555937714,-5.0155640569840205,-1172117.6926041842,301.2932081084115
31440.0,released,0.0,40.0,91.93034992558752,-0.03368458861753812,50.51598907706774,26.259856718552985,-4.631458253147239,-1174675.4170820042,300.6465963393001
31450.0,released,0.0,40.0,93.99265625458771,-0.06962861285647393,49.889651149589646,26.625818541527956,-4.691921297801068,-1173145.274875138,300.3736760588287
31460.0,released,0.0,40.0,81.65854072159522,0.1450721849112258,51.22520775834613,25.68090869676641,-5.1625851910209715,-1174042.1040983647,301.94427665395676
31470.0,released,0.0,40.0,89.70209950280059,0.005199321093683762,50.393827463761475,26.036203787257413,-4.484203792982863,-1175661.9847125448,300.3624413842863
31480.0,released,0.0,40.0,92.52093751513272,-0.04398446521400656,49.859242574559524,26.003175398210846,-5.2363950545753255,-1173120.8690413646,301.44006173684625
31490.0,released,0.0,40.0,90.08207229294771,-0.0014324312467406397,50.41649880270915,25.873738993331987,-3.415061568135335,-1173687.5552216992,301.6466499000647
31500.0,released,0.0,40.0,90.23510406234738,-0.004103328457856659,49.32545207889637,26.014215723318436,-4.302778945583968,-1174918.5853267703,300.6180782166227
31510.0,released,0.0,40.0,94.08127953884738,-0.07117154301995088,50.457127760074854,26.246619104714078,-4.673965032451757,-1173349.2615464237,298.69306214748013
31520.0,released,0.0,40.0,84.92064420050458,0.08853540827454082,50.23636493730224,26.308423636812197,-5.608977687556113,-1173731.0637118928,299.8546752227816
31530.0,released,0.0,40.0,90.44613091318512,-0.007786374649622119,50.81428113083354,25.840675987292204,-3.2530999621590073,-1173499.93586546,301.1990791285539
31540.0,released,0.0,40.0,93.42199668934201,-0.059689608093654034,50.816975152013505,25.906448416514078,-5.502842840085269,-1173963.7449209243,301.32055276632735
31550.0,released,0.0,40.0,91.64597293120616,-0.02872369583019163,50.62690434599721,25.470001146249587,-4.962530157328047,-1173250.5463467576,300.8678730996674
31560.0,released,0.0,40.0,92.93572796826261,-0.051215702309982014,50.437157425627504,26.317512696690912,-5.524299465003352,-1174326.3929556552,299.8828029465699
31570.0,released,0.0,40.0,93.59877977460765,-0.06276926458902987,50.017969329402206,25.984766204787146,-4.26266985564302,-1174341.4665907845,302.09453895773703
31580.0,released,0.0,40.0,98.86572328544916,-0.1541193200324406,49.79852146954623,26.296349309953,-6.014758152686419,-1174324.5522572603,301.3200062753181
31590.0,released,0.0,40.0,96.24185576472006,-0.10872557488612924,50.20284359539405,26.10866768920778,-4.827118104178154,-1176333.4355258606,300.8170706198421
31600.0,released,0.0,40.0,90.39431187133935,-0.006881986109616212,51.032004301057796,26.388712223224264,-4.606556549855361,-1174819.8863276895,299.9209627934727
31610.0,released,0.0,40.0,93.34043012334688,-0.058268481260697086,50.25012022291247,26.01340577785832,-3.9645791170202886,-1173107.7099449374,301.4277402084433
31620.0,released,0.0,40.0,92.65086400851798,-0.046249800686187004,50.87467385185104,26.49208252694135,-5.456300442050724,-1175122.977075912,301.80152214953546
31630.0,released,0.0,40.0,99.3390400145907,-0.16227620412188967,50.820495782871966,26.079446226697392,-5.157039941929414,-1173282.5988525301,301.61386111100364
31640.0,released,0.0,40.0,95.0293261918219,-0.087665622212864,50.484793943372274,26.54859194171888,-3.4943045690479253,-1173915.8427245766,301.7646369246409
31650.0,released,0.0,40.0,96.91495593534923,-0.12039597450007797,49.80075718154617,26.425953589507888,-5.208122226758542,-1173688.4631193,299.63932947405164
31660.0,released,0.0,40.0,91.30846932417792,-0.02283511286983686,49.72596452030439,26.29358766608808,-4.534540040531319,-1173360.2212472688,302.10069805243853
31670.0,released,0.0,40.0,89.07322453214665,0.016174578000353323,49.541028386543296,25.963218383472277,-6.079255333039138,-1175562.4215163179,300.05891630704014
31680.0,released,0.0,40.0,90.14544278273743,-0.0025384527058338324,50.08323652409402,26.129640593840005,-3.7172986023960144,-1174985.1849834267,301.06751937407864
31690.0,released,0.0,40.0,92.88547720952478,-0.05033979254901222,49.20903058108598,26.154332695679003,-5.046658370670127,-1173971.4894486815,302.2164962018383
31700.0,released,0.0,40.0,93.5794164756331,-0.06243197411161128,49.28977452536373,26.173027998354083,-6.322509078546908,-1175083.316875415,300.80232152358155
31710.0,released,0.0,40.0,96.26688590074191,-0.10915983300123172,50.097007601751066,26.0799206938296,-6.061931178606914,-1175334.9858476669,301.24414173812914
31720.0,released,0.0,40.0,92.05933596093432,-0.035934454821730244,49.67592429751934,26.39295788972327,-5.196858988430392,-1171914.2347638756,300.5447202279273
31730.0,released,0.0,40.0,95.07045133943713,-0.08838060535864481,50.224031227365565,25.998800668336102,-3.960435041061863,-1173679.1055424307,299.9786196294459
31740.0,released,0.0,40.0,93.65222291350943,-0.06370015654544897,50.01125769466504,25.872159511542048,-5.3668506645203795,-1174849.8139899261,299.25179211975075
31750.0,released,0.0,40.0,95.40214209802822,-0.09414553399289205,49.385817138379814,26.225449689607732,-5.013220910376744,-1173994.4609243441,300.38002756651036
31760.0,released,0.0,40.0,98.91491045852293,-0.15496748436851498,49.048369066542875,26.387871202401634,-4.609749493286475,-1174641.4230483752,300.1124306241893
31770.0,released,0.0,40.0,95.06126481846616,-0.08822089661222166,50.128774172602974,26.08965643658199,-4.4865790938588175,-1172186.9671687894,301.5810391067806
31780.0,released,0.0,40.0,92.52837316717591,-0.04411411585759378,50.119340993138465,26.428374769969043,-4.919045330108599,-1174715.7410836946,300.230028544035
31790.0,released,0.0,40.0,97.82148722721517,-0.13608711597261286,49.3796066370694,25.873503794089753,-6.306243197171726,-1173907.7123668678,300.8686276142675
31800.0,released,0.0,40.0,96.56423011735563,-0.1143169633065737,49.984916605856554,26.412012556932943,-5.324433213602161,-1172886.9701140355,300.75571560252854
31810.0,released,0.0,40.0,94.14841427436728,-0.07234024469130346,49.34685855569614,25.92596363846321,-4.505247753349659,-1173646.3317387104,300.5131635394079
31820.0,released,0.0,40.0,95.75074815804112,-0.10020105372448851,49.95491445364439,26.210092232309485,-5.033359133635127,-1175181.6623292267,301.8658323097311
31830.0,released,0.0,40.0,94.86010910843451,-0.08472321959678142,49.49196422692596,26.282147266630336,-5.4998502982011335,-1171993.8819711413,299.7777200738844
31840.0,released,0.0,40.0,88.53693454255468,0.02553253443671724,50.21409048842688,26.411790681672745,-4.611403932454601,-1173777.051543394,301.8866291306828
31850.0,released,0.0,40.0,100.57207460885641,-0.1834722559031176,49.33714525323324,25.938270016319493,-6.587568217863929,-1173643.6519559082,299.5244124809464
31860.0,released,0.0,40.0,100.47285464560927,-0.18176966266596756,50.18741904247746,26.055108646331263,-4.817402894600804,-1175061.8611927498,299.53485517859525
31870.0,released,0.0,40.0,95.65074365655636,-0.09846427843102201,49.53433675443631,26.15784193798647,-5.748957602174872,-1172298.201298058,299.29240340931653
31880.0,released,0.0,40.0,98.33235121308223,-0.14491489903724603,48.00757372670594,26.061299035211853,-6.073409533686888,-1174557.5616779812,300.9669279082995
31890.0,released,0.0,40.0,97.978701685872,-0.13880498325543994,48.821896488344905,26.032723004300152,-5.589713351080299,-1173408.009850353,302.752377744602
31900.0,released,0.0,40.0,93.14159613846707,-0.05480372587996454,48.80930863837527,26.251626540494872,-6.525829425742716,-1173835.4947101641,300.2615534781257
31910.0,released,0.0,40.0,87.06127438511739,0.051267952380766924,49.2803586670562,26.528284679338725,-3.6716595230821696,-1175175.0010700673,300.2828737762878
31920.0,released,0.0,40.0,94.09078219453342,-0.07133697408244649,50.026055170424435,26.00638800102213,-6.481693225742012,-1175535.0913100243,299.39577194810965
31930.0,released,0.0,40.0,89.05708843891348,0.016456168468784393,49.86514256342927,25.98091577737486,-5.699361317859143,-1176098.6552124526,301.33087660000893
31940.0,released,0.0,40.0,92.11046521429193,-0.03682623787009093,49.776353274084336,26.670273550151833,-4.900972969357648,-1173470.803682875,301.0094584760932
31950.0,released,0.0,40.0,87.29408014461623,0.04720965672651861,48.77322717086523,26.013454130293603,-3.156277318349595,-1174527.800053835,299.32646598459314
31960.0,released,0.0,40.0,88.88710037791418,0.019422541298169838,49.06951827604963,25.721294205076315,-4.472003304307169,-1173650.4520565588,301.4532689817029
31970.0,released,0.0,40.0,91.48302931377007,-0.025880854311307988,47.81806202877119,25.78951345263514,-6.3775924198101155,-1172958.9066672605,300.12758950444146
31980.0,released,0.0,40.0,98.3993925791052,-0.1460725407889464,47.84765153495309,26.224125581492352,-5.053467710144359,-1174503.001473168,302.5613178476409
31990.0,released,0.0,40.0,92.72104240976168,-0.047473299153664716,48.26255760750649,26.01233096075726,-4.5624145263157185,-1173456.5157842804,301.85103791779176
32000.0,released,0.0,40.0,92.92181254808705,-0.05097314964188027,47.7002338670308,26.27154239473489,-6.427783180291027,-1175128.9032509103,300.29674484192174
32010.0,released,0.0,40.0,91.15017009631772,-0.02007290692632191,48.63908895869481,25.918043851035204,-6.002760650066562,-1173742.3318422027,299.75561179228004
32020.0,released,0.0,40.0,93.57852403888221,-0.062416428529616486,48.667251567756985,26.180168846257807,-4.3244724956402125,-1174517.6510805618,299.53480053353127
32030.0,released,0.0,40.0,86.38908203989617,0.06298069672409923,48.30040753081977,26.320490628679156,-3.3155917069900043,-1175283.9290805887,300.58238566285
32040.0,released,0.0,40.0,88.36316903455744,0.02856420389761255,48.34122393173381,25.962985643824982,-4.816862923944289,-1174549.2949650455,300.3357317692425
32050.0,released,0.0,40.0,89.42147433987968,0.010097006004331999,48.16864793560342,26.56830097945705,-6.038573318233443,-1173911.0156174377,300.06303363675283
32060.0,released,0.0,40.0,94.65314158975622,-0.08112339783538991,47.91062625571587,26.596108689610194,-5.569913704868878,-1174611.094248362,297.64902382659665
32070.0,released,0.0,40.0,87.65234652536083,0.04096281855913869,48.370909011278634,25.61699690156616,-3.1250092590176397,-1174440.376157228,300.8216240874607
32080.0,released,0.0,40.0,91.62120573605614,-0.028291602416949863,49.03462114466857,26.21378899230275,-6.618221694181342,-1173371.2577976733,301.4890835722084
32090.0,released,0.0,40.0,92.40644110680155,-0.041987973375368914,49.1112244044393,26.22287823777386,-5.046448201861498,-1174978.6808410399,301.32698772432326
32100.0,released,0.0,40.0,91.0799559244436,-0.018847670588481413,49.01445222045678,25.92496875035828,-4.751849042784837,-1172706.2261488512,298.7796023546979
32110.0,released,0.0,40.0,89.8936135007183,0.0018567936251953077,48.63082380997529,26.199090014155146,-4.84110448215961,-1172985.0800002925,299.58066411563686
32120.0,released,0.0,40.0,93.61524927077126,-0.06305614209955912,47.941296726124826,25.816381432227615,-6.7005459111261745,-1174327.378689533,299.3818412377942
32130.0,released,0.0,40.0,90.24446037903476,-0.0042666255597152425,48.91102059319461,26.157313658351228,-5.8532773678150765,-1175159.184788214,300.41701647868774
32140.0,released,0.0,40.0,93.83017712876757,-0.06679942349399079,48.75980461423087,26.468767888335552,-6.281733631426947,-1173142.167853985,299.4730022451058
32150.0,released,0.0,40.0,90.24050473509413,-0.004197587167200534,49.737895895562296,26.11206489005368,-3.9092005731762116,-1171932.1226986498,301.2206495677554
32160.0,released,0.0,40.0,97.08157713821352,-0.12328239634633281,48.30408002006336,25.80457404094106,-5.807240611199442,-1173201.040624315,300.85522814298076
32170.0,released,0.0,40.0,94.6290961691049,-0.08070510215397611,49.395757089746546,26.25464246069752,-7.237988460763331,-1174147.9355288204,299.95424425422635
32180.0,released,0.0,40.0,94.98072740557927,-0.08682064758558936,49.431254813655414,26.491977980947453,-7.47231528352276,-1173327.3006175626,300.0217870103759
32190.0,released,0.0,40.0,86.67497065780346,0.05800014151589733,49.304736861899585,25.772030851886065,-4.685212268538211,-1173315.318789985,301.12021648363566
32200.0,released,0.0,40.0,92.11563161658269,-0.03691634728646742,49.46004239005934,26.3285680186661,-5.539066938978559,-1173706.6110892203,300.6566619728328
32210.0,released,0.0,40.0,88.65684986353378,0.02344024517775939,50.567371265862306,25.902300236429486,-6.058011417540188,-1175594.0845813304,302.6693594359849
32220.0,released,0.0,40.0,93.04610776729042,-0.053139568702221196,50.88662841927694,25.569844744135743,-4.9135031200681105,-1172940.221093569,298.79047784147303
32230.0,released,0.0,40.0,93.78948556477579,-0.06609079122732359,50.88246155074031,26.069547890845538,-3.5238284176602224,-1173734.4490694012,299.9169989456285
32240.0,released,0.0,40.0,90.36277087191698,-0.006331503841693564,50.13767049724446,26.403480406302034,-4.821393301479833,-1173802.864680536,301.8129972897987
32250.0,released,0.0,40.0,90.54830932351273,-0.009569656946453453,50.710967955602314,26.215148091479197,-5.605389810708285,-1173126.741836058,300.70691402604695
32260.0,released,0.0,40.0,95.64514273144009,-0.09836699840627777,50.695090888949814,26.261011334594905,-5.8088915350806065,-1171806.843150368,300.6425089068497
32270.0,released,0.0,40.0,92.09726958428628,-0.03659608592603586,50.83926774635399,25.8902578874291,-5.769590476804444,-1172834.5304363165,298.34070251048985
32280.0,released,0.0,40.0,94.42400762236187,-0.07713679850321312,50.798476348180216,26.278902119306657,-6.321043164495126,-1172639.2618858498,300.30897904094184
32290.0,released,0.0,40.0,94.08763668862261,-0.07128221440898042,50.67462124124484,26.25149087919933,-4.923746709390242,-1172483.9509404227,300.3314609945449
32300.0,released,0.0,40.0,91.61921564870171,-0.028256882726570676,50.62043760014332,26.290183902469288,-5.998422794003823,-1172599.6218735222,299.2325798831246
32310.0,released,0.0,40.0,95.28439649131407,-0.0920994157272112,50.64043200474174,26.368144654791404,-5.390650697066857,-1172968.6662869174,299.90030193278915
32320.0,released,0.0,40.0,95.06296617380156,-0.08825047504586234,49.60255276649173,26.33982814558424,-6.621431446452574,-1172310.7412623428,301.0588685632068
32330.0,released,0.0,40.0,88.67108539119485,0.02319185589444911,50.09673218068997,25.751497484449125,-5.977201512591826,-1173470.9881639462,300.19518909507894
32340.0,released,0.0,40.0,94.66237139533675,-0.08128395633509838,50.06338977614151,26.41234365419779,-6.3798631943628,-1173140.4107384142,300.5081048365739
32350.0,released,0.0,40.0,92.90705360433026,-0.05071589065454274,49.15637371061428,26.180266742123543,-4.999069149996911,-1173050.1191202141,300.9301096750206
32360.0,released,0.0,40.0,91.5407729149041,-0.0268883193755185,49.057227312781635,26.3205584712522,-4.141278095611643,-1171595.2343552727,301.162529884758
32370.0,released,0.0,40.0,87.45911887709964,0.044332207294525416,49.51629180778161,26.000086533014258,-5.19547926719666,-1173955.9883724153,302.834408629646
32380.0,released,0.0,40.0,95.6623477764962,-0.09866582233235979,49.74604915487884,26.00292014723199,-5.738702492707258,-1173875.149132939,299.84371341251847
32390.0,released,0.0,40.0,88.47454821970192,0.026621010855031046,49.89102162369754,26.671103609192365,-5.516061241474284,-1173534.6211877577,300.9766213226576
32400.0,released,0.0,40.0,91.15634857588753,-0.02018071989399034,50.16915723442041,26.485701207524755,-4.81363823964396,-1175647.8302509766,300.65113814214754
32410.0,released,0.0,40.0,99.89800560672377,-0.17189480977144223,49.99159001574902,26.514021615700393,-6.25303834258467,-1173865.565862272,301.1543962777232
32420.0,released,0.0,40.0,96.08741696078627,-0.10604569678622017,49.99824348751793,26.173696577791436,-4.677356255669789,-1173898.0997671522,301.9988442581547
32430.0,released,0.0,40.0,95.17980955535488,-0.09028163513692139,49.67113344004972,26.10918273098253,-5.20748130143474,-1172559.658168856,301.6714028356384
32440.0,released,0.0,40.0,93.63767416031624,-0.06344674654720667,50.338845154161255,26.494635363358217,-4.4062028475281085,-1174636.8791102152,300.85486348490497
32450.0,released,0.0,40.0,92.41863033211898,-0.04220052692482318,50.18077008663137,26.153648768171138,-5.860962629851844,-1174784.8463653848,301.60811837109355
32460.0,released,0.0,40.0,97.07883508684333,-0.12323490345772603,50.15683996777618,26.041087570267695,-5.073240217446506,-1173364.0795212816,299.5107169638766
32470.0,released,0.0,40.0,99.4076901627659,-0.1634583771638945,49.69501099987981,26.387361218726046,-5.949240113679268,-1173552.9393659346,301.71417028628247
32480.0,released,0.0,40.0,101.21688359436047,-0.19452340506750065,50.3303762080597,26.300125555135175,-6.114426126053625,-1173576.9664070178,301.7299335911891
32490.0,released,0.0,40.0,94.3898519349216,-0.07654243178418163,50.05875407925895,26.28737163995253,-5.27693843525727,-1174633.2113651019,301.57278431079743
32500.0,released,0.0,40.0,99.35457232056146,-0.16254369484051087,49.939087555004186,26.290254550609998,-5.2616964995921585,-1175699.5712627638,301.94684143587654
32510.0,released,0.0,40.0,93.2296921707641,-0.05633891557947493,50.48481530028875,25.93230685782758,-5.843773315447189,-1174119.9709709212,301.3502984267175
32520.0,released,0.0,40.0,93.00566192931825,-0.05243463986743696,50.33180479839685,25.892448351613808,-5.912658128241411,-1175177.58656016,301.5217638045742
32530.0,released,0.0,40.0,95.46306545982549,-0.09520407106228213,49.923358918113685,26.10028935959872,-6.364203699363889,-1172963.0103700832,300.7818376603956
32540.0,released,0.0,40.0,90.04460231235805,-0.0007784571260273654,50.43273346868794,25.754155986787296,-4.516176435448854,-1173421.4654694926,300.2710610787417
32550.0,released,0.0,40.0,96.03276367207333,-0.10509714753306468,50.373157002417344,26.317572364612246,-5.187529474274904,-1172292.2296410613,299.290294927586
32560.0,released,0.0,40.0,92.65975811494991,-0.04640486545726358,49.88202482960946,26.536145797868237,-6.826509272176651,-1173714.2359875627,299.92579890940806
32570.0,released,0.0,40.0,91.52276121497401,-0.026574068244489657,49.94492076415477,26.105049328125457,-6.161363531981218,-1174252.2740236726,300.53941899027626
32580.0,released,0.0,40.0,95.13952242904023,-0.08958134131900228,49.6171825849702,25.820505707551924,-6.044935894351578,-1175114.1124843452,299.55737461120054
32590.0,released,0.0,40.0,96.44000152331732,-0.11216271229240446,48.31562963686519,26.0565205968291,-6.220100221602199,-1173743.5363184363,298.57069899323676
32600.0,released,0.0,40.0,93.72134107604533,-0.06490399943689415,48.66882155613856,26.07823166238036,-6.3092108881933715,-1173130.9511867166,299.68304239872924
32610.0,released,0.0,40.0,92.68627215732944,-0.046867119287611114,49.08137377408589,26.204491566121888,-5.152485360208685,-1173216.4342280906,301.28189001204055
32620.0,released,0.0,40.0,97.01077249595951,-0.12205595533396985,49.18927757274599,25.573076721348134,-5.254759270054377,-1174808.8899971712,302.27596808058087
32630.0,released,0.0,40.0,92.57378413336161,-0.04490590122669191,50.30412486034453,25.760776362125853,-5.7471965479860465,-1175107.803479161,300.30433893394394
32640.0,released,0.0,40.0,94.02485674721358,-0.07018924245317712,49.91149907261313,26.316942922327534,-4.046420415953859,-1174621.012801502,299.47406924866755
32650.0,released,0.0,40.0,94.63114784756954,-0.08074079383997831,50.02390462758957,26.24139384991124,-4.3128049231271515,-1177133.378000984,298.0071769957208
32660.0,released,0.0,40.0,95.74697338101504,-0.10013550279116507,49.56642647464535,25.9224231576556,-5.1894771194387275,-1174338.9680492952,300.46734477225965
32670.0,released,0.0,40.0,93.60953467804335,-0.0629566018089669,48.46108722948923,26.063021251755977,-5.71806553605513,-1173573.3721119892,298.85330485958997
32680.0,released,0.0,40.0,97.44953612227742,-0.12965291591710995,49.44750629246066,26.166234471807755,-5.376917410729392,-1174495.1468733083,300.6134200278522
32690.0,released,0.0,40.0,96.99677820243744,-0.1218135313743697,49.05443547811701,25.70971383754887,-4.919105196656359,-1173245.8238263093,300.9839510765818
32700.0,released,0.0,40.0,90.29936926434421,-0.005224955568099876,49.10710605246905,25.78226490753757,-4.2399648827805025,-1172984.796491634,299.0737987921131
32710.0,released,0.0,40.0,97.87589277475445,-0.13702777657707133,48.7173817730175,26.493745843365605,-5.464740037825593,-1173833.4591380563,302.7189355483061
32720.0,released,0.0,40.0,92.8427203413641,-0.049594476605667126,49.66575838795006,25.767388229366052,-5.335879576786337,-1173085.149686832,300.30220992011095
32730.0,released,0.0,40.0,87.80648168222558,0.03827476553005102,50.46376732317221,26.24558266661456,-4.026661113908592,-1172102.947783364,299.0602784984015
32740.0,released,0.0,40.0,99.13653533560095,-0.158787671220938,49.965760290075245,25.97324462950315,-3.6998959618304808,-1174229.8461796101,300.13646229880413
32750.0,released,0.0,40.0,96.90991774426301,-0.12030868064124167,50.53730560827126,25.86566286427973,-5.505991347110989,-1174246.4620645214,299.1003564286668
32760.0,released,0.0,40.0,94.43278383656023,-0.07728951505273446,50.04795242338962,26.377158655411897,-5.349359781836783,-1174718.3279792238,297.8248275257407
32770.0,released,0.0,40.0,96.53658047369927,-0.11383753631410215,50.46884099428924,26.19451641244192,-5.009732866154818,-1174082.2413822748,299.0245185745089
32780.0,released,0.0,40.0,93.4184401916458,-0.05962764606038262,49.24203603238597,25.918390064559137,-5.174784847050316,-1174551.4351464808,301.84648939172223
32790.0,released,0.0,40.0,93.85120692445375,-0.06716563835211456,49.05330471624087,26.227144291988896,-5.59532919967476,-1176374.6282001939,298.7786723864838
32800.0,released,0.0,40.0,94.48080828851053,-0.0781251653434954,49.141741605329415,26.191795695434685,-4.232955245927002,-1172590.1734039858,300.36360475776803
32810.0,released,0.0,40.0,96.55907962022704,-0.11422765902173804,49.27865866183034,26.623129836325585,-5.312481045788475,-1175194.1104563568,301.9942266437667
32820.0,released,0.0,40.0,95.30135675554654,-0.09239416603358147,49.05408906065764,26.323252205369165,-3.111680276433686,-1174288.3617943227,302.27461238777994
32830.0,released,0.0,40.0,94.26533044766832,-0.07437531856790591,49.12029178345052,26.99682862686903,-5.457687299660923,-1174111.3495432623,300.96738793197164
32840.0,released,0.0,40.0,91.35766483201553,-0.023693504045350477,49.474696029655185,26.64457873579305,-3.4756989048457574,-1174709.7788266577,301.81365178819675
32850.0,released,0.0,40.0,90.25110558050527,-0.004382605120211491,49.08857450581437,25.917545219431293,-4.124796442279159,-1174825.6815314144,299.36256645137695
32860.0,released,0.0,40.0,94.8576998375862,-0.08468132100172165,49.08287087059277,26.205371302012786,-2.6694865550438824,-1171444.2991428785,302.29862921299804
32870.0,released,0.0,40.0,97.0965088484813,-0.12354101165343492,49.68814953404594,26.66397262053354,-5.876879312334397,-1173571.8207563106,300.84935179903465
32880.0,released,0.0,40.0,97.25781006421786,-0.12633418948238156,49.63509334464533,26.637757137502074,-4.150410769420426,-1173990.2263532244,301.16388163723616
32890.0,released,0.0,40.0,94.108057614697,-0.07163771562395371,50.08501409963104,26.158943121723134,-4.06145908822346,-1173680.7362057157,301.20705240803227
32900.0,released,0.0,40.0,100.18755785021794,-0.17687101169229041,49.42245780001297,26.106225787142847,-4.639656456226327,-1173825.34651508,300.21154886292805
32910.0,released,0.0,40.0,101.01883089376982,-0.1911316077326491,49.000128579344,26.207021097657584,-5.41879985291438,-1172644.5177218057,301.61683572171114
32920.0,released,0.0,40.0,90.57134451289586,-0.009971677651284955,50.03102279818026,26.34078487587727,-5.5225408084096195,-1174987.6403625365,299.3644901793795
32930.0,released,0.0,40.0,97.64100544464625,-0.13296574948383355,49.62834026304355,26.43525669005384,-5.391980924859193,-1172633.3655210584,300.9472811796612
32940.0,released,0.0,40.0,100.19284636585877,-0.1769618577193788,49.27724703742967,26.22847630938919,-6.096968913081474,-1175134.8676868062,299.80551394411657
32950.0,released,0.0,40.0,95.68785423972953,-0.09910881214439399,48.85792651395724,26.47747971207522,-3.350818690861525,-1175108.5890141446,299.33286430500624
32960.0,released,0.0,40.0,97.81863802887217,-0.13603785053707138,49.65729120845135,26.214464331754087,-5.295429400083828,-1174386.3126781434,299.6758631049179
32970.0,released,0.0,40.0,95.0392015708976,-0.08783731520452742,49.421471155527826,26.59213854842389,-5.454689710001396,-1175598.0790311154,298.233719013529
32980.0,released,0.0,40.0,95.60943895790236,-0.09774685308519182,49.56768846513996,26.27456334117496,-4.108988864074476,-1175569.5722775664,302.5603478832421
32990.0,released,0.0,40.0,96.85259461943177,-0.11931541026423972,49.99197045172955,26.879457230965222,-4.444926246826919,-1174902.0742961299,301.2883477118152
33000.0,released,0.0,40.0,103.0104346751746,-0.22512850234112416,49.08389911001353,26.59861367062098,-5.856854263414175,-1174251.6204128545,301.1164075014908
33010.0,released,0.0,40.0,98.75995636987392,-0.15229513289106367,49.09322411888461,27.03946327439297,-5.418757723906085,-1172308.4140829109,301.3982557567621
33020.0,released,0.0,40.0,94.57693981494522,-0.07979773811338575,49.64551182268934,26.399889465983517,-6.467704390690426,-1175133.0822525974,300.5291038197644
33030.0,released,0.0,40.0,95.29276267250349,-0.09224481155170366,49.932092084234775,26.73567528072895,-5.057138447900165,-1171867.2205022965,300.3983955707063
33040.0,released,0.0,40.0,101.83081914360588,-0.20502255062429148,49.60733350976168,26.32750105532847,-5.7552425333999775,-1173847.9754598327,300.728960433991
33050.0,released,0.0,40.0,97.38388062216686,-0.12851659847125524,49.11014908165007,26.352162443367146,-6.210763236488419,-1174815.7434894796,300.28580807467137
33060.0,released,0.0,40.0,98.50115257473674,-0.14782930636438066,48.996359260887644,26.858921759763803,-6.0702469370562655,-1172992.0333717745,300.36588046635137
33070.0,released,0.0,40.0,97.12528885282629,-0.12403945395139349,49.6286506357928,26.65069056982652,-3.9072906261794653,-1174186.6587915216,299.5866231779045
33080.0,released,0.0,40.0,94.5773963911199,-0.07980568145662331,49.382735110684884,25.956356646081094,-6.654914466894047,-1173857.9902928974,301.0706796234555
33090.0,released,0.0,40.0,95.74302832402293,-0.10006699439467454,49.51943823062589,26.27985909376583,-5.977786201111366,-1173446.2009254713,298.6460870783099
33100.0,released,0.0,40.0,94.03038343119164,-0.07028546306161418,49.69500631203174,26.49169360073189,-6.260337003852328,-1174218.1236114912,300.9926290192282
33110.0,released,0.0,40.0,98.47897693010216,-0.14744650971831208,49.48682245523215,26.545571177788727,-4.864861777670773,-1174222.6605467834,300.86438261630633
33120.0,released,0.0,40.0,96.02575618808369,-0.10497552040206054,49.663938305810646,26.834411271287603,-4.1011162849264,-1173483.0368355084,297.3574770099317
33130.0,released,0.0,40.0,97.4690417626031,-0.1299904725590736,49.62149945328737,26.635294026380954,-5.81864449471632,-1173925.3604185916,300.01343672681
33140.0,released,0.0,40.0,91.15073202078467,-0.020082712381440132,49.351520304177065,26.073071006697152,-5.5158348638845105,-1174420.3251974732,300.4346056886647
33150.0,released,0.0,40.0,103.26523127748135,-0.22945914201216225,49.38613908134726,26.520980100584172,-5.227634678540653,-1172829.7832205687,299.2810818247653
33160.0,released,0.0,40.0,100.48820237295023,-0.1820330621334859,49.38747095547646,26.49389478465606,-5.059814425102305,-1175533.9548136685,301.3481168050631
33170.0,released,0.0,40.0,97.40113677145997,-0.128815271709521,49.700829383996904,26.485760413852386,-6.436205562450675,-1172484.9964091089,302.0664607830777
33180.0,released,0.0,40.0,103.22223259219929,-0.2287286326156039,50.34350637419292,26.080541295447247,-5.993834166408987,-1174058.2982545588,299.0700973246843
33190.0,released,0.0,40.0,96.14115978711763,-0.10697835018743695,49.00353796426465,26.31287995341227,-4.602237460855661,-1174380.570248194,299.6982026081712
33200.0,released,0.0,40.0,93.7315655293502,-0.06508207251654519,49.44211639885043,26.213732307795997,-4.80936124169194,-1172687.503480358,300.7769717834129
33210.0,released,0.0,40.0,99.43031846916567,-0.16384799102596592,48.93275818799127,26.3760395985677,-5.813772825773082,-1174262.989326464,299.19774924337054
33220.0,released,0.0,40.0,97.99208867094727,-0.13903636466640967,49.58255856996247,26.362604400023756,-5.915458240853882,-1174119.7049621735,300.97878080217856
33230.0,released,0.0,40.0,100.48637680953185,-0.18200173228750113,48.6471019193553,26.49481864220539,-5.171921584130706,-1173753.7323614769,301.13784660678715
33240.0,released,0.0,40.0,95.13292142724593,-0.08946659470706037,49.09129320048813,26.428072170918323,-4.777404854604519,-1174961.211805867,300.88342779641937
33250.0,released,0.0,40.0,96.75069501978098,-0.11754944375045856,48.30165423292667,26.238101932268194,-5.582089472474544,-1174531.3391312994,301.56770314410045
33260.0,released,0.0,40.0,97.35058188644777,-0.12794022368077118,48.77244855265204,26.533746175782266,-3.9263235664050873,-1174432.7095452845,301.1341884251012
33270.0,released,0.0,40.0,94.95832873043848,-0.0864311865023048,49.11411167369978,26.339899048564874,-5.076622673462488,-1173261.0837348215,300.80993900854116
33280.0,released,0.0,40.0,93.6270978748546,-0.06326252637262364,48.87591751020054,26.668935180926947,-3.6705769039906055,-1173823.9152589645,300.8514541033691
33290.0,released,0.0,40.0,96.48464022051549,-0.11293685422769989,49.525106699287704,26.753781709289232,-5.880652695217655,-1173735.6105841883,300.1007546242316
33300.0,released,0.0,40.0,93.19694264900745,-0.05576822727464237,49.78124347283353,26.488477257832383,-3.5164793086662276,-1172128.2566010598,298.36889443307354
33310.0,released,0.0,40.0,93.15577383888834,-0.055050799874918566,49.5212702432044,26.601439996757986,-5.236150528030176,-1174111.8216429614,299.331213698997
33320.0,released,0.0,40.0,97.69491571280356,-0.13389824746796677,49.17806916301229,26.54027094011283,-4.674403638672292,-1174013.9544826504,301.0816828012738
33330.0,released,0.0,40.0,95.22682225682762,-0.0910987802800276,49.71914032645202,26.414834097527308,-5.725064034390849,-1175094.9681538753,301.0107087446263
33340.0,released,0.0,40.0,96.6194150813325,-0.11527375529605169,49.476034138206366,26.50632802058328,-6.013871415228922,-1175012.316074539,300.77450403070236
33350.0,released,0.0,40.0,101.18707187248911,-0.1940130051342788,48.51837122623545,26.327363090804987,-6.649302986579158,-1175408.8969165627,299.4306254498258
33360.0,released,0.0,40.0,96.34583406763637,-0.11052940031878339,49.854714654104164,26.561956466715703,-6.335963249791308,-1172133.3150021378,300.3833673423609
33370.0,released,0.0,40.0,96.6817183308242,-0.1163538349229461,48.664737874368655,26.63702195088276,-5.5738918731547304,-1174449.8921669722,301.33649018451825
33380.0,released,0.0,40.0,93.21346785424385,-0.05605619533712258,49.924745398486934,26.53934245063475,-6.203519050623596,-1174783.4652912673,301.3273365781603
33390.0,released,0.0,40.0,97.60300632663899,-0.13230839945005657,50.263478415232456,26.320701015900454,-3.2353589779782306,-1173117.813011039,299.8541329537392
33400.0,released,0.0,40.0,97.32601749681524,-0.1275150058076227,50.263573157587516,26.571215835050157,-6.250106755269817,-1174766.1004862897,299.28640197741197
33410.0,released,0.0,40.0,99.55607469174724,-0.1660127925436544,49.99844167256659,25.813216090629968,-5.118164376225494,-1175427.2047640923,299.0786186022607
33420.0,released,0.0,40.0,102.58879536895837,-0.21795238918612522,48.8083170612141,26.166269269593556,-4.7856391065571575,-1174438.7143227719,299.8230880636414
33430.0,released,0.0,40.0,99.25963292532647,-0.16090850334247728,49.846243081886676,26.44898388460221,-5.369072875213446,-1173558.4948994778,297.61312035480955
33440.0,released,0.0,40.0,100.21756900135043,-0.17738652269931116,50.28096858474227,26.533276520820106,-4.238216113571745,-1174911.9903712217,300.15146279469155
33450.0,released,0.0,40.0,97.9516626495871,-0.1383376159194174,48.92867817371069,26.452517243287822,-5.582448939465255,-1172888.4020866621,300.5383608018791
33460.0,released,0.0,40.0,97.89661343142704,-0.13738599998014098,49.40892858248706,26.27344188218338,-4.694581639040309,-1174618.7553954683,300.54277705891604
33470.0,released,0.0,40.0,98.57795338378067,-0.14915487272865746,49.361877956510725,26.723122475873215,-6.026912954378765,-1173510.5131936967,300.336985796929
33480.0,released,0.0,40.0,91.28946519096444,-0.02250351341225948,49.682928318233685,26.66841714857757,-4.225192212040373,-1175494.7291787434,299.28286957772616
33490.0,released,0.0,40.0,96.60319564190667,-0.1149925551565451,48.99506868880575,26.64991993542147,-5.464040397772396,-1173472.6459181998,301.5544870370719
33500.0,released,0.0,40.0,93.77130953250335,-0.06577424988987782,48.91568638560437,26.553143478961466,-5.5883638627373085,-1175254.5780472253,299.718267493252
33510.0,released,0.0,40.0,97.84339764022438,-0.13646595726285424,48.3884191054692,26.218211780744426,-5.404029549804634,-1175837.838922752,301.5916411711964
33520.0,released,0.0,40.0,96.61087434848639,-0.11512568380280491,49.28538187041312,26.27666992670902,-6.967702636944898,-1173485.012805989,301.3642503743345
33530.0,released,0.0,40.0,97.23442129395512,-0.12592923861245225,49.23126257364871,26.36254613396856,-5.842544797092405,-1174394.9257963877,299.9786971826227
33540.0,released,0.0,40.0,93.82491234048452,-0.06670774056073184,48.664562203273455,26.414298224139326,-3.345436316724758,-1173416.164945623,300.12454597414353
33550.0,released,0.0,40.0,95.65254250193918,-0.09849552159208605,47.80106733389237,26.50415226509241,-5.835527169402209,-1173896.065637745,300.21516847993666
33560.0,released,0.0,40.0,91.31798431579787,-0.023001137183187137,48.64365385435766,26.68174404516995,-4.766243321990154,-1172552.1571512502,301.17380175498175
33570.0,released,0.0,40.0,94.91042108612366,-0.08559813926220991,48.318072481352004,26.441689313170965,-5.242152742287305,-1173817.9717693776,301.1927867746482
33580.0,released,0.0,40.0,94.01777679600093,-0.07006597821574345,48.275434004852514,26.08392469323199,-5.014834084051433,-1175433.5656187553,301.40823296022046
33590.0,released,0.0,40.0,97.59740452871338,-0.1322114885336538,48.63362055051697,26.502319524736773,-4.151812470801707,-1173061.4144887514,299.26083567916555
33600.0,released,0.0,40.0,97.7197893364269,-0.13432845219274087,49.33298682403477,26.25487656929907,-4.435282843478429,-1172064.4981780052,299.38373625658585
33610.0,released,0.0,40.0,93.15685916296685,-0.05506971361843349,49.74441429263948,25.919835656475435,-4.468299025687742,-1174379.2548329383,302.52378712957517
33620.0,released,0.0,40.0,94.29579379737157,-0.07490552118469523,48.947866654583024,26.257328725610428,-5.368116374354245,-1173014.6514466554,299.600655265769
33630.0,released,0.0,40.0,92.07181020380582,-0.036152029965648314,48.9115982981257,26.169267167202378,-5.518720933045762,-1174050.5766847208,299.7278668185442
33640.0,released,0.0,40.0,92.65247331145756,-0.04627785824647107,48.914481008433356,25.99361809808713,-5.609789748356407,-1174288.3404925,301.2189207735031
33650.0,released,0.0,40.0,94.7949506376294,-0.08359002408628674,49.91027918709486,26.40285514398848,-6.514036250588298,-1173686.364938803,299.45581549502043
33660.0,released,0.0,40.0,91.777440249526,-0.03101720901712096,49.910474642036995,26.385017859399728,-6.869823000136822,-1173298.8826741967,301.79708936738916
33670.0,released,0.0,40.0,95.2031981483686,-0.09068816855002038,49.69642392727271,26.30244576135702,-4.72347385840718,-1174756.3933723234,300.30555152269346
33680.0,released,0.0,40.0,96.92571220525636,-0.12058233912795863,48.91134137470371,26.342064220645963,-5.714465328074381,-1175322.2729061283,300.219944834734
33690.0,released,0.0,40.0,97.47853387236265,-0.13015473368517394,48.70969975135852,26.122029613030858,-5.846518063386563,-1174868.8533813152,299.1206770343217
33700.0,released,0.0,40.0,89.44971887022157,0.009604069876479937,49.46384598264079,26.271971269375022,-4.820790677126539,-1172490.8764570635,299.06181408910015
33710.0,released,0.0,40.0,95.4631262988113,-0.09520512807972734,50.23561584593727,25.915410596963966,-5.668890958400185,-1173518.4317904133,297.4751704154766
33720.0,released,0.0,40.0,96.35681558937392,-0.11071988764729596,50.14314464462908,26.09712127827943,-5.617555664055652,-1174151.1163978297,300.32569562584064
33730.0,released,0.0,40.0,94.28280030928774,-0.07467937721746282,49.19948094891198,26.268507133042977,-4.845540218043583,-1173465.293849187,299.6690269625524
33740.0,released,0.0,40.0,97.87767504147136,-0.13705858951263827,49.9170394828833,26.363191693914928,-3.679861054604249,-1173618.934378907,303.51182151377964
33750.0,released,0.0,40.0,92.01946249107573,-0.035238972305784516,50.20079648822408,26.057625335192284,-2.8593753427032853,-1173246.122042518,299.3314853059761
33760.0,released,0.0,40.0,92.4293959364859,-0.04238825403653568,50.66105350242824,26.490150309254208,-4.429886272171745,-1174606.6846489832,299.59848980824046
33770.0,released,0.0,40.0,95.73834119371402,-0.0999855988115716,50.111151806568,26.910805792483835,-4.578105544444908,-1172868.028268816,299.1220862574079
33780.0,released,0.0,40.0,94.40033478019038,-0.07672485392128381,50.54050223547604,26.871090812364358,-5.489810628611142,-1174889.083685005,298.0514415603391
33790.0,released,0.0,40.0,97.04471730585792,-0.12264395296760944,49.38793521748619,26.202734884794822,-4.716220309138055,-1175105.2110838722,299.6761580404108
33800.0,released,0.0,40.0,95.7221608085999,-0.0997046089779185,50.74924513066178,26.350567541952827,-3.674430004343794,-1176595.3521283958,300.5152674064659
33810.0,released,0.0,40.0,94.95409117861217,-0.08635750380292245,50.943425699830826,26.21761586406649,-5.449528146461047,-1173078.5165982042,298.0833331744974
33820.0,released,0.0,40.0,95.35187728979786,-0.09327210799009561,50.77317061162909,26.372097526911148,-5.72007845796945,-1174717.1741919685,298.6166277781614
33830.0,released,0.0,40.0,92.52904115065866,-0.04412576301614052,50.59043878413598,26.347851716658603,-5.807375867604422,-1172986.5170254614,299.8137767096699
33840.0,released,0.0,40.0,90.9425364712663,-0.01644962280255924,50.17178852609352,26.33333413459308,-4.823808213668205,-1175731.4171812683,302.8454642603579
33850.0,released,0.0,40.0,94.01301493504823,-0.0699830720765971,50.3123517906957,26.374494484245837,-6.589251269172399,-1172686.5338896886,300.391830978189
33860.0,released,0.0,40.0,88.10884104595596,0.033000957467799547,50.20297267061594,25.72265988266719,-5.501343295416113,-1174053.6491535287,301.5807139965764
33870.0,released,0.0,40.0,96.65476783089491,-0.11588664197824577,50.339869575366336,26.143435392411675,-4.2754725350316,-1174353.6257552356,296.98449493868384
33880.0,released,0.0,40.0,96.12673178049428,-0.10672797566327175,50.35585238638804,26.411757267437892,-5.229414815750333,-1174504.9357909206,301.97634280224236
33890.0,released,0.0,40.0,91.17656840816007,-0.020533549408226298,49.86652257040903,26.589428708772335,-7.083937789797022,-1172877.3708689995,299.44498539638795
33900.0,released,0.0,40.0,91.7860613068673,-0.031167602104504588,50.39303178779464,26.589135537660198,-5.6657094113300985,-1175029.8392789531,299.0099954633994
33910.0,released,0.0,40.0,97.86029498530587,-0.1367581066367909,49.63065411855506,26.603970249774772,-5.451655097664823,-1173744.021595778,299.39887233689404
33920.0,released,0.0,40.0,91.65720064782262,-0.028919575044467627,50.63508435757592,26.027993737671817,-4.68820560584915,-1172557.085515933,302.1380740689949
33930.0,released,0.0,40.0,93.11512202459224,-0.05434235400157972,50.154339193693495,26.408495107089532,-3.791466591282464,-1174320.284455562,300.0926410617425
33940.0,released,0.0,40.0,94.11281499795517,-0.0717205340459397,50.67788540029765,26.618185258591836,-4.303274956431755,-1174373.60983973,302.6353263307019
33950.0,released,0.0,40.0,94.0619523787883,-0.0708350718186534,49.98104882919195,26.5705992690957,-6.549837409981462,-1174571.1194118317,299.01038066505066
33960.0,released,0.0,40.0,94.2519757697327,-0.07414287901467048,49.90026516526557,26.42712197292767,-4.706403249966435,-1175147.560591679,299.69579760463415
33970.0,released,0.0,40.0,94.32495202875243,-0.0754129888988671,49.78803923579588,26.365620651387925,-5.292325170171944,-1173833.7131891493,299.94215779162056
33980.0,released,0.0,40.0,99.2048879808068,-0.15996540104606927,49.416835076493186,26.111817412678977,-6.3248874345386294,-1172064.3628381398,300.0191633992643
33990.0,released,0.0,40.0,95.48488979514804,-0.0955832404925,50.814922098123034,26.340540746222437,-3.420353711540892,-1173308.9771567583,301.05382291313214
34000.0,released,0.0,40.0,92.72915484089145,-0.047614727670742624,50.184588630468625,26.205344811371102,-5.258237976812788,-1174525.7723636478,299.58575519316406
34010.0,released,0.0,40.0,94.195265697715,-0.07315578961754576,50.54484775001395,26.658393646960892,-3.638415456741642,-1173065.0057548601,301.2706674975934
34020.0,released,0.0,40.0,91.29254041682566,-0.022557172604444842,50.192779591060756,26.63130636608502,-4.4996623685593,-1172897.5583949145,299.16712209668333
34030.0,released,0.0,40.0,90.37661087190908,-0.00657305238122588,50.61267401486583,26.184005958328672,-4.543737407290975,-1174745.647438921,299.2414960942845
34040.0,released,0.0,40.0,96.01209366418394,-0.10473837890936716,50.93663710006339,26.44146563795726,-4.403547819358312,-1174379.9388238844,300.3684480719251
34050.0,released,0.0,40.0,99.96355625524946,-0.17302174247584928,50.79917159785949,26.163932488919627,-4.208202209509024,-1174026.5559537131,301.41891582006656
34060.0,released,0.0,40.0,97.09547614583458,-0.12352312564590012,50.39315634818108,26.76026755916532,-4.720803405347149,-1173498.2089790776,300.3076152971206
34070.0,released,0.0,40.0,97.94124750934229,-0.1381575829222062,50.558689201332285,26.456121920697655,-4.570410245450759,-1173565.8281927072,301.0572467952597
34080.0,released,0.0,40.0,95.27110461770214,-0.09186841227977194,49.63288478718323,26.10891446418822,-5.428218469732097,-1175241.0031396225,302.10133703995405
34090.0,released,0.0,40.0,91.65048800031406,-0.028802466047942954,49.68307687265365,26.1587876304072,-4.793067623204837,-1173087.3970899433,302.67477772872843
34100.0,released,0.0,40.0,99.21443092724527,-0.1601298098597262,49.501677918075664,26.30031805065767,-6.253326806170001,-1173899.3252083175,300.1047891927955
34110.0,released,0.0,40.0,94.98392496773383,-0.08687624470470495,49.38939736456668,26.228391025745342,-5.479904193371648,-1174401.4897623248,299.70898792435963
34120.0,released,0.0,40.0,99.04140238552876,-0.15714813557878138,49.23013732241735,26.835536805483475,-5.541428712320101,-1172526.4598682579,299.3847555977933
34130.0,released,0.0,40.0,91.17814348214617,-0.0205610338315671,49.20044175476852,26.407574537104082,-3.916641999352206,-1174779.784562165,301.17605039906556
34140.0,released,0.0,40.0,98.69933575343899,-0.15124936034122138,49.29586897258361,26.282003193794928,-3.877202807833866,-1173562.7079835944,298.54229437980814
34150.0,released,0.0,40.0,100.1351335200716,-0.17597038610559934,49.52032778781045,27.154825662154295,-5.354329238435446,-1176231.929447474,299.9022523965737
34160.0,released,0.0,40.0,97.43509671152258,-0.1294030236929287,49.05751264659054,26.59511274419902,-4.684881139980842,-1172756.524733968,301.2307183048131
34170.0,released,0.0,40.0,98.41797366469336,-0.14639335573188667,48.86916490326524,26.795981273774434,-5.862437291963878,-1172715.6905139294,301.2492467843145
34180.0,released,0.0,40.0,97.4788389871473,-0.1301600136426465,49.632309295737,26.39012978651083,-6.348418399822882,-1173570.0029350314,301.1293022838626
34190.0,released,0.0,40.0,96.43444055705785,-0.11206626703836114,49.93696850599375,26.47427360450603,-4.676021077434752,-1174196.286272712,300.03713657268395
34200.0,released,0.0,40.0,95.84177215779171,-0.10178159967147643,50.20346805454646,26.14463308330837,-5.165878829987369,-1173149.9833225347,303.15519633212256
34210.0,released,0.0,40.0,97.36957406323239,-0.12826896855355474,50.05065169219843,26.59907938882264,-5.772847839649647,-1174991.9914122466,300.77392421109005
34220.0,released,0.0,40.0,96.1368310835664,-0.10690323330862103,51.04955854077574,26.29883010800248,-4.678807012522079,-1171811.754149571,299.66723402926
34230.0,released,0.0,40.0,99.77891244173097,-0.16984681090693005,51.277347000373425,26.350497894089123,-4.817502445518736,-1174245.4191108346,299.0415724302011
34240.0,released,0.0,40.0,95.63828137225863,-0.0982478251711621,50.59004769184179,26.37939688461924,-3.721972090014274,-1174434.3176411986,300.5612107923041
34250.0,released,0.0,40.0,93.90658197934798,-0.06812990140353664,50.004025468665866,26.543409760387046,-4.658799791222424,-1175206.6629200783,300.97194556775327
34260.0,released,0.0,40.0,93.83832465330731,-0.06694130633021939,50.34926060831142,26.56515719942542,-3.1266527835978826,-1174148.5785606913,302.35033229354775
34270.0,released,0.0,40.0,95.85797091796768,-0.10206284906042562,49.91589901112915,26.6273939917093,-6.0839365288538065,-1173711.462189313,300.17170616101396
34280.0,released,0.0,40.0,99.47734054599596,-0.16465753468336414,50.26012228784952,25.922186084049752,-4.0906776223267824,-1174977.4420063458,301.73593045734987
34290.0,released,0.0,40.0,94.81890008325237,-0.08400655055948031,49.835696935646006,26.21352063038419,-4.654565277944813,-1173905.4151922818,299.90312920126087
34300.0,released,0.0,40.0,90.61249061262092,-0.010689774228304194,49.69530121409221,26.20364537018426,-4.8644131527921735,-1174585.0865997449,299.02879099372086
34310.0,released,0.0,40.0,94.1466778784312,-0.07231001823277611,50.02431796277326,26.066580241914295,-3.3835737775528894,-1172720.3388596177,298.7006500238457
34320.0,released,0.0,40.0,93.36418592414458,-0.05868238872535114,49.09742333398932,26.567657027978484,-4.8557693158599875,-1174235.935696302,300.994119413521
34330.0,released,0.0,40.0,98.9430567903043,-0.1554527773479713,49.3913473779458,26.44112601611891,-4.21483654452517,-1175290.2149776071,301.6227233158996
34340.0,released,0.0,40.0,90.62604372752045,-0.01092630689030738,49.499406328593835,26.533424204111615,-3.637402978476217,-1175215.3002684936,298.75271217176044
34350.0,released,0.0,40.0,97.00651909684898,-0.12198227422366359,49.22967964668896,26.669609231748257,-4.077885686704176,-1175014.7275723163,300.1865386106161
34360.0,released,0.0,40.0,93.6502245917436,-0.06366535004528434,49.65721485966767,26.238956647299723,-5.0298651145941555,-1174182.5842236765,299.8156875178167
34370.0,released,0.0,40.0,98.46013823265038,-0.14712129820097775,49.926957026063945,26.45170341821479,-4.542920996531891,-1175576.6756818928,298.2486538075255
34380.0,released,0.0,40.0,98.29518640076387,-0.14427306730759276,49.732124246195625,26.46248517936989,-5.3561132536457015,-1175022.4400826562,299.049703697878
34390.0,released,0.0,40.0,105.90649064278895,-0.2740681659590022,49.052135504028264,26.177942859673646,-5.509229826430978,-1175179.3497039974,298.42721498389324
34400.0,released,0.0,40.0,99.04606346720223,-0.15722847549507496,49.96454451013302,26.156994411264108,-4.830847482056461,-1173843.7788363472,299.5945623697195
34410.0,released,0.0,40.0,95.70850043564617,-0.0994673756813631,50.05632240434791,26.673207809533885,-5.104273190559422,-1173142.487120038,302.012691303158
34420.0,released,0.0,40.0,92.93639338583236,-0.051227300792335534,49.3698063191286,27.063989278836008,-4.325908223898624,-1173619.5024387818,300.5581922835628
34430.0,released,0.0,40.0,97.36615148456188,-0.12820972650614426,49.52907884691418,26.40864390843549,-5.379280903530743,-1176006.092077816,300.8912077096609
34440.0,released,0.0,40.0,101.25092788149387,-0.1951062054032302,49.32845699585808,25.997887784753843,-5.094429757290097,-1174854.800420029,300.6687802404441
34450.0,released,0.0,40.0,97.39836260408813,-0.1287672565962558,50.293718230821604,26.67044124474986,-3.3677391060306228,-1173449.7553825565,301.75271077427874
34460.0,released,0.0,40.0,99.02223897959809,-0.15681781797349262,49.49244215155344,26.837200527826404,-4.024964193479665,-1174105.6802506205,300.7678728226233
34470.0,released,0.0,40.0,97.87027765915474,-0.13693069809923492,49.305660577790796,26.238114282215165,-4.823790023574085,-1173989.416621469,300.9580781327255
34480.0,released,0.0,40.0,98.38857237733522,-0.14588571564628183,49.274021282650715,26.024867807599016,-5.206289844383057,-1173985.6924659852,302.82040525815665
34490.0,released,0.0,40.0,95.70410679015865,-0.09939107209644144,49.30595557997203,26.139575954386213,-2.939374047769643,-1175774.7287302054,299.8880478461077
34500.0,released,0.0,40.0,95.73780007484197,-0.0999762018276597,49.51613576394128,26.30080498542124,-2.8840053068576665,-1172362.5560390353,298.9693194486514
34510.0,released,0.0,40.0,96.11913044504331,-0.10659606416056869,50.50979978214847,26.0019045612795,-3.2935861127892903,-1174977.5886097737,300.7174615047894
34520.0,released,0.0,40.0,100.60999013847992,-0.18412273321850914,49.396269215059,26.358975344270203,-4.75873224613277,-1173234.9852210265,301.2920376500712
34530.0,released,0.0,40.0,98.94464082233985,-0.15548008777260564,50.18710378934168,26.18384685419915,-3.8364198930906888,-1172603.895161925,300.40724698780895
34540.0,released,0.0,40.0,94.48613093600865,-0.07821777879354594,50.05051388339632,26.155603152652713,-4.829962184817001,-1175248.6791671477,299.50941174961144
34550.0,released,0.0,40.0,95.89224842736526,-0.10265796204057537,49.53353348893385,26.411122579050076,-4.332453579507054,-1174014.7387587838,302.5054413500765
34560.0,released,0.0,40.0,94.79635255414595,-0.08361440648772883,49.62608340802056,26.00074970947192,-2.346987014525714,-1175061.5809786804,301.4412276506792
34570.0,released,0.0,40.0,89.80380768565503,0.003424195160880078,50.134900731459105,25.417457667354753,-4.627375082017126,-1174855.2122242786,301.60138141640607
34580.0,released,0.0,40.0,94.20799056063484,-0.07337728347983247,50.023212851126566,26.34798290882216,-4.013727233988276,-1172784.0057893172,299.241290635416
34590.0,released,0.0,40.0,91.85109170324841,-0.03230202490460787,49.370822978831576,26.437424334758823,-4.109748649790055,-1174153.4150627851,299.5022301973127
34600.0,released,0.0,40.0,92.34944813254064,-0.040994114938341014,49.436787878374176,26.49839661251006,-4.2871663624104,-1174165.4531247448,301.3351842551388
34610.0,released,0.0,40.0,93.77700288545331,-0.06587340214149226,50.26480820496281,26.605763295305916,-4.4377597259575765,-1173346.8003785498,298.6361998411158
34620.0,released,0.0,40.0,97.54819226384934,-0.13136006378394166,49.58246699412307,26.388102592835914,-4.334739529964891,-1175165.668250922,299.0316816599174
34630.0,released,0.0,40.0,95.61017984130316,-0.09775972200988986,49.11172328110807,26.776458599943737,-5.064410895664797,-1174938.5555048194,298.887482388745
34640.0,released,0.0,40.0,103.86861259030239,-0.23969623472567736,49.788800128179886,26.59598985723853,-3.9065903413077487,-1172907.0943835191,301.4395639288706
34650.0,released,0.0,40.0,96.87023522801756,-0.11962109188692566,49.10656686590442,26.37798946185473,-5.329370271003717,-1172458.5784065183,299.2837212086918
34660.0,released,0.0,40.0,94.99025430173009,-0.08698629422596993,49.4635018028479,26.625110456415825,-4.812376632777663,-1174472.9204482958,300.6188007063479
34670.0,released,0.0,40.0,95.17175142790315,-0.09014156772753645,49.37633245645263,26.446862313886403,-4.084520261574749,-1173833.1618592609,302.24515452617857
34680.0,released,0.0,40.0,95.39346595975977,-0.09399477830700491,49.85634336034433,26.025982904608327,-4.848768564001052,-1175457.2620775867,302.26996169499375
34690.0,released,0.0,40.0,99.86390615552783,-0.171308490255776,49.89583003373074,26.28122754084108,-2.9279000991529767,-1174119.1221367829,300.65436452472
34700.0,released,0.0,40.0,94.38902797555303,-0.07652809316099027,50.66404174206952,25.615956260948085,-3.8831547100248,-1174438.724055674,300.81961130717036
34710.0,released,0.0,40.0,93.37349490693755,-0.05884458036178175,50.26144740857029,26.203020791406917,-4.147459984261009,-1172952.977491418,300.5946829653909
34720.0,released,0.0,40.0,98.51036422255608,-0.14798831160003542,49.69686993959516,25.904542741141583,-4.557502351629823,-1173332.4785855375,300.55744859849904
34730.0,released,0.0,40.0,94.33906127981209,-0.07565853826268568,49.45899967146697,26.51473878391867,-4.167577992642338,-1174759.0241799708,299.406610525389
34740.0,released,0.0,40.0,91.65966773054669,-0.02896261572443018,50.658616884155926,26.551723891775346,-3.9195100481553387,-1173265.6303274464,300.9583265946311
34750.0,released,0.0,40.0,92.0020722155623,-0.03493564163209109,50.831311471973606,26.41913923875279,-4.398199534171737,-1172907.1697888672,300.88788317108
34760.0,released,0.0,40.0,91.34682981356067,-0.023504449964295848,50.983106787903445,25.8805939421495,-4.434843652507486,-1172369.48422453,301.66361796277533
34770.0,released,0.0,40.0,90.65069066627913,-0.011356450419453712,50.43210089368837,26.14331072543878,-2.9865255440517995,-1175484.7462874074,301.1703809088149
34780.0,released,0.0,40.0,93.69646056126984,-0.0644706620327399,49.90098134799423,25.995500763369208,-3.100812969177218,-1172859.6302635837,301.33342519136227
34790.0,released,0.0,40.0,98.989166329974,-0.15624770696096235,51.38978149954997,26.180669510443355,-3.265847400721045,-1174647.4102908988,302.12423285559436
34800.0,released,0.0,40.0,91.99752141942768,-0.03485626363054914,49.88011252417933,26.142533409213286,-3.664703821765082,-1172158.3272901159,302.50374371884624
34810.0,released,0.0,40.0,97.56281045210362,-0.13161298420168974,50.11214727454815,26.719563835617425,-4.265909289816623,-1173773.5591884628,300.50053522279995
34820.0,released,0.0,40.0,98.92666144273913,-0.15517009685696526,51.10493207437864,26.533913931503346,-5.8081087895519214,-1174399.8334836848,300.14416470011
34830.0,released,0.0,40.0,96.21349340622339,-0.10823347960129848,50.32555399895988,26.65070001956326,-4.045991322035629,-1175524.6853510905,302.3663331122879
34840.0,released,0.0,40.0,99.2150116376637,-0.16013981437392322,50.57565171348129,26.424260842863443,-5.2747672632924925,-1172596.8189559877,301.24446438486314
34850.0,released,0.0,40.0,99.24853873953987,-0.16071739338744123,50.20557433430879,26.466175548418548,-3.6419446192209284,-1174255.4015292712,302.00124529150014
34860.0,released,0.0,40.0,104.87465998749732,-0.256705372109182,50.127214844775516,26.458515341778742,-5.168865290303826,-1174318.9531862251,298.4091747879473
34870.0,released,0.0,40.0,89.01694880271671,0.01715663831999642,49.98667041753125,26.215607929633993,-4.060278746769348,-1174507.033873465,301.5661942655772
34880.0,released,0.0,40.0,101.13247988654277,-0.19307821169049472,49.80965876715385,26.553638117806027,-4.6556808853163165,-1172834.71924988,302.40563283803016
34890.0,released,0.0,40.0,101.6164968770743,-0.20135995683595265,50.089351422585494,26.65672038709756,-3.5554915991353018,-1173127.6690547857,300.12865319980136
34900.0,released,0.0,40.0,95.12624088120684,-0.08935046415161826,49.72267918025878,26.393662843892727,-5.573134216918659,-1175883.92163359,298.88433177227114
34910.0,released,0.0,40.0,96.17780858456722,-0.10761429975933459,49.108748094120024,26.633498443205085,-4.629100932940572,-1175300.1297734063,299.48499332039535
34920.0,released,0.0,40.0,93.80753010983295,-0.06640503609439308,50.151839070982994,26.306330447196075,-3.6070122963971403,-1175229.4602188617,301.3310313199008
34930.0,released,0.0,40.0,96.68019349405334,-0.1163274022225389,49.961955316241216,26.594377207175025,-3.849591941738979,-1175725.705196701,300.54735189993363
34940.0,released,0.0,40.0,101.99205402929817,-0.20777603603174796,50.08590051601423,26.693749360645423,-3.482565853852245,-1174065.9651731532,298.5484114924635
34950.0,released,0.0,40.0,91.72236716872784,-0.030056450731192785,50.296093823993054,26.23732678793705,-4.979385950229768,-1174995.496499803,298.7685445661117
34960.0,released,0.0,40.0,96.55468842737781,-0.11415151955755903,49.69467870372847,26.286174572784844,-3.8495196199691133,-1172554.7660380006,301.18498943985236
34970.0,released,0.0,40.0,92.30263075130905,-0.04017767077281692,50.00620544112552,26.023453146815775,-3.4067662392967804,-1175880.2937646676,302.21460285952975
34980.0,released,0.0,40.0,92.29006073443713,-0.039958458770910144,49.56589744359131,26.156742788057514,-3.929472891363583,-1173770.3283246793,302.16808366909464
34990.0,released,0.0,40.0,95.94614402160475,-0.103593602305217,49.86945831378226,26.24747910532087,-3.9627285353599984,-1174561.2735525463,300.291948613069
35000.0,released,0.0,40.0,92.48817048811041,-0.04341311901364878,49.38166188002811,26.18909174683053,-4.768539109070231,-1173761.813406866,300.095495985062
35010.0,released,0.0,40.0,102.46127663461272,-0.21577973468181816,49.90530623060052,26.637411371090472,-3.686547822385858,-1172161.660151625,301.9796931506162
35020.0,released,0.0,40.0,99.82855827562568,-0.1707006407129573,49.96462864256758,26.33233320269178,-4.143928960061896,-1174150.7224377505,300.324452088021
35030.0,released,0.0,40.0,96.50760328318088,-0.11333506206653829,49.00821158022536,26.246136697685223,-4.200835029188714,-1174670.2565169465,299.03988705456817
35040.0,released,0.0,40.0,98.36457977218498,-0.14547143292929893,49.5674505504024,26.443115620503903,-4.229613263733249,-1174003.0516983978,300.65581884144393
35050.0,released,0.0,40.0,93.21508426758544,-0.05608436268999453,49.7665858012831,26.418139854965258,-4.8096197933087,-1173934.7220495995,301.86764843940307
35060.0,released,0.0,40.0,92.22693595001671,-0.03885757932455744,49.31921539184181,26.391904703283778,-3.9858107614121643,-1175131.7466595545,300.45255412218046
35070.0,released,0.0,40.0,100.06038465996384,-0.17468598089261067,48.829629849965194,26.825002455510628,-2.9134969930453987,-1174877.1842630133,300.6693096263021
35080.0,released,0.0,40.0,97.29333619084454,-0.12694924505190686,49.96656928846376,26.45783502063616,-4.4593227421169335,-1173308.5083297044,301.5368064259173
35090.0,released,0.0,40.0,92.6244753287866,-0.045789719303299115,49.375664800860584,26.12185971724481,-3.6319591278717875,-1174622.33459639,300.17273115794785
35100.0,released,0.0,40.0,98.13177655241368,-0.14145028277033084,49.47067218610319,26.51161056675887,-4.314075368205584,-1174300.0945591982,301.9282703770098
35110.0,released,0.0,40.0,97.24966342001618,-0.12619314167109294,48.84736990344033,26.128690809024164,-4.929287455591473,-1173839.7507122252,301.41591687815026
35120.0,released,0.0,40.0,95.93893852095003,-0.10346851839951231,48.312040402484925,26.38223306647216,-6.439624395379948,-1173354.4801785517,299.694290160558
35130.0,released,0.0,40.0,92.67538243282021,-0.046677265747331664,48.5868716775491,26.433586492002895,-4.4395184705602775,-1174637.945044892,300.32920899024333
35140.0,released,0.0,40.0,94.61616445186246,-0.08048013528808567,47.83031805219477,26.557989481349292,-6.2819667877131735,-1173582.9702958725,301.20595143872816
35150.0,released,0.0,40.0,95.70265134160002,-0.09936579547607652,49.10811662203094,26.61671850719713,-4.740692759529167,-1172926.5161261093,300.18273208534407
35160.0,released,0.0,40.0,94.72884491258446,-0.08244024405261752,48.98944150009705,26.413752578930584,-4.704053734904955,-1173620.5677496921,301.8585346195825
35170.0,released,0.0,40.0,93.86535076807841,-0.06741193550120378,48.22891176898963,26.728661259093634,-5.742922550794,-1174944.475737555,300.5413703594904
35180.0,released,0.0,40.0,94.2449259354706,-0.07402017429363408,48.829473069610664,26.32855364467399,-4.0441750425092815,-1172310.9527935088,298.7729860094211
35190.0,released,0.0,40.0,96.12701114735522,-0.10673282368382528,49.028313198128025,26.40953799703948,-3.650753277497156,-1175343.628956752,299.4742872275281
35200.0,released,0.0,40.0,96.61846568087074,-0.11525729557691772,49.12647380609778,26.512648908356773,-4.0363778763254885,-1176716.5325834807,299.2779811633017
35210.0,released,0.0,40.0,97.0454147121488,-0.12265603310459458,49.48161363451006,26.44999186059068,-6.019336297215656,-1173820.169551637,300.57872713430424
35220.0,released,0.0,40.0,94.82543009210563,-0.08412011730688262,49.03016618571524,26.0025506612097,-4.476967894691278,-1174415.6236245,300.9134942625235
35230.0,released,0.0,40.0,84.16005307888827,0.10174990866776021,49.58880481744994,26.02172654291051,-3.0597508939195652,-1175215.5017892495,299.4830069801435
35240.0,released,0.0,40.0,97.39701774874752,-0.12874397981650088,48.891223044526335,26.365523657882125,-5.84094699741955,-1174695.0359629914,303.39333796926076
35250.0,released,0.0,40.0,96.21055303494197,-0.10818246177300275,49.27285385142714,26.64887263189406,-4.194440934270839,-1173651.5480745398,300.0718061684411
35260.0,released,0.0,40.0,95.74768157984977,-0.10014780105920496,49.86414762315788,25.78558424013019,-4.83548200970565,-1173611.0034814067,300.7279811572824
35270.0,released,0.0,40.0,92.77450807235103,-0.048405378076232686,49.42480429469372,26.16176367065569,-4.125202396694864,-1173960.3232949432,299.63444519069344
35280.0,released,0.0,40.0,90.61397185713427,-0.01071562534136758,49.747949045941866,26.300793508828797,-4.929466989115966,-1173227.1186073069,298.07395632644506
35290.0,released,0.0,40.0,96.77341431845225,-0.11794321195800894,49.564280160436844,26.529492255676494,-4.680327418305272,-1174260.660450019,300.20092695860995
35300.0,released,0.0,40.0,94.00991782895582,-0.06992914980822504,49.67914577005205,26.54735287128591,-4.585817434350126,-1173500.9166708551,299.6208278896645
35310.0,released,0.0,40.0,97.15576552317401,-0.12456724676939765,49.11121368918349,26.36087283099869,-5.829598922753213,-1173833.3374689277,302.8941466726852
35320.0,released,0.0,40.0,94.7672861300265,-0.08310886743531773,49.16093383987502,26.272527756587444,-6.73222896329552,-1175099.5383273754,300.057026273713
35330.0,released,0.0,40.0,99.73942185928077,-0.16916754426882138,49.670878887868064,26.12017747868098,-5.743225252889887,-1175546.464130016,298.0847488981889
35340.0,released,0.0,40.0,98.33464010194683,-0.1449544258754875,50.03471821786931,26.268773549817148,-4.052149902537717,-1172943.2614370063,302.25530242410457
35350.0,released,0.0,40.0,95.06866217705107,-0.08834950073838155,49.509537085050134,26.47269599573201,-5.386219236325775,-1172918.4708947036,302.0586510893549
35360.0,released,0.0,40.0,91.03171955764734,-0.018005930135188197,49.15299781536865,26.624532651160326,-2.9918053877945328,-1174561.6047071777,301.2374409027277
35370.0,released,0.0,40.0,94.34338013923742,-0.07573370031412818,48.66561869293584,26.248762195709528,-5.356570305326645,-1172290.4146381784,300.47507430223123
35380.0,released,0.0,40.0,98.76730645613044,-0.15242191842728278,48.75902237454949,26.413480162814764,-6.498092933799134,-1174836.443478074,299.2420950616411
35390.0,released,0.0,40.0,92.55258422102905,-0.04453626314634232,48.79736761610135,26.520600502147147,-6.247411263027428,-1173834.8893075865,298.1396480901201
35400.0,released,0.0,40.0,94.88912795461778,-0.0852278621033558,48.854297500816415,26.806096612900742,-3.499326057836978,-1173454.2391757127,300.54729341572505
35410.0,released,0.0,40.0,90.89295800851488,-0.015584426418781383,49.01652430075644,26.467995665629804,-5.008864793116964,-1174873.9623133726,298.3112108191613
35420.0,released,0.0,40.0,96.20167648040704,-0.10802844461933829,48.83816180020934,26.410403615779654,-5.290342427963358,-1172847.1138737556,301.445835887526
35430.0,released,0.0,40.0,98.2590061916357,-0.14364818124026732,49.12423060589183,26.472739002999166,-5.748823430375426,-1173729.9214067478,300.32199253093665
35440.0,released,0.0,40.0,96.8699633892795,-0.11961638147175085,48.64457952745317,26.50334955919091,-5.363419122365626,-1172845.813448675,301.2296510520177
35450.0,released,0.0,40.0,94.43221045376775,-0.07727953756653494,48.52538608554904,26.75091953835405,-5.385362752674331,-1174381.0095727835,301.07195778009225
35460.0,released,0.0,40.0,93.13066153394978,-0.054613166843714006,49.23813201424521,26.56152913839293,-5.095385748794165,-1173476.6140991747,299.3122209892004
35470.0,released,0.0,40.0,98.60505421880728,-0.14962256379044325,49.52233628425063,26.59580934238296,-5.331511061493332,-1174634.708386628,298.5767480684232
35480.0,released,0.0,40.0,95.29209363433739,-0.0922331844127961,49.45932345622543,26.491013212245978,-4.456025063375218,-1175588.1302364767,300.6546983559714
35490.0,released,0.0,40.0,95.03098413608198,-0.08769444735523657,48.80674969140235,26.121930157121692,-3.6610798703165,-1173704.7013260406,298.8672582720226
35500.0,released,0.0,40.0,91.71642154024815,-0.029952726659829565,48.708249232290726,26.655375045991708,-4.514847693629225,-1175340.9181149974,298.8938451472102
35510.0,released,0.0,40.0,93.44024574743055,-0.06000754330867514,48.56449162127107,26.237249700169716,-4.121173789335246,-1174024.4554667585,299.64465790753
35520.0,released,0.0,40.0,93.07990460023245,-0.053728592010250875,48.85073012524655,26.401935974816837,-3.541917358057562,-1174459.127327755,298.9698567418429
35530.0,released,0.0,40.0,96.29906938589248,-0.10971816688418333,48.8178264875037,26.15924707608504,-4.679253775904575,-1174461.3506967686,300.9418380051849
35540.0,released,0.0,40.0,90.06947700032076,-0.0012126021128370523,49.16036797780862,26.400851611950607,-5.068054207290004,-1175225.1274841707,299.5700859778737
35550.0,released,0.0,40.0,89.79026448264591,0.003660567161038103,49.70808361460431,26.68472712474973,-3.4404911498126323,-1174859.32741341,301.47183090095626
35560.0,released,0.0,40.0,96.99245941160393,-0.12173871524182814,49.16048332745424,26.35070110218283,-4.740362528034808,-1174961.8990995456,300.31797296787096
35570.0,released,0.0,40.0,95.53261203748451,-0.09641230396771996,49.86593026479797,25.984248690057367,-4.585848564372986,-1175869.763285622,300.092543627388
35580.0,released,0.0,40.0,94.8214213863735,-0.08405039997011772,48.728625664158464,26.321427631240446,-3.9259221344713717,-1174698.0204801261,299.1135522256736
35590.0,released,0.0,40.0,92.65597646762832,-0.04633893426256935,48.74954855878377,26.25396760177693,-2.8811672368108283,-1172834.2151883356,300.5034625521081
35600.0,released,0.0,40.0,93.58017138566922,-0.06244512406907368,48.03146692099974,26.194470534652606,-5.311565226638536,-1173122.6422178615,300.0208809560025
35610.0,released,0.0,40.0,93.81562715456171,-0.06654604359219832,49.250974213995995,26.525335044880602,-5.537973729543294,-1174341.396847548,300.5856404660885
35620.0,released,0.0,40.0,91.34926238808224,-0.023546894648456912,49.277527759492536,25.930203127797515,-4.758509737582755,-1174141.948830301,299.0967577472161
35630.0,released,0.0,40.0,96.83953467002188,-0.11908909635492888,49.77946461952337,26.325127912779653,-5.081109770632409,-1173747.550224755,300.142962467625
35640.0,released,0.0,40.0,92.05645176194146,-0.035884148518862846,49.361379748618404,26.42315685656383,-4.84596938390389,-1172502.724408174,301.0308344038286
35650.0,released,0.0,40.0,86.37712832696543,0.06318891281342232,48.96433037144942,26.539117273778853,-3.733747700498078,-1174023.9772247449,300.7145567167453
35660.0,released,0.0,40.0,87.76673964223751,0.03896787746120657,49.14797819552956,26.45056778807852,-4.856487327669325,-1175555.0165672563,300.66623530267617
35670.0,released,0.0,40.0,97.6312626168342,-0.13279721302532999,49.82185783291474,26.318746712540545,-4.059057039612663,-1174153.575088244,302.0748850166193
35680.0,released,0.0,40.0,97.2023552649462,-0.1253740164444841,48.598423587167,25.92467559675077,-4.832283051090802,-1174331.1822155733,299.0555519556701
35690.0,released,0.0,40.0,97.83899171428641,-0.13638977834359678,48.6228936256745,26.180991114137417,-3.973138119495842,-1174401.2581466716,300.69599936355417
35700.0,released,0.0,40.0,96.88595821279377,-0.11989353480710797,49.6233004682224,26.22075743432664,-4.278423310685099,-1173597.1188988741,302.36182992927064
35710.0,released,0.0,40.0,98.75838411651475,-0.1522680119335037,48.9990865061502,26.64195226564492,-3.946044346123408,-1176365.5243592933,299.07311377777773
35720.0,released,0.0,40.0,92.96586385302793,-0.051740975337822626,49.77355898595979,26.232082291312466,-5.586651307602455,-1173356.6287896708,300.8538894328554
35730.0,released,0.0,40.0,90.62525346475827,-0.010912515025451458,49.38132208754224,25.920736904030843,-5.3373192263478515,-1174341.4381788652,298.4839636347627
35740.0,released,0.0,40.0,84.35134528596173,0.09842799660977278,49.22769437118135,26.049294137979018,-4.556493983683068,-1174347.4120351914,299.8743382687135
35750.0,released,0.0,40.0,93.9541261225124,-0.06895775161192709,48.92670705515833,26.131168564343113,-5.6116137997239965,-1175361.6437925957,300.7008844170966
35760.0,released,0.0,40.0,91.70193001234256,-0.029699914312112552,49.10312998652666,26.005248377193663,-4.334617041260298,-1173732.888369115,300.3256272908308
35770.0,released,0.0,40.0,92.47205460706199,-0.043132107298393646,49.11924553914342,26.41879689231457,-5.266975361109726,-1174221.3725986443,300.14076645191415
35780.0,released,0.0,40.0,90.71618060931873,-0.012499384175941736,49.32491900136434,26.083216260426983,-3.527490966828154,-1173882.7810894828,302.58466437574896
35790.0,released,0.0,40.0,87.66254652849864,0.04078494369281585,49.73605111083158,26.65583115529818,-5.290668960175897,-1176590.4303829335,301.05635891438897
35800.0,released,0.0,40.0,93.21571209213471,-0.05609530304523244,49.40702212444804,26.238597110656592,-6.278835986472571,-1174037.408223072,299.55986451134186
35810.0,released,0.0,40.0,90.1569090741644,-0.0027385765472833223,48.758560445461356,26.542064422158052,-5.526409567153385,-1175019.048677776,300.56089187973504
35820.0,released,0.0,40.0,93.38223698902854,-0.05899689339817904,49.05666287844628,26.190014732553006,-3.914454931716234,-1174033.8802713435,300.96155144928423
35830.0,released,0.0,40.0,101.3768885704322,-0.1972619117958157,49.094167104470195,26.051170183782492,-6.553265374116398,-1173579.7085912116,300.2812784019243
35840.0,released,0.0,40.0,90.26311359349343,-0.0045921823729642985,49.15531940671116,26.915500445515683,-5.427814338993823,-1175652.155366512,300.07373753959536
35850.0,released,0.0,40.0,93.96297621378973,-0.06911184633337356,49.408151988353545,26.370727452863964,-4.531311515047978,-1173097.8932208158,298.2109187856757
35860.0,released,0.0,40.0,93.11383844797923,-0.05431998445282318,49.38130280095456,25.89484662813506,-6.390193912415549,-1173331.523855906,300.56822143569343
35870.0,released,0.0,40.0,92.94323090464569,-0.05134648095584521,49.25028871515921,26.172195858586793,-3.432046660123581,-1174094.336216502,299.9260899684666
35880.0,released,0.0,40.0,88.87762591142678,0.019587870474084418,49.22867496719979,25.71874614681342,-3.2428943714536542,-1173569.386018945,299.9844916526784
35890.0,released,0.0,40.0,92.97668774767405,-0.05192963397177511,49.51373760280103,26.16507276475404,-4.282851956101686,-1174483.2861484755,299.21721922900144
35900.0,released,0.0,40.0,97.38035593120368,-0.12845559090798436,49.47739841324386,26.314144810640812,-3.9733893086003125,-1173713.4393730536,303.14321122727955
35910.0,released,0.0,40.0,95.41288027561438,-0.09433211647207386,50.0034234304985,26.241317461510274,-5.356169919233178,-1173908.471976718,299.8861219089213
35920.0,released,0.0,40.0,94.58957614044434,-0.08001757835340523,49.89101524739507,26.216746213590284,-3.829159093555273,-1174737.1455296967,300.8302396802607
35930.0,released,0.0,40.0,96.52327780753853,-0.11360686720802116,48.92524840935675,26.416828823598824,-4.028061269567238,-1175299.0311059598,299.08290488109856
35940.0,released,0.0,40.0,97.88776524486957,-0.1372330327234308,49.050863834422124,26.421029109538328,-5.2181733825202175,-1172193.8373014033,301.6060788428845
35950.0,released,0.0,40.0,86.35939746441369,0.06349775327981216,49.37742748764481,26.249537907367042,-4.4822278544882375,-1175443.5194463115,300.33279028228156
35960.0,released,0.0,40.0,96.91881686078,-0.12046286991941216,49.375751080143196,26.09902857062264,-6.00039664242857,-1174342.4951462578,300.82506961108567
35970.0,released,0.0,40.0,97.22018765150764,-0.1256827884505079,50.25916995914174,26.171122328264104,-3.6490453587238596,-1174128.7474351414,302.1628566685089
35980.0,released,0.0,40.0,95.62551101807705,-0.0980260163264713,49.8300551838783,25.660471938039066,-4.501696711127839,-1174293.3974810597,301.39501226710206
35990.0,released,0.0,40.0,93.20807310409297,-0.0559621869860214,49.827299152572785,26.042399786864934,-5.084283804516453,-1174639.689267885,299.27775852297094
36000.0,released,0.0,40.0,93.56416642539627,-0.062166327541779476,49.372004872394015,26.007195629677913,-3.8964793641303452,-1174447.256823657,298.3544982265429
36010.0,released,0.0,40.0,93.87158881157333,-0.06752056183490812,48.98868944760163,26.57156837677837,-3.749569608108233,-1176527.120776806,299.4634085452705
36020.0,released,0.0,40.0,90.9981788328857,-0.01742062590716359,48.30849468445415,26.210381492112514,-3.491411118805922,-1173175.8909659851,300.6380626274231
36030.0,released,0.0,40.0,92.00087397816995,-0.03491474120289548,49.62646583467061,26.575333270588118,-4.08587967796823,-1174652.204863213,299.73486028004555
36040.0,released,0.0,40.0,98.96426160133782,-0.15581836135347124,49.15715629603067,26.216705838875185,-3.8572559343018296,-1174321.9720419534,300.0546850452133
36050.0,released,0.0,40.0,92.34116750494545,-0.04084971178384539,49.218768000966456,26.152532037672312,-3.3729969588858237,-1174188.5400513131,300.71061796982104
36060.0,released,0.0,40.0,92.8252964192709,-0.049290743728155756,49.54415905649531,26.115019411757945,-1.9559519034770836,-1175463.4754531458,298.97964050353585
36070.0,released,0.0,40.0,94.55961769707459,-0.07949637058189168,49.88381998716094,26.24026108882659,-4.640235628687308,-1175694.1806871947,300.466469066311
36080.0,released,0.0,40.0,97.5735715727471,-0.13179916507886102,49.04516489479569,26.118614477567814,-4.558408473711781,-1172218.851921264,301.2798013808395
36090.0,released,0.0,40.0,96.94067729512803,-0.12084161928489606,48.32821253624899,26.391939865571032,-3.512626367654331,-1174151.753172027,300.20212737299624
36100.0,released,0.0,40.0,97.98521136145074,-0.1389174978054124,49.46205884045899,26.000189559852252,-4.372679142070471,-1173100.5112807732,300.23003617865265
36110.0,released,0.0,40.0,93.53340069376704,-0.06163039388429087,48.668394528099654,26.164013614408507,-3.5675573581719435,-1173646.4294565897,301.2340657778908
36120.0,released,0.0,40.0,94.04435257083475,-0.07052866549498843,49.55895381176819,26.257410426144475,-4.107167485581099,-1173263.8098200914,298.46122920066847
36130.0,released,0.0,40.0,98.38673482066457,-0.1458539872748088,49.379569980614214,26.04165943141411,-4.621089325567766,-1173736.5565936957,299.9935938170481
36140.0,released,0.0,40.0,91.87381009333163,-0.03269832614490156,50.13726483374767,26.609422984176543,-4.530728878870994,-1172425.580207089,301.9810272353987
36150.0,released,0.0,40.0,94.0672167203227,-0.07092672081326075,49.453381833122286,26.29838412587106,-3.880345845459393,-1173527.530962415,298.36860605868816
36160.0,released,0.0,40.0,96.71940069854799,-0.1170070240118698,49.76957600239869,26.544073970561907,-4.7861373169826,-1173242.9853842948,299.3046310557419
36170.0,released,0.0,40.0,97.36800727871852,-0.12824184884732956,49.65026699360085,26.46986935995681,-3.739645934804844,-1174429.7965266053,302.44111341115666
36180.0,released,0.0,40.0,93.73384077587433,-0.06512169881861518,49.06722969363391,26.471162444394334,-4.332153177998907,-1174513.2527246121,302.2521187919561
36190.0,released,0.0,40.0,91.37273259216954,-0.023956411421524243,49.41098360694054,26.289170770920673,-3.7418397051133425,-1170934.1694576293,301.21450786111313
36200.0,released,0.0,40.0,99.03037861047024,-0.15695812207698756,48.735485227615264,25.887365253714044,-3.112005477180874,-1173041.5390828215,301.2986603976966
36210.0,released,0.0,40.0,98.20304434624919,-0.14268152414139734,49.1071871401379,26.250079003917772,-3.812649647530501,-1173487.8394930325,300.55408341334044
36220.0,released,0.0,40.0,95.71244196692729,-0.0995358269892655,49.044074036277756,26.46773192012787,-4.8780202286820185,-1173830.4970958475,300.69836018369386
36230.0,released,0.0,40.0,94.35111091052124,-0.07586823953613797,49.59254999851081,26.06450118866146,-4.746012663835481,-1174000.7933469228,300.96455234398314
36240.0,released,0.0,40.0,94.55948974359043,-0.0794941444398669,48.49762335442633,26.209078382548295,-3.827281101920454,-1174132.72871623,298.46881103812086
36250.0,released,0.0,40.0,96.56257106409959,-0.11428819714254002,48.431387538013055,26.21768650159041,-3.492697632491514,-1175118.187902432,299.5771717994645
36260.0,released,0.0,40.0,95.94254256362889,-0.10353108299161809,49.08633743155726,26.690839349003333,-4.62045498987092,-1172426.0090477336,300.1673786603305
36270.0,released,0.0,40.0,95.4645559213054,-0.09522996633131645,48.95856254477069,26.434252955518442,-3.8371213822810644,-1173983.5154495165,300.33168552825157
36280.0,released,0.0,40.0,90.31737723533962,-0.005539249400101864,49.13055005158874,25.807322548013914,-3.327088689100544,-1175071.9809578974,299.83555337013473
36290.0,released,0.0,40.0,91.67472488911613,-0.029225301469792936,48.60551508683536,26.262318820748675,-4.739121725692708,-1174097.2556382418,301.9546937996485
36300.0,released,0.0,40.0,99.83551389200724,-0.17082025609016444,47.95223689792138,26.174499874672552,-4.633820204606749,-1175058.5845939536,301.06408140642947
36310.0,released,0.0,40.0,98.86369624618445,-0.15408436412058668,49.01302599270405,26.63873960080443,-6.046854872297908,-1174825.493078446,299.2029066597597
36320.0,released,0.0,40.0,91.86871581722863,-0.03260946166891346,49.285666870281545,26.413471114335124,-3.1578375513625128,-1173430.5293163415,300.0878301961997
36330.0,released,0.0,40.0,98.21874930533569,-0.1429528175769963,47.79433313907807,26.49974503607853,-3.580083936718044,-1172828.6173338555,299.9880242655754
36340.0,released,0.0,40.0,89.78423759788988,0.00376575541846777,48.432584744956316,26.316550941747984,-3.5661106119260886,-1174672.6633837298,298.85204815055334
36350.0,released,0.0,40.0,95.24083325424787,-0.09134229876713841,49.17779852960085,26.602046020357093,-5.3366896002170146,-1174609.7575174663,300.7513280333185
36360.0,released,0.0,40.0,93.71834363581848,-0.06485179445295439,49.045516271860286,26.57523014235437,-5.530176843541963,-1174269.7462675422,300.1066523722148
36370.0,released,0.0,40.0,95.47816516064695,-0.09546641019325738,49.40232734685216,27.04796014908727,-5.146120845158213,-1172623.91173153,300.93566915416767
36380.0,released,0.0,40.0,86.85508172544066,0.05486162086204857,49.17141026959344,26.559977893760106,-4.8427486658284185,-1174346.5424800199,303.24110456828123
36390.0,released,0.0,40.0,91.72882628726245,-0.030169132492771283,49.52829591915877,26.172973937426818,-2.600458375213647,-1173020.2801048476,300.5184028162079
36400.0,released,0.0,40.0,90.67020254945604,-0.01169697439837819,48.34067375389,26.15585512926926,-3.0413829964882355,-1175802.132389795,299.5428204100758
36410.0,released,0.0,40.0,95.29325888516634,-0.09225343516753895,48.87874368169029,26.103185511607798,-5.1368874981625146,-1174933.0420877002,300.19550930467955
36420.0,released,0.0,40.0,95.8924205572632,-0.10266095040135004,48.73269744624235,26.05991736204657,-3.7945803006807504,-1175369.2051498313,300.5197491057273
36430.0,released,0.0,40.0,99.51215839530306,-0.16525689592219203,47.93582699806599,26.393406676658632,-4.156388020643995,-1174546.658332061,301.2193660273973
36440.0,released,0.0,40.0,93.64362685097329,-0.06355043093283363,48.094953085561244,26.34593624510393,-2.6491049602670387,-1173336.4446985163,301.33022436303867
36450.0,released,0.0,40.0,95.8268934466524,-0.10152326233614195,49.2082752279327,26.39106291684333,-4.621036980350098,-1173343.9204222094,302.2357230658083
36460.0,released,0.0,40.0,98.12694152384304,-0.14136674358131823,48.67186677950374,26.48276251838149,-5.394369359326398,-1176289.9610472694,300.43756447414177
36470.0,released,0.0,40.0,90.32901134051956,-0.00574229961022904,49.221367730766836,26.256667400721863,-5.210760478972443,-1173638.7112158109,300.16094795271476
36480.0,released,0.0,40.0,90.80696375628585,-0.0140837088639372,48.90990875597009,25.762558985237582,-3.342654116021095,-1175387.929613255,299.6241315190479
36490.0,released,0.0,40.0,91.58715038000406,-0.027697457285501603,48.874940586164556,26.460314788794037,-4.667012698479222,-1175092.2506990898,298.0730618600113
36500.0,released,0.0,40.0,92.81102373191864,-0.04904193960843206,48.496588174779426,26.03345428312838,-5.073338790056743,-1174232.167411333,299.30669074136966
36510.0,released,0.0,40.0,94.10595760107354,-0.07160115759348307,48.835034387637755,25.968026340798964,-3.824265849825634,-1172315.8235439453,300.03245040712295
36520.0,released,0.0,40.0,89.30449354003579,0.012138579582099407,49.04216131939225,26.3716991885989,-4.094573457333254,-1174065.8661188148,299.2460399014584
36530.0,released,0.0,40.0,95.76827077564678,-0.10050533723965516,49.06897829618286,26.545227080573873,-3.2216945895282016,-1173891.9781233426,301.4343274272765
36540.0,released,0.0,40.0,91.31435852249767,-0.022937871848055846,49.106254396908874,26.33085669790986,-4.328449225431924,-1175434.59722648,299.1673847060193
36550.0,released,0.0,40.0,91.59937220965826,-0.027910685985390232,48.39146652889784,26.67606963359506,-4.39496899604914,-1174301.680558242,300.9308989298013
36560.0,released,0.0,40.0,91.18176287967863,-0.020624190840131812,47.84721592204758,26.552070052577847,-3.4921155441676577,-1174392.6741738413,300.81243944114846
36570.0,released,0.0,40.0,95.29396685272465,-0.09226573883239822,48.97853951158777,26.3867085515996,-4.817739697849033,-1173399.679462593,301.54557504632686
36580.0,released,0.0,40.0,101.91141554020818,-0.2063991382219032,49.501300474985214,26.23857661705597,-3.3441031835730475,-1172830.3175961617,301.0312686627882
36590.0,released,0.0,40.0,93.82270907927504,-0.06666937200345263,49.15266556102793,26.545265752656842,-4.2726188357219215,-1176117.9191571474,299.12373431306327
