frame,J_cm,J_pda_cm,angle_deg,separation_A,aln_A_rms,aln_B_rms
0,29.39439489023001,25.235589395439682,102.67184993636401,25.726022515522985,0.5171370928207171,0.49089050220022445
1,30.228832295877442,25.470310920717367,105.4290749411784,25.66112360293133,0.46217582248655253,0.5738547688601747
2,30.766272659285118,26.132073114052314,100.60870889008176,25.160195682478907,0.39338680133325205,0.44777678208087285
3,33.5991060326067,28.562007264486642,103.72705578447821,24.696819578799577,0.49909959731307224,0.4904006914874511
4,30.96232173167103,25.854413484353024,104.70193147341017,25.288387174492932,0.4932899124008398,0.5021319879063503
5,27.663940709853783,23.400386526369164,100.29210808868017,26.07717901259839,0.5650187740846578,0.4849306015960111
6,28.786851208879554,23.871757606979752,104.78813375930342,25.553294377648662,0.5963603506182329,0.47448118035271936
7,29.43748967667928,24.755918261525068,103.11190228146569,25.665691674789386,0.5093318642433468,0.47628820757959156
8,28.465722439343654,23.617454637798357,102.20496937865732,25.813055043851868,0.49267822684207163,0.52157266582079
9,29.644683773182074,24.68904686362222,102.8460701872361,25.564326394467212,0.512043771883052,0.5173913274657271
10,32.04702912259421,26.50420440329169,102.16030877562493,24.898385037527742,0.5260736671739875,0.5799295226008384
11,27.575253263010666,23.04669267730578,100.92979568568262,25.776906574492678,0.5105645458068285,0.4601522996544677
12,32.62890112773682,27.637050414747318,103.13438399133283,24.95593847259787,0.5157642147367026,0.4431893181396223
13,28.132324276919356,23.404029165293576,101.80887324114418,25.70062201746103,0.5173835595189697,0.5061011882715043
14,30.11862545504762,25.673253494772865,102.02544623415672,25.508974160939623,0.4986722919660426,0.5059617404739116
15,30.719427541858504,25.871892084544864,102.53327963668511,25.328070260169905,0.5217123175378721,0.5580064772282202
16,29.383471667411346,24.642586252653683,99.49214048275587,25.56786457904941,0.49503175795242393,0.5625310666985589
17,30.31742690248142,25.469586760927967,101.46773009985525,25.32699635682946,0.4856837936755975,0.48823613040308583
18,31.095599821268635,26.084807590958278,100.62106679247769,25.18973922724162,0.5541204016223076,0.46275751151539074
19,29.846371485915963,25.18861410861514,98.95897512431371,25.36085951839782,0.5501973156392119,0.5750905457433122
20,28.49804148764346,23.800448487907236,99.10279959736809,25.607225847087236,0.5090353941783428,0.552653252320756
21,28.837951121560806,24.487412557636848,96.37438550946302,25.525248926928374,0.44924241705580903,0.5787877077989633
22,31.004175318634378,26.24363456479982,101.00201965212666,25.201409637705748,0.548822527449895,0.6346470742593252
23,29.459807568794567,24.557280020180364,99.7713256070315,25.346383831003642,0.5462764827171559,0.5025842381288157
24,28.94920773854475,24.24866981266273,100.13767487511328,25.56554710317828,0.5626391028281503,0.5107420995036238
25,33.09381989287968,27.944553380722407,102.38087147303072,24.780255675603076,0.496928889106878,0.5002255249352184
26,30.94698704076543,25.97527503823205,102.61821817372554,25.369275855574703,0.47665303573478596,0.6690035199030447
27,33.880343352679525,28.270115548122405,100.49397849563292,24.43767813037097,0.47256372459743634,0.523971782928602
28,31.066347767958703,26.284613229730553,100.42956403014567,25.116311922879305,0.4988783543793694,0.547699997139257
29,29.977308339204082,25.298741847516624,97.87721432370033,25.16762405934632,0.5234497662526576,0.6150821026792757
30,31.84888335408842,26.879512729530475,99.31670106474107,24.896579119174866,0.530803056642948,0.5754534527836944
31,32.556959847770365,27.089803976958216,101.58316826022639,24.764922578773188,0.5148174474535118,0.5849461534825172
32,31.035499442120855,26.286411693550438,99.58617848025075,25.060218947742893,0.4908028181953555,0.5338053808188854
33,29.215990100892533,24.546617487803424,99.1704532967459,25.359804349480793,0.4955464229980467,0.5846314943028815
34,31.25088767788984,26.445252513677215,102.025757388399,25.19452044031113,0.5471574524556468,0.518375510243139
35,29.06323818969031,23.99281563516733,102.46763800688744,25.4417959468077,0.5664663255537096,0.6312939283320061
36,32.193664943084386,26.78008073539192,106.69438145483828,25.20064411818985,0.5409411525661255,0.6003079397549352
37,30.221355884620472,25.652772691454583,97.01476387175296,25.09057991338049,0.5576183149926032,0.630504074843181
38,30.005124240209135,25.056324618581503,100.73410932699612,25.40196811017181,0.5733766601321344,0.5864130165240172
39,30.196385087046867,25.408658390703803,99.86372714167327,25.283466540214544,0.5373455504324948,0.5503160723690639
40,29.732273175994933,25.198983463741953,98.22720981772656,25.264887756578695,0.5583911544221277,0.5744723213521687
41,30.898356940082536,26.33009177184105,97.39010917586356,24.99848343921921,0.4850082035677624,0.5566663639615452
42,30.189197176873687,25.49201743155227,96.43620746393465,25.09301317177056,0.522667145636391,0.5947507956239257
43,30.082762886120502,25.002002980219064,100.54473899364747,25.364858746417838,0.5257383529224852,0.6167129401493168
44,31.22834125975766,26.27780346966656,96.18911130614937,24.723667290153106,0.5344790735679419,0.5533439489050203
45,30.37622149861464,25.509120176728572,97.2929418519132,24.999185728042796,0.5283799483599136,0.5550062159142035
46,28.879666686884253,24.36062212274861,99.32076325895771,25.394042538242285,0.4780161203642286,0.6263302635065929
47,31.818962899413762,26.84068806285654,101.59590703197647,24.861735455276367,0.6110415119526483,0.5311366126973807
48,31.55512050121834,26.48020455965108,99.66059943522865,24.90762348147468,0.5018150982811359,0.5755441437963532
49,34.01772616696063,28.3043221143514,102.61452853978207,24.284123564200517,0.5050424829137964,0.6054305991741666
50,31.645124327439667,26.474896442161707,102.13820721521262,24.911401032636604,0.4959781198134552,0.5851451591575553
51,32.00113950195118,26.347308661643382,103.34555472967894,24.845724878835153,0.4121502040184456,0.5495272131990387
52,32.699029233121095,27.37107974868142,97.65769381665486,24.504596604075925,0.5011703170531906,0.48366940872756686
53,31.48798780413271,26.284618752941732,99.18698677048485,24.754967700117277,0.4547895862872261,0.5516236279737581
54,33.328790086778405,27.972125438239047,100.9461921217287,24.565382016483266,0.41904962933401185,0.5452888712282606
55,30.88041868980098,25.76231819907315,101.64201525145488,25.01686531149883,0.5720069792151901,0.5693794043167691
56,32.01735531288413,26.756218291822773,102.25982597735452,24.957352796059677,0.5962698718277079,0.5456783737045017
57,32.92036588225855,27.92391700995722,100.28514169701562,24.574628857345783,0.45901631371200013,0.5826498322747388
58,34.51586479387303,28.886855264257626,103.75648135686941,24.39870108995571,0.5048057410238895,0.46688391866062817
59,30.914030049525163,25.739964395437745,103.69530575344073,25.06593102110159,0.5990831978620125,0.5743193605240217
60,29.88516491588348,25.379094613221245,103.5787490643535,25.489858251504405,0.5405566471063479,0.5233364064090831
61,30.940789418170734,25.75641757115367,106.0637644610663,25.252830657369728,0.5931776312575062,0.5758368088603693
62,31.60933654258982,26.20868214500362,102.20006531837508,24.798201510048006,0.5171239896125637,0.5746521208949339
63,31.488613765870475,26.21028257676708,101.09902885979575,24.994185566634908,0.5379571094374711,0.5068714804265504
64,29.8071163634778,24.95973099867916,99.78723251517698,25.297063449359825,0.5407974607393472,0.5513639399281806
65,30.971764750490948,25.91546546651391,102.40576161092551,25.16308268079783,0.502725068423217,0.5895124745286182
66,31.390202464644236,26.41935650685296,101.32868841897637,25.052338678989912,0.5223128473344065,0.5059906626278892
67,31.87732087948995,26.59361256499176,104.19667121335489,25.06321538393934,0.5535867576018132,0.5332381611395148
68,30.94556698427222,25.994694055642707,99.80762617427679,24.887381386876044,0.47505581274658076,0.5699110073719487
69,31.499826376730663,26.204366004712643,103.34160989122348,24.904064383306878,0.4867260305856469,0.4743792498871064
70,32.43040503807249,27.2936491573577,101.59954020665893,24.781647025960318,0.5968330181158334,0.5664349034980021
71,35.069862282193526,29.149869610038483,107.30821813525964,24.419273299752724,0.4437365478205642,0.4907735853389771
72,32.56731810604366,27.473772945371625,99.75836002470753,24.799285584380318,0.5790374460168871,0.4801647195125695
73,33.51372792235349,27.749682187906327,100.47305950568666,24.393262688364914,0.5880158979767928,0.5653812873713201
74,31.58960985004264,26.280426602179563,99.58620547105575,24.815518039995258,0.5009967917737498,0.6176626162149987
75,31.593530641710977,26.333279588754063,100.70111770118763,24.91170072843402,0.5020725129931285,0.5523013487961217
76,31.32945270685614,26.475100842702155,100.08110985246725,24.970481733088384,0.5252161508360996,0.559285744542722
77,29.317322096863226,24.152226477734445,101.56557428644923,25.52137604240524,0.5398521426623542,0.560453288773951
78,34.32247203542978,28.31186704007991,103.34919089994641,24.441263401631826,0.5047737861538191,0.6270785120273548
79,33.38954173839171,27.889552582097473,102.01163362814275,24.70370047950937,0.44785644614146997,0.4574286905802613
80,32.898219560319745,27.049558356434098,104.67383776925199,24.645476021947253,0.583993224417635,0.540311875236573
81,32.92556546853845,27.48746442404287,101.41993923122055,24.68528931895796,0.5300227322510419,0.600317415969162
82,29.9818729905803,24.970917417295563,98.74612664051152,25.232504161142565,0.596678595873165,0.6382192563249687
83,32.72508502737409,27.542395230602008,101.77365487506317,24.675144189912924,0.4824654782572018,0.5738769330877431
84,30.225674961193807,25.27150044139913,99.13609297063991,24.82255330672307,0.5344152159554204,0.5069925024381753
85,34.73076232365227,28.573601739260884,106.28647900653709,24.448692284929944,0.5219016112254055,0.591940428478151
86,32.91347411194432,27.47819987834451,100.78258547231638,24.482811905471088,0.45920550049684533,0.5462970657229546
87,35.75375950202631,29.517110487040295,104.85783537174864,24.146958496385167,0.5151294144599785,0.493069439212373
88,32.42198175631903,26.93696362410864,101.12030216391939,24.62900057856427,0.504209374369575,0.4281255660041539
89,35.185410485223926,28.801882144997826,103.58109869912609,24.23115277044491,0.6223977402277182,0.523178654485659
90,35.71692633925284,29.93824297872964,105.57474424734716,24.123253334725106,0.5285925677161708,0.47835915362777653
91,35.07074304400187,29.52197043078208,102.08285825311695,24.330702261017873,0.5111231531634336,0.5093931473814529
92,33.849013010707125,27.918102989354615,105.05281673967498,24.47958239491559,0.5212382917733852,0.5393595946171006
93,35.056541045912226,29.198955815805164,100.45864999272973,24.031531125800196,0.5386145049774332,0.45276558643173787
94,35.89570399332145,30.007525063167105,101.6792173795978,24.025115157216458,0.4259461045413075,0.573093742690498
95,33.58808233765344,28.35199566110383,100.78050236799818,24.556467703365175,0.47639153633430303,0.4860014298346185
96,33.00094764996237,27.635600154150666,101.33129999997348,24.35745366278506,0.48215489701099434,0.5231040481521012
97,32.64904411878782,27.517271493727108,102.64694831981633,24.690264319168993,0.4949428563575321,0.596530139173383
98,32.89599693898735,27.5784687851209,104.8463416125895,24.79304595216122,0.586442650345925,0.5551849851299788
99,33.720426263002565,28.15866456983077,101.09624738999472,24.361776199000158,0.5159354553345827,0.4998134503418059
100,31.35700758021502,26.16478588536234,102.90899935254424,24.92455312099736,0.5705839550461059,0.529625317274087
101,33.186768763364185,28.028689252576193,100.53759140493526,24.601918991108594,0.5360720030017647,0.5823150520323663
102,32.607715713913926,27.337748372889937,99.32947067406732,24.73645270079373,0.4956333204432281,0.5701556146135549
103,31.799798350412928,26.98985029167965,101.23362522268785,24.894745278194826,0.48390765366092875,0.5748669757191613
104,34.88961755509703,29.59751811386707,104.21376352403067,24.388991570014873,0.5023221785137557,0.5148340138733559
105,32.373379850102374,27.09232174955104,98.888009522708,24.51078088585725,0.5321708110301289,0.5084839090792967
106,33.61007813744569,28.539724512030972,101.91633607070246,24.518397979932605,0.4684616715894439,0.5262393731306252
107,34.013661072960346,28.57543169706724,103.32683483149283,24.519511512546543,0.5362035434128322,0.49183557365848496
108,31.23427956430714,26.272635831475135,101.58226879326635,24.971589173989894,0.5580061389628584,0.5734288061205548
109,32.511177194281565,26.930268429185457,103.22536392474106,24.759187424992646,0.5725938412208532,0.5171341112265311
110,33.404729038215756,28.511628960509853,100.54743480640033,24.487688873396394,0.5846125626089207,0.561713734639878
111,29.58846594513508,25.377514369307328,98.32008590406893,25.088942489580642,0.5414226436339008,0.5744017683614082
112,30.667756694979804,25.87767051428608,99.30415528178524,24.93691942395879,0.5055818218988969,0.5349652317500374
113,31.758223897122022,26.31678873166102,103.96638263807013,24.92116865998001,0.6233455251030898,0.6216131554877452
114,28.11735877095331,23.60661419866431,99.45443840819391,25.5471929234761,0.544144502625881,0.5938672449648404
115,32.32163451326994,27.30339738710947,102.05866508172333,24.7891266506127,0.5034543010003665,0.4697603880664932
116,30.5062929535304,25.964523433995087,95.4941436824498,24.927093585371907,0.5264587733479724,0.5741370630464885
117,32.74607738424806,27.56637220131083,101.13464253137498,24.75379546794363,0.5112564214999085,0.5366360100250704
118,30.516451600280064,25.717446253116044,100.89747183868657,25.184624111270903,0.5797565006029904,0.5791708759048758
119,33.07542285887039,27.295722083899165,104.8295265877686,24.610130893245454,0.5824621286938236,0.5362139307040082
120,31.147770311671316,26.24655655763178,101.7824391002437,25.10320143154871,0.5386925605798903,0.5351675548820477
121,32.89781690892285,27.305145059651345,104.59103448971486,24.811271216718588,0.5290915870892855,0.4929863059107915
122,33.045548317554456,27.38813793918512,103.0073702070095,24.61409860420267,0.6039307495837095,0.5344681149521472
123,33.84632619072405,28.18010091453216,104.80556920107662,24.56963697508417,0.49353387936981785,0.6094542556389686
124,32.05932027772862,26.984744877919624,103.68192728063113,24.954615061072467,0.5670612937074683,0.6141903760481439
125,33.37673992005539,27.69807920163523,106.29455051954547,24.701460382414954,0.4552085398740536,0.5330587620287252
126,30.835970469468656,25.736645361059008,102.9002342996366,24.962126567233895,0.5496697553593177,0.47911811785282016
127,32.437693913302134,27.399931937421208,100.65541838477378,24.809866603700144,0.4833874989944155,0.5457161059627237
128,34.93016027291671,29.02391711778473,108.11330774952198,24.48703792871814,0.5346997029347332,0.6097360471353848
129,33.56005618775792,28.154318311725262,99.88596028025574,24.470543067634427,0.5608357628479828,0.5743306138546151
130,31.853487313316812,26.74482098875611,102.3928101867388,24.974479072881294,0.5385032797404202,0.5061820714278628
131,32.140920661409474,27.364987500614458,102.871929162268,24.960248007964516,0.6568313679287181,0.6017758918100614
132,33.17663577240015,27.59364787252066,102.93281944554917,24.656429630587184,0.44656546115507717,0.5670484860431337
133,33.527119720761796,28.038060420978933,105.99080814469153,24.731792726991227,0.5044117244018401,0.5883544487883641
134,32.77537881895534,27.46136432443285,102.26390196116665,24.71181970840026,0.6185115272209513,0.5693226191371243
135,34.27397037417445,28.865048370430607,101.03768090352244,24.339162327681827,0.6088177527663333,0.5553435922436581
136,33.51141279473007,27.94105017956342,100.86807829924541,24.42684727688678,0.5485823550237285,0.5505287827842803
137,33.10106855898459,27.771888995444108,100.37389113418914,24.578495264357986,0.5288372006542204,0.5063187844950835
138,32.99531923819661,27.682349526050785,102.44313467216412,24.81254890006717,0.48888984695823773,0.5774734955509451
139,34.70782641840508,29.139699441849746,106.73403171370043,24.564468238041233,0.5254927611631133,0.5274761012497247
140,34.49128127945393,28.852879090309756,102.83101946148975,24.36672528384943,0.5208261516127732,0.5100122036386404
141,32.57727974890135,27.089525137298388,105.38641524522113,24.78926459766168,0.4865566005752199,0.5006778732675112
142,33.80878312317202,28.213099513598902,104.04188119542016,24.533446886261657,0.5746561236736691,0.5213824020598714
143,30.99040489454685,25.97544591310878,103.60106197266057,25.208733189308084,0.5596546889280447,0.5880875040057446
144,32.10486777493774,26.759241773121836,105.40638274791144,24.90937301490802,0.5542441428928953,0.5363931314331764
145,31.88376506381482,27.218918543486264,100.39947493672864,24.683147813735005,0.5964964180507967,0.5442708295687737
146,32.216282751575065,26.8542814714084,100.90167937408319,24.66553332511409,0.5587135347498392,0.5561723528167151
147,33.57183421448558,28.794696592992757,102.00874979121195,24.52799135910719,0.49943418345800494,0.529186561781
148,33.33457008185273,28.07070866225206,100.8153593656776,24.565715716821057,0.4216591795500558,0.5129146745741603
149,31.287127767308206,26.3069878220192,100.85302482458223,25.074830403379877,0.5673224523371999,0.6299457256267168
150,30.832205565893634,26.280030678377624,104.54521564565988,25.346147990956414,0.6609298005524544,0.575710448895059
151,30.66272850584205,26.20566132359754,104.25743430185182,25.49562322069966,0.5848461905844007,0.64276206525006
152,31.831627910704768,27.021526281763688,104.32535345926934,25.001104969963453,0.5244333396773974,0.4942447736168473
153,29.748246371125052,24.939147258472445,104.03331208715123,25.529624335889018,0.5683611545846375,0.4843509225467397
154,32.06735498878769,27.16841371357111,101.7095073758627,24.95941188742438,0.5070617549132308,0.5830837119303506
155,32.50553155638487,27.64920185755063,103.38757001770284,24.840474765061234,0.6340749111523327,0.6129894159427139
156,31.981969620519706,26.7774346898232,103.98730375928716,24.93179514642962,0.5664531138907171,0.4892555379091009
157,34.29357228182963,29.099129821521128,104.8887663749585,24.564418220314554,0.48457419788770584,0.5870503326598198
158,32.58442774748358,27.248422905085135,102.98522189702997,24.828032430754526,0.586322173035259,0.5786818213926931
159,31.033874850617824,26.361443080536233,101.0939187576505,25.10463087262783,0.5334070081592307,0.5597712408906731
160,31.275670193416037,26.373407763821227,100.41546639347156,24.95967996900607,0.5107393262478465,0.6061406121690847
161,33.45372171710357,28.601891722456287,101.61097892536748,24.54274772930419,0.5685930399829237,0.5637428222092545
162,32.64258950896747,27.950375916558244,102.23843685589367,24.821218496584233,0.5369178207328472,0.5210788077207225
163,33.453242514863085,28.453677705853394,101.73371842997723,24.435221684676502,0.4836437087172684,0.4814723711543934
164,32.534585443521145,27.433133255548825,99.9308870929665,24.6116949444558,0.5601980400635146,0.5218424597450743
165,32.40924432309869,27.12748468506049,103.86225994879375,25.07514999725801,0.5415926724147515,0.48859215624752605
166,32.51581886546748,27.7000560988038,104.73708078426021,24.783857541512422,0.5338793470066676,0.46210223343970314
167,32.76997033983832,27.8340442764097,101.86838656924388,24.725628584164703,0.6156742546264641,0.5803678017191922
168,33.06419347049759,27.96961535425149,106.34612275794544,24.922960682543426,0.6432333899891534,0.4696530187002364
169,35.06144942848786,29.425454406763507,106.99646511699821,24.483439067010206,0.5918745565193577,0.5431274365153672
170,35.45867173683877,29.838049390726006,108.51456243366584,24.434461159602105,0.595076173746491,0.4635749381762195
171,34.872935250102664,29.678881639837066,108.71921404952722,24.46783169642846,0.6200972961371144,0.4673630772389409
172,32.66812463911033,27.57727046386506,100.71463856969811,24.650098089750475,0.49383542816425463,0.5587883086819248
173,31.24530693251724,26.878092407067786,103.65680268714581,24.964234915888348,0.6061197632320136,0.46973763844069993
174,35.80562157990661,30.33406068966656,106.52786839741312,24.246531725776705,0.5065299238092207,0.549218854639355
175,33.8454084349047,28.473653723350495,104.75836468894859,24.577858360680334,0.6166913551491201,0.46342601090390273
176,33.24536138242912,28.188244174758395,101.86853816829974,24.57422239125726,0.5991729755265542,0.5580596967637339
177,35.350297329881435,30.012715062122417,106.34280807576035,24.317822082980367,0.5778223097565625,0.44971165876162617
178,33.701497334875775,28.43897774538571,106.32253611574833,24.545895597620056,0.4364227280485567,0.579871951456566
179,33.357762253555734,28.347203219021257,99.0936302096481,24.459714745204504,0.5797908372193289,0.4926993259650379
180,34.69687315451164,29.108797571263267,104.91893394150033,24.475714145496845,0.5293516606213057,0.5162090878181514
181,33.19381289629785,28.022642098604578,102.65455485784211,24.508513619640386,0.6188093978041002,0.40088631857184576
182,36.30656865167329,30.877295951685404,107.72981631220428,24.18251009728361,0.42746752493865775,0.5597485684462125
183,33.52183898907517,28.536626539668553,105.70801072580888,24.709295202934126,0.5270980236121251,0.6350529338941143
184,34.825460283985144,29.391642655679366,102.02843512819408,24.321800302187054,0.5732111907568045,0.5780677383118861
185,34.770870955796866,29.033987948227836,107.00058662388756,24.556945736875974,0.38892033236829415,0.5279732841425461
186,32.01477358722302,27.143308477563178,102.86090109129566,24.902215443216086,0.5108781604448588,0.5936497374442439
187,32.31017793179802,27.467420773567248,100.20523741299037,24.65064414194963,0.6205473420639698,0.5107693637242152
188,35.13628170341588,29.25961603289174,105.76339784950986,24.213225975741842,0.5024427395207899,0.5432830268945368
189,31.93102176556622,27.03794318037964,101.68569571593349,24.893183376449283,0.5384458305551352,0.5161495631298649
190,33.38598399293359,28.228005128826737,104.5060124772205,24.663984164822168,0.49239704592903655,0.568780822233006
191,32.57332132811387,27.25883766896826,103.36793281548708,24.819795288626576,0.5216631578934112,0.4996942265346922
192,33.37631162930928,27.998951602076495,105.22971415016099,24.559713317000323,0.5811325935981057,0.5503886469052065
193,32.4197000461096,27.369904506662213,106.00757002284563,24.85375492503002,0.5601708548232643,0.4812428980168985
194,32.626241421772455,27.226676916509735,105.84807913594757,24.87223368908316,0.5409177484485498,0.5411215524733191
195,31.36158564292782,26.30739530305366,105.11918205831512,25.145995908433225,0.5654631024105284,0.5220764413421889
196,31.704561826589245,26.834460579563004,102.27496276120509,24.872810227977155,0.5058418362960179,0.5189487156172353
197,32.87770387277407,27.394055867355817,103.23579938259766,24.639991132627287,0.4696247249997222,0.6146113229694409
198,30.356362754158887,26.05668527772303,99.43577152086966,25.072259638011985,0.5731238710874705,0.612378845442189
199,32.341626032751854,27.267488758205918,104.43760572961196,24.774637458630252,0.5338599490566339,0.5566565407794581
200,30.583877316146843,25.556747036999095,104.26303588437541,25.240348546813728,0.6660620404461527,0.5751149783846561
201,32.144100636939456,27.218684725609368,107.55905359400873,25.09238718539802,0.6123734101514526,0.5220222706496249
202,32.506379575295725,27.32636162893595,103.91102081734238,24.864867627541148,0.6300717046491792,0.5451358685353136
203,32.36918312060423,27.118300306435124,105.30615104335514,24.973774225597186,0.518550978125152,0.5763160290160301
204,32.015479706782465,27.607333159237047,98.02242682310663,24.68177809568243,0.5813321148091095,0.4891604849562107
205,31.284432276680263,26.01595930468807,102.33724514861701,24.93195623244001,0.6389164272097111,0.5519699593519612
206,32.29908699433785,26.9873785862794,104.22184752303069,24.756227011650864,0.5477890665824867,0.5410650325606045
207,32.858112499349765,27.754579561723364,103.21773402172488,24.73770918605886,0.5468371362283454,0.545768132807363
208,34.66157727617457,29.711616239524265,100.97443260057388,24.322997520565078,0.5572096250593639,0.5347105970568745
209,32.813945338199424,27.73827905262301,102.21887451821911,24.5612269205488,0.5364384956149602,0.44468010054196677
210,32.834066674801726,27.626899249649515,104.87216616374525,24.708098598090878,0.6311917501673158,0.5380669163638679
211,35.33973272627186,29.753155291700512,104.63532513016646,24.297309270098694,0.47585618806365987,0.5347617656535015
212,31.337772095934653,26.081184918119202,103.34040935875855,25.016532099984584,0.5897669725622474,0.6012442088043167
213,32.06496523961856,27.33494055451283,98.10281913781326,24.5473960486237,0.5110325246629664,0.5531983466066168
214,34.37308053966223,28.598762464927933,106.03880055607296,24.43525831601575,0.5399317051136409,0.5242658625172021
215,32.31292061461315,27.172054346179834,104.68673071056571,24.99008068843121,0.6432273138192035,0.49916726599685934
216,34.13653504586993,28.652805504396934,103.23511742638749,24.484560565145244,0.5998278758313099,0.464986237032167
217,30.796910228877252,26.291871965288866,99.49377872054674,25.042720250396776,0.5556782398172998,0.6105196198587133
218,31.188567760489946,26.519367939910108,100.64304397150724,25.009976021355737,0.5559289693297667,0.575179283427699
219,33.15091923673616,27.98883998775949,98.80385479301329,24.3740441262044,0.4352193889350388,0.59430230707987
220,29.835522593132772,25.335361924776958,96.74459018785514,25.04209846644795,0.5676101224369171,0.5250559672555043
221,31.163765575490096,26.49247506991488,100.73141677301346,25.005494678646674,0.6063021518073994,0.5542908551694897
222,31.225998649389854,26.544515585716635,100.06916452756259,24.92026068501342,0.5543594614759156,0.5244515459540656
223,33.18938907401509,28.40089845771078,99.79977424972533,24.45262033215113,0.5126270737035515,0.5082494960062081
224,31.87285995481171,26.690755045136207,97.63625705413105,24.5887516359625,0.5486419113181147,0.5036436543903545
225,33.68367860492202,28.826812999756267,100.69758429703501,24.3487801760254,0.5532726685568343,0.5024390781409871
226,31.274381379503396,26.296622800246876,98.78482500282198,24.65318875873596,0.47492248310204643,0.5301387345025286
227,31.553902231799803,26.588527603650878,100.15535632957972,24.591630765590274,0.5736219295045714,0.48724676386693094
228,33.21258444493586,28.44522892760673,97.19909454076875,24.165019365753675,0.535835075725841,0.49264142979999337
229,31.075577652156188,26.208740305349618,97.76349192343501,24.789042431392897,0.5092774497330042,0.6085603268192147
230,32.21086607205847,26.86316100068793,99.59130069471856,24.54541237575502,0.4618707063602521,0.5085583003291595
231,33.54725503491113,28.14675125162231,99.75714167521168,24.41365922166537,0.5918224934336888,0.4945287940245412
232,34.571917940847,29.162544233682137,96.90621265067722,23.98520429440933,0.501144699846046,0.4673271955255816
233,35.49675260549062,30.163086110477806,99.76154208895416,24.00502012541636,0.44252911704015624,0.47941563041214635
234,33.30530030223775,28.375321426298427,97.14374447588663,24.377209882215517,0.5549548602866206,0.49234890152047533
235,31.694679044136528,26.837326821758825,98.20669592366556,24.62174421300044,0.582488706836835,0.4705849170052681
236,32.01383253906659,27.158670742377335,94.70918898121943,24.38871108451888,0.49878828671229736,0.522284657751649
237,35.23456051977229,30.071186686416667,100.19522123542218,24.095405907020393,0.5969299859396116,0.41714511769857093
238,32.650389319119846,28.220260250597896,96.17834086289066,24.295649439761682,0.5515356484931486,0.4708071892924058
239,30.577517554223206,26.19900600397296,94.39363231878751,24.811118471366985,0.3986923797039544,0.544892698276283
240,34.27692652058303,29.13383020812495,95.57725204747788,23.97820611580407,0.5566566439197734,0.45947206768862914
241,31.53089986999576,26.583633177084188,96.77917006746047,24.79208898019241,0.5410075083456836,0.5292409088528853
242,32.46384124293411,27.471444785676898,99.02870900915995,24.44542455600267,0.4598387875711807,0.5597156304249947
243,31.347426677691193,26.46839611771925,98.034711416834,24.770993763715023,0.5280362590547615,0.47716560159822174
244,33.69743755325487,28.246157581637053,101.54440102452334,24.345968943530874,0.5359042298169382,0.5077522899031737
245,34.28196918090085,28.966893215385316,99.29764485119254,24.253951692343012,0.5196932443449449,0.49996772399032896
246,29.605311080788468,25.406307667880803,95.18529597975869,25.090825679334916,0.5099961345335896,0.497871219102705
247,30.486275786723418,26.05103973221019,94.08146737800898,24.93139417660507,0.5263982944802806,0.5314756959693153
248,29.99186052610187,25.495464325371387,93.55952740517036,24.70296850356841,0.5410436006067394,0.492424080543046
249,33.78214712207251,28.248164478317914,102.54568709270521,24.42133820654189,0.46767833740185016,0.5323122529834193
250,32.33737116275186,26.99887516705977,98.79838229188314,24.600380411701735,0.45901478558215303,0.5046326659333925
251,31.866363142361486,26.789323025897335,97.49693555301232,24.660333199874216,0.5811452836841169,0.5001935561372571
252,32.87199937502985,27.398627960220598,98.73177803970364,24.468703366337696,0.4665050161421703,0.6039502604904228
253,31.848441280100243,26.809946856281204,99.90671633008805,24.67128334826134,0.5512224172541897,0.4833037252565927
254,32.83311063534692,27.888451235310907,100.92291844091281,24.644112101602147,0.5344592235038438,0.44067020428700604
255,32.643561278739504,27.256641508631436,100.05144603150754,24.709148435933386,0.5563850304451214,0.5200876956150164
256,31.4010152318465,26.471831137583763,99.29045238365805,24.90650034804799,0.5084773123019183,0.5309520437884324
257,31.769579854990358,26.872704594054653,100.87603878161268,24.782604938966024,0.6135838643222267,0.5070849834309187
258,33.2102876461258,27.83055475208494,101.57049559488925,24.552156837970358,0.5604506512212795,0.5686536330399298
259,31.032708093498755,26.793929940936025,95.30152061716785,24.80407030830682,0.4925613955100771,0.45669407832309566
260,34.02918332991335,28.640715972012224,100.78755673916683,24.31127831150679,0.5348965993611373,0.4992032508709478
261,32.82873742067067,28.013187341098206,99.7810556576999,24.619013779702623,0.5501780909098195,0.5042525271024624
262,31.967911196827156,26.99768308471618,99.89673169943363,24.881732269585097,0.6114549218982877,0.514434510476851
263,32.24203782497028,27.343748412994444,101.31092570782634,24.86668630176337,0.534964465945181,0.5101171761230449
264,32.76317292640195,28.031736181263874,100.23288138675872,24.49075725765895,0.5395629109781181,0.46255367706468237
265,31.950227487444455,27.032357587489564,101.17849653704357,24.81755613140931,0.5938722532388927,0.5037809334772299
266,31.022091167831125,26.650494019574207,99.00021721198756,24.910871940829203,0.5747783818269097,0.5266898457581836
267,32.93529165067517,28.38229511780738,96.24549966531504,24.47284889510365,0.5585092086962551,0.5180834176404514
268,31.11220186189194,26.276009778982647,98.98660971801016,24.73432975281305,0.5576556939690028,0.5224545222608179
269,34.119844972114066,28.863166891409026,104.315832899753,24.5543319790386,0.6034693757740073,0.46990279877553204
270,31.531057748251634,26.875473001761602,95.65247129996487,24.728579687745103,0.5521952242923995,0.5043720073121747
271,32.99365444711154,27.77472010486326,102.61945257151001,24.708867476140167,0.5784070967142093,0.558164577624044
272,32.41397271068895,27.44168679054787,100.98385373772123,24.711399201721523,0.46383992599399315,0.6302136082940443
273,30.70963754592602,26.316883233629195,98.8159650152719,24.86790565815464,0.5160105334696319,0.5144568484504188
274,32.88158595535637,27.598066187076434,100.05502138821524,24.350922501143447,0.58645138786594,0.5194676284764342
275,31.6356511168327,26.609847486108997,99.41153394124814,24.836627486670366,0.49011278080180026,0.5625105222096545
276,33.690737907757345,28.387478689988516,101.49576112814256,24.476894560451345,0.5635394198278249,0.509873311769019
277,34.38629295485606,28.979487761569114,98.73543597164017,24.249749514877294,0.47948792522006667,0.5298143642172893
278,31.67429008858286,26.874248281832486,101.51130512346654,25.03571748838512,0.5564415658489742,0.5745918164677091
279,33.766712872912905,28.200037362029317,103.35073118368456,24.478776783973967,0.49195812425727353,0.5622103746891555
280,30.56731810307479,26.34621698859807,98.41331622097698,25.056877145601028,0.5443688845711765,0.6242670441263911
281,30.357145546586064,25.526992800401942,98.20832502599146,24.935752468101487,0.5766333491783311,0.5817045220236242
282,32.19928101661754,27.171509966006433,100.87144591352569,24.67584920702283,0.5934871402470371,0.4918669754061017
283,33.039057468237125,28.004281634662277,101.78360028119396,24.595417903231507,0.5781786671350446,0.5319777529198397
284,32.96709904808477,28.496393023386563,101.84972458429259,24.71280681453827,0.5802046448713499,0.616217494313575
285,31.341073272488842,27.301774494936474,96.90802512744244,24.783963678686955,0.4925297387367074,0.5012398785578664
286,34.000215582708805,28.861983864491112,101.49921464260491,24.255398055208484,0.5900659656503033,0.49150253705252245
287,34.620240694427466,29.307938503575908,102.85137728111178,24.353828469437317,0.4719171438022106,0.5647827393494295
288,32.527200840801946,27.240230168644977,103.35728400522866,24.769102693607007,0.6391305541680441,0.47567020757722017
289,33.34113864455671,28.204926368018768,102.12262731073274,24.666232200944684,0.6425481548715309,0.522790596538572
290,33.70099974663656,28.25800131920463,105.25553699699574,24.606751444924015,0.5399459586562568,0.5454824158938903
291,32.56779743225405,27.929383940494652,101.91089748335523,24.824570216787038,0.6490374535375553,0.5375972185742671
292,30.627681445753275,25.91037113356523,98.4627192468094,25.11790939136961,0.5434200029201884,0.592009766881342
293,30.848297674110846,26.171857390289627,99.1857701811706,24.937528293688757,0.6323774520339881,0.4917174720589508
294,30.631660446853015,26.04714173977201,97.56706245151118,25.036204062718966,0.5904157495770606,0.5529846063828209
295,30.500669892921977,26.142375271465784,96.69857855003394,25.032092386943624,0.47736783631439816,0.6162143322868379
296,30.591699042202148,26.53265874566496,97.21127644687148,24.988252029287537,0.6601162439648866,0.5380126508852776
297,33.436626907436725,27.8592063902494,107.21171801814448,24.61316522382265,0.49975923173981723,0.6308192264654956
298,31.88176621343361,27.397470643003256,97.95665601789513,24.73971793060168,0.41368058328516355,0.4954401484747145
299,34.0452252396587,28.920456148678596,101.79343417026547,24.377128674164283,0.5835457536688742,0.5147605298255695
300,33.29376628096812,28.837909454359266,94.53681937620495,24.29210601081611,0.6332439643895956,0.4609412062083055
301,33.11928680567225,28.16202725804122,100.29678329517657,24.506214266816883,0.5443438610493195,0.46687846824725326
302,32.33469543080899,27.309099070630396,103.70100395715674,24.877177475163393,0.575037199917971,0.5852995544340728
303,35.55985360316408,30.243920912715776,101.62664093963014,24.12832613639168,0.5608550958100288,0.4798028953556492
304,33.02740850778106,27.72190785374479,101.74773754632692,24.638130735828714,0.5457859771144573,0.5584216756933154
305,32.41290351270758,28.070764301433332,101.93674847863848,24.857621089185535,0.4468854775302989,0.591871557923516
306,33.62526142026538,28.68479711003114,103.23513896911811,24.64158514872268,0.5960152099065912,0.5664593953830743
307,32.8654036520467,27.999377512516062,101.7786897835563,24.632667677196817,0.4312626670784111,0.6019920252468103
308,31.99892954689448,26.99953780435455,99.30508728492266,24.88260334147999,0.544351950345373,0.5015637676227731
309,32.10784934961616,27.21272400400344,99.25582281639385,24.77059885938803,0.6405288345051776,0.5164272618416139
310,32.506825721585855,27.716813790626755,98.70591444119613,24.60598877669356,0.5862903143271839,0.5086112342006667
311,32.315353378199546,27.562992039615988,98.58063841601748,24.60780777938951,0.5310077867264417,0.45002126139040816
312,33.864905880971406,28.64364463116415,105.16959550806084,24.631800255073898,0.6163744733803526,0.5708244129548388
313,34.1215466968289,29.038941825355337,106.05400775181829,24.628377159789665,0.5350887212246751,0.48844020781366065
314,32.8370146697804,28.192571325090537,102.15686731464645,24.62059409990856,0.6626831300877517,0.5157399195491863
315,32.31889285414502,27.61641833886509,96.91550919864176,24.51688616042849,0.6013878863288941,0.49002673815811326
316,32.8307720161665,28.07920006121264,101.81941484316829,24.702304111242814,0.6399154584808051,0.46076226956364186
317,35.19807626373232,29.834014936950677,102.45309085422878,24.199711936429686,0.577340041045186,0.5287721336672199
318,34.96968579046005,29.67619542120047,100.12713202718605,24.17150107445016,0.554538504549769,0.48011081198731276
319,31.74163231233847,26.66144303286544,102.16259272680207,25.010305946354883,0.6196284017576035,0.4845780049643984
320,33.17555323738602,28.28605763187029,101.33128797145896,24.696141136198985,0.5376330672246281,0.5077654803208095
321,31.836674825899266,27.339343710653516,99.0976908554087,24.7800632065719,0.5786056408286784,0.5493601374357436
322,32.333690052416436,27.39247683056862,102.94908414159212,24.88448019830109,0.5541861053260496,0.5771435588420354
323,33.24504395030608,28.08628515186717,100.62523625712456,24.636692771712777,0.5186111367759276,0.6043329219953775
324,31.361849736370466,26.677307136835225,97.886764124063,24.872680472073384,0.654749406150625,0.47880551222846124
325,36.40561623937313,30.718592231262072,103.16561858269665,24.05634032825344,0.5068046803906039,0.5706387410868785
326,32.76003423295931,28.10393830780501,99.93904462601658,24.618109909554846,0.665934621867298,0.5021675483846273
327,31.166419112963393,26.30500624699783,99.6575686374873,24.9521265181107,0.5404116681535234,0.5278154964190233
328,31.94281250484823,26.97738893756603,103.0791223043216,24.88641667832521,0.6111901139025198,0.5453725904478042
329,31.431381950206315,27.157219086195656,102.38606739723227,25.038794511077448,0.6579121803187176,0.5718826916171426
330,29.046316251653415,24.465861249781494,100.79775474945362,25.493987814204715,0.5925379943434377,0.4814073767158893
331,32.87300764379714,27.909450078293972,105.24865410017775,24.856721436422895,0.5009822652896961,0.46126635634298213
332,32.873388285236366,28.003246531732444,106.62826736766213,24.903165901764428,0.6759705121669828,0.4890827580225404
333,31.51110014901112,27.202491831409517,97.98462901057317,24.849993156045954,0.5179553109488773,0.501441329213071
334,33.187500000840785,28.499189215318143,102.29767514590206,24.646697775603247,0.6106858149358352,0.41551314520648863
335,35.245749499296664,30.03816729366378,100.70208859825463,24.118454852212533,0.4587683354885344,0.523876289017733
336,31.184552776827612,26.30737101170456,99.00222374854613,24.56846725188499,0.5673202045885638,0.5416006324813109
337,31.32185633166889,26.503299494137163,97.96243330523959,24.862834219975166,0.5277719541096639,0.4313071501258946
338,33.995383102904036,28.51463988794824,104.4996595921978,24.39948616388233,0.517677291238524,0.49673070333307445
339,33.77440921065944,28.499919823013645,99.59500271912836,24.375338399315496,0.5545732696792416,0.5308133516274999
340,32.78486195212896,27.931384627546546,96.9330722880162,24.502607305005906,0.5270909862482714,0.47181796358554184
341,31.880946543947843,26.846411763660527,98.77704130644939,24.795482295669817,0.5520772125726372,0.5130391714947422
342,33.983998354189474,28.863438293223126,98.26536262101544,24.367459922104423,0.4925186246443617,0.46221377827934573
343,31.85274430145866,26.73601235004487,101.29616517179785,24.880454574704498,0.6185575591480934,0.4738222016431793
344,33.87845466998874,28.68030523236565,103.97559900553739,24.712692504891912,0.57690581221238,0.5773722617305431
345,32.490262113323475,27.37502173710676,103.8366178332138,24.979758261279535,0.4950567179389974,0.5016195044034796
346,32.32127080803725,27.299298370934075,100.69789744105009,24.826385552811182,0.5221195723719121,0.5592799911518845
347,33.56595826858673,27.872298116202884,96.08762254231097,24.270469847596235,0.5693223442273796,0.4964101349214989
348,31.22968048001292,26.169111039014375,98.99119330813973,24.934070913296,0.657185580162676,0.44879254646977607
349,32.718465350453094,27.64641956869387,96.98825105123547,24.492339570328173,0.6156079951295395,0.5051837254885557
350,32.602728435097816,27.63616395644544,98.21953860349703,24.657215079502425,0.6015964610412314,0.4213791487565598
351,31.844056254554417,26.871051174820632,98.08830607123329,24.870413153076225,0.5908297119724917,0.48710639289570784
352,34.14255114307567,28.49437027834155,100.8057162602831,24.327135406085446,0.5404821961212809,0.49696297537153183
353,33.806937383292905,28.560344549843055,100.53685480942016,24.558389852107037,0.7049847405137613,0.4439328526666433
354,30.26698418610178,25.780317309996633,97.54312859279793,25.27095214754787,0.5765545919972669,0.5291608803282678
355,31.800278683513024,26.819273195138646,98.41176319931574,24.81244445655704,0.5850150896220385,0.5177944868947149
356,33.0822504266269,28.076513156426127,100.47754559552787,24.622300220917356,0.5638043635319007,0.4792520536910607
357,32.528490366091305,27.766923592942785,92.38976467044279,24.3822960316732,0.5394016821195758,0.49737391275336024
358,33.992210286939574,28.40913490685883,100.97259637488511,24.512770777622258,0.5484171984814675,0.511739284016097
359,35.423011421845786,29.90230553748004,99.71658791059191,24.075784614366444,0.5662962641087995,0.43159158136370346
360,32.230363332759865,27.137568903176696,98.09707160227147,24.645560758181404,0.6198403564387702,0.4567009075421596
361,32.81354320820479,27.675157288692898,98.41425072030871,24.647532711671023,0.6205878092268261,0.5114272533368892
362,32.95102913137673,27.623247155343176,100.97338349230961,24.621359773334785,0.5788829510476421,0.4962665943180427
363,31.5133772520581,26.763212704428064,97.8287196248324,24.8698684034229,0.5915422028561672,0.4775778365952774
364,32.40136811668911,27.359292035810295,96.66809746202581,24.57957341940482,0.5705178018929616,0.532729559539535
365,34.7799251055525,29.345598686829327,100.9835549162685,24.23735231829777,0.6336893606991054,0.5654081687491986
366,34.453610403336874,28.75357975206844,103.61967899698857,24.491123785258093,0.5381522024859501,0.46135786122799866
367,33.82354070653079,28.245031759879314,101.25065214265965,24.547762260904335,0.5995148954857699,0.5635555196134088
368,33.155444461766315,28.103964896151904,98.0799705474476,24.52239206407146,0.5639281467900059,0.5154821355680311
369,33.007198172005204,27.728427580391287,99.64037997974064,24.523771522018517,0.571322741539264,0.522487162850489
370,33.296455627584145,28.01455432586393,100.77812924337977,24.51320675222313,0.5437419855303731,0.479891894773912
371,33.54086353123813,28.172051393138883,99.90371398510894,24.48549720080147,0.6485387274720797,0.49200151984557045
372,31.80801607475556,26.75986289092885,99.03997918530857,24.800808334587746,0.5935869749873292,0.4509180847149704
373,32.21942748734397,27.418550883515035,100.17922043889088,24.902279979716,0.598098015153966,0.5477021905202939
374,32.95134006154673,27.791061903154304,99.01729676388607,24.578600280792863,0.633155663283825,0.4916927009599087
375,31.87223298977727,26.785191806824837,100.04444151107016,24.88739386813469,0.6206869107601239,0.4718358172744784
376,31.781041629392337,26.88986756503452,98.21144240422672,24.883284350498407,0.6098047896688549,0.5208133248955332
377,32.05835754614439,27.136883735666643,98.05605738621686,24.834509670651457,0.6136586692849132,0.444312537999698
378,33.78026229168627,28.40903964853683,99.30463132204278,24.47352370075711,0.5241556830778459,0.5531507580702445
379,31.652363746305504,26.596603921556017,99.31313669969013,24.867248648271257,0.5245321980794759,0.4965103604821188
380,31.315078328223482,26.13316240334196,99.08421683812526,24.91867807993949,0.6087323491457772,0.6124314056667544
381,32.91638364507824,27.692886882057948,99.74999331973858,24.73887292391988,0.556862623131117,0.5276694875807575
382,32.91603532367973,27.907891866432628,99.40660388027256,24.713542101562922,0.5254794352904555,0.45771758077781677
383,32.959558140701404,27.813679072202184,98.36636490966144,24.525744473088984,0.5399764740811118,0.6064386562764771
384,32.71689909811171,27.49647195814336,100.26677833451886,24.661441792241515,0.6323650549369395,0.5154609033944234
385,33.415671554268464,28.064989457812928,100.56262804891078,24.54339630239361,0.6095537885291877,0.46121323566957323
386,31.48697025709859,26.682559827902548,97.96152582999441,24.96947935706605,0.5964954211595633,0.5092813042505712
387,35.13695033835419,29.688552118733856,104.32552940806467,24.389988922996228,0.5839136252243217,0.520141588137777
388,32.28849549216589,27.21868516511569,102.2954838264142,24.898835710093444,0.4788040110754328,0.5823039957588577
389,30.02806859825755,25.42292345361018,94.92937616556131,25.065479363032992,0.556800089570792,0.5294695312078038
390,36.708601319789466,30.36142598304787,102.5437971043453,23.87453986813473,0.587689539844215,0.4889757343801033
391,33.7507583429205,28.22204547744449,102.44648779002608,24.63548511962164,0.6155710605147721,0.5014456234658503
392,35.87176960236663,30.09149524001364,103.54886491802239,24.213650074797908,0.668001058387616,0.49436768607439047
393,31.673818638173724,27.062797385343234,95.72923011576593,24.75793793785744,0.6043945181524422,0.4418688953146355
394,32.48164416202746,27.330971554709237,98.19426102352288,24.75347674599087,0.6084091054552779,0.46256467657931394
395,32.48789805197287,27.46474622728091,97.55644886171801,24.664827985806966,0.5750851329014418,0.522977526962723
396,32.95333727770587,27.76233324262113,102.62366723487459,24.80649637049279,0.6176258716704652,0.555682722189301
397,32.54660019613553,27.475301092975375,99.71804907645897,24.650116308038854,0.5100784908176696,0.5196499839023105
398,31.839868574205486,26.542450484121517,103.6305316952184,24.932540520887414,0.6293670799943044,0.5249331417285963
399,32.784555870136046,27.72931428336722,101.53458979967752,24.72576899997702,0.5580202007154169,0.450593931509343
400,33.10838178962366,27.908937049840713,103.1910783941991,24.88256894650942,0.5830667987565342,0.5243185936189299
401,33.53758045651442,28.162884706493024,99.70104466980254,24.5001331401916,0.6005927894032679,0.5007948340332863
402,33.415098347562434,28.152975042471013,96.68667074680944,24.413269031037114,0.5537604552354303,0.46644252436252864
403,36.47985027649536,30.415357767887972,103.79295704817085,24.190083029971245,0.559331890059481,0.4546577688124221
404,33.421914678940624,27.77931443602531,98.00161812845323,24.448984934786736,0.5875147092494238,0.5617155539815729
405,34.05196090536125,28.345424910944644,99.36925796037295,24.419714547553966,0.5748366432219502,0.5080894234324661
406,33.80096759006162,27.890046139120255,98.38403930574732,24.269001862281893,0.6743908589347372,0.41709193021391083
407,32.087299411067534,27.01080716910905,99.5192421678474,24.877852101300604,0.5268896315575002,0.46819046069747605
408,33.23578521287364,27.51394269858845,99.623479446228,24.59697208919902,0.5972063775372084,0.4879333803524478
409,33.68877786792397,28.11108417558769,98.1492228953536,24.413982890533863,0.6175185237727399,0.5073094996802611
410,32.04757287728629,27.007157789932354,100.39861657797647,24.877188068717924,0.5174084062410604,0.5152212174933187
411,36.899302387989366,30.85849098301694,101.0078040648819,23.913216975322605,0.5621207224900032,0.546773045802435
412,33.79832358901704,28.57141475343714,99.30246807925903,24.449653310826562,0.5489966596604268,0.5529922898673383
413,32.80839389423322,27.797455586798204,100.25592625612961,24.634862295008194,0.6715440222022352,0.45763175050482136
414,33.31848851161852,27.97698136910656,98.55227337340008,24.51486714688521,0.6127816399282553,0.47852230711791627
415,33.41148257014535,27.997153127992085,98.4867440895133,24.6617949966384,0.5882450232315084,0.4938206505085641
416,34.30852701723489,28.73051183422306,101.54312891999773,24.47418945475259,0.5664201406176599,0.4449969596675811
417,33.78201223872929,28.29881938201259,98.36001724081375,24.357476414014148,0.5299968616902324,0.5284636421956767
418,32.85420840454274,27.247763344763843,102.2157071688663,24.6645382191871,0.6323733542557558,0.620252405309746
419,33.44572975178732,28.038297375804227,98.74555925773407,24.494258628880257,0.6432191692588467,0.6017918508185215
420,34.767560599969244,29.1119601613013,101.62649466095021,24.45337630156739,0.6232138734539259,0.5177781245892408
421,32.63126589842442,27.734520725795075,100.05725709027584,24.693764428435315,0.5535947217371847,0.5375660811151273
422,32.717252110993044,27.550506620568402,99.81444398026431,24.68435075804286,0.6644584009747788,0.5087749547671347
423,33.58000809293437,28.35691612049468,98.7538528774739,24.456287266817853,0.554445451460953,0.532609361419296
424,35.577620101546046,29.4494269461517,103.12874102990463,24.166937393636747,0.5818560368480843,0.5856078249608042
425,34.44617820877759,28.702617515285688,101.74031108958081,24.363151483593306,0.6515715269304102,0.506943476971721
426,33.61516114815993,28.317552422131396,100.40452125565953,24.462910947798004,0.5817600489715347,0.5369915765637744
427,33.04473340109243,27.864501004389243,100.84196389135259,24.632223337266684,0.651414585406868,0.5814670091428105
428,33.312099241538284,27.619053800699664,101.76032655238117,24.670061414237832,0.5712737353312277,0.6114193297703179
429,33.68617773895091,28.243246622597894,102.5320083945165,24.540743734398184,0.610707554416231,0.49154751749318415
430,30.291890857709515,25.56933025235173,96.6995287635061,25.04151474090587,0.6433150472814058,0.5930238342856945
431,31.85439550771053,26.91548908779159,98.94431105781094,24.851135536543204,0.5876511762265376,0.5368453331360682
432,33.16978225809298,27.780868140897912,100.46488816581686,24.711154406494398,0.552030570329267,0.48719893507241285
433,30.62089899164012,25.875606912434634,96.69471082382408,25.03819346398353,0.5234784660950754,0.5435169258821512
434,33.83781604550506,28.537885721264516,99.78416127400784,24.526791910076252,0.5322870493356541,0.5137132592907897
435,33.504692662207226,28.129559387776172,100.4654275712663,24.57036465435782,0.5981025772901937,0.5144131609523565
436,33.36673486389466,28.456159617009973,99.12136430471485,24.50912830019958,0.5443507686953748,0.5237627310987976
437,31.05928388074363,25.78483968743334,100.78361380509178,25.01272404414162,0.5059898439163488,0.5284462819664651
438,34.88469136438039,29.059011256039728,103.43053208835788,24.372570698222724,0.6158196873137416,0.42601811162349146
439,37.41922022525386,31.24153608283388,100.68027342827543,23.769571455686474,0.568368509401136,0.4151965736136952
440,31.966457725794864,26.543762711481403,101.65712792394686,24.946754575530587,0.6668589102200903,0.5288689632924942
441,33.7538506209146,28.41521463892416,99.72783294621891,24.511215273877358,0.5805935720783674,0.5056616385682884
442,33.23266998579006,28.253103432307917,99.12320081163827,24.61158152775678,0.5788906474836709,0.4785303440734121
443,34.21334661530776,28.621864116899584,97.38641469126436,24.224038762036564,0.594942407246432,0.5239962382183861
444,32.425271092455866,27.262351784475552,97.1737810682809,24.618370176193125,0.6010549507496812,0.48235128789452053
445,33.119812000314354,28.118172762856304,98.94386374048626,24.6539857953639,0.5695252170749631,0.47955395581093413
446,31.84808256920621,27.151685751300572,96.37805741062782,24.81852349919986,0.6158217607078472,0.6169538546988671
447,34.112056005658445,28.93575892355455,101.99427348419334,24.56515785772855,0.6185771243960504,0.4953108491662784
448,33.03726129982397,27.82214086672469,99.34844585227424,24.587018711270975,0.5431213839888849,0.5114641555441195
449,32.100084841426295,27.16379597243876,95.14753590192754,24.60637632679915,0.5578944459979537,0.4767092168578898
450,32.767465372507914,28.204823078554394,94.80340021349753,24.431727471380004,0.5148773692918363,0.5538302028066548
451,32.792754886101534,27.84529612674084,92.310817653654,24.20630943935058,0.5937012115724664,0.49779722824066563
452,33.045702497195386,28.268594039405095,94.40082238487831,24.27618754534531,0.45001191402005686,0.4994359490434237
453,35.479994449928256,30.181752664114303,98.15375042150384,23.873715685961443,0.4720788950605814,0.37571401409167643
454,34.55637706069145,28.867415437047605,98.83126882728031,24.197986788112793,0.4975180079728538,0.46724078480552217
455,34.93119939743077,29.78496916335231,97.45942004987167,24.09180304011906,0.5265319315899586,0.5210776253776123
456,33.26443683258595,28.749613934813155,94.1759641964051,24.276389997983582,0.5633566084104766,0.4736156689022207
457,33.638826471268366,28.47545774123914,94.30375778983789,24.23142967617258,0.5765394388698682,0.49611952350643296
458,32.70550701708554,27.589326645016545,96.69822614593932,24.590606442420288,0.5337678886130274,0.5308642974158095
459,34.06331256475237,28.855374508079496,96.32419758734862,24.275932185295726,0.5579303354380274,0.5750017294779035
460,31.326023593180697,26.963112266923815,94.72298571817724,24.73426062608023,0.5769894420795636,0.47374808099283744
461,33.82232674464353,28.641015912845443,98.35946162718831,24.361651521186964,0.48813763465045107,0.5474732006635342
462,32.26943610751755,27.356361628647935,97.18620572413691,24.71442438170164,0.5034618048540258,0.539055715157306
463,31.600690939079144,26.724970717436015,96.85719890951279,24.78620331885375,0.5371298951599953,0.5149395185066142
464,33.05247981015428,27.850958527942574,98.22168292191832,24.58482753919433,0.5943262623040384,0.43038299798721313
465,32.01755771937603,27.12413405205338,97.92254879546017,24.827401316341103,0.5674878292732151,0.5520335104544467
466,33.11196874849579,27.756620680390085,100.34142015823237,24.612470671443866,0.6338355784716183,0.6433562710866026
467,32.71592525776837,27.717110694751447,96.79511464822971,24.491518320556253,0.5412961372567011,0.5781030370206282
468,33.78211571964525,28.05998714793398,102.86364834624962,24.404029745594944,0.5773848156196579,0.5126943929477379
469,34.69693493865056,29.17678066299255,101.1618329325597,24.249953176545215,0.47006645678386755,0.5078987016854702
470,34.61847498782097,28.85391600171182,101.26985547983068,24.245797501202308,0.5184840968194783,0.48635283734148566
471,33.75313492542791,28.356591816840933,100.41595601361483,24.55803258052475,0.549782281817441,0.5298804975512936
472,35.09333537176236,30.047984300983728,96.77953252962746,23.98340995067263,0.5835605715334908,0.44040665966104564
473,32.373301116054364,27.98423623552788,95.60080878839118,24.627537072159377,0.5765596436766042,0.5025226894301082
474,31.20866237537484,26.32978214479609,97.99301960981168,24.993089464717634,0.5753688180144485,0.5386428574013719
475,34.27037577951088,28.574438732524577,101.4669152148998,24.353840814864395,0.5507493998787494,0.47489657691945514
476,34.45289912617615,28.774256872195465,100.4280038651441,24.235798427083576,0.5175145941687467,0.5290928435841361
477,33.45243158861144,28.158616772098924,98.22772482645105,24.412033063136615,0.4654010998781894,0.40404337005467106
478,35.48929353719245,29.800872581003073,101.26887607691758,24.25167435016236,0.547689236784636,0.42290147243823367
479,34.008437397643874,28.685909943672986,97.97525984335861,24.302546998174392,0.5892651643112548,0.4369956615265046
480,33.575062553683495,28.04724671230014,101.55276788866296,24.5049501815089,0.5513188256365439,0.4743903864274572
481,35.837571861876995,30.28577581680563,99.57243465777294,24.009961105351337,0.5766478835032268,0.4785743301436128
482,31.985280792857253,27.178455266978936,95.81384486361296,24.608556882138938,0.5064502755990853,0.5415536002433985
483,32.08741805259111,26.86840706340779,98.34231475926397,24.745027575876364,0.5412711770831025,0.5560919460552703
484,31.416750225097907,27.088488069591396,97.68960183901456,24.926052926294783,0.5617054536137237,0.4559738676717975
485,30.974719261508092,26.43162309329135,97.43676888035509,24.895261936815746,0.6523398658544511,0.5852977814517996
486,33.11100869348812,28.313020854171768,99.70331856558266,24.526232083621426,0.5271013504300386,0.48336745393293384
487,32.51020272693389,27.276293962362615,101.83995537250065,24.89319471724672,0.6434421148131388,0.5283805599917125
488,31.733495756182226,26.525870910384782,102.26200300878963,25.096665443409645,0.5981174115054063,0.5255194295630307
489,32.259945572737394,27.281580017302602,96.62645752593701,24.711768875764708,0.5790100785559225,0.43750636420583516
490,32.22838732938402,27.415636470847545,101.68108269713643,24.98614709722852,0.5748175403364594,0.5633074325893976
491,34.25813760709936,28.64543429592218,99.99420521340558,24.37037291080299,0.48460595066487555,0.49623206055376307
492,31.224262223704272,26.76361077741855,99.76925696506835,25.110779606864075,0.5708217241710082,0.49516358297594104
493,31.37877310478491,26.403820379691346,96.72698682294173,24.741996660421854,0.566930402808627,0.514218518755132
494,32.51375448710674,27.09547134629262,98.05383512925975,24.532365881930183,0.48912484082674407,0.5380205482772131
495,33.189447294522594,28.078573141256626,100.52166127385134,24.651518366638438,0.567627241352778,0.5400811352276162
496,32.56348403703805,28.028506945202018,96.61522172602594,24.594670507414012,0.5615017252132346,0.5498494190309825
497,32.858851751942844,27.53955079663173,101.56682052577207,24.75439268993653,0.6157041240083968,0.5128042322867423
498,32.32928816719319,27.69558660820907,96.68274389604062,24.694962870105048,0.5246134116244451,0.47010060684053795
499,33.88628163437688,28.639572595150188,99.93803237395092,24.462038624428352,0.6674949245730598,0.4757465306846434
500,34.448803358962955,29.07736278735963,101.92266089715245,24.43391362834908,0.484267307509972,0.48222780540587207
501,32.73444311462966,27.11986020070812,99.72017678681291,24.571190960809314,0.5822055317452657,0.5656919390179851
502,34.18700702334068,28.52793145862467,103.12010020757313,24.59157600225853,0.5635047744669166,0.53062111717891
503,33.29465730141869,28.10310846256833,101.51083640841543,24.65380097026073,0.5668792143629905,0.5238686497497157
504,35.02920472124518,30.095291178949388,102.96261489384234,24.277123948216126,0.5396113709114649,0.5531871007686732
505,31.26842891055866,26.693550320341295,97.3138590410788,25.01994972731846,0.5164994908974803,0.5509091968208482
506,31.102175175622353,26.58318644207934,96.87397036784,24.94931716774898,0.5007018825774933,0.548418312264927
507,32.94777953533118,28.028886508297283,96.03188081730734,24.45580931224851,0.6046220296427937,0.5584833893026419
508,32.41671457440664,27.10758852890314,99.39984847135182,24.610068342652728,0.5909275526797012,0.514405720390962
509,31.820882863326148,26.841368178394813,98.03175210091744,24.817292084153177,0.520252391087482,0.4876938849656063
510,33.731157759973556,28.10053550888818,102.46713580844549,24.58835980070237,0.5366456529718743,0.51296029741275
511,33.09754811587612,28.12697520189055,99.71134387704777,24.603844340756684,0.46979773893477067,0.5703732378000443
512,32.37955274526728,27.007298222803723,100.34729008343746,24.67043374770686,0.5449615647859656,0.6166484306059992
513,33.02630335072042,27.98591327348784,99.97432711789799,24.682000063098116,0.575267768733127,0.5139200593133207
514,32.88029241962695,27.990071196509277,98.75324860187075,24.55851096691856,0.49287673791005987,0.5490547531258333
515,33.27650695400852,27.972242315583703,99.10215886553664,24.543234539625594,0.5426457567509975,0.6389192974458919
516,33.40270089730322,28.22984808936743,95.13006766603336,24.31803478186033,0.4695798659787725,0.4850104036836259
517,32.672891614268806,27.25482908625221,99.42407269036616,24.64953917247673,0.583534417463997,0.5896220492390681
518,33.53269887702361,28.3198343552751,98.99909908492984,24.49246860504226,0.5224568832360104,0.5119596053699913
519,31.834733924700206,27.113121239287498,96.10434552041617,24.757955328505982,0.5158302553793022,0.5516135713142569
520,31.898279222608544,26.693583755811904,101.21881920146373,24.86653456419354,0.5816952697957968,0.47664427368735274
521,37.89883518729136,31.53145381080551,106.53932291797477,23.93339328055577,0.5297060481613557,0.4687921125077195
522,33.09511107924572,27.818289466732896,101.14905899420584,24.629094033806453,0.5199288542277488,0.46660478777249775
523,31.360689594865907,26.092419827002615,99.23135867280493,24.92605834586052,0.597036684983656,0.5468117437949489
524,32.11191536032834,27.08691347326124,101.22630597348483,24.862601421534695,0.5219470523425468,0.48723431237787806
525,33.62156892166764,28.399058087781338,103.73344057113088,24.685783995025233,0.5512132279058508,0.5567724690975175
526,32.116419363937965,27.186183720631753,99.43848697517414,24.771226123326453,0.5173092107710014,0.48262877340308763
527,30.310346400147512,25.910303171014668,94.07056914684792,24.84042705420522,0.476208499299116,0.46011550040957194
528,36.98495325968366,30.80633641225643,103.9182893136763,23.96221415093341,0.4828271232407619,0.5564947614098924
529,33.11710340784302,27.61458906064216,100.25353860870345,24.530031151234567,0.5324177787064921,0.5985950351334867
530,34.136734991359745,28.79864805711064,102.84944712077272,24.536579251825483,0.506277102447761,0.5213084363437905
531,31.10998723485259,26.465309207176063,93.71817229805559,24.870706759773768,0.5305192929050655,0.47960187133721816
532,31.58337043463811,26.987753232893397,97.06114001899168,24.887979323644327,0.5661276098959039,0.4766185863396758
533,32.17483072066935,27.085542026101535,96.15698033128068,24.594775845507083,0.5216037626580464,0.5310514855145928
534,32.904330594637614,28.03283517344623,97.99619533215295,24.598665398117266,0.505515879458149,0.4359685590128178
535,33.775252270584275,27.905452688648147,102.18122570862296,24.664942240533932,0.5535481499015696,0.48396006170558825
536,30.22745939149015,25.909774481012583,92.24737413821836,24.88698514704247,0.5773837160141126,0.47406711552840897
537,34.91549426131659,29.96721572691995,99.55577879869381,24.219374093275768,0.5052074752701832,0.5447810919797136
538,32.01201320553012,27.36160057352128,95.3937062609412,24.722807280334813,0.5955834396556478,0.44574532323994953
539,31.705582197174323,26.842284364017942,96.53223880623518,24.869409233177254,0.5213858316737956,0.5014462650693747
540,33.62713507236787,28.387517919870763,97.33882005803069,24.39569323229575,0.5628019954002235,0.566883352665557
541,31.561289619009457,26.841821291421706,96.25906258556456,24.765992405239665,0.45315917822720864,0.5008631291111599
542,33.725890107423986,28.329248449570734,101.17906527250686,24.592395468032162,0.539067906711682,0.43485163757263556
543,32.399596636098835,27.0714272285085,99.54942777844327,24.735134443964544,0.6406839215562531,0.4978930283286901
544,33.37913523386291,27.827532506280935,102.65283012665127,24.6861765520123,0.5697972477088579,0.6045808312705172
545,32.3302324518533,27.118319796265233,99.12625568517096,24.69702614683872,0.6392457895067797,0.4170320553189471
546,32.812429942515315,27.57563532990422,98.18546998610866,24.580280051476475,0.5452336478568218,0.4887885764601719
547,33.715700664295284,28.1692752019039,97.44666937538553,24.31400071551796,0.5522381514126466,0.5293283059996842
548,34.419125945190345,28.911602608988048,99.63448253835817,24.289704425348088,0.5452356360214531,0.5012290632670006
549,35.68846910356278,29.895519005164786,102.81208843118263,24.28051244106986,0.633690999302681,0.48279061179909694
550,33.440399305655625,27.593759010950883,103.1213224710566,24.636846634562144,0.5311311159658898,0.6048687565300452
551,32.94239116287345,27.699911757173115,101.51919322803494,24.85350709918487,0.567873997384709,0.5745489354452235
552,33.69210626266206,28.23557689675619,99.64577533688606,24.552950256157384,0.580664969276151,0.518694280912444
553,34.431010555875986,29.100048571750428,98.70592982387272,24.31307968609321,0.6107901248215586,0.5050807570168707
554,32.95772221797942,27.919535630927772,96.9731901977527,24.520505015392857,0.5653645100507073,0.47232835906613224
555,30.80915311767067,25.6307993041163,97.47523102710569,25.063592905632017,0.6612813734004633,0.567084245138341
556,33.10056524931114,27.957262717077782,95.98431964154399,24.39274853631396,0.5566735352683723,0.541564137802595
557,33.66220569619767,28.03144100556513,99.26477977956763,24.461661317317603,0.5636193673148768,0.5341102676358003
558,33.93479895794307,28.61926432178784,95.50523735399312,24.207701729338908,0.5229324338991044,0.4786086322419779
559,32.55439069908879,27.36057877168678,97.27498562122236,24.69007850174063,0.6346915640484275,0.5314188003419394
560,31.715913862475563,25.881842534253266,101.79971763583883,24.97614639152791,0.6336178020523756,0.6078274122048363
561,33.5629605829095,28.17841220581007,102.29594390231301,24.661960343640093,0.5953406511161827,0.5141241127950289
562,31.716816163426447,26.34536794078207,98.61775150541793,24.81773805606749,0.48707231581005184,0.5298677831942036
563,33.43413878438439,28.011512968853516,102.89066045241647,24.800328749229852,0.5591192173642416,0.5209023886287936
564,31.101705099248914,25.890802405619233,99.44209293509135,24.97850340159728,0.5690135670229736,0.5694725018401333
565,33.85136113806205,28.49200897409085,100.9942876532055,24.664408764640054,0.5739931016090407,0.4859608421887853
566,31.643089742150426,26.410690347920273,100.50377900366303,24.975866715717952,0.5465452535500223,0.4990883770991733
567,31.844675718132255,26.431930410537976,99.75367739497091,24.956427151074422,0.4741594284462983,0.5532379039713046
568,32.854367578992196,27.714365958747532,98.67251246275254,24.6225903741582,0.5778183605125297,0.5281135037045256
569,31.575719343104552,26.40673999026372,99.6164237657952,24.93332988872612,0.602633878594319,0.5331015053390532
570,32.592559132625006,27.466133777401705,98.63475199522046,24.798456631735885,0.5192806790016751,0.5167594458833262
571,30.789918029685246,25.646976032714566,99.2284090309961,25.198404498610476,0.674231612773294,0.5741850293615064
572,33.53819374821914,28.040867957065167,99.35324346095257,24.387398710926263,0.5840463579172913,0.5635971668649309
573,32.25244907372863,26.845831502869682,102.04077996219058,24.96909453906996,0.5915114912638006,0.4990485501212656
574,32.26164874530618,26.855650197717686,97.74298711903977,24.678809406462634,0.5121438965001992,0.553721476457624
575,32.42754196147803,27.03507810240496,101.73305182209509,24.88749919946605,0.5022351232105644,0.6141044377308921
576,34.208898034173096,28.685894838221937,102.29964744679847,24.57332661224019,0.6124755883267381,0.532335831969868
577,33.958037744293435,28.317402270694863,103.82997597025435,24.598570822783874,0.5933963324602775,0.5183212083982836
578,32.46272257809661,27.385218381945773,100.07507182378055,24.744390812071646,0.5753824353371052,0.44243344778436355
579,34.56409726681022,29.024361440001957,101.95116084769084,24.43061009184886,0.6074870233930142,0.414558110612412
580,31.582474396697194,26.337648688783915,98.79926825319117,24.899947056701336,0.5706856473645352,0.5074895886128336
581,35.65510095575537,29.579092503926304,103.32572413782661,24.175687875208663,0.5820198838681524,0.5781843911027115
582,32.4832872239533,27.499269788023465,98.87819106935116,24.797572422341112,0.5811507531340825,0.5162619665616763
583,32.81721785796316,27.460815217395403,99.84666517578518,24.642783696017716,0.5359735779068108,0.5415690466927275
584,33.49230921647647,27.638812665249382,101.88461325200564,24.666844815651054,0.5447080737219623,0.5130308070537604
585,32.5278284640859,27.06510514651608,98.69542947137016,24.554003165648137,0.5420293734577171,0.4535825129330637
586,32.796468357364766,27.529403107850023,100.22298465851635,24.757138532378228,0.49182069327344424,0.5518952918892891
587,34.50010773831573,29.366113033658863,101.45717139454906,24.375365610785483,0.5024757643396,0.6098338087247055
588,33.24959341461677,27.840268546731632,99.05454409375913,24.526136742701567,0.5597948006193516,0.47427106838648386
589,33.273041265034784,27.65908348834137,101.19126224602186,24.632527783474117,0.6167097100754756,0.5402359517857264
590,31.8030618878662,26.874990507641577,98.13534489635789,24.717188289258107,0.5476064461872157,0.5389019627712511
591,30.676800153476655,26.097143096211724,94.71785855014849,25.00560680740645,0.6257594802761773,0.5417133679457683
592,33.05855413968734,27.74067406605374,99.74044822526497,24.59543157773982,0.5681046484574734,0.5440681779103278
593,33.02588772791951,27.607322801554655,98.34044133969697,24.60306019328563,0.5588893942530578,0.5570891969586723
594,34.51924196563522,28.811759415435844,102.4641455889199,24.3366693905092,0.5310638801193852,0.5464521856273006
595,33.160145437536876,27.512675632552966,100.04291869649218,24.670829412035502,0.5629379101103769,0.44627160574052344
596,32.94223739272174,27.324006577769026,100.48267046453738,24.646454159526453,0.5330488517181187,0.5136198192738857
597,31.585934205774837,26.565793987831768,100.02434222928589,24.93232328382403,0.5162605662245096,0.4509809586249787
598,30.601905189503345,25.696123624070847,97.44276829315234,25.031274949211426,0.6253310984905769,0.5557175762135815
599,30.51589152787653,25.832038403790925,98.2701253049566,25.057578606174957,0.6124082647706739,0.5340555821232028
600,33.25347514636402,28.166948689167185,102.4461463765498,24.762862270287997,0.6395916078878219,0.5232588453699591
601,34.81016768638866,29.339842235049122,99.98786227408475,24.290253301595268,0.6209187218898804,0.5389797721563737
602,34.410212914469625,28.920003132965544,103.68322890595074,24.52310534692161,0.44792778995352794,0.5633469584304996
603,32.21845896649793,26.986698087184386,101.16838889941333,24.924045111079487,0.5859278140139682,0.5578534867557828
604,34.51267402808701,28.821290166160146,104.2524764379899,24.56866921709267,0.5162765737598762,0.5370305017600836
605,32.15007916665465,26.982994502403272,99.56691477360692,24.90433550472207,0.5232883511048447,0.542386106771805
606,34.450282180101745,28.661775435269355,104.8564057204869,24.533190409606863,0.6234909882837715,0.5392960942521156
607,32.7393309581203,27.65744139330565,101.2838468861544,24.7122796803404,0.6454418700815023,0.4655688605482058
608,32.060946842490104,26.979777163662586,102.01838134223244,25.042913568312578,0.5864725201170208,0.5400309864548429
609,36.69440345894703,30.825483396022918,101.58918738175312,23.939607994939585,0.5278255286332916,0.4433662245330173
610,31.59914293308243,26.57660389317958,101.99680269579476,25.1586475858938,0.5468797084436815,0.503836985128128
611,31.78862728892141,27.031009263137523,99.5775981465007,24.915034890833166,0.556780601092816,0.4436201959192376
612,31.946374712845554,26.778946852625534,97.846275290995,24.87897866311316,0.5107941845168907,0.5359943063387076
613,35.20169971763499,29.288549286479128,100.63046670873415,24.1948903076401,0.45177897366187203,0.5284985991625125
614,31.87684543201943,26.702570520614408,97.29179837171104,24.768238458778875,0.5751205010996066,0.4685160623740611
615,33.852821705435204,28.408484488094164,98.93772701976464,24.415416063672374,0.4695658989933045,0.4589937435042834
616,34.54910456430835,28.89975259250241,102.33905240801602,24.455825527034563,0.563649948624914,0.5369098423854405
617,34.24428133150835,28.61982141539951,100.98069175392881,24.484142928311304,0.49491583106398523,0.5367782587476089
618,32.203359977526624,26.842032781762082,98.85758143290344,24.67670479482717,0.5057476490619638,0.5648318599579794
619,32.553292356049084,27.71482337921234,97.69483904999184,24.660037304225376,0.4876190186580501,0.42837391070828107
620,37.39319100725962,31.0296267799932,102.85240013512079,23.814087828394648,0.5022518800113008,0.5359963791272255
621,34.658454547687214,28.855059465451824,103.37771036043362,24.461733694367684,0.6522252670944172,0.6136847935597937
622,36.18323717005884,30.29222608879008,102.37406725054689,24.090252239560172,0.4972113274674088,0.44849193699851164
623,35.20528112248582,29.259713101389302,102.52041193840925,24.296861364406688,0.5540476987840394,0.5039060473703401
624,32.9365443028359,27.944841076241637,100.90682450881256,24.684877363543023,0.592042875555275,0.5077845715184168
625,33.15319966642428,27.910155485067076,98.94816306462805,24.548140611736148,0.5201550358888886,0.5257214420977907
626,32.93380311852719,28.023182665531717,96.60666484427074,24.60205732137243,0.6305836122541062,0.5101283306667778
627,36.58207121457125,30.50114819473718,107.29675238681979,24.24212919151492,0.46573480712532705,0.48255906343053584
628,32.560855885807435,27.757341802809243,99.58558874826011,24.660735959444207,0.5457401102923858,0.43489353218003557
629,34.73506908563362,29.258683593044204,103.1713247302584,24.429740535382393,0.552428416622632,0.4704586907252367
630,32.298554645745064,27.511807594396977,100.59660936123832,24.733914261287325,0.5641636269434477,0.43521712594640677
631,32.68569151518916,27.579812661195817,100.42046953075736,24.823124536568123,0.46941503484507546,0.501607300533272
632,33.886704400138726,28.94950228539129,101.97860638890431,24.565732091151013,0.5839403377860822,0.41561584017596226
633,31.226950456968485,26.68559758401883,98.18743724053957,24.979677027044264,0.5637387435344652,0.557813397848524
634,30.89383076793377,26.431715421114134,95.80204492794475,24.994582679126623,0.45511172479143785,0.48832017414837126
635,31.574272823271546,26.55821302914493,99.56541994506493,24.934568821994638,0.6304962455840901,0.5095033326095578
636,29.054375865343502,24.312234744119742,95.41030580806203,25.396690572317357,0.6384613435768017,0.45477280150609967
637,32.881291327942,27.656725995110076,98.26944426788987,24.44601192363748,0.47688169882240694,0.5212074250493679
638,34.30434336359144,28.645794942054717,103.39448151242935,24.576046988181364,0.5924767327544891,0.5325852973890062
639,33.30634826060155,27.87896035009852,101.02787595072493,24.55423841449001,0.5163780649896593,0.5181642793135459
640,33.69848044219127,28.36742905279805,101.5849358976367,24.605837225917217,0.5967200976610646,0.5522560750792302
641,32.151248611782,27.012553355301822,97.31294146728833,24.76261281839832,0.4930296914253745,0.5175662383945995
642,33.2171948656754,27.861058273096464,100.97033562831722,24.620386031994148,0.6072459313291497,0.5200663375124388
643,32.15185482870339,27.325236240617382,98.07012642648637,24.731750024776964,0.5978615838137736,0.45897893136390006
644,29.968444802451707,25.365868610902062,94.89465408422,25.055020099489326,0.58595185141618,0.525117679307336
645,34.73347609881204,29.256643582011005,102.41974230822633,24.35857452975592,0.5306609202299228,0.41603046155158663
646,34.037540052693515,28.634109667235727,104.09289271665259,24.56430633880104,0.4427172018027968,0.4747290477849354
647,30.97762759305428,25.876805696771193,101.39755773407212,25.057555761797733,0.48011908490831734,0.4960406049018209
648,30.332598722006637,25.644357395494985,99.84239800671577,25.19222095812522,0.46976687566129177,0.5083723323183253
649,34.809895742531516,28.626591381819036,105.20285391713931,24.469941229787032,0.5343450573319505,0.5491178849470321
650,31.919824168480343,27.06474047656948,100.23887401473355,24.89040240033488,0.5429015141246656,0.47484570609201043
651,31.89108776496626,26.77323188535586,102.83890576782515,25.109646264883786,0.6048229979036648,0.5222119171415133
652,34.13416870334877,28.78492610181205,105.48157613159938,24.73242626107198,0.6081546805538657,0.506279257719329
653,33.16932136327847,27.846917126957056,100.35511381100137,24.65035280331078,0.48109976991084225,0.48656222324565285
654,31.032699707212906,26.104599568887718,98.52035027492879,25.144162896828856,0.6481137966489657,0.5447479372901732
655,31.009667510033555,26.17446185160043,98.26318611162057,25.047190278947024,0.5740242912846005,0.4829423599838297
656,32.550360162857125,27.331770198181122,100.34301427794173,24.780346829017056,0.6225584687909429,0.5116531983497704
657,31.564686388135502,26.590562342032154,103.88278011535576,25.174674790420354,0.5494570689180135,0.5414954889130882
658,30.776313263454156,25.818972615187324,98.22927779732706,25.202896610214626,0.5360888870762525,0.5840741228407316
659,31.77841077961803,26.760435033382965,101.3484194714429,25.163339153050902,0.574208658867647,0.5179672475143525
660,31.690433811570188,26.564924326138648,100.71245498316304,25.02633027836206,0.5847124172396875,0.4764701002328837
661,33.52509907084012,28.250594568149253,103.13967355582686,24.77507983757109,0.5848731238695136,0.5011257753142603
662,32.58674029881243,27.452585326590224,102.70113376518049,24.901894013978808,0.6041832065390024,0.49697112065529786
663,32.06444550145167,26.711034583659902,97.28586265694213,24.711198264475655,0.501616329584375,0.4826843130581724
664,32.31484924274109,27.016327266604762,101.8422839643988,24.9504662705134,0.492391090173358,0.4370607671192303
665,30.40353359255212,25.718235173964757,98.7582465684478,25.236245747564187,0.5939546474158062,0.4796371293882141
666,34.06043392775098,28.30814550117444,104.05604526120759,24.52498498349624,0.5389090398017291,0.551498848922199
667,33.73562717821156,28.33051332223473,101.08128437186622,24.566306625814867,0.5663333797834205,0.5074826956594946
668,32.50290927079432,27.38890141985795,103.09314861577911,25.06101311107616,0.6056631803772917,0.4580849610229272
669,31.05419584974326,26.581174283519786,99.50015201198734,25.150157995623577,0.5895583057293425,0.48121318448627165
670,32.10303422880468,27.045250602374182,102.2669164662974,25.073454922733703,0.6571594232017984,0.4719546023520157
671,31.3030633432864,26.072299058608127,100.35039096971472,25.059109633229692,0.5226554993012996,0.48936653868031427
672,33.343160488027245,27.707387827917692,103.7784035890057,24.72341920822045,0.5540900921474455,0.4873544509541573
673,31.91447323887324,26.682954282665357,101.78010472701064,24.996055423057204,0.5940175268007312,0.48595419725766126
674,31.173511749195164,26.2746737680251,98.9498166713157,25.07863665505677,0.5862631678232109,0.4565202069011956
675,35.393129465409594,29.645144146484867,100.82894586087417,24.18460055850115,0.5076465259635982,0.4977179186089851
676,29.871634351377708,25.010912300578205,98.33801227076708,25.245517563588713,0.6214462801152476,0.5219239740721963
677,33.02555559248561,27.629518411375155,103.93106725247644,24.869244546809014,0.499098150134653,0.48371525275521693
678,32.36337344661354,26.932971655215027,104.59398775413074,25.102425764557257,0.623697698591204,0.4620346338201632
679,32.39837860176619,27.20387867871376,100.89982409770857,24.93520082925396,0.5272722837611806,0.5856090627304428
680,33.186492595575736,28.26438440161298,99.95376917610376,24.565154877726588,0.47039990282371125,0.5449809649496573
681,31.726354650450418,26.893328218138862,98.78675045889148,24.839249701530154,0.5228695732373265,0.4371419495831589
682,32.340927709182395,26.984791436004755,103.43463571487838,24.90648722344571,0.5481441165153711,0.3933522389093659
683,31.148423482522766,25.959573492254865,100.47334764898869,24.915297011961737,0.4552322662310179,0.5934939069623353
684,32.929967237186574,27.766282213380205,101.7442976390085,24.681223431473832,0.5382645870936968,0.47040788737525796
685,35.49990119301877,29.76390879375292,104.07257753247109,24.2812226763673,0.5130034799172408,0.5277346700384273
686,33.838235029270265,28.730372501982572,102.19547005745935,24.524258481297547,0.5349133044394847,0.39869698564958495
687,32.23812044365542,27.188754081559768,102.08738577769299,25.000593499519116,0.6039507898115876,0.45249557986537514
688,33.28561574207981,28.122462490531586,103.91000475896341,24.707818572450226,0.5150241877390547,0.42597993289986835
689,36.75883830919262,30.51373274118329,103.6737132454108,24.002607245832763,0.41223694402716954,0.45857536502265406
690,34.137747516983445,28.753807325458034,102.38534491078128,24.481257799026938,0.5041071870866016,0.5564496267797637
691,32.835965129053946,27.421457916203362,103.9985829583149,24.92447137678176,0.6653090060761858,0.4635931629391388
692,30.64427388685873,25.81290230287187,96.98757056219172,24.85062681979905,0.5133762360434909,0.4757905528125858
693,29.67825406170978,24.93618402873791,97.98623806235089,25.111957657127235,0.5115606309531016,0.5559183219024656
694,32.859606238421954,27.545023637858286,100.78542145884592,24.67104297151108,0.5889393402866476,0.5081810806448848
695,33.62192130070978,28.242986838211177,104.65677258078584,24.68708233850535,0.5791456989028061,0.503724383505776
696,33.32250520866101,28.184207605259523,104.88595765104625,24.764889831667094,0.5013835916416912,0.4438278455023228
697,33.76537899922994,28.02244964986009,102.67608563543381,24.565583540039892,0.5172730943691207,0.49822454185458825
698,32.06267808898491,26.794912892501916,100.34108103279188,24.807095025682983,0.5408848461559074,0.48143114653113284
699,31.53372937381103,26.551761106914316,99.90594011275776,24.92254307459031,0.5411982735978423,0.5343450402078025
700,33.155318006734554,27.727035947537235,100.99604957782053,24.70415770890786,0.5739231654662086,0.4232444057156607
701,33.187389476103554,28.22427610956879,101.7500474165146,24.76191560336199,0.4748644897295537,0.5612818462229768
702,35.418744894411624,29.176504826135407,105.67526963057642,24.445674199129105,0.5865804502378114,0.4569908111920789
703,33.95392736523602,28.639489421227978,100.63869866612005,24.564895481228803,0.5648240465388586,0.42190349030134433
704,32.34760309209236,27.149340138412878,102.98080014484964,24.991017470928373,0.5012145513696785,0.4304317947639378
705,32.63603755892645,27.400577381960527,100.6793757608564,24.749257908702873,0.49602465379796856,0.4753479428185398
706,31.710589803892223,26.41899228122014,101.31882010585404,25.01483080005398,0.5079659036631982,0.45997318241928226
707,29.96242338161041,25.01310145071815,98.13487569482388,25.31967206506209,0.5885932262410204,0.5006327476611504
708,34.04303941881818,28.566582133669947,103.4370093414643,24.53808155172657,0.5284654114106462,0.4903642961546473
709,32.280798783738504,27.866370801704658,103.01467417536031,25.010346346908673,0.5604898491768089,0.4615676524228876
710,32.478411709529205,27.36025185502747,99.85353991642427,24.72507954840741,0.6255770595530662,0.47148475793940686
711,33.102534211424654,28.062539477596964,102.07650925975456,24.769443985126458,0.6688077483874051,0.4627599733648741
712,33.360419303870785,28.150930155092933,102.53920056645994,24.733821473905397,0.49672705660342964,0.5797315737529863
713,32.90907531156127,27.553247700026496,102.19494282114292,24.677262374243746,0.5394768938734492,0.4978601857049287
714,34.79603735441976,29.365255098255588,103.1609621955957,24.412113396665212,0.47382099868201905,0.45410427968855693
715,32.211375631849045,27.009705222203593,99.42604857797028,24.77455560880869,0.5823136579445634,0.4568865994913436
716,34.41023975482986,29.159692352232994,102.30463078278568,24.404190743668448,0.41411287197234614,0.44010077576718076
717,34.00165136897392,28.930729713986555,103.01260720284841,24.5865759273746,0.5644755993495097,0.4620204003324336
718,35.29489938451521,29.3742657450569,101.34526634159546,24.0854713176097,0.5374292542398104,0.49319012586822575
719,34.0116292839858,28.37697063967803,104.88744020972476,24.71679191526324,0.6032008248442765,0.5495731814208105
720,34.491195821570436,28.69014260465189,107.06967423546817,24.616596201973955,0.551138929642465,0.41668897792551873
721,34.27589577923219,29.198913911854813,101.17407711606235,24.45563588285365,0.5675960209344434,0.4886754155092609
722,33.40414699895922,27.925216453382394,101.37733359728281,24.45725747440018,0.6469817403077149,0.4085813065228232
723,32.18262151467352,27.52785706265146,98.5542180403745,24.732572310851126,0.5259876844045951,0.45565408469853225
724,37.64034058592086,31.18148978219371,107.67214690252345,24.084219879256544,0.5800748030387095,0.42954609725735887
725,33.85072226817058,28.69978142798863,100.19210419357351,24.449019222651213,0.5667559303358567,0.450202892565097
726,32.36547361102627,27.384568975004857,99.0290622755765,24.720951773973013,0.5009368482935526,0.5133330958212348
727,32.462550119583646,27.569132184746167,99.47420416155481,24.72866725702051,0.5560029677255381,0.44350836138815414
728,33.769201040083395,28.500561464273336,100.40735815676372,24.4807562920175,0.5268225907268425,0.433736733139513
729,33.960833968595544,28.878487169842128,100.12686523945852,24.422823553248186,0.5902639800200206,0.39760105140465907
730,33.59596107804865,28.32476075510733,103.06845400679771,24.631298603625897,0.5644469973552387,0.4360135805288651
731,31.98460220551017,27.114676525789086,99.68146521101053,24.824888451698833,0.5849843271491488,0.4241605205391697
732,33.67171908849802,28.473283963591015,102.3821766636124,24.525104732272414,0.5632044389439641,0.4261392821715584
733,32.33228235295606,27.42881426094163,100.47248377118706,24.810211997125847,0.5187666452373578,0.4948604715306542
734,31.416200748366663,26.36337039488927,98.78435588411143,25.014674517790155,0.5688433083422334,0.545941357036952
735,31.305101037199872,26.355253535811933,99.23478146255783,24.936966964074625,0.5925361160826127,0.5287564602834899
736,31.173386810320714,26.378809571892095,94.76553384349867,24.92201454495377,0.5657000391086867,0.4870865695906611
737,30.893625335741206,25.995200677123602,94.56662676159344,24.86584385566591,0.5503424687973922,0.5265324005933902
738,32.29497873138536,27.118407539393502,95.56630826721317,24.49260115066469,0.5460738754148664,0.4997901493173043
739,32.1101481026212,26.707486374903965,98.56376312704397,24.729698902467177,0.5084954764001872,0.440963876612934
740,33.78156646350099,28.466740439876776,98.9519634124804,24.39919315198534,0.5374492071552143,0.5052480827453203
741,32.14268828164265,27.143085281305243,95.34870515227779,24.564406804428078,0.6044750492040668,0.48210691348655366
742,33.98663906384367,28.24055815190902,102.89958436127927,24.563536320922523,0.48238458849809684,0.5622551679178459
743,32.90622947603358,27.59926995855023,103.70217904597952,24.71858731175663,0.5540619005558032,0.480507290122375
744,36.15444134070854,29.831437734333907,103.85038250137536,24.077855751978138,0.6183165238902626,0.5604880207851787
745,31.52073800275505,26.38923583500755,98.5672443695964,25.01677587949555,0.5663751111725857,0.5450921368210457
746,32.588180324964085,27.30419085019104,100.03640326542602,24.629166940588057,0.4937593297886584,0.5194266803740032
747,31.31344867346235,26.248634752734727,99.88182585477433,24.82237170648557,0.4738878840338796,0.5770547738831119
748,32.69237458242582,27.60273653828225,97.52342967757522,24.63682553794973,0.45325087105091416,0.5027117772341748
749,33.20501596429415,27.820031496779194,100.6673171681045,24.680571535778807,0.5336843393555472,0.5099310211502887
750,31.44967157564954,26.344077498935075,102.95634448398522,25.14008632843866,0.662927719430974,0.5372710759215641
751,33.131744947278484,27.915200249135253,102.31622320824358,24.703892492541524,0.5537728444183599,0.4063640685875798
752,33.763789448064685,28.276219541259962,105.05000655040345,24.690336684198403,0.5765152898486721,0.5448169673461142
753,35.561751514239035,29.75385295252666,104.19926750082375,24.264892456250998,0.48091573984331665,0.4774696702195264
754,32.4143352128871,27.263489107324844,104.02408138809382,24.85299676257449,0.5824137981782337,0.4255097535467991
755,34.30241741266338,28.951721725931783,99.47154006424257,24.301078075984456,0.45023647895117175,0.44835617581511716
756,31.851786202643456,26.92281247228829,100.09376874618786,24.84533080885796,0.6216911105334338,0.5350480900129246
757,31.42024683676952,26.57152407237446,99.46450477744844,24.97887350050025,0.46602164016276976,0.565929943601898
758,31.551049767194165,26.586038705612978,98.42398734170948,24.871632317930647,0.5233356187862179,0.4760901465292879
759,32.87532134326547,27.620739699846943,98.94400746500642,24.623611215456865,0.5208491697064173,0.462460356242588
760,34.3326240153497,28.637162527020955,101.13495319965416,24.30548565317373,0.46982772888022534,0.5002027321922846
761,33.85545740808015,28.684622934037364,101.58263911024174,24.566568065994574,0.6424667336920904,0.5576770190847702
762,31.055146994584383,26.595036899369337,96.49818434052023,24.889316596828305,0.5232535326562764,0.5161933015359086
763,34.36726684791706,28.959014329639786,102.2729782818035,24.431357385154655,0.5536272499742687,0.5164626015889059
764,36.208017639703215,30.542640592308246,102.71879178316895,24.085346981870998,0.4487629016304418,0.4180876431535895
765,33.59338435698793,28.35722716907673,104.90198848512767,24.523097190355248,0.528278090846807,0.5343261678569653
766,33.610740818338954,28.124524562577896,100.75549597701398,24.381394485585904,0.5684172378080978,0.4648230788502764
767,31.92606216183094,26.833362577566135,100.80700560601782,24.85289760063996,0.48915698844014455,0.5195053934485816
768,34.6312787670135,29.22515714677042,103.54391692542171,24.44970710205166,0.5618529543365766,0.47763412646535464
769,30.300301570366898,25.73780698338705,99.6756907305719,25.338793013552646,0.6249493493679066,0.5258228624077537
770,30.63444324353888,25.591032533379153,100.79211969703263,25.192472325554302,0.6223023552936386,0.5121582458744011
771,31.45392064797588,26.8842652427079,99.44139124514074,25.003944478695995,0.5439626927235635,0.5130462847091812
772,33.2484156792164,27.649126835098606,105.35314183272928,24.798944568413035,0.5448537689894712,0.6155104506844393
773,32.23140427710864,27.250540999234666,99.28363981056917,24.771695648318815,0.5848794383284553,0.4800750956851488
774,33.77530079362621,28.49547188759885,101.01712721845057,24.572303812683487,0.5511583753619103,0.51499019425875
775,33.65956218577677,28.268034681475278,105.07292042565236,24.722682722468424,0.521626797162796,0.6012452182469982
776,34.112965329726364,28.20649930383395,104.53798004814533,24.41020213114685,0.6005581990933354,0.5249514412932289
777,32.127991994775485,27.23206620009334,99.4907541080352,24.80207019449187,0.527641270977308,0.45503879480842924
778,32.4147482888941,27.593555861165797,96.11683226242843,24.6357825581177,0.47156516838473794,0.4347367705010209
779,31.97897438921147,26.88813984069332,99.12105096068173,24.9383469784509,0.6735787794285918,0.4865748971561281
780,32.068400205188766,27.002361651762378,104.35156234865364,24.854546168494394,0.508425913561678,0.5623387151323512
781,33.305571426136396,27.736921525620257,103.24257626882748,24.65139679970267,0.5347448965810621,0.5158038646514199
782,32.44672214299819,27.116299650070673,102.3033200618811,24.8375418517284,0.5787576794575817,0.5322407920757893
783,30.863060838424254,25.7311895909081,99.18972820078997,25.048867966481517,0.5716949031188999,0.5027762674977793
784,32.81929396899765,27.79526983714164,100.52025270888133,24.701367025512226,0.5336968281449751,0.43557160171458803
785,34.743877098382605,29.43157688592743,101.12060399477653,24.306456089444033,0.5333329304677948,0.4769922863479647
786,33.21569914709052,27.961143313956605,100.80521143352667,24.62604197892834,0.5290092453446027,0.5139078113821163
787,34.687366813442445,28.91191064345944,100.0083452136857,24.280627307438465,0.5261460955476035,0.5090494364806712
788,32.534113944523035,27.22149812858061,102.95740013579503,24.908290334276963,0.5613049832153696,0.6097692586102206
789,33.14666902708173,27.502168012605697,105.0363152503368,24.870186106438993,0.5125375244292123,0.4984763271242047
790,34.68035607889323,29.093583337558027,100.61538151876836,24.265877590137656,0.5447142835618145,0.48316743102063975
791,34.74474608593759,29.09095570857554,102.97895264444053,24.4761733131627,0.6033676097723892,0.49515554292266895
792,30.715311841192356,25.82439066598086,100.08289066389474,25.059905801801715,0.6135886601684545,0.4875025472402174
793,31.000978910179352,26.07950874568205,100.91390963229678,25.15323728850082,0.5143020764532696,0.4544562028322792
794,32.38837493796502,27.408484117934748,99.37287159681476,24.743389587497703,0.5160270774424472,0.45775514835543635
795,31.952553628703644,27.542416937518627,97.64545042006208,24.76594530175615,0.571228819141749,0.5309333074808923
796,32.41755025072946,27.255382477752963,102.75997248762027,24.83821471769294,0.6438346573255945,0.5013886719673898
797,33.085366598488726,27.98071804580102,102.67129560908434,24.7841568602565,0.5804660658740411,0.43975233952643855
798,32.29619843586722,27.21042339936974,100.03238766878704,24.87711506294171,0.5832209847262387,0.5071959571516718
799,32.14837359286521,27.31707221404401,96.576320309128,24.594793562410196,0.6198005768830456,0.432584885397515
800,32.063792469068915,26.965158407967156,98.95862623914311,24.676356146370313,0.6188843526976497,0.3985824469667906
801,30.864062011340632,26.38097167218739,99.9859830904031,25.27923232884843,0.6429524707956925,0.43256249377545125
802,35.06973952435787,29.318810709488176,98.16901561525141,23.962776455349236,0.5206958429242895,0.4010427448743691
803,31.60003023062078,26.894956311476594,93.9234881119142,24.640083905819665,0.5854715213682914,0.5268666607259779
804,33.53857957364115,28.386073213434067,97.5028417249137,24.41592686759996,0.5215889369410881,0.5044689080459066
805,31.03102354718113,26.229285189072318,96.1561699795145,24.860645666553214,0.572115891049504,0.5045461526923232
806,32.00506133338512,26.811566862149405,98.97010961394514,24.75862155222819,0.5735339337838221,0.45672880825112255
807,34.331794079383535,28.403653775959533,105.50781434571644,24.49129906816601,0.6118012264976735,0.48008695907780286
808,32.77527286507878,27.601698132478685,98.61681995350705,24.52671946472341,0.5616716293219332,0.49656447160604605
809,33.083987442512374,28.239203516844004,98.85432163612755,24.49708371841696,0.5186437963520208,0.389978624633748
810,32.09375922031949,27.440604351509627,99.0509493758717,24.88270175234156,0.5129746522377544,0.45062646027178804
811,32.57282457813639,27.010001555273558,102.66229626889964,24.736314033883062,0.6608215689938385,0.5358510073641909
812,32.38281476900882,27.29289604440618,101.41174652967138,24.813474145068426,0.6078514882548497,0.475311444996983
813,34.134277983004075,28.90608515270301,100.62085968409025,24.367420242626125,0.4544246663445845,0.5210590322788701
814,31.534311236355535,26.91012451026755,98.28283857442875,24.887299614414744,0.6033759201891736,0.5214573345318941
815,32.69147243368629,27.809585329978372,97.9230793639102,24.549037396965385,0.5808978660742735,0.4014453436875461
816,34.7082996328839,29.030145384022685,102.39088753545883,24.31941623034153,0.6166738671442301,0.5145487894340014
817,33.06328731080498,28.042058503293543,96.91325092985974,24.55431636980762,0.5306110646465144,0.4422804625351938
818,32.484939621969815,27.13427438839352,100.22807867139241,24.72061135818469,0.6240188454260261,0.4725009732607282
819,31.78101502834661,26.754163543133796,98.73879848578885,24.87721644018312,0.6131610171633153,0.5599171740846514
820,31.790760151888083,26.78437435078389,99.56982300395687,24.896664997100917,0.5851638864206011,0.5244590458479716
821,32.34611128877451,27.57507237693055,99.20090279272335,24.80849005795422,0.5322981498300675,0.4939934083635133
822,32.72902090549889,27.604026718277503,101.0424487951901,24.776508504808593,0.5759946012319183,0.5512202496283606
823,31.16799814342126,26.655073961611652,95.96970477404119,24.910622100089626,0.5786763720107104,0.4985801691375798
824,29.77758585213171,24.99228089409703,96.65915625724631,25.30468434252236,0.5291824406350444,0.5471033592560501
825,33.92430503317697,28.51687723172049,101.61359378871151,24.524735730427388,0.5282588217094837,0.3954234854715848
826,32.87310378313827,27.527002792476452,101.07458470388735,24.696006832876442,0.5494616294590281,0.4928815574173446
827,31.750973683470793,27.533752714170067,100.08676802337875,24.925419137046646,0.5282697031812655,0.4399634156427085
828,30.682317728330442,26.103402274602043,97.76036475566981,25.162913076525744,0.5349701146059214,0.6078230042334171
829,32.39700873184108,27.448770135777014,101.43432539968146,24.82579322875935,0.5582267377693936,0.474617506471303
830,31.143239348438907,26.362630104807348,95.11621101855418,24.839958626545805,0.5003477824692085,0.5088379899815335
831,31.21601597741758,26.366135026005907,97.92320172519999,24.922479715702956,0.5196393576017927,0.43456639249135365
832,30.07097668685613,25.53857805154664,97.54916959770816,25.281592334413926,0.5890628118263341,0.5539923749338986
833,32.4270958570517,27.788758327012417,99.68983310306304,24.720999490383615,0.4764795192482964,0.522148833935448
834,31.809193832839433,26.94847685736744,98.88119218481992,24.76876560388705,0.5207586672373586,0.5702423392853965
835,32.4006102914909,27.047729076734775,100.51228891017095,24.72160062014887,0.4631582344235572,0.5389792780629025
836,32.670218221553625,28.031475165508596,100.1606050037017,24.69350695974536,0.5618342594810479,0.4950767522715724
837,31.518334261256335,26.496690037908245,101.78846551157396,25.0861548167288,0.5263846623058142,0.5337835706793378
838,31.95139536965403,26.770457390009064,102.19676562646511,25.04025676029053,0.6590709761065024,0.4708873517936391
839,31.901104001218656,27.24726342265152,100.66608309307168,24.80936425701864,0.548326066881534,0.47495260437490566
840,32.58352412056033,27.669150536950124,98.76557339930658,24.714334259873603,0.49132906455089903,0.4236304217932322
841,33.54216474350537,28.458386877351444,100.62852719392356,24.579954335120956,0.5053031978148923,0.39303212812548577
842,32.790871323558456,27.989482025995947,102.34114336198358,24.833994914772305,0.5783363815265201,0.5292889220031947
843,30.377221160954512,25.570034788668643,101.56930865433527,25.276285746258964,0.4177429281424053,0.5148847186006029
844,33.48217190724238,28.296884541971803,103.09234321816977,24.623219667105925,0.5015762136493269,0.3931656184602967
845,32.88054689537204,27.656867898424153,100.29806683710113,24.71989997134653,0.4760997957760634,0.4938627513579469
846,33.169581531594964,27.61340315305874,105.49392895883273,24.700236086101867,0.5192995820331237,0.5137028122555921
847,30.75585217327041,25.88400823655483,102.46668767590826,25.18356695291686,0.5395861949657063,0.46631758508899873
848,31.768687485937093,26.793289519221013,101.90223627592809,24.86501537279087,0.5122107827577184,0.4559236490509996
849,35.33435669227289,29.70375213592239,105.80471587864896,24.270798454053384,0.5095440995380203,0.4851069349182781
850,35.071923923491056,29.63433378522773,104.91510249415006,24.36763452087528,0.45258229240403314,0.5156610911925463
851,32.27854712128316,27.214413085318583,101.21287359321687,24.809539411018758,0.5452744061967769,0.47233412828998067
852,34.848251401413336,28.999130291479297,101.73242752093245,24.263503384493916,0.4943518400582345,0.4346254643990915
853,31.238665475328023,26.774015974683202,99.56320919053721,24.992528950177572,0.5595314743444949,0.559400207767067
854,31.8401264791754,26.99116541634867,104.37025684306037,25.08593538093854,0.5273301625725888,0.4357325257286336
855,35.40222532772049,29.95078744087307,101.29485015961133,24.22243648627142,0.5154370403960986,0.4279465853687185
856,33.7112739817736,28.392240061878805,103.24077406125349,24.677359609915257,0.5476387925068128,0.47362129118357627
857,33.591002577077646,28.550756296848842,102.3565183285892,24.593978903132534,0.5487575613919146,0.5255036480221998
858,32.66826748409734,27.5975076273426,99.76695685086796,24.68757730174631,0.4516484744829732,0.5542574873611213
859,33.58261127983138,28.49151107430889,100.16343540271521,24.49340836433882,0.4956892967867939,0.5428341454217172
860,35.45213273030124,29.457736422567162,104.69278289186225,24.30301797169794,0.5241515250512896,0.4861123239320454
861,35.11208835583334,29.90714171035927,101.60414404357547,24.27785470629947,0.5070422492961535,0.48703614398469736
862,31.279405064230552,26.66059266959195,96.59071215379143,24.89887313110882,0.6353897264263053,0.536175687733223
863,31.44729318994993,26.338193365692632,103.57300544905944,25.29937717693817,0.5805489318244954,0.5185379130030436
864,32.05378395733329,26.956347409826105,100.29086141368019,24.755644285124475,0.6340829548501151,0.4378294058185228
865,34.65797638267096,28.85073607572804,103.00352589896686,24.37326824267984,0.5433318474751987,0.5139145708852934
866,32.58582294973636,27.48911289126505,99.19519611528032,24.67963676554894,0.5291268347733473,0.4737380026807173
867,35.08637885697813,29.479771582430015,102.29811685425483,24.28773994978871,0.5930706087310615,0.4952524073312437
868,34.02652202908067,28.957051651445234,100.33244448480077,24.436196905941536,0.6202880139649859,0.5208466561863797
869,33.5870597776071,28.485683447517726,100.25724361253506,24.4264688323059,0.5494408749848256,0.5662847269985453
870,34.86779504283035,29.552105619102548,102.05812815631518,24.34242992813233,0.4883782882525069,0.5529594330156499
871,32.06523666657066,27.496298543936938,98.75544396482634,24.689648618786283,0.5402500610869256,0.4981069654425717
872,35.523173787895054,29.732056797483917,105.32499123035517,24.21273425880342,0.60365113001835,0.42877701653764316
873,33.40286397318171,28.230890189040853,96.63068455326852,24.27883664196076,0.5580639340322314,0.5302987279622547
874,33.553646998006336,28.594938434876866,98.1190108348593,24.467294371855676,0.49563310478394235,0.5107502893529858
875,34.388585679739336,29.020968876636633,102.3853347864769,24.361722972539916,0.5470912466441211,0.5047710540300709
876,33.59651609174264,28.268178648210814,105.29829257069457,24.71122476787177,0.6000858513076308,0.4889208082679735
877,32.22059927460034,27.170980282945415,102.9643208359072,24.790646282613064,0.5470371369776245,0.550525610469865
878,34.29816613109839,29.251430181312063,100.5222306596836,24.386829462299765,0.4823225542755885,0.46496269067718565
879,30.464306048941303,25.391706899279683,98.01839510454576,24.951534887552615,0.5533483959624675,0.6425421852479817
880,33.147115085777976,28.09407716408415,101.73665299539381,24.620814506677775,0.5066139212492409,0.5385252285922937
881,32.10661433671154,26.849112358791533,100.51135958739742,24.792950625033786,0.4039858249229965,0.5492097763167995
882,33.363606884771315,27.88033834672197,103.5313756753681,24.672470812917012,0.4725870770826193,0.5997223640424396
883,32.46235937487783,27.248686361479503,104.57506104525164,24.96062001422182,0.5458483054560023,0.5652963132058955
884,32.6907886998941,27.40160029979807,104.44568375974022,24.753065990890164,0.600352778650235,0.5584348051770531
885,33.03845900091853,28.048179228503056,98.44626241466447,24.404690542634516,0.4640293185228608,0.47065434595514427
886,35.915165894014635,29.862076484584755,105.49637781898304,24.217866019100608,0.43420089756108793,0.552913872522951
887,33.15635589935155,27.431270907747443,102.82977092504976,24.69496608010625,0.5376887143722681,0.5415617365892695
888,31.882728429642174,26.680774737771568,99.99014638841909,24.782281963519363,0.5299984159566783,0.4781628085707242
889,34.1518496248445,28.697565811833446,101.08073537634588,24.33332164740846,0.5638677358069085,0.47200280382439974
890,31.790228460889985,26.87984406790662,100.93280433078122,24.94643289875002,0.573896164372489,0.5665307350689429
891,34.93009969932746,29.252028913391296,103.46738732106378,24.424359999155048,0.5214742321847466,0.5129607767756805
892,35.23108696013299,29.459435441047788,105.14576910069161,24.24024189616314,0.47257334431539116,0.5393352468845869
893,32.79680764254639,27.644118813729882,102.87604311941108,24.82167947245942,0.60805482330551,0.49055080369276655
894,33.57270766162957,28.162681195737132,101.8306108589599,24.59561643701203,0.5445050996223535,0.5788942259340581
895,30.63603679029988,26.22229779836649,94.73947529618441,24.884052833861656,0.47941250415043674,0.5882193469046024
896,32.777604222024735,27.419071560066673,99.59261667252105,24.607738310035053,0.597462123740683,0.48829006337318737
897,34.299920860883425,28.73183441476307,102.82925415545108,24.484497591855476,0.5324840650595144,0.5058639547118096
898,35.22014392502736,29.42007727013704,103.6563219790059,24.220689150595177,0.46875959694633024,0.49949019364373465
899,33.21322533656936,28.00828859974169,96.54258188730621,24.403821119696644,0.5052232749711333,0.46366688714670795
900,35.06017085173081,29.143928301095062,101.60461965972809,24.261404975451388,0.5402908248679302,0.558688650432267
901,33.469814905770704,28.15519762644022,98.19566063184334,24.552714014014885,0.5739676282718918,0.6009364726530386
902,33.130504364771035,28.036742039317968,98.6621726258215,24.627019388615132,0.5553247338829475,0.48307786815798454
903,32.783038040310394,27.48844997880342,100.45919758097585,24.774874757944886,0.5668692875246197,0.5515779187297061
904,33.10138550328031,28.14987691946678,101.6729483865744,24.685052582359162,0.5312200020216165,0.44683285981395576
905,35.43326904749974,29.7444667656936,101.18871659686288,24.12280913162526,0.5650141046460206,0.47780123176361305
906,33.320376141393034,28.00332853469144,103.18122175900967,24.81371074334424,0.49163863954746073,0.5380013371055453
907,31.607462702320674,26.778287580557038,102.44704057559946,25.1731673772287,0.47777684995473624,0.4863912519958781
908,34.924652698872244,29.603190423826753,106.83667227629195,24.56137219113321,0.5362605170585403,0.4838812175167907
909,35.14125956365358,29.406780745743006,103.84087813523043,24.460668447580712,0.5036279321379771,0.5649114060282104
910,31.709854723809958,27.360831438100885,98.27059192344923,24.894334626065937,0.45431853550410456,0.5551628548888226
911,33.260065326833235,28.070847364570145,104.33042693222352,24.798799905454608,0.6222859624865996,0.5005480948712192
912,32.79714819361023,28.223202605295466,101.07189194025749,24.76240816217841,0.4580542727619294,0.5400398948307032
913,32.39891141090706,27.370386999125238,101.33619184915317,24.69574226752629,0.5854532713669952,0.4372858833861723
914,33.61080190374809,28.608620644578476,97.69065083543602,24.342249489804285,0.5795341806182343,0.4680256483858155
915,32.02124630828568,27.625969642124478,98.12930826525492,24.74433725831709,0.5364338177364296,0.43410292430196573
916,31.530298904665212,26.669765547757546,99.80637956048041,24.927859722195883,0.6095693843221833,0.48472959372473173
917,34.295523500942195,28.909117625486882,101.29580688210221,24.294170948279508,0.47657756004411067,0.5094011248406715
918,31.204185982327726,26.27342716524214,101.57984417402622,25.012893078820646,0.5820280773632529,0.5145435147212368
919,33.370169604154356,28.212384453453264,100.21776162914563,24.552628992251478,0.6257023637679424,0.45394607673112797
920,32.06251888933305,27.280960622601473,99.02477207425926,24.801475738727824,0.5893034618537378,0.576162199621354
921,33.50634772843798,28.216068809316695,103.67466021967716,24.62760861314938,0.5585153579149257,0.4960525554063078
922,32.17313107949494,26.940745197177748,100.7716279494449,24.843661934497383,0.5025054584359091,0.5067947914410814
923,32.6870302576265,27.716016366596342,100.31981808400356,24.699261393398988,0.5397926017545203,0.46935192401827197
924,31.755842217461037,26.360261836863113,100.99785854241219,24.78827534434161,0.611748689917385,0.4733052283687279
925,30.42861093895208,26.082210527164754,98.69307274304406,25.165945695177385,0.548167288280408,0.4869940253426875
926,32.214198344994436,27.31215864880826,99.70789523390846,24.91254231666569,0.5710476295708763,0.5064601396809854
927,34.719785534427466,29.06926496998807,103.83553582686982,24.448771130620425,0.6074711833967398,0.523853173138404
928,32.70040518543629,27.756798715823148,97.32771664803272,24.611705405439995,0.4909518194169394,0.44991642430786605
929,33.63574562210972,27.835841717425478,103.88165513278126,24.73017847253971,0.6341464371354665,0.5343563014588555
930,35.051051727192245,29.480280513012307,99.33768927113408,24.08491133226169,0.5331640525190418,0.48348656420066755
931,30.6970589140313,25.823744100544456,97.20988882628086,24.906296444826502,0.5127126101695376,0.4818835884910618
932,34.06015400813599,29.24258576577106,100.29830084910303,24.402738212051293,0.4577392618758841,0.43774395512661823
933,34.58895383301371,28.8547283258455,102.60707647563976,24.362793006187594,0.5951208645102428,0.5727070413395214
934,34.42184778249454,29.061473033707912,102.02718476933866,24.532508891414405,0.5104807740101371,0.4372209596873569
935,35.66275562878695,29.70533456567259,107.10650902235301,24.433282609436816,0.621804012554869,0.5565169324030935
936,36.45658235521808,30.295868873658538,101.86138525997535,24.063698888514605,0.47015608569926953,0.555059663282933
937,33.58245028265843,28.33879282515107,104.1721163790022,24.751095639551615,0.6202200693133157,0.4820278770429246
938,34.977907675312984,29.42426153394591,101.93128049234188,24.358882372266493,0.4678316047594199,0.40781850431981304
939,32.517395963078535,27.645268894994487,98.41389586019544,24.74587447719707,0.5743909303850461,0.43784710632718954
940,32.0281949058449,26.77259218979773,103.12957242857762,25.027288787988457,0.5070647045552624,0.4132503336648819
941,33.71936800022815,28.189703745966455,103.60050809331337,24.70144310638919,0.4323462290172742,0.5152335811607722
942,35.38530476810016,29.79199196137882,103.14320260067583,24.324202734216772,0.47679609263080375,0.44490415556367535
943,30.478781746310073,25.630367705761813,100.87782505823563,25.285077443239782,0.4611645696467094,0.4891584620998231
944,32.7783065561422,27.745289790994303,100.41236590975419,24.708340067469802,0.5728987965430437,0.3785785262763627
945,34.54786316893347,29.243763795166007,102.20607864243391,24.512779003266715,0.491321921765797,0.4597002378636947
946,33.50921858367563,28.224906274311127,102.49609788206114,24.585895961930554,0.49531641825064116,0.5157318533378464
947,32.68396339736368,27.397944827344087,104.8077421525908,24.829601862682793,0.544916181336603,0.5342569982911404
948,32.84798792600152,27.66066984513713,102.4396714104784,24.731202395617906,0.4662915966418611,0.40462035424374393
949,34.24964609476673,28.69483712026412,104.43013650779535,24.461576406401228,0.5422718375118565,0.4077735169047675
950,34.1463739231821,28.397187535894673,105.30234009599364,24.657895316665048,0.5320057464339364,0.4813783663148722
951,33.57363392320315,27.88716211668156,102.30751433217686,24.558000492271166,0.43144867082199156,0.6357040170238653
952,33.302150356331424,27.972589515806977,99.91356618921219,24.587483482648466,0.5646780105027679,0.48482044760954823
953,34.124705618823846,29.00416235746638,102.20691033750599,24.56212743713927,0.5984318597048875,0.49905351295575906
954,34.80894016644891,28.768119920708184,104.53432381848567,24.297323381912847,0.48534889204648285,0.49605626354888405
955,33.199172527393216,27.935305615140788,99.19347914097261,24.541416805326126,0.5778522398233643,0.3969741061213667
956,32.53270776531374,27.452485317534197,98.66481595994108,24.721911575045596,0.4851694910374477,0.48162286331504206
957,34.58433447602007,28.774999963037708,105.73887606654587,24.555935434245214,0.5118481207165675,0.42417452336198036
958,34.4985430569334,28.699184515028996,101.80440526436975,24.37205063202795,0.537129247372247,0.48281776933412435
959,32.7383601316431,27.725774125501555,100.69808819080282,24.846594157630577,0.659982872821374,0.4185484625090373
960,33.17333511410258,27.959582993781837,97.08091126278582,24.42409806916322,0.5389148577308012,0.5393165504552859
961,32.70695264652549,27.839158233746964,102.39339877766663,24.948215603026988,0.5154332074063592,0.4772632234776636
962,33.99420688279952,28.449733659422893,104.57380401401204,24.66063844925165,0.5235567790230183,0.42025332215067257
963,34.306838106004314,28.59679169303769,100.61850887960256,24.293982669188114,0.4774684493037859,0.443649559660652
964,34.265713483758084,28.85140898919676,103.91230739931075,24.478920890270583,0.42648787204241934,0.4984529067110737
965,35.79745272796592,30.129641857993708,104.11113617647656,24.269678817897162,0.49559282304637475,0.45116780749829083
966,33.046938858713474,27.79917384464059,101.09709587266379,24.731249931677514,0.5235013750806095,0.45031971374853513
967,34.35252988814552,28.71570831124148,101.8729217920975,24.467126788200666,0.5269223103792057,0.5648514272816294
968,31.48022561810531,26.266683641276618,99.77351943582886,24.952785888640097,0.4785051502599482,0.5107530915802273
969,34.633154270809406,28.86082610872107,103.74948144653067,24.435447952279144,0.5125619584936809,0.4942167378439401
970,36.642277336323524,30.60066679943093,105.0413026140854,24.050445613988515,0.47516898787242984,0.44240204123884896
971,35.995677193679334,30.443899653680504,105.45946228592081,24.220147102777652,0.4453431317062174,0.5446847995166673
972,34.92514352200103,29.297412027948567,102.91303298677374,24.31955371579221,0.5169992761213996,0.5798329627256981
973,33.62875131166962,28.538027443893288,100.11818201036297,24.564394853438237,0.518262670161944,0.5469792178553708
974,32.9323491990781,27.353584400370913,101.32766725970005,24.757886794900358,0.5908637032124255,0.5571991495497763
975,36.56753779289923,30.282725472779816,105.0093138998214,23.953787482865433,0.4767371534656158,0.5446979852550035
976,36.44205775303544,31.329687104120374,103.71291695987343,24.03110704107784,0.44160044115421865,0.4654947434663204
977,33.997109754096705,28.72149454499663,100.74402217464005,24.373989730078367,0.5087864306832429,0.438320741316316
978,33.62884791881535,28.464478562408186,99.17206169728239,24.49434572268224,0.5110600594266705,0.5747465902392165
979,36.17757199342975,30.57469563387549,99.72757653317545,23.901934168238075,0.5585195588662392,0.4221688465328854
980,36.728347244398726,30.993172083193897,104.65604968247075,24.13234260730366,0.507489613376566,0.4338620569302649
981,34.14260947415003,28.596740213154153,101.2813711524658,24.431720736486195,0.501487761961349,0.4926666041000191
982,35.96308283260341,30.215158372811572,102.74212833217331,24.08261159823622,0.4486953243455463,0.37174132901934787
983,33.880913102916175,28.288986839613774,103.2582568938456,24.5397579745756,0.5358322100319917,0.4970952021081089
984,32.803935345828286,27.745285589431,100.01695317902254,24.63112788103921,0.4676194651705049,0.44753768868461175
985,33.53665159560542,28.29022555184194,100.44007815302568,24.512783075822178,0.5592613358154948,0.488960039969774
986,34.16975551635938,28.41594415140671,101.1270025899839,24.47013008052599,0.5359398909356856,0.5183682302523994
987,34.658280613814256,29.222428668170437,100.09889020695746,24.20522257510619,0.4316260977220808,0.4520657940365383
988,33.38633343335685,28.378663746557567,99.71632496085314,24.57085261266417,0.47939806871185414,0.5620405216012152
989,34.40040790495043,28.936664533088525,102.86117913926498,24.471028528072235,0.4642171677789314,0.5862974487713981
990,33.654722685127076,28.682532553717365,99.47176585226593,24.47095919474516,0.43617347553375624,0.4576790391216886
991,36.359262864794445,30.65962623492583,98.42461838576372,23.75362989208675,0.4187932718282308,0.44663056727701506
992,33.63070617115198,28.733859660494506,99.28651327840663,24.398302128029464,0.4667690669634983,0.4985027453226285
993,33.74179571514665,28.329001443291986,100.53580874521978,24.50007650046273,0.554245981740133,0.5154008211947221
994,33.187478407157286,27.88475011220696,98.75799749798384,24.4863345415316,0.5552465395394502,0.5019704875646154
995,37.51774291013147,31.486354177554485,101.8918795337121,23.723465744853893,0.40543202675978746,0.4726015364614127
996,35.16568373046677,29.391276586968345,102.44454230008057,24.182134961350535,0.46709100161281647,0.4651128568191549
997,35.615060405693,29.89855502797596,100.62270595477631,23.966160045004415,0.46078994458372946,0.49436483775473034
998,33.87210555577455,28.488070662347482,99.25420895743478,24.355176031290913,0.45295641543402143,0.4820563448191619
999,34.46376296155511,28.987647833005695,102.31292817155051,24.38781488117178,0.5015279590673738,0.5225889285431069
