frame,theta_ab_deg,delta_deg,kappa,kappa_2d,kappa_ratio_abs,separation_A,J_cm,J_pda_cm,shift_1pa_cm
0,102.6718499,38.66407503,1.571369725,-1.609683443,0.9761979798,25.72602252,29.39439489,25.23558955,-6.448156893
1,105.4290749,37.28546253,1.574012747,-1.633022658,0.9638646096,25.6611236,30.2288323,25.47031108,-8.042239265
2,100.6087089,39.69564555,1.522169098,-1.592050377,0.9561061136,25.16019568,30.76627266,26.13207328,-5.664093979
3,103.7270558,38.13647211,1.573471226,-1.618648449,0.97208954,24.69681958,33.59910603,28.56200744,-7.972963614
4,104.7019315,37.64903426,1.529132361,-1.626895276,0.9399082926,25.28838717,30.96232173,25.85441365,-7.857944711
5,100.2921081,39.85394596,1.51758089,-1.589333347,0.9548537398,26.07717901,27.66394071,23.40038667,-4.942624809
6,104.7881338,37.60593312,1.456706585,-1.627622759,0.8949903019,25.55329438,28.78685121,23.87175776,-7.347714764
7,103.1119023,38.44404886,1.530681916,-1.613426815,0.9487148108,25.66569167,29.43748968,24.75591842,-6.678001405
8,102.2049694,38.89751531,1.485587735,-1.605704784,0.925193566,25.81305504,28.46572244,23.61745479,-6.01792611
9,102.8460702,38.57696491,1.508531483,-1.61116626,0.9362978363,25.56432639,29.64468377,24.68904702,-6.590977264
10,102.1603088,38.91984561,1.496150567,-1.605323824,0.9319929999,24.89838504,32.04702912,26.50420457,-6.750631317
11,100.9297957,39.53510216,1.443603732,-1.594803034,0.9051924915,25.77690657,27.57525326,23.04669282,-5.22843535
12,103.134384,38.432808,1.57094291,-1.613617882,0.9735532357,24.95593847,32.62890113,27.63705059,-7.414453246
13,101.8088732,39.09556338,1.453009745,-1.602323822,0.906814044,25.70062202,28.13232428,23.40402931,-5.757213881
14,102.0254462,38.98727688,1.558500276,-1.604173043,0.9715287782,25.50897416,30.11862546,25.67325366,-6.275097722
15,102.5332796,38.73336018,1.537380934,-1.608503324,0.9557834981,25.32807026,30.71942754,25.87189225,-6.666320012
16,99.49214048,40.25392976,1.506317947,-1.582456156,0.9518860548,25.56786458,29.38347167,24.64258641,-4.845696221
17,101.4677301,39.26613495,1.51328231,-1.599407997,0.9461515219,25.32699636,30.3174269,25.46958692,-6.027589351
18,100.6210668,39.6894666,1.524774588,-1.592156374,0.957678914,25.18973923,31.09559982,26.08480775,-5.731315474
19,98.95897512,40.52051244,1.502599262,-1.577863611,0.9522998386,25.36085952,29.84637149,25.18861427,-4.647892495
20,99.1027996,40.4486002,1.461570367,-1.579103157,0.9255699101,25.60722585,28.49804149,23.80044864,-4.508570108
21,96.37438551,41.81280725,1.489360561,-1.555512325,0.9574726844,25.52524893,28.83795112,24.48741271,-3.201723429
22,101.0020197,39.49899017,1.536191917,-1.595421799,0.9628750958,25.20140964,31.00417532,26.24363473,-5.916948346
23,99.77132561,40.1143372,1.462430639,-1.584858159,0.9227517495,25.34638383,29.45980757,24.55728017,-4.999810073
24,100.1376749,39.93116256,1.481836152,-1.588007024,0.933142064,25.5655471,28.94920774,24.24866996,-5.095467264
25,102.3808715,38.80956426,1.555111435,-1.607204624,0.9675877062,24.78025568,33.09381989,27.94455356,-7.095621021
26,102.6182182,38.69089091,1.551069865,-1.60922677,0.9638603422,25.36927586,30.94698704,25.9752752,-6.760478865
27,100.4939785,39.75301075,1.508878943,-1.591066095,0.9483446023,24.43767813,33.88034335,28.27011572,-6.170701107
28,100.429564,39.78521798,1.523057108,-1.590513317,0.9575884036,25.11631192,31.06634777,26.28461339,-5.623836364
29,97.87721432,41.06139284,1.474933944,-1.568525312,0.9403316178,25.16762406,29.97730834,25.29874201,-4.108408824
30,99.31670106,40.34164947,1.517006415,-1.580945736,0.9595562836,24.89657912,31.84888335,26.8795129,-5.156062588
31,101.5831683,39.20841587,1.504748016,-1.600395072,0.940235347,24.76492258,32.55695985,27.08980415,-6.537116635
32,99.58617848,40.20691076,1.512978935,-1.583265445,0.9556066172,25.06021895,31.03549944,26.28641186,-5.168369314
33,99.1704533,40.41477335,1.46411889,-1.579686056,0.9268416874,25.35980435,29.2159901,24.54661764,-4.656214072
34,102.0257574,38.98712131,1.546724626,-1.604175699,0.9641865458,25.19452044,31.25088768,26.44525268,-6.511166113
35,102.467638,38.766181,1.445012171,-1.607944072,0.8986706664,25.44179595,29.06323819,23.99281578,-6.274408571
36,106.6943815,36.65280927,1.567450371,-1.643633296,0.9536496823,25.20064412,32.19366494,26.7800809,-9.248164424
37,97.01476387,41.49261806,1.481881251,-1.561062548,0.9492773067,25.09057991,30.22135588,25.65277285,-3.690786014
38,100.7341093,39.63294534,1.501987988,-1.593125776,0.9427930992,25.40196811,30.00512424,25.05632478,-5.588500945
39,99.86372714,40.06813643,1.501891581,-1.585652706,0.9471756176,25.28346654,30.19638509,25.40865855,-5.17280419
40,98.22720982,40.88639509,1.48621669,-1.571549482,0.9457014921,25.26488776,29.73227318,25.19898362,-4.254657466
41,97.39010918,41.30494541,1.504320429,-1.564312202,0.9616497439,24.99848344,30.89835694,26.33009194,-3.974282777
42,96.43620746,41.78189627,1.473023392,-1.556048456,0.9466436513,25.09301317,30.18919718,25.49201759,-3.384115751
43,100.544739,39.7276305,1.492172871,-1.591501619,0.9375880325,25.36485875,30.08276289,25.00200314,-5.505242996
44,96.18911131,41.90544435,1.45236149,-1.553905211,0.9346525646,24.72366729,31.22834126,26.27780363,-3.366740642
45,97.29294185,41.35352907,1.45753859,-1.563471209,0.9322452384,24.99918573,30.3762215,25.50912034,-3.856031013
46,99.32076326,40.33961837,1.458918046,-1.580980717,0.9227930679,25.39404254,28.87966669,24.36062227,-4.677392241
47,101.595907,39.20204648,1.508464037,-1.600503972,0.9424931543,24.86173546,31.8189629,26.84068823,-6.39586431
48,99.66059944,40.16970028,1.496460317,-1.583905751,0.9447912646,24.90762348,31.5551205,26.48020472,-5.295312151
49,102.6145285,38.69273573,1.482405621,-1.609195349,0.9212092377,24.28412356,34.01772617,28.30432229,-7.429154977
50,102.1382072,38.93089639,1.49684118,-1.605135271,0.932532732,24.91140103,31.64512433,26.47489661,-6.654037472
51,103.3455547,38.32722264,1.477876924,-1.61541171,0.9148608463,24.84572488,32.0011395,26.34730883,-7.386612447
52,97.65769382,41.17115309,1.472928263,-1.566627212,0.9401906537,24.5045966,32.69902923,27.37107992,-4.357290326
53,99.18698677,40.40650661,1.458262699,-1.579828491,0.9230512728,24.7549677,31.4879878,26.28461892,-5.027277087
54,100.9461921,39.52690394,1.516502138,-1.594943521,0.9508187081,24.56538202,33.32879009,27.97212561,-6.328705333
55,101.6420153,39.17899237,1.475131048,-1.600898097,0.9214396914,25.01686531,30.88041869,25.76231836,-6.231550959
56,102.259826,38.87008701,1.521133315,-1.60617263,0.9470546857,24.9573528,32.01735531,26.75621846,-6.798733636
57,100.2851417,39.85742915,1.515598735,-1.589273531,0.9536424699,24.57462886,32.92036588,27.92391718,-5.877834603
58,103.7564814,38.12175932,1.534431049,-1.618897885,0.9478244819,24.39870109,34.51586479,28.88685544,-8.207726646
59,103.6953058,38.15234712,1.482540122,-1.618379273,0.916064699,25.06593102,30.91403005,25.73996456,-7.319160812
60,103.5787491,38.21062547,1.537182313,-1.617390799,0.9504087166,25.48985825,29.88516492,25.37909477,-7.016486769
61,106.0637645,36.96811777,1.516919903,-1.638353486,0.9258807184,25.25283066,30.94078942,25.75641773,-8.561532177
62,102.2000653,38.89996734,1.461681435,-1.605662955,0.910328927,24.79820151,31.60933654,26.20868231,-6.679871832
63,101.0990289,39.45048557,1.496703126,-1.596252667,0.937635474,24.99418557,31.48861377,26.21028274,-6.06172611
64,99.78723252,40.10638374,1.477737259,-1.584994956,0.9323293134,25.29706345,29.80711636,24.95973115,-5.066909085
65,102.4057616,38.79711919,1.510071602,-1.60741677,0.9394399949,25.16308268,30.97176475,25.91546563,-6.653773841
66,101.3286884,39.33565579,1.519196849,-1.59821856,0.9505563801,25.05233868,31.39020246,26.41935667,-6.166200989
67,104.1966712,37.90166439,1.531209762,-1.622625531,0.94366182,25.06321538,31.87732088,26.59361273,-7.817946811
68,99.80762617,40.09618691,1.46544429,-1.585170329,0.9244711834,24.88738139,30.94556698,25.99469422,-5.27128822
69,103.3416099,38.32919505,1.480237291,-1.615378214,0.9163410019,24.90406438,31.49982638,26.20436617,-7.26878741
70,101.5995402,39.2002299,1.519144544,-1.60053503,0.9491479509,24.78164703,32.43040504,27.29364933,-6.520783491
71,107.3082181,36.34589093,1.552322012,-1.648755908,0.9415111145,24.4192733,35.06986228,29.14986979,-10.4336984
72,99.75836002,40.12081999,1.532437628,-1.584746652,0.9669921853,24.79928558,32.56731811,27.47377312,-5.519942364
73,100.4730595,39.76347025,1.47304049,-1.590886589,0.9259242613,24.39326269,33.51372792,27.74968236,-6.091896851
74,99.58620547,40.20689726,1.468755281,-1.583265677,0.9276745542,24.81551804,31.58960985,26.28042677,-5.260660486
75,100.7011177,39.64944115,1.488888162,-1.592842892,0.9347363573,24.91170073,31.59353064,26.33327975,-5.866469498
76,100.0811099,39.95944507,1.50752797,-1.587521065,0.9496113174,24.97048173,31.32945271,26.47510101,-5.48397415
77,101.5655743,39.21721286,1.468305499,-1.600244657,0.9175506336,25.52137604,29.3173221,24.15222663,-5.877809821
78,103.3491909,38.32540455,1.511772557,-1.615442584,0.9358256192,24.4412634,34.32247204,28.31186722,-7.924549735
79,102.0116336,38.99418319,1.537710498,-1.604055147,0.9586394213,24.70370048,33.38954174,27.88955276,-6.948707368
80,104.6738378,37.66308112,1.480876374,-1.626658124,0.910379601,24.64547602,32.89821956,27.04955853,-8.333653518
81,101.4199392,39.29003038,1.512155099,-1.598999234,0.9456884448,24.68528932,32.92556547,27.4874646,-6.519211518
82,98.74612664,40.62693668,1.467109577,-1.576028285,0.9308903849,25.23250416,29.98187299,24.97091757,-4.558940762
83,101.7736549,39.11317256,1.513309633,-1.602022969,0.9446241796,24.67514419,32.72508503,27.5423954,-6.677420672
84,99.13609297,40.43195351,1.413570187,-1.579390024,0.8950102034,24.82255331,30.22567496,25.2715006,-4.799234135
85,106.286479,36.8567605,1.527140109,-1.6402201,0.9310580382,24.44869228,34.73076232,28.57360192,-9.739901954
86,100.7825855,39.60870726,1.474752562,-1.593541374,0.9254560853,24.48281191,32.91347411,27.47820005,-6.157543207
87,104.8578354,37.57108231,1.519875943,-1.628210778,0.9334638753,24.1469585,35.7537595,29.51711067,-9.168034653
88,101.1203022,39.43984892,1.471756626,-1.596434833,0.9219021005,24.62900058,32.42198176,26.93696379,-6.253216769
89,103.5810987,38.20945065,1.498615048,-1.61741073,0.9265519387,24.23115277,35.18541049,28.80188232,-8.262289467
90,105.5747442,37.21262788,1.537025012,-1.634247618,0.9405092563,24.12325333,35.71692634,29.93824317,-9.589824576
91,102.0828583,38.95857087,1.555092642,-1.60466301,0.9691085495,24.33070226,35.07074304,29.52197062,-7.341219074
92,105.0528167,37.47359163,1.497769258,-1.629854675,0.9189587762,24.47958239,33.84901301,27.91810316,-8.790905186
93,100.45865,39.770675,1.482035613,-1.590762935,0.9316508331,24.03153113,35.05654105,29.198956,-6.363669083
94,101.6792174,39.16039131,1.521856153,-1.601216047,0.9504377352,24.02511516,35.89570399,30.00752525,-7.266442499
95,100.7805024,39.60974882,1.535423969,-1.593523517,0.9635402004,24.5564677,33.58808234,28.35199584,-6.282551161
96,101.3313,39.33435,1.460533587,-1.598240907,0.9138381959,24.35745366,33.00094765,27.63560033,-6.484086027
97,102.6469483,38.67652584,1.514710303,-1.609471418,0.9411228342,24.69026432,32.64904412,27.51727167,-7.148274343
98,104.8463416,37.57682919,1.53711655,-1.628113827,0.9441087743,24.79304595,32.89599694,27.57846896,-8.428864132
99,101.0962474,39.45187631,1.48896982,-1.596228848,0.9328047301,24.3617762,33.72042626,28.15866475,-6.489755545
100,102.9089994,38.54550032,1.481652368,-1.611701609,0.9193093562,24.92455312,31.35700758,26.16478605,-7.005256381
101,100.5375914,39.7312043,1.526359148,-1.591440297,0.9591055043,24.60191899,33.18676876,28.02868943,-6.069215973
102,99.32947067,40.33526466,1.51328942,-1.5810557,0.957138588,24.7364527,32.60771571,27.33774854,-5.286082416
103,101.2336252,39.38318739,1.522896994,-1.597405006,0.9533568434,24.89474528,31.79979835,26.98985046,-6.194919089
104,104.2137635,37.89311824,1.570304296,-1.622770129,0.9676689679,24.38899157,34.88961756,29.5975183,-8.566805689
105,98.88800952,40.55599524,1.459031474,-1.577251815,0.9250466287,24.51078089,32.37337985,27.09232192,-5.001804679
106,101.9163361,39.04183196,1.538413351,-1.603241584,0.9595642767,24.51839798,33.61007814,28.53972469,-6.939915402
107,103.3268348,38.33658258,1.540547999,-1.615252753,0.9537504248,24.51951151,34.01366107,28.57543188,-7.840336165
108,101.5822688,39.2088656,1.496198391,-1.600387382,0.9348976425,24.97158917,31.23427956,26.272636,-6.27105512
109,103.2253639,38.38731804,1.494847321,-1.614390918,0.9259512704,24.75918742,32.51117719,26.9302686,-7.437966794
110,100.5474348,39.7262826,1.531131248,-1.591524747,0.962053057,24.48768887,33.40472904,28.51162914,-6.114718726
111,98.3200859,40.83995705,1.465693437,-1.572351543,0.9321665019,25.08894249,29.58846595,25.37751453,-4.281542314
112,99.30415528,40.34792236,1.467575922,-1.580837695,0.9283533196,24.93691942,30.66775669,25.87767068,-4.958221547
113,103.9663826,38.01680868,1.489652947,-1.620676274,0.9191551519,24.92116866,31.7582239,26.3167889,-7.664928284
114,99.45443841,40.2727808,1.439495324,-1.58213163,0.9098454873,25.54719292,28.11735877,23.60661435,-4.618649005
115,102.0586651,38.97066746,1.52106356,-1.604456553,0.9480241501,24.78912665,32.32163451,27.30339756,-6.752413052
116,95.49414368,42.25292816,1.470761596,-1.547872005,0.9501829552,24.92709359,30.50629295,25.9645236,-2.920794835
117,101.1346425,39.43267873,1.52915674,-1.596557623,0.95778362,24.75379547,32.74607738,27.56637237,-6.323766809
118,100.8974718,39.55126408,1.502385051,-1.594526057,0.9422141735,25.18462411,30.5164516,25.71744641,-5.769199691
119,104.8295266,37.58523671,1.487932916,-1.627971982,0.9139794377,24.61013089,33.07542286,27.29572225,-8.465454806
120,101.7824391,39.10878045,1.518471551,-1.602098012,0.9478019068,25.10320143,31.14777031,26.24655672,-6.360250847
121,104.5910345,37.70448276,1.525241205,-1.625958965,0.9380563949,24.81127122,32.89781691,27.30514523,-8.287549946
122,103.0073702,38.4963149,1.493692869,-1.612538195,0.926299218,24.6140986,33.04554832,27.38813811,-7.43777272
123,104.8055692,37.5972154,1.528571493,-1.627769866,0.9390587236,24.56963698,33.84632619,28.18010109,-8.649081152
124,103.6819273,38.15903636,1.533620604,-1.61826584,0.947693862,24.95461506,32.05932028,26.98474505,-7.583044886
125,106.2945505,36.85272474,1.526738073,-1.64028771,0.9307745612,24.70146038,33.37673992,27.69807937,-9.364692796
126,102.9002343,38.54988285,1.464008755,-1.611627051,0.9084041832,24.96212657,30.83597047,25.73664552,-6.8842569
127,100.6554184,39.67229081,1.530275991,-1.592450996,0.9609564093,24.8098666,32.43769391,27.39993211,-5.997794227
128,108.1133077,35.94334613,1.558517847,-1.655448596,0.9414474428,24.48703793,34.93016027,29.0239173,-10.85968874
129,99.88596028,40.05701986,1.508769278,-1.585843852,0.9513983839,24.47054307,33.56005619,28.15431849,-5.761849013
130,102.3928102,38.80359491,1.523617679,-1.607306383,0.9479323263,24.97447907,31.85348731,26.74482116,-6.836165047
131,102.8719292,38.56403542,1.556284298,-1.611386263,0.9658046206,24.96024801,32.14092066,27.36498767,-7.160114081
132,102.9328194,38.53359028,1.512678651,-1.611904215,0.9384420221,24.65642963,33.17663577,27.59364804,-7.425210757
133,105.9908081,37.00459593,1.551178421,-1.637741569,0.9471448061,24.73179273,33.52711972,28.0380606,-9.236156177
134,102.263902,38.86804902,1.515595417,-1.606207388,0.9435863811,24.71181971,32.77537882,27.4613645,-6.961974762
135,101.0376809,39.48115955,1.52207539,-1.595727263,0.9538443225,24.33916233,34.27397037,28.86504855,-6.561906783
136,100.8680783,39.56596085,1.489333538,-1.594274163,0.9341765506,24.42684728,33.51141279,27.94105035,-6.318520797
137,100.3738911,39.81305443,1.508058841,-1.590035464,0.9484435259,24.57849526,33.10106856,27.77188917,-5.960540103
138,102.4431347,38.77843266,1.546550412,-1.607735273,0.9619434477,24.8125489,32.99531924,27.6823497,-7.109519458
139,106.7340317,36.63298414,1.579625596,-1.643964691,0.9608634567,24.56446824,34.70782642,29.13969962,-9.993403032
140,102.8310195,38.58449027,1.526608407,-1.611038201,0.9475929285,24.36672528,34.49128128,28.85287927,-7.659699679
141,105.3864152,37.30679238,1.509174,-1.632663762,0.9243630162,24.7892646,32.57727975,27.08952531,-8.643648983
142,104.0418812,37.9790594,1.523608907,-1.621315541,0.9397362008,24.53344689,33.80878312,28.21309969,-8.20306166
143,103.601062,38.19946901,1.521819237,-1.617580064,0.9407999463,25.20873319,30.99040489,25.97544608,-7.28770759
144,105.4063827,37.29680863,1.512548067,-1.632831758,0.9263343024,24.90937301,32.10486777,26.75924194,-8.529092055
145,100.3994749,39.80026253,1.496992039,-1.590255066,0.9413534164,24.68314781,31.88376506,27.21891871,-5.755342631
146,100.9016794,39.54916031,1.473777971,-1.594562112,0.9242524699,24.66553333,32.21628275,26.85428164,-6.092879499
147,102.0087498,38.9956251,1.553980101,-1.604030532,0.9687970834,24.52799136,33.57183421,28.79469677,-6.984991544
148,100.8153594,39.59232032,1.521908824,-1.593822316,0.9548798563,24.56571572,33.33457008,28.07070884,-6.255053105
149,100.8530248,39.57348759,1.516813305,-1.59414515,0.9514900859,25.0748304,31.28712777,26.30698799,-5.89106266
150,104.5452156,37.72739218,1.564979885,-1.625571976,0.9627256794,25.34614799,30.83220557,26.28003084,-7.743321931
151,104.2574343,37.87128285,1.588323693,-1.623139526,0.9785503141,25.49562322,30.66272851,26.20566149,-7.551587696
152,104.3253535,37.83732327,1.544309986,-1.62371389,0.9510973549,25.00110497,31.83162791,27.02152645,-7.876029005
153,104.0333121,37.98334396,1.517615891,-1.621242995,0.9360816952,25.52962434,29.74824637,24.93914741,-7.213532974
154,101.7095074,39.14524631,1.544949609,-1.60147489,0.9647042353,24.95941189,32.06735499,27.16841388,-6.508062637
155,103.38757,38.30621499,1.54991995,-1.61576843,0.9592463381,24.84047477,32.50553156,27.64920203,-7.52622871
156,103.9873038,38.00634812,1.51766742,-1.62085344,0.9363384637,24.93179515,31.98196962,26.77743486,-7.730262114
157,104.8887664,37.55561681,1.577416733,-1.628471658,0.9686485639,24.56441822,34.29357228,29.09913,-8.81150421
158,102.9852219,38.50738905,1.525159541,-1.612349865,0.9459234463,24.82803243,32.58442775,27.24842308,-7.321712148
159,101.0939188,39.45304062,1.525378757,-1.596208907,0.9556260154,25.10463087,31.03387485,26.36144325,-5.971470337
160,100.4154664,39.7922668,1.499789401,-1.590392322,0.9430310878,24.95967997,31.27567019,26.37340793,-5.654160885
161,101.6109789,39.19451054,1.546362471,-1.600632811,0.9660944476,24.54274773,33.45372172,28.6018919,-6.733084113
162,102.2384369,38.88078157,1.563161821,-1.605990224,0.9733320895,24.8212185,32.64258951,27.95037609,-6.919590748
163,101.7337184,39.13314079,1.518218403,-1.601681765,0.9478901712,24.43522168,33.45324251,28.45367788,-6.803169505
164,99.93088709,40.03455645,1.495708551,-1.586230065,0.9429329226,24.61169494,32.53458544,27.43313343,-5.610918817
165,103.8622599,38.06887003,1.564181477,-1.619794295,0.9656667404,25.07515,32.40924432,27.12748485,-7.764885182
166,104.7370808,37.63145961,1.542177469,-1.627191945,0.9477538737,24.78385754,32.51581887,27.70005627,-8.271500472
167,101.8683866,39.06580672,1.538740308,-1.602832127,0.9600133925,24.72562858,32.76997034,27.83404445,-6.739611485
168,106.3461228,36.82693862,1.5835522,-1.640719628,0.9651571013,24.92296068,33.06419347,27.96961553,-9.30556199
169,106.9964651,36.50176744,1.579382909,-1.646156352,0.959436755,24.48343907,35.06144943,29.42545459,-10.24890711
170,108.5145624,35.74271878,1.591936426,-1.658772837,0.9597073149,24.43446116,35.45867174,29.83804958,-11.25974783
171,108.719214,35.64039298,1.589940889,-1.660465309,0.9575273149,24.4678317,34.87293525,29.67888183,-11.19179266
172,100.7146386,39.64268072,1.51061651,-1.592958829,0.9483085702,24.65009809,32.66812464,27.57727064,-6.073581233
173,103.6568027,38.17159866,1.529326513,-1.618052797,0.9451647784,24.96423492,31.24530693,26.87809257,-7.377191741
174,106.5278684,36.7360658,1.581344234,-1.642240838,0.9629185908,24.24653173,35.80562158,30.33406088,-10.18604325
175,104.7583647,37.62081766,1.546045615,-1.627371563,0.950026196,24.57785836,33.84540843,28.4736539,-8.62188514
176,101.8685382,39.06573092,1.529869444,-1.602833421,0.9544781281,24.57422239,33.24536138,28.18824435,-6.837468512
177,106.3428081,36.82859596,1.578433567,-1.640691871,0.9620536285,24.31782208,35.35029733,30.01271525,-9.946998916
178,106.3225361,36.83873194,1.538146219,-1.640522103,0.9375955473,24.5458956,33.70149733,28.43897792,-9.471610588
179,99.09363021,40.4531849,1.517090098,-1.579024146,0.9607770104,24.45971475,33.35776225,28.3472034,-5.27213734
180,104.9189339,37.54053303,1.56090825,-1.628726064,0.9583614365,24.47571415,34.69687315,29.10879775,-8.932783807
181,102.6545549,38.67272257,1.508714251,-1.609536187,0.9373596341,24.50851362,33.1938129,28.02264227,-7.271847364
182,107.7298163,36.13509184,1.596946573,-1.652264389,0.9665199975,24.1825101,36.30656865,30.87729614,-11.05639498
183,105.7080107,37.14599464,1.574456617,-1.63536752,0.9627539972,24.7092952,33.52183899,28.53662672,-9.075536442
184,102.0284351,38.98578244,1.546528781,-1.604198553,0.9640507268,24.3218003,34.82546028,29.39164284,-7.257525164
185,107.0005866,36.49970669,1.572449609,-1.646190748,0.9552049853,24.55694574,34.77087096,29.03398813,-10.16635926
186,102.8609011,38.56954945,1.532934977,-1.611292441,0.9513698061,24.90221544,32.01477359,27.14330865,-7.126004616
187,100.2052374,39.89738129,1.504699201,-1.588587352,0.9471932394,24.65064414,32.31017793,27.46742095,-5.724546244
188,105.7633978,37.11830108,1.519055289,-1.63583275,0.9286128362,24.21322598,35.1362817,29.25961622,-9.545315526
189,101.6856957,39.15715214,1.525323492,-1.60127141,0.9525702409,24.89318338,31.93102177,27.03794335,-6.467399173
190,104.5060125,37.74699376,1.548876816,-1.625240799,0.9530137427,24.66398416,33.38598399,28.22800531,-8.362574611
191,103.3679328,38.31603359,1.524224408,-1.615601713,0.943440698,24.81979529,32.57332133,27.25883784,-7.531063488
192,105.2297142,37.38514292,1.516905905,-1.631344805,0.9298499618,24.55971332,33.37631163,27.99895178,-8.767610296
193,106.00757,36.99621499,1.536725542,-1.637882179,0.9382393695,24.85375493,32.41970005,27.36990468,-8.940197739
194,105.8480791,37.07596043,1.532096073,-1.636543793,0.9361778642,24.87223369,32.62624142,27.22667709,-8.909821508
195,105.1191821,37.44040897,1.529788407,-1.630413862,0.9382822619,25.14599591,31.36158564,26.30739547,-8.179971026
196,102.2749628,38.86251862,1.510130335,-1.606301707,0.9401286995,24.87281023,31.70456183,26.83446075,-6.740498096
197,103.2357994,38.38210031,1.498735422,-1.614479567,0.928308696,24.63999113,32.87770387,27.39405604,-7.527650615
198,99.43577152,40.28211424,1.501919272,-1.581970939,0.949397511,25.07225964,30.35636275,26.05668544,-4.976679112
199,104.4376057,37.78119714,1.516400991,-1.624662779,0.9333635329,24.77463746,32.34162603,27.26748893,-8.063593928
200,104.2630359,37.86848206,1.502929506,-1.623186903,0.9259127853,25.24034855,30.58387732,25.5567472,-7.535066232
201,107.5590536,36.2204732,1.572678932,-1.650844308,0.9526512732,25.09238719,32.14410064,27.2186849,-9.697509242
202,103.9110208,38.04448959,1.53633972,-1.620207377,0.9482364677,24.86486763,32.50637958,27.3263618,-7.815013279
203,105.306151,37.34692448,1.544763511,-1.6319883,0.9465530549,24.97377423,32.36918312,27.11830048,-8.544706887
204,98.02242682,40.98878659,1.518101396,-1.569780351,0.9670788618,24.6817781,32.01547971,27.60733333,-4.468102852
205,102.3372451,38.83137743,1.474537782,-1.606832735,0.9176672532,24.93195623,31.28443228,26.01595947,-6.684402931
206,104.2218475,37.88907624,1.497480114,-1.622838514,0.9227536203,24.75622701,32.29908699,26.98737875,-7.935143713
207,103.217734,38.39113299,1.536597368,-1.614326099,0.951850663,24.73770919,32.8581125,27.75457973,-7.51307966
208,100.9744326,39.5127837,1.563596021,-1.59518547,0.9801970057,24.32299752,34.66157728,29.71161643,-6.598557037
209,102.2188745,38.89056274,1.50306125,-1.605823384,0.9360065779,24.56122692,32.81394534,27.73827923,-6.944965468
210,104.8721662,37.56391692,1.524042626,-1.628331652,0.935953449,24.7080986,32.83406667,27.62689942,-8.427300069
211,104.6353251,37.68233743,1.560826274,-1.626332971,0.9597212266,24.29730927,35.33973273,29.75315548,-8.929146843
212,103.3404094,38.32979532,1.493329445,-1.61536802,0.9244515348,25.0165321,31.3377721,26.08118508,-7.230753435
213,98.10281914,40.94859043,1.478704571,-1.570474972,0.9415651938,24.54739605,32.06496524,27.33494073,-4.519555059
214,106.0388006,36.98059972,1.525966632,-1.638144128,0.9315215955,24.43525832,34.37308054,28.59876264,-9.496878494
215,104.6867307,37.65663464,1.550859457,-1.626766963,0.9533384268,24.99008069,32.31292061,27.17205452,-8.192421609
216,103.2351174,38.38244129,1.538123072,-1.614473774,0.9527086142,24.48456057,34.13653505,28.65280568,-7.815475997
217,99.49377872,40.25311064,1.510125385,-1.582470256,0.9542835821,25.04272025,30.79691023,26.29187213,-5.079658148
218,100.643044,39.67847801,1.517224992,-1.592344869,0.9528243673,25.00997602,31.18856776,26.51936811,-5.760208398
219,98.80385479,40.5980726,1.482226834,-1.576526161,0.9401853709,24.37404413,33.15091924,27.98884016,-5.073825192
220,96.74459019,41.62770491,1.455077959,-1.558721816,0.9335071494,25.04209847,29.83552259,25.33536208,-3.503992147
221,100.7314168,39.63429161,1.514871792,-1.59310269,0.950894002,25.00549468,31.16376558,26.49247524,-5.802860802
222,100.0691645,39.96541774,1.502379124,-1.58741843,0.9464291808,24.92026069,31.22599865,26.54451575,-5.459455563
223,99.79977425,40.10011288,1.518641579,-1.585102808,0.9580713448,24.45262033,33.18938907,28.40089864,-5.649020431
224,97.63625705,41.18187147,1.451166664,-1.566441805,0.9264095607,24.58875164,31.87285995,26.69075521,-4.235380687
225,100.6975843,39.65120785,1.52186192,-1.592812593,0.9554557308,24.34878018,33.6836786,28.82681318,-6.252539117
226,98.784825,40.6075875,1.441007604,-1.576362048,0.9141349264,24.65318876,31.27438138,26.29662296,-4.776351593
227,100.1553563,39.92232184,1.44611646,-1.588158911,0.9105615626,24.59163077,31.55390223,26.58852777,-5.563515319
228,97.19909454,41.40045273,1.467972328,-1.562658777,0.9394068294,24.16501937,33.21258444,28.44522911,-4.162119875
229,97.76349192,41.11825404,1.460065682,-1.567542127,0.9314363272,24.78904243,31.07557765,26.20874047,-4.197821229
230,99.59130069,40.20434965,1.452831028,-1.58330952,0.9175912923,24.54541238,32.21086607,26.86316117,-5.366943567
231,99.75714168,40.12142916,1.497869241,-1.584736174,0.94518524,24.41365922,33.54725503,28.14675143,-5.685332076
232,96.90621265,41.54689367,1.471643679,-1.560122242,0.9432874163,23.98520429,34.57191794,29.16254442,-4.157082434
233,99.76154209,40.11922896,1.525910249,-1.584774019,0.9628566793,24.00502013,35.49675261,30.1630863,-6.018404766
234,97.14374448,41.42812776,1.503279629,-1.562179536,0.9622963267,24.37720988,33.3053003,28.3753216,-4.141816216
235,98.20669592,40.89665204,1.4650171,-1.571372302,0.9323169931,24.62174421,31.69467904,26.83732699,-4.524244404
236,94.70918898,42.64540551,1.440860879,-1.541049173,0.934986958,24.38871108,32.01383254,27.15867091,-2.628282709
237,100.1952212,39.90238938,1.538509917,-1.588501326,0.968529199,24.09540591,35.23456052,30.07118687,-6.236610679
238,96.17834086,41.91082957,1.480108474,-1.553811768,0.9525661376,24.29564944,32.65038932,28.22026043,-3.513950344
239,94.39363232,42.80318384,1.46342623,-1.538304109,0.9513243973,24.81111847,30.57751755,26.19900617,-2.342489137
240,95.57725205,42.21137398,1.468908165,-1.54859388,0.9485431811,23.97820612,34.27692652,29.13383039,-3.331297717
241,96.77917007,41.61041497,1.48149672,-1.559021483,0.9502734477,24.79208898,31.53089987,26.58363334,-3.722000972
242,99.02870901,40.4856455,1.467645767,-1.578464672,0.9297932311,24.44542456,32.46384124,27.47144496,-5.094529282
243,98.03471142,40.98264429,1.471312445,-1.569886504,0.937209436,24.77099376,31.34742668,26.46839628,-4.38152412
244,101.544401,39.22779949,1.490690767,-1.600063631,0.9316446789,24.34596894,33.69743755,28.24615776,-6.743775891
245,99.29764485,40.35117757,1.511459226,-1.580781628,0.9561467565,24.25395169,34.28196918,28.9668934,-5.538706569
246,95.18529598,42.40735201,1.467686858,-1.5451885,0.9498432444,25.09082568,29.60531108,25.40630783,-2.675639195
247,94.08146738,42.95926631,1.476426221,-1.535587407,0.9614732546,24.93139418,30.48627579,26.05103989,-2.169854982
248,93.55952741,43.2202363,1.405585773,-1.531042759,0.9180578171,24.7029685,29.99186053,25.49546448,-1.86206019
249,102.5456871,38.72715645,1.504685031,-1.608609017,0.9353951244,24.42133821,33.78214712,28.24816465,-7.338091579
250,98.79838229,40.60080885,1.470002701,-1.576478967,0.9324594437,24.60038041,32.33737116,26.99887534,-4.946257492
251,97.49693555,41.25153222,1.469283335,-1.565236582,0.9386972883,24.6603332,31.86636314,26.78932319,-4.157705253
252,98.73177804,40.63411098,1.467941256,-1.575904523,0.9314912383,24.46870337,32.87199938,27.39862813,-4.990266889
253,99.90671633,40.04664183,1.472374101,-1.586022288,0.9283438903,24.67128335,31.84844128,26.80994702,-5.479351565
254,100.9229184,39.53854078,1.526549589,-1.594744107,0.9572379559,24.6441121,32.83311064,27.88845141,-6.22148748
255,100.051446,39.97427698,1.503808967,-1.587266185,0.9474207804,24.70914844,32.64356128,27.25664168,-5.697358083
256,99.29045238,40.35477381,1.495784753,-1.580719686,0.9462681881,24.90650035,31.40101523,26.4718313,-5.069360174
257,100.8760388,39.56198061,1.495888531,-1.594342385,0.9382479859,24.78260494,31.76957985,26.87270476,-5.994435843
258,101.5704956,39.2147522,1.506391323,-1.600286732,0.9413258842,24.55215684,33.21028765,27.83055493,-6.661102407
259,95.30152062,42.34923969,1.495382423,-1.546198507,0.9671348254,24.80407031,31.03270809,26.79393011,-2.867329556
260,100.7875567,39.60622163,1.505061508,-1.593583991,0.9444506951,24.31127831,34.02918333,28.64071615,-6.369173542
261,99.78105566,40.10947217,1.52869721,-1.584941837,0.9645131287,24.61901378,32.82873742,28.01318752,-5.577066508
262,99.8967317,40.05163415,1.520951362,-1.585936453,0.9590241518,24.88173227,31.9679112,26.99768325,-5.494417822
263,101.3109257,39.34453715,1.537654592,-1.598066567,0.9621968345,24.8666863,32.24203782,27.34374858,-6.323731915
264,100.2328814,39.88355931,1.505926,-1.588824765,0.9478238465,24.49075726,32.76317293,28.03173636,-5.82036226
265,101.1784965,39.41075173,1.511151321,-1.596933089,0.9462834298,24.81755613,31.95022749,27.03235776,-6.19406852
266,99.00021721,40.49989139,1.506673134,-1.578219105,0.9546666429,24.91087194,31.02209117,26.65049419,-4.853040395
267,96.24549967,41.87725017,1.52141639,-1.554394398,0.9787840154,24.4728489,32.93529165,28.3822953,-3.582990715
268,98.98660972,40.50669514,1.454142096,-1.578101817,0.9214501121,24.73432975,31.11220186,26.27600994,-4.859838979
269,104.3158329,37.84208355,1.562699033,-1.623633389,0.9624703728,24.55433198,34.11984497,28.86316707,-8.436704113
270,95.6524713,42.17376435,1.486279981,-1.549247142,0.9593562835,24.72857969,31.53105775,26.87547317,-3.105628986
271,102.6194526,38.69027371,1.532340232,-1.609237282,0.95221522,24.70886748,32.99365445,27.77472028,-7.20827426
272,100.9838537,39.50807313,1.514432098,-1.59526618,0.9493287812,24.7113992,32.41397271,27.44168696,-6.175910715
273,98.81596502,40.59201749,1.480127337,-1.576630596,0.9387914586,24.86790566,30.70963755,26.3168834,-4.706595667
274,100.0550214,39.97248931,1.457376963,-1.587296906,0.9181501945,24.3509225,32.88158596,27.59806636,-5.740921458
275,99.41153394,40.29423303,1.490964315,-1.581762281,0.9425969587,24.83662749,31.63565112,26.60984765,-5.173205964
276,101.4957611,39.25211944,1.522449042,-1.599647718,0.9517402017,24.47689456,33.69073791,28.38747887,-6.714410328
277,98.73543597,40.63228201,1.511330575,-1.575936075,0.959005,24.24974951,34.38629295,28.97948794,-5.222320222
278,101.5113051,39.24434744,1.542280774,-1.599780641,0.9640576556,25.03571749,31.67429009,26.87424845,-6.320961907
279,103.3507312,38.32463441,1.512745303,-1.615455662,0.9364201926,24.47877678,33.76671287,28.20003754,-7.797116409
280,98.41331622,40.79334189,1.515814609,-1.573156472,0.9635498032,25.05687715,30.5673181,26.34621715,-4.47239428
281,98.20832503,40.89583749,1.447485038,-1.571386373,0.9211515786,24.93575247,30.35714555,25.52699296,-4.334173025
282,100.8714459,39.56427704,1.493059411,-1.594303024,0.9364966315,24.67584921,32.19928102,27.17151014,-6.072979135
283,101.7836003,39.10819986,1.523821328,-1.602107932,0.9511352501,24.5954179,33.03905747,28.00428181,-6.747099638
284,101.8497246,39.07513771,1.572907226,-1.602672746,0.9814275744,24.71280681,32.96709905,28.4963932,-6.769645185
285,96.90802513,41.54598744,1.520023002,-1.560137944,0.9742875672,24.78396368,31.34107327,27.30177467,-3.769575422
286,101.4992146,39.25039268,1.506254617,-1.599677251,0.9415990733,24.25539806,34.00021558,28.86198404,-6.778096062
287,102.8513773,38.57431136,1.548224705,-1.611211414,0.9609072351,24.35382847,34.62024069,29.30793869,-7.700331824
288,103.357284,38.321358,1.513870015,-1.6155113,0.9370841384,24.76910269,32.52720084,27.24023034,-7.514518539
289,102.1226273,38.93868634,1.548033696,-1.605002347,0.9645055655,24.6662322,33.34113864,28.20492654,-7.00179561
290,105.255537,37.3722315,1.539753789,-1.631562225,0.9437297366,24.60675144,33.70099975,28.2580015,-8.867556994
291,101.9108975,39.04455126,1.562620668,-1.603195146,0.9746914921,24.82457022,32.56779743,27.92938411,-6.721677193
292,98.46271925,40.76864038,1.501658211,-1.573582928,0.9542923888,25.11790939,30.62768145,25.9103713,-4.507348929
293,99.18577018,40.40711491,1.484368589,-1.57981801,0.9395820145,24.93752829,30.84829767,26.17185755,-4.924499476
294,97.56706245,41.21646877,1.494901282,-1.565843275,0.9546940657,25.03620406,30.63166045,26.0471419,-4.033777675
295,96.69857855,41.65071072,1.499627848,-1.558323049,0.9623343819,25.03209239,30.50066989,26.14237543,-3.557784114
296,97.21127645,41.39436178,1.514033194,-1.562764245,0.968817401,24.98825203,30.59169904,26.53265891,-3.840129798
297,107.211718,36.39414099,1.519211135,-1.647951708,0.9218784312,24.61316522,33.43662691,27.85920656,-9.894012104
298,97.95665602,41.02167199,1.517196019,-1.569211964,0.9668521866,24.73971793,31.88176621,27.39747081,-4.413199316
299,101.7934342,39.10328291,1.532144692,-1.602191938,0.9562803649,24.37712867,34.04522524,28.92045633,-6.958295123
300,94.53681938,42.73159031,1.511841526,-1.539549859,0.9820023153,24.29210601,33.29376628,28.83790963,-2.633527519
301,100.2967833,39.85160835,1.515791916,-1.589373489,0.9537040394,24.50621427,33.11928681,28.16202743,-5.919972413
302,103.701004,38.14949802,1.537650661,-1.618427585,0.9500892567,24.87717748,32.33469543,27.30909924,-7.658639779
303,101.6266409,39.18667953,1.553698227,-1.600766687,0.9705963019,24.12832614,35.5598536,30.2439211,-7.166497296
304,101.7477375,39.12613123,1.516328768,-1.601801546,0.9466395963,24.63813074,33.02740851,27.72190803,-6.724482465
305,101.9367485,39.03162576,1.576812019,-1.60341587,0.9834080154,24.85762109,32.41290351,28.07076448,-6.704017262
306,103.235139,38.38243052,1.569656782,-1.614473957,0.972240385,24.64158515,33.62526142,28.68479729,-7.698433461
307,101.7786898,39.11065511,1.530487237,-1.602065982,0.9553209758,24.63266768,32.86540365,27.99937769,-6.708879401
308,99.30508728,40.34745636,1.521215605,-1.580845722,0.9622796106,24.88260334,31.99892955,26.99953797,-5.173953101
309,99.25582282,40.37208859,1.512615439,-1.580421435,0.9570962564,24.77059886,32.10784935,27.21272417,-5.164318657
310,98.70591444,40.64704278,1.510124529,-1.575681429,0.958394572,24.60598878,32.50682572,27.71681396,-4.920326052
311,98.58063842,40.70968079,1.50207677,-1.574600606,0.9539414407,24.60780778,32.31535338,27.56299221,-4.821489858
312,105.1695955,37.41520225,1.565538428,-1.630838524,0.9599591897,24.63180026,33.86490588,28.64364481,-8.861668587
313,106.0540078,36.97299612,1.586482066,-1.638271666,0.9683876606,24.62837716,34.1215467,29.03894201,-9.436086185
314,102.1568673,38.92156634,1.538782596,-1.605294465,0.9585671848,24.6205941,32.83701467,28.1925715,-6.915111808
315,96.9155092,41.5422454,1.48836784,-1.56020278,0.9539579461,24.51688616,32.31889285,27.61641851,-3.89137441
316,101.8194148,39.09029258,1.547904334,-1.602413866,0.965982863,24.70230411,32.83077202,28.07920024,-6.724652578
317,102.4530909,38.77345457,1.546284081,-1.607820115,0.9617270408,24.19971194,35.19807626,29.83401512,-7.590121238
318,100.127132,39.93643399,1.532731488,-1.587916456,0.9652469323,24.17150107,34.96968579,29.67619561,-6.148821656
319,102.1625927,38.91870364,1.525413754,-1.605343308,0.9502103045,25.01030595,31.74163231,26.6614432,-6.687537101
320,101.331288,39.33435601,1.558140837,-1.598240804,0.9749099347,24.69614114,33.17555324,28.28605781,-6.51838602
321,99.09769086,40.45115457,1.521396131,-1.579059136,0.9634826814,24.78006321,31.83667483,27.33934388,-5.033960016
322,102.9490841,38.52545793,1.543703952,-1.612042546,0.9576074503,24.8844802,32.33369005,27.392477,-7.24549792
323,100.6252363,39.68738187,1.535990455,-1.592192136,0.9647016968,24.63669277,33.24504395,28.08628533,-6.129863237
324,97.88676412,41.05661794,1.501262906,-1.568607863,0.9570670541,24.87268047,31.36184974,26.6773073,-4.303338954
325,103.1656186,38.41719071,1.564000831,-1.613883307,0.9690916461,24.05634033,36.40561624,30.71859242,-8.291983963
326,99.93904463,40.03047769,1.533480633,-1.586300185,0.9667026751,24.61810991,32.76003423,28.10393848,-5.654394037
327,99.65756864,40.17121568,1.494541895,-1.583879677,0.9435956006,24.95212652,31.16641911,26.30500641,-5.228458336
328,103.0791223,38.46043885,1.520666614,-1.613148195,0.9426701271,24.88641668,31.9428125,26.97738911,-7.228543176
329,102.3860674,38.8069663,1.55909485,-1.607248912,0.9700394495,25.03879451,31.43138195,27.15721926,-6.741963022
330,100.7977547,39.60112263,1.482589169,-1.593671411,0.9302979014,25.49398781,29.04631625,24.4658614,-5.441618842
331,105.2486541,37.37567295,1.56758034,-1.631504276,0.9608190208,24.85672144,32.87300764,27.90945025,-8.645882113
332,106.6282674,36.68586632,1.581681599,-1.643080565,0.9626317986,24.9031659,32.87338829,28.00324671,-9.407085917
333,97.98462901,41.00768549,1.526632494,-1.569453716,0.9727158424,24.84999316,31.51110015,27.202492,-4.377126014
334,102.2976751,38.85116243,1.560471053,-1.606495371,0.9713511047,24.64669778,33.1875,28.49918939,-7.068630222
335,100.7020886,39.6489557,1.54123502,-1.592851217,0.9675950922,24.11845485,35.2457495,30.03816748,-6.545221483
336,99.00222375,40.49888813,1.426785319,-1.578236399,0.9040377723,24.56846725,31.18455278,26.30737118,-4.879534253
337,97.96243331,41.01878335,1.489700076,-1.569261895,0.9492998464,24.86283422,31.32185633,26.50329966,-4.338822231
338,104.4996596,37.7501702,1.514805683,-1.625187126,0.9320807792,24.39948616,33.9953831,28.51464007,-8.511568618
339,99.59500272,40.20249864,1.509532933,-1.583341374,0.9533843788,24.3753384,33.77440921,28.49992,-5.629611356
340,96.93307229,41.53346386,1.502714087,-1.560354929,0.9630591468,24.50260731,32.78486195,27.9313848,-3.957456047
341,98.77704131,40.61147935,1.496755699,-1.576294918,0.9495403949,24.7954823,31.88094654,26.84641193,-4.86470841
342,98.26536262,40.86731869,1.527305229,-1.571878985,0.97164301,24.36745992,33.98399835,28.86343847,-4.885470629
343,101.2961652,39.35191741,1.505977761,-1.597940255,0.9424493536,24.88045457,31.8527443,26.73601252,-6.239331827
344,103.975599,38.0122005,1.583036608,-1.620754323,0.9767282958,24.7126925,33.87845467,28.68030541,-8.181939728
345,103.8366178,38.08169108,1.560508575,-1.619577031,0.9635284673,24.97975826,32.49026211,27.37502191,-7.770178174
346,100.6978974,39.65105128,1.527703119,-1.592815278,0.9591213367,24.82638555,32.32127081,27.29929854,-5.999815494
347,96.08762254,41.95618873,1.457317979,-1.553024632,0.9383740278,24.27046985,33.56595827,27.87229829,-3.559645191
348,98.99119331,40.50440335,1.48359559,-1.578141325,0.9400904513,24.93407091,31.22968048,26.1691112,-4.880657218
349,96.98825105,41.50587447,1.485513845,-1.560832906,0.951744315,24.49233957,32.71846535,27.64641974,-3.980718637
350,98.2195386,40.8902307,1.515154164,-1.571483226,0.9641554803,24.65721508,32.60272844,27.63616413,-4.661096408
351,98.08830607,40.95584696,1.511752338,-1.570349584,0.9626852219,24.87041315,31.84405625,26.87105134,-4.480432208
352,100.8057163,39.59714187,1.500302987,-1.593739657,0.9413726893,24.32713541,34.14255114,28.49437046,-6.401022068
353,100.5368548,39.7315726,1.547070494,-1.591433977,0.9721235792,24.55838985,33.80693738,28.56034473,-6.182205485
354,97.54312859,41.2284357,1.521598486,-1.565636226,0.9718723043,25.27095215,30.26698419,25.78031747,-3.973221209
355,98.4117632,40.7941184,1.498313363,-1.573143065,0.9524329967,24.81244446,31.80027868,26.81927336,-4.651939688
356,100.4775456,39.7612272,1.532766612,-1.590925085,0.9634436126,24.62230022,33.08225043,28.07651333,-6.016012886
357,92.38976467,43.80511766,1.471968641,-1.520848585,0.9678600851,24.38229603,32.52849037,27.76692377,-1.356345978
358,100.9725964,39.51370181,1.53031986,-1.595169739,0.959346095,24.51277078,33.99221029,28.40913508,-6.470059545
359,99.71658791,40.14170604,1.526135223,-1.584387374,0.9632336438,24.07578461,35.42301142,29.90230572,-5.978509795
360,98.0970716,40.9514642,1.485709993,-1.570425316,0.946055809,24.64556076,32.23036333,27.13756907,-4.539667028
361,98.41425072,40.79287464,1.515505252,-1.573164539,0.9633482161,24.64753271,32.81354321,27.67515746,-4.801575518
362,100.9733835,39.51330825,1.507848905,-1.595176482,0.9452552251,24.62135977,32.95102913,27.62324733,-6.272326066
363,97.82871962,41.08564019,1.50558646,-1.568106085,0.9601304877,24.8698684,31.51337725,26.76321287,-4.292505491
364,96.66809746,41.66595127,1.485849671,-1.558058859,0.9536543901,24.57957342,32.40136812,27.35929221,-3.762372904
365,100.9835549,39.50822254,1.5280779,-1.59526362,0.9578842523,24.23735232,34.77992511,29.34559887,-6.626523139
366,103.619679,38.1901605,1.544774366,-1.617737966,0.9548977635,24.49112379,34.4536104,28.75357993,-8.112996026
367,101.2506521,39.37467393,1.528005038,-1.597550743,0.9564672954,24.54776226,33.82354071,28.24503194,-6.599023031
368,98.07997055,40.96001473,1.515664513,-1.570277565,0.9652207647,24.52239206,33.15544446,28.10396507,-4.660167839
369,99.64037998,40.17981001,1.495663927,-1.5837318,0.9443921802,24.52377152,33.00719817,27.72842775,-5.527504211
370,100.7781292,39.61093538,1.509145439,-1.593503173,0.9470614584,24.51320675,33.29645563,28.0145545,-6.226648484
371,99.90371399,40.04814301,1.512489076,-1.585996478,0.9536522286,24.4854972,33.54086353,28.17205157,-5.768792264
372,99.03997919,40.48001041,1.49289198,-1.578561802,0.9457291935,24.80080833,31.80801607,26.75986306,-4.997790142
373,100.1792204,39.91038978,1.5484915,-1.588363894,0.9748971917,24.90227998,32.21942749,27.41855105,-5.694068174
374,99.01729676,40.49135162,1.509119305,-1.578366313,0.9561274164,24.57860028,32.95134006,27.79106208,-5.16455008
375,100.0444415,39.97777924,1.510010672,-1.587205996,0.9513640168,24.88739387,31.87223299,26.78519197,-5.558899651
376,98.2114424,40.8942788,1.515160932,-1.571413298,0.9642026915,24.88328435,31.78104163,26.88986773,-4.539178016
377,98.05605739,40.97197131,1.520105521,-1.570070949,0.9681763243,24.83450967,32.05835755,27.13688391,-4.492719092
378,99.30463132,40.34768434,1.52297599,-1.580841795,0.9633955752,24.4735237,33.78026229,28.40903983,-5.461714076
379,99.3131367,40.34343165,1.495740969,-1.580915041,0.9461235618,24.86724865,31.65236375,26.59660409,-5.122304615
380,99.08421684,40.45789158,1.478815381,-1.57894303,0.9365856481,24.91867808,31.31507833,26.13316257,-4.944214342
381,99.74999332,40.12500334,1.533398217,-1.584674694,0.9676422691,24.73887292,32.91638365,27.69288705,-5.574369456
382,99.40660388,40.29669806,1.540561399,-1.581719836,0.9739786801,24.7135421,32.91603532,27.90789204,-5.379786047
383,98.36636491,40.81681755,1.50062449,-1.572751129,0.9541398267,24.52574447,32.95955814,27.81367925,-4.795690131
384,100.2667783,39.86661083,1.508270916,-1.589115851,0.9491258394,24.66144179,32.7168991,27.49647213,-5.831188595
385,100.562628,39.71868598,1.517455124,-1.591655089,0.9533818815,24.5433963,33.41567155,28.06498963,-6.12543272
386,97.96152583,41.01923709,1.519158002,-1.569254052,0.9680765203,24.96947936,31.48697026,26.68255999,-4.361200541
387,104.3255294,37.8372353,1.575327376,-1.623715377,0.9701992097,24.38998892,35.13695034,29.6885523,-8.69396214
388,102.2954838,38.85225809,1.536566123,-1.606476686,0.9564820555,24.89883571,32.28849549,27.21868534,-6.875944019
389,94.92937617,42.53531192,1.464200419,-1.542963874,0.9489531435,25.06547936,30.0280686,25.42292361,-2.580244338
390,102.5437971,38.72810145,1.511033834,-1.608592917,0.9393512911,23.87453987,36.70860132,30.36142617,-7.972588225
391,102.4464878,38.7767561,1.543187997,-1.607763847,0.9598349906,24.63548512,33.75075834,28.22204565,-7.27422312
392,103.5488649,38.22556754,1.562325592,-1.617137284,0.9661057274,24.21365007,35.8717696,30.09149543,-8.403843332
393,95.72923012,42.13538494,1.501976331,-1.549913688,0.9690709505,24.75793794,31.67381864,27.06279755,-3.161914206
394,98.19426102,40.90286949,1.516040077,-1.571264897,0.9648532722,24.75347675,32.48164416,27.33097173,-4.629602019
395,97.55644886,41.22177557,1.507151314,-1.565751459,0.9625737885,24.66482799,32.48789805,27.4647464,-4.272253411
396,102.6236672,38.68816638,1.549884177,-1.609273173,0.9630957648,24.80649637,32.95333728,27.76233342,-7.201831446
397,99.71804908,40.14097546,1.50503421,-1.584399942,0.949908019,24.65011631,32.5466002,27.47530126,-5.493862317
398,103.6305317,38.18473415,1.504484125,-1.617830008,0.9299395591,24.93254052,31.83986857,26.54245065,-7.503383967
399,101.5345898,39.2327051,1.532976671,-1.599979742,0.9581225501,24.725769,32.78455587,27.72931446,-6.555582887
400,103.1910784,38.4044608,1.572446715,-1.614099635,0.9741943313,24.88256895,33.10838179,27.90893722,-7.555308556
401,99.70104467,40.14947767,1.514709899,-1.584253676,0.9561031303,24.50013314,33.53758046,28.16288488,-5.651328868
402,96.68667075,41.65666463,1.498128615,-1.558219842,0.9614359765,24.41326903,33.41509835,28.15297522,-3.890843471
403,103.792957,38.10352148,1.574533842,-1.619207041,0.9724104466,24.19008303,36.47985028,30.41535796,-8.697309991
404,98.00161813,40.99919094,1.484742073,-1.569600534,0.9459362694,24.44898493,33.42191468,27.77931461,-4.652366209
405,99.36925796,40.31537102,1.509564637,-1.581398297,0.9545758588,24.41971455,34.05196091,28.34542509,-5.543543243
406,98.38403931,40.80798035,1.457981357,-1.572903722,0.926936173,24.26900186,33.80096759,27.89004631,-4.928432709
407,99.51924217,40.24037892,1.520978939,-1.582689415,0.9610091053,24.8778521,32.08729941,27.01080734,-5.306560031
408,99.62347945,40.18826028,1.49742392,-1.583586394,0.9455902919,24.59697209,33.23578521,27.51394287,-5.556118862
409,98.1492229,40.92538855,1.496030667,-1.570875855,0.9523544856,24.41398289,33.68877787,28.11108435,-4.775441895
410,100.3986166,39.80069171,1.520651669,-1.590247698,0.9562357303,24.87718807,32.04757288,27.00715796,-5.784439377
411,101.0078041,39.49609797,1.543247887,-1.595471349,0.9672676905,23.91321698,36.89930239,30.85849118,-7.045652342
412,99.30246808,40.34876596,1.527203303,-1.580823165,0.9660810495,24.44965331,33.79832359,28.57141493,-5.463374997
413,100.2559263,39.87203687,1.519856044,-1.589022663,0.9564722262,24.6348623,32.80839389,27.79745576,-5.841381203
414,98.55227337,40.72386331,1.507427656,-1.574355835,0.9574885307,24.51486715,33.31848851,27.97698154,-4.954848091
415,98.48674409,40.75662796,1.535800892,-1.573790295,0.9758612044,24.661795,33.41148257,27.9971533,-4.930886283
416,101.5431289,39.22843554,1.540335444,-1.600052754,0.9626779115,24.47418945,34.30852702,28.73051201,-6.865325228
417,98.36001724,40.81999138,1.495588725,-1.572696324,0.9509710817,24.35747641,33.78201224,28.29881956,-4.911656226
418,102.2157072,38.89214642,1.495191495,-1.60579637,0.9311214819,24.66453822,32.8542084,27.24776351,-6.951711947
419,98.74555926,40.62722037,1.506924619,-1.576023391,0.9561562519,24.49425863,33.44572975,28.03829755,-5.085315587
420,101.6264947,39.18675267,1.556807569,-1.600765437,0.9725394696,24.4533763,34.7675606,29.11196034,-7.006736871
421,100.0572571,39.97137145,1.527318318,-1.587316117,0.962201733,24.69376443,32.6312659,27.7345209,-5.698470848
422,99.81444398,40.09277801,1.51545034,-1.585228955,0.9559819954,24.68435076,32.71725211,27.55050679,-5.576914421
423,98.75385288,40.62307356,1.516972028,-1.576094924,0.962487731,24.45628727,33.58000809,28.3569163,-5.110536348
424,103.128741,38.43562949,1.52015787,-1.613569925,0.9421084557,24.16693739,35.5776201,29.44942713,-8.0810953
425,101.7403111,39.12984446,1.51798994,-1.601738094,0.947714202,24.36315148,34.44617821,28.70261769,-7.008977044
426,100.4045213,39.79773937,1.516097422,-1.59029838,0.9533414869,24.46291095,33.61516115,28.3175526,-6.07078916
427,100.8419639,39.57901805,1.523032265,-1.59405035,0.9554480294,24.63222334,33.0447334,27.86450118,-6.215737463
428,101.7603266,39.11983672,1.516584039,-1.601909102,0.9467353903,24.67006141,33.31209924,27.61905397,-6.789612222
429,102.5320084,38.7339958,1.526598293,-1.608492495,0.9490863637,24.54074373,33.68617774,28.2432468,-7.309394931
430,96.69952876,41.65023562,1.4684127,-1.558331284,0.9422981586,25.04151474,30.29189086,25.56933041,-3.533929796
431,98.94431106,40.52784447,1.510733928,-1.577737201,0.9575320448,24.85113554,31.85439551,26.91548926,-4.952543102
432,100.4648882,39.76755592,1.533105033,-1.590816468,0.9637221285,24.71115441,33.16978226,27.78086831,-6.024724934
433,96.69471082,41.65264459,1.485410571,-1.558289527,0.9532314411,25.03819346,30.62089899,25.87560707,-3.569755422
434,99.78416127,40.10791936,1.539894709,-1.584968544,0.9715616849,24.52679191,33.83781605,28.5378859,-5.750299942
435,100.4654276,39.76728621,1.525965548,-1.590821097,0.9592313999,24.57036465,33.50469266,28.12955956,-6.085865874
436,99.1213643,40.43931785,1.532169726,-1.57926312,0.9701801471,24.5091283,33.36673486,28.45615979,-5.289503039
437,100.7836138,39.6081931,1.475687518,-1.59355019,0.9260376781,25.01272404,31.05928388,25.78483985,-5.811203804
438,103.4305321,38.28473396,1.538621663,-1.616133124,0.9520389375,24.3725707,34.88469136,29.05901144,-8.1025364
439,100.6802734,39.65986329,1.534417093,-1.592664149,0.9634279104,23.76957146,37.41922023,31.24153628,-6.934840362
440,101.6571279,39.17143604,1.507133221,-1.601027263,0.9413538766,24.94675458,31.96645773,26.54376288,-6.458967479
441,99.72783295,40.13608353,1.530355986,-1.584484096,0.9658386539,24.51121527,33.75385062,28.41521482,-5.703327089
442,99.12320081,40.43839959,1.540393647,-1.579278944,0.9753778157,24.61158153,33.23266999,28.25310361,-5.269301975
443,97.38641469,41.30679265,1.48793708,-1.56428023,0.9511959891,24.22403876,34.21334662,28.6218643,-4.398483559
444,97.17378107,41.41310947,1.487606967,-1.562439611,0.9521052566,24.61837018,32.42527109,27.26235195,-4.049242632
445,98.94386374,40.52806813,1.540974713,-1.577733345,0.9767016196,24.6539858,33.119812,28.11817294,-5.149027547
446,96.37805741,41.81097129,1.51799945,-1.55554417,0.9758639321,24.8185235,31.84808257,27.15168592,-3.537950635
447,101.9942735,39.00286326,1.568702354,-1.603906964,0.978050716,24.56515786,34.11205601,28.9357591,-7.088960327
448,99.34844585,40.32577707,1.512359899,-1.581219094,0.9564518317,24.58701871,33.0372613,27.82214104,-5.36651289
449,95.1475359,42.42623205,1.480063805,-1.54486032,0.9580567163,24.60637633,32.10008484,27.16379614,-2.880040144
450,94.80340021,42.59829989,1.504294608,-1.54186849,0.9756309423,24.43172747,32.76746537,28.20482325,-2.743848592
451,92.31081765,43.84459117,1.444390343,-1.520160222,0.9501566494,24.20630944,32.79275489,27.8452963,-1.322218417
452,94.40082238,42.79958881,1.479083369,-1.53836667,0.9614634785,24.27618755,33.0457025,28.26859422,-2.535707097
453,98.15375042,40.92312479,1.501936257,-1.570914966,0.9560901061,23.87371569,35.47999445,30.18175285,-5.032125222
454,98.83126883,40.58436559,1.49586569,-1.576762567,0.9486943194,24.19798679,34.55637706,28.86741562,-5.30527239
455,97.45942005,41.27028998,1.523182915,-1.564911983,0.9733345594,24.09180304,34.9311994,29.78496935,-4.534906808
456,94.1759642,42.9120179,1.504289165,-1.536409907,0.9790936381,24.27639,33.26443683,28.74961411,-2.422310082
457,94.30375779,42.84812111,1.481681379,-1.537522064,0.9636813767,24.23142968,33.63882647,28.47545792,-2.524396395
458,96.69822615,41.65088693,1.500361156,-1.558319994,0.962806844,24.59060644,32.70550702,27.58932682,-3.814769975
459,96.32419759,41.83790121,1.509737544,-1.555077039,0.9708442127,24.27593219,34.06331256,28.85537469,-3.752212803
460,94.72298572,42.63850714,1.492154562,-1.541169165,0.9681964809,24.73426063,31.32602359,26.96311244,-2.579332452
461,98.35946163,40.82026919,1.514452273,-1.572691527,0.9629684186,24.36165152,33.82232674,28.64101609,-4.917193159
462,97.18620572,41.40689714,1.510277765,-1.562547186,0.9665485807,24.71442438,32.26943611,27.3563618,-4.036724872
463,96.85719891,41.57140055,1.488312929,-1.559697598,0.9542317249,24.78620332,31.60069094,26.72497088,-3.772970683
464,98.22168292,40.88915854,1.513521651,-1.571501746,0.9631052935,24.58482754,33.05247981,27.8509587,-4.726620058
465,97.9225488,41.0387256,1.518087024,-1.568917176,0.9676017622,24.82740132,32.01755772,27.12413422,-4.413119292
466,100.3414202,39.82928992,1.513488824,-1.589756718,0.9520254303,24.61247067,33.11196875,27.75662085,-5.944043305
467,96.79511465,41.60244268,1.489162454,-1.559159651,0.9551058177,24.49151832,32.71592526,27.71711087,-3.870925447
468,102.8636483,38.56817583,1.491485714,-1.611315814,0.9256321453,24.40402975,33.78211572,28.05998732,-7.520967419
469,101.1618329,39.41908353,1.521658081,-1.596790427,0.952947898,24.24995318,34.69693494,29.17678085,-6.716662287
470,101.2698555,39.36507226,1.504046201,-1.597715098,0.941373217,24.2457975,34.61847499,28.85391618,-6.765495319
471,100.415956,39.79202199,1.535966481,-1.590396524,0.9657758035,24.55803258,33.75313493,28.35659199,-6.102332147
472,96.77953253,41.61023374,1.515985787,-1.559024624,0.9723937408,23.98340995,35.09333537,30.04798449,-4.142741882
473,95.60080879,42.19959561,1.528703978,-1.548798474,0.9870257518,24.62753707,32.37330112,27.98423641,-3.159535399
474,97.99301961,41.0034902,1.503329189,-1.569526227,0.9578235542,24.99308946,31.20866238,26.32978231,-4.339641114
475,101.4669152,39.26654239,1.509479053,-1.599401028,0.9437777185,24.35384081,34.27037578,28.57443891,-6.813021131
476,100.4280039,39.78599807,1.498038947,-1.590499927,0.9418667184,24.23579843,34.45289913,28.77425705,-6.235969702
477,98.22772483,40.88613759,1.498201262,-1.57155393,0.9533247534,24.41203306,33.45243159,28.15861695,-4.787305874
478,101.2688761,39.36556196,1.554537337,-1.597706715,0.972980411,24.25167435,35.48929354,29.80087277,-6.935084608
479,97.97525984,41.01237008,1.505812849,-1.569372747,0.9594998081,24.302547,34.0084374,28.68591012,-4.718517414
480,101.5527679,39.22361606,1.509380377,-1.600135167,0.9432830474,24.50495018,33.57506255,28.04724689,-6.724089003
481,99.57243466,40.21378267,1.533063225,-1.583147179,0.9683643091,24.00996111,35.83757186,30.28577601,-5.959586035
482,95.81384486,42.09307757,1.481256267,-1.550648348,0.9552496339,24.60855688,31.98528079,27.17845544,-3.240003254
483,98.34231476,40.82884262,1.488856148,-1.572543479,0.9467821833,24.74502758,32.08741805,26.86840723,-4.655465872
484,97.68960184,41.15519908,1.534236453,-1.566903169,0.9791520521,24.92605293,31.41675023,27.08848824,-4.203760282
485,97.43676888,41.28161556,1.491491992,-1.564715982,0.9532030157,24.89526194,30.97471926,26.43162326,-4.009118721
486,99.70331857,40.14834072,1.527656465,-1.584273236,0.964263254,24.52623208,33.11100869,28.31302103,-5.580743671
487,101.8399554,39.08002231,1.53877196,-1.602589309,0.9601786007,24.89319472,32.51020273,27.27629413,-6.670398466
488,102.262003,38.8689985,1.533432659,-1.606191195,0.9547011985,25.09666544,31.73349576,26.52587108,-6.73963566
489,96.62645753,41.68677124,1.505663811,-1.557697924,0.9665955046,24.71176888,32.25994557,27.28158019,-3.722663805
490,101.6810827,39.15945865,1.564023243,-1.601231988,0.9767624276,24.9861471,32.22838733,27.41563664,-6.525087409
491,99.99420521,40.00289739,1.516313244,-1.586774288,0.955594791,24.37037291,34.25813761,28.64543447,-5.94545097
492,99.76925697,40.11537152,1.549787977,-1.584840369,0.9778826987,25.11077961,31.22426222,26.76361094,-5.298155831
493,96.72698682,41.63650659,1.462574491,-1.558569258,0.9384084044,24.74199666,31.3787731,26.40382054,-3.675662927
494,98.05383513,40.97308244,1.463059549,-1.570051748,0.9318543488,24.53236588,32.51375449,27.09547152,-4.555290656
495,100.5216613,39.73916936,1.53834254,-1.591303621,0.9667184309,24.65151837,33.18944729,28.07857332,-6.060633446
496,96.61522173,41.69238914,1.525000489,-1.557600528,0.9790703473,24.59467051,32.56348404,28.02850712,-3.751347716
497,101.5668205,39.21658974,1.527779482,-1.600255312,0.9547098334,24.75439269,32.85885175,27.53955097,-6.588548875
498,96.6827439,41.65862805,1.525396318,-1.558185806,0.9789566248,24.69496287,32.32928817,27.69558678,-3.762211405
499,99.93803237,40.03098381,1.533174079,-1.586291484,0.9665147259,24.46203862,33.88628163,28.63957277,-5.848195066
500,101.9226609,39.03866955,1.551247559,-1.603295588,0.9675368473,24.43391363,34.44880336,29.07736297,-7.116818821
501,99.72017679,40.13991161,1.471340064,-1.584418243,0.9286311054,24.57119096,32.73444311,27.11986037,-5.526768344
502,103.1201002,38.4399499,1.551587822,-1.613496489,0.9616307393,24.591576,34.18700702,28.52793164,-7.760210556
503,101.5108364,39.2445818,1.540114499,-1.599776632,0.9627059599,24.65380097,33.2946573,28.10310864,-6.644057571
504,102.9626149,38.51869255,1.574842946,-1.612157618,0.9768542033,24.27712395,35.02920472,30.09529137,-7.857584347
505,97.31385904,41.34307048,1.529018117,-1.563652265,0.9778504792,25.01994973,31.26842891,26.69355049,-3.980612651
506,96.87397037,41.56301482,1.509836855,-1.559842907,0.9679416101,24.94931717,31.10217518,26.58318661,-3.722489154
507,96.03188082,41.98405959,1.499335957,-1.552540912,0.9657304006,24.45580931,32.94777954,28.02888668,-3.462212775
508,99.39984847,40.30007576,1.477666192,-1.581661677,0.9342492226,24.61006834,32.41671457,27.1075887,-5.29440652
509,98.0317521,40.98412395,1.50042682,-1.569860933,0.9557705329,24.81729208,31.82088286,26.84136835,-4.446073101
510,102.4671358,38.7664321,1.527742878,-1.607939793,0.9501244291,24.5883598,33.73115776,28.10053568,-7.281868384
511,99.71134388,40.14432806,1.532071153,-1.584342267,0.9670076885,24.60384434,33.09754812,28.12697538,-5.583044471
512,100.3472901,39.82635496,1.483059204,-1.589807111,0.9328548065,24.67043375,32.37955275,27.00729839,-5.815828143
513,99.97432712,40.01283644,1.538960681,-1.586603446,0.9699718511,24.68200006,33.02630335,27.98591345,-5.720383332
514,98.7532486,40.6233757,1.516202085,-1.576089712,0.9620023992,24.55851097,32.88029242,27.99007137,-5.00370399
515,99.10215887,40.44892057,1.512410443,-1.579097636,0.957768797,24.54323454,33.27650695,27.97224249,-5.264186076
516,95.13006767,42.43496617,1.484707697,-1.544708493,0.9611572043,24.31803478,33.4027009,28.22984827,-2.986768865
517,99.42407269,40.28796365,1.492852395,-1.581870227,0.9437262109,24.64953917,32.67289161,27.25482926,-5.349874101
518,98.99909908,40.50045046,1.521722219,-1.578209467,0.9642080158,24.49246861,33.53269888,28.31983453,-5.245149035
519,96.10434552,41.94782724,1.504772459,-1.553169743,0.9688396689,24.75795533,31.83473392,27.11312141,-3.385289218
520,101.2188192,39.3905904,1.501065605,-1.597278271,0.9397646185,24.86653456,31.89827922,26.69358392,-6.206018913
521,106.5393229,36.73033854,1.580897891,-1.642336665,0.9625906337,23.93339328,37.89883519,31.53145401,-10.7887876
522,101.149059,39.4254705,1.519926985,-1.596681059,0.9519289878,24.62909403,33.09511108,27.81828964,-6.399340801
523,99.23135867,40.38432066,1.477822153,-1.580210718,0.9352057523,24.92605835,31.36068959,26.09241999,-5.030926838
524,101.226306,39.38684701,1.522461141,-1.597342356,0.9531213739,24.86260142,32.11191536,27.08691364,-6.251699013
525,103.7334406,38.13327971,1.562398102,-1.618702574,0.9652162951,24.685784,33.62156892,28.39905827,-7.981933561
526,99.43848698,40.28075651,1.511255004,-1.581994315,0.9552847247,24.77122612,32.11641936,27.18618389,-5.266727611
527,94.07056915,42.96471543,1.452434851,-1.535492542,0.9459081119,24.84042705,30.3103464,25.91030333,-2.151582492
528,103.9182893,38.04085534,1.550129146,-1.620268946,0.9567110141,23.96221415,36.98495326,30.8063366,-8.896282671
529,100.2535386,39.8732307,1.49066439,-1.58900216,0.9381135078,24.53003115,33.11710341,27.61458923,-5.894987468
530,102.8494471,38.57527644,1.555826415,-1.611194992,0.9656350864,24.53657925,34.13673499,28.79864824,-7.591667935
531,93.7181723,43.14091385,1.488978224,-1.532424405,0.9716487278,24.87070676,31.10998723,26.46530937,-2.017445662
532,97.06114002,41.46942999,1.521537412,-1.561464207,0.9744299003,24.88797932,31.58337043,26.9877534,-3.882493652
533,96.15698033,41.92150983,1.473713732,-1.553626441,0.9485637559,24.59477585,32.17483072,27.0855422,-3.450843327
534,97.99619533,41.00190233,1.525979332,-1.569553671,0.9722377516,24.5986654,32.90433059,28.03283535,-4.577233999
535,102.1812257,38.90938715,1.531356737,-1.605502256,0.9538178667,24.66494224,33.77525227,27.90545286,-7.126730627
536,92.24737414,43.87631293,1.460587205,-1.519607011,0.9611611386,24.88698515,30.22745939,25.90977464,-1.185340231
537,99.5557788,40.2221106,1.556976771,-1.58300385,0.9835584237,24.21937409,34.91549426,29.96721591,-5.796240893
538,95.39370626,42.30314687,1.512104626,-1.546999477,0.9774435278,24.72280728,32.01201321,27.36160074,-3.00909575
539,96.53223881,41.7338806,1.509951064,-1.556881126,0.9698563612,24.86940923,31.7055822,26.84228453,-3.606898438
540,97.33882006,41.33058997,1.507349306,-1.563868313,0.9638594844,24.39569323,33.62713507,28.3875181,-4.295416756
541,96.25906259,41.87046871,1.491166642,-1.554512053,0.9592506146,24.76599241,31.56128962,26.84182146,-3.440941364
542,101.1790653,39.41046736,1.540935812,-1.596937958,0.9649315451,24.59239547,33.72589011,28.32924863,-6.538637869
543,99.54942778,40.22528611,1.498307562,-1.582949195,0.9465291536,24.73513444,32.39959664,27.0714274,-5.375040942
544,102.6528301,38.67358494,1.531028178,-1.609521501,0.951231889,24.68617655,33.37913523,27.82753268,-7.311465986
545,99.12625569,40.43687216,1.493976463,-1.579305266,0.9459706719,24.69702615,32.33023245,27.11831997,-5.127915343
546,98.18546999,40.90726501,1.497728176,-1.571188963,0.9532450977,24.58028005,32.81242994,27.5756355,-4.671765698
547,97.44666938,41.27666531,1.480784777,-1.564801652,0.9463082911,24.31400072,33.71570066,28.16927538,-4.369666199
548,99.63448254,40.18275873,1.51525543,-1.583681061,0.9567933007,24.28970443,34.41912595,28.91160279,-5.760457964
549,102.8120884,38.59395578,1.565044301,-1.610877116,0.9715479131,24.28051244,35.6884691,29.89551919,-7.914069077
550,103.1213225,38.43933876,1.509083324,-1.613506877,0.935281619,24.63684663,33.44039931,27.59375918,-7.591430591
551,101.5191932,39.24040339,1.555207785,-1.599848092,0.9720971594,24.8535071,32.94239116,27.69991193,-6.578469785
552,99.64577534,40.17711233,1.528462227,-1.583778218,0.9650733981,24.55295026,33.69210626,28.23557707,-5.645329232
553,98.70592982,40.64703509,1.529539255,-1.575681562,0.9707159693,24.31307969,34.43101056,29.10004875,-5.211585305
554,96.9731902,41.5134049,1.505370549,-1.560702449,0.9645467971,24.52050502,32.95772222,27.91953581,-4.001228923
555,97.47523103,41.26238449,1.47583949,-1.565048789,0.9429990297,25.06359291,30.80915312,25.63079946,-4.00819621
556,95.98431964,42.00784018,1.483965679,-1.552128142,0.9560845127,24.39274854,33.10056525,27.95726289,-3.450941954
557,99.26477978,40.36761011,1.500549283,-1.580498581,0.9494151409,24.46166132,33.6622057,28.03144118,-5.419519574
558,95.50523735,42.24738132,1.484793773,-1.54796837,0.959188703,24.20770173,33.93479896,28.6192645,-3.255593997
559,97.27498562,41.36250719,1.506051022,-1.563315776,0.9633696823,24.6900785,32.5543907,27.36057894,-4.122413018
560,101.7997176,39.10014118,1.474750246,-1.602245614,0.9204270764,24.97614639,31.71591386,25.8818427,-6.485626167
561,102.2959439,38.85202805,1.54577506,-1.606480609,0.9622120874,24.66196034,33.56296058,28.17841238,-7.147608981
562,98.61775151,40.69112425,1.472779907,-1.574920837,0.9351453559,24.81773806,31.71681616,26.34536811,-4.752500858
563,102.8906605,38.55466977,1.562628976,-1.611545611,0.9696461368,24.80032875,33.43413878,28.01151314,-7.458862853
564,99.44209294,40.27895353,1.475678483,-1.582025357,0.932778022,24.9785034,31.1017051,25.89080257,-5.102256913
565,100.9942877,39.50285617,1.563443508,-1.595355563,0.979996901,24.66440876,33.85136114,28.49200915,-6.455831231
566,100.503779,39.7481105,1.5048335,-1.591150188,0.9457520168,24.97586672,31.64308974,26.41069051,-5.76854718
567,99.75367739,40.1231613,1.502529842,-1.58470638,0.9481439976,24.95642715,31.84467572,26.43193058,-5.394894376
568,98.67251246,40.66374377,1.513049585,-1.575393287,0.9604265787,24.62259037,32.85436758,27.71436613,-4.953997557
569,99.61642377,40.19178812,1.496933928,-1.583525687,0.9453171109,24.93332989,31.57571934,26.40674016,-5.274767315
570,98.634752,40.682624,1.531857905,-1.575067516,0.9725665022,24.79845663,32.59255913,27.46613395,-4.89328494
571,99.22840903,40.38579548,1.500729047,-1.58018531,0.9497171231,25.1984045,30.78991803,25.64697619,-4.937798272
572,99.35324346,40.32337827,1.487424331,-1.581260405,0.9406574185,24.38739871,33.53819375,28.04086813,-5.450654423
573,102.04078,38.97961002,1.528383125,-1.604303915,0.9526768036,24.96909454,32.25244907,26.84583167,-6.728113393
574,97.74298712,41.12850644,1.476234247,-1.567364825,0.9418574565,24.67880941,32.26164875,26.85565037,-4.346600624
575,101.7330518,39.13347409,1.524117321,-1.60167607,0.9515765079,24.8874992,32.42754196,27.03507827,-6.594210024
576,102.2996474,38.85017628,1.556708347,-1.606512187,0.9689987785,24.57332661,34.20889803,28.68589502,-7.287329099
577,103.829976,38.08501201,1.541452084,-1.619520751,0.9517952043,24.59857082,33.95803774,28.31740245,-8.117380359
578,100.0750718,39.96246409,1.517377012,-1.587469187,0.9558465922,24.74439081,32.46272258,27.38521855,-5.678975874
579,101.9511608,39.02441958,1.547792023,-1.603538919,0.965235084,24.43061009,34.56409727,29.02436162,-7.15745855
580,98.79926825,40.60036587,1.487028405,-1.576486608,0.9432547019,24.89994706,31.5824744,26.33764885,-4.831272653
581,103.3257241,38.33713793,1.528510261,-1.615243321,0.9463034087,24.17568788,35.65510096,29.57909269,-8.218024525
582,98.87819107,40.56090447,1.533541936,-1.57716716,0.9723395052,24.79757242,32.48328722,27.49926996,-5.013286058
583,99.84666518,40.07666741,1.502898717,-1.585506009,0.947898468,24.6427837,32.81721786,27.46081539,-5.61213868
584,101.8846133,39.05769337,1.517075448,-1.6029707,0.9464149584,24.66684482,33.49230922,27.63881284,-6.897453048
585,98.69542947,40.65228526,1.465290163,-1.575590983,0.9299940014,24.55400317,32.52782846,27.06510532,-4.917621084
586,100.2229847,39.88850767,1.5277248,-1.588739772,0.9615953642,24.75713853,32.79646836,27.52940328,-5.820702248
587,101.4571714,39.2714143,1.555417119,-1.599317692,0.972550436,24.37536561,34.50010774,29.36611322,-6.852942179
588,99.05454409,40.47272795,1.502131139,-1.578687324,0.9515064295,24.52613674,33.24959341,27.84026872,-5.232643048
589,101.1912622,39.40436888,1.511860506,-1.597042375,0.9466627367,24.63252778,33.27304127,27.65908366,-6.457789921
590,98.1353449,40.93232755,1.484200284,-1.570755968,0.9448955244,24.71718829,31.80306189,26.87499068,-4.500512847
591,94.71785855,42.64107072,1.492286306,-1.541124574,0.9683099809,25.00560681,30.67680015,26.09714326,-2.523140647
592,99.74044823,40.12977589,1.509479938,-1.5845926,0.9525981242,24.59543158,33.05855414,27.74067424,-5.593018078
593,98.34044134,40.82977933,1.503622008,-1.572527303,0.9561818132,24.60306019,33.02588773,27.60732297,-4.790557147
594,102.4641456,38.76792721,1.51879864,-1.607914314,0.9445768516,24.33666939,34.51924197,28.8117596,-7.450240616
595,100.0429187,39.97854065,1.510883826,-1.587192911,0.9519219847,24.67082941,33.16014544,27.5126758,-5.782659198
596,100.4826705,39.75866477,1.496079648,-1.590969062,0.9403574737,24.64645416,32.94223739,27.32400675,-5.993448884
597,100.0243422,39.98782889,1.505767926,-1.58703328,0.9487941713,24.93232328,31.58593421,26.56579415,-5.498054898
598,97.44276829,41.27861585,1.473884725,-1.564767896,0.9419190724,25.03127495,30.60190519,25.69612378,-3.964041998
599,98.2701253,40.86493735,1.48635646,-1.571920115,0.9455674274,25.05757861,30.51589153,25.83203857,-4.389412886
600,102.4461464,38.77692681,1.564189341,-1.607760938,0.9728992066,24.76286227,33.25347515,28.16694887,-7.166851326
601,99.98786227,40.00606886,1.537803689,-1.586719774,0.9691715661,24.2902533,34.81016769,29.33984242,-6.037459779
602,103.6832289,38.15838555,1.559810071,-1.618276876,0.9638709503,24.52310535,34.41021291,28.92000331,-8.139865006
603,101.1683889,39.41580555,1.528101948,-1.596846556,0.9569497723,24.92404511,32.21845897,26.98669826,-6.240493558
604,104.2524764,37.87376178,1.563166756,-1.623097592,0.9630762583,24.56866922,34.51267403,28.82129035,-8.496854164
605,99.56691477,40.21654261,1.52427039,-1.58309968,0.962839175,24.9043355,32.15007917,26.98299467,-5.34332256
606,104.8564057,37.57179714,1.547790478,-1.628198719,0.9506152166,24.53319041,34.45028218,28.66177561,-8.8329641
607,101.2838469,39.35807656,1.526502167,-1.597834838,0.9553566677,24.71227968,32.73933096,27.65744157,-6.406094302
608,102.0183813,38.99080933,1.54967246,-1.604112742,0.9660620601,25.04291357,32.06094684,26.97977733,-6.675906189
609,101.5891874,39.20540631,1.546706792,-1.600446528,0.9664220362,23.93960799,36.69440346,30.82548359,-7.371650858
610,101.9968027,39.00159865,1.547776868,-1.603928553,0.9649911555,25.15864759,31.59914293,26.57660406,-6.568106416
611,99.57759815,40.21120093,1.528951655,-1.583191612,0.9657401188,24.91503489,31.78862729,27.03100943,-5.28909427
612,97.84627529,41.07686235,1.508127743,-1.568257856,0.9616580192,24.87897866,31.94637471,26.77894702,-4.36118208
613,100.6304667,39.68476665,1.517105652,-1.592236997,0.9528139682,24.19489031,35.20169972,29.28854947,-6.493798175
614,97.29179837,41.35410081,1.483834363,-1.563461311,0.9490700874,24.76823846,31.87684543,26.70257069,-4.045892808
615,98.93772702,40.53113649,1.512124143,-1.577680443,0.958447669,24.41541606,33.85282171,28.40848467,-5.259404356
616,102.3390524,38.8304738,1.545923859,-1.606848142,0.9620846044,24.45582553,34.54910456,28.89975277,-7.38301527
617,100.9806918,39.50965412,1.536273823,-1.595239092,0.9630367205,24.48414293,34.24428133,28.61982159,-6.522788506
618,98.85758143,40.57120928,1.475108252,-1.576989457,0.935395126,24.67670479,32.20335998,26.84203295,-4.958638401
619,97.69483905,41.15258048,1.519988478,-1.566948461,0.9700309336,24.6600373,32.55329236,27.71482355,-4.358785631
620,102.8524001,38.57379993,1.53258792,-1.611220116,0.9511971109,23.81408783,37.39319101,31.02962697,-8.3177501
621,103.3777104,38.31114482,1.544652061,-1.615684725,0.9560355665,24.46173369,34.65845455,28.85505965,-8.018907542
622,102.3740673,38.81296637,1.548824552,-1.607146626,0.963710795,24.09025224,36.18323717,30.29222628,-7.753823551
623,102.5204119,38.73979403,1.534855813,-1.608393706,0.9542786743,24.29686136,35.20528112,29.25971328,-7.63206175
624,100.9068245,39.54658775,1.537239584,-1.594606201,0.9640245863,24.68487736,32.9365443,27.94484125,-6.232002691
625,98.94816306,40.52591847,1.509958655,-1.577770407,0.9570205193,24.54814061,33.15319967,27.91015566,-5.156675683
626,96.60666484,41.69666758,1.526085018,-1.557526351,0.9798132898,24.60205732,32.93380312,28.02318284,-3.789123045
627,107.2967524,36.35162381,1.589188689,-1.648660378,0.963927265,24.24212919,36.58207121,30.50114839,-10.87660908
628,99.58558875,40.20720563,1.522449746,-1.58326037,0.9615915202,24.66073596,32.56085589,27.75734198,-5.422057817
629,103.1713247,38.41433763,1.560121201,-1.613931793,0.9666586949,24.42974054,34.73506909,29.25868378,-7.914857431
630,100.5966094,39.70169532,1.522455725,-1.591946591,0.9563484938,24.73391426,32.29855465,27.51180777,-5.939483998
631,100.4204695,39.78976523,1.542792941,-1.590435263,0.9700444763,24.82312454,32.68569152,27.57981283,-5.91187819
632,101.9786064,39.01069681,1.569557491,-1.603773223,0.9786654799,24.56573209,33.8867044,28.94950247,-7.033065093
633,98.18743724,40.90628138,1.521193224,-1.571205955,0.9681692073,24.97967703,31.22695046,26.68559775,-4.447089672
634,95.80204493,42.09897754,1.509419696,-1.550545903,0.9734763051,24.99458268,30.89383077,26.43171559,-3.12311312
635,99.56541995,40.21729003,1.505745005,-1.583086816,0.9511449335,24.93456882,31.57427282,26.55821319,-5.246811607
636,95.41030581,42.2948471,1.456475744,-1.547143692,0.9413965565,25.39669057,29.05437587,24.3122349,-2.739461088
637,98.26944427,40.86527787,1.477650815,-1.571914234,0.9400327214,24.44601192,32.88129133,27.65672617,-4.729265766
638,103.3944815,38.30275924,1.555048569,-1.615827104,0.9623854956,24.57604699,34.30434336,28.64579512,-7.946745519
639,101.027876,39.48606202,1.509395227,-1.595643281,0.9459477852,24.55423841,33.30634826,27.87896052,-6.371056819
640,101.5849359,39.20753205,1.545544132,-1.600410183,0.9657175067,24.60583723,33.69848044,28.36742923,-6.767341178
641,97.31294147,41.34352927,1.50003721,-1.563644323,0.9593212394,24.76261282,32.15124861,27.01255352,-4.092488895
642,100.9703356,39.51483219,1.520649684,-1.595150371,0.9532955085,24.62038603,33.21719487,27.86105845,-6.321256804
643,98.07012643,40.96493679,1.511734286,-1.570192511,0.962770027,24.73175002,32.15185483,27.32523641,-4.513638853
644,94.89465408,42.55267296,1.459086361,-1.54266198,0.9458237646,25.0550201,29.9684448,25.36586877,-2.557026384
645,102.4197423,38.79012885,1.546418736,-1.607535922,0.9619808273,24.35857453,34.7334761,29.25664376,-7.470192777
646,104.0928927,37.95355364,1.552187534,-1.621747351,0.9571081054,24.56430634,34.03754005,28.63410985,-8.28796066
647,101.3975577,39.30122113,1.488928264,-1.598807778,0.9312740938,25.05755576,30.97762759,25.87680586,-6.121661087
648,99.84239801,40.078801,1.499471391,-1.58546932,0.9457586929,25.19222096,30.33259872,25.64435756,-5.185013154
649,105.2028539,37.39857304,1.533964859,-1.631118623,0.9404373402,24.46994123,34.80989574,28.62659156,-9.128451194
650,100.238874,39.88056299,1.52632358,-1.588876228,0.9606308866,24.8904024,31.91982417,27.06474065,-5.673827144
651,102.8389058,38.58054712,1.550135193,-1.611105303,0.962156347,25.10964626,31.89108776,26.77323205,-7.086537932
652,105.4815761,37.25921193,1.592620423,-1.63346425,0.9749955794,24.73242626,34.1341687,28.78492628,-9.11138245
653,100.3551138,39.82244309,1.525434392,-1.589874274,0.9594685671,24.6503528,33.16932136,27.8469173,-5.962137368
654,98.52035027,40.73982486,1.517663794,-1.57408034,0.9641590429,25.1441629,31.03269971,26.10459973,-4.597825883
655,98.26318611,40.86840694,1.504186891,-1.571860189,0.9569469992,25.04719028,31.00966751,26.17446202,-4.456721124
656,100.3430143,39.82849286,1.521026901,-1.589770404,0.9567588487,24.78034683,32.55036016,27.33177037,-5.844117941
657,103.8827801,38.05860994,1.551551237,-1.619968144,0.9577665106,25.17467479,31.56468639,26.59056251,-7.573513713
658,98.2292778,40.8853611,1.511601532,-1.571567342,0.9618433083,25.20289661,30.77631326,25.81897278,-4.405157896
659,101.3484195,39.32579026,1.559354922,-1.598387386,0.9755800981,25.16333915,31.77841078,26.7604352,-6.253189511
660,100.712455,39.64377251,1.522814808,-1.592940106,0.9559774423,25.02633028,31.69043381,26.56492449,-5.89062455
661,103.1396736,38.43016322,1.571157683,-1.613662834,0.973659212,24.77507984,33.52509907,28.25059474,-7.621115517
662,102.7011338,38.64943312,1.550341542,-1.609932754,0.9629852785,24.90189401,32.5867403,27.4525855,-7.164700214
663,97.28586266,41.35706867,1.47407343,-1.563409931,0.9428579165,24.71119826,32.0644455,26.71103475,-4.066408539
664,101.842284,39.07885802,1.534649845,-1.602609197,0.9575945571,24.95046627,32.31484924,27.01632744,-6.631601488
665,98.75824657,40.62087672,1.511688815,-1.57613282,0.9591125802,25.23624575,30.40353359,25.71823533,-4.629413478
666,104.0560453,37.97197737,1.52716043,-1.621435449,0.941857063,24.52498498,34.06043393,28.30814568,-8.272288177
667,101.0812844,39.45935781,1.53610549,-1.596100709,0.9624113824,24.56630663,33.73562718,28.3305135,-6.48403537
668,103.0931486,38.45342569,1.576585315,-1.613267419,0.9772622294,25.06101311,32.50290927,27.38890159,-7.363041304
669,99.50015201,40.24992399,1.546476443,-1.582525111,0.9772207924,25.150158,31.05419585,26.58117445,-5.125501937
670,102.2669165,38.86654177,1.559123596,-1.606233094,0.9706708206,25.07345492,32.10303423,27.04525077,-6.820809321
671,100.350391,39.82480452,1.500455882,-1.589833731,0.9437816379,25.05910963,31.30306334,26.07229922,-5.624141921
672,103.7784036,38.11079821,1.531327829,-1.619083696,0.9457990543,24.72341921,33.34316049,27.707388,-7.94125359
673,101.7801047,39.10994764,1.524036407,-1.60207807,0.9512872289,24.99605542,31.91447324,26.68295445,-6.515535652
674,98.94981667,40.52509166,1.515640129,-1.577784662,0.9606127918,25.07863666,31.17351175,26.27467393,-4.849642155
675,100.8289459,39.58552707,1.533618419,-1.593938771,0.9621564181,24.18460056,35.39312947,29.64514433,-6.649574194
676,98.33801227,40.83099386,1.471734133,-1.57250633,0.9359161903,25.24551756,29.87163435,25.01091246,-4.33176514
677,103.9310673,38.03446637,1.554204231,-1.620377177,0.9591620102,24.86924455,33.02555559,27.62951858,-7.951046325
678,104.5939878,37.70300612,1.55803906,-1.625983906,0.9582130884,25.10242576,32.36337345,26.93297182,-8.154528388
679,100.8998241,39.55008795,1.542468961,-1.594546214,0.9673403927,24.93520083,32.3983786,27.20387885,-6.126288083
680,99.95376918,40.02311541,1.532304383,-1.58642675,0.9658841059,24.56515488,33.1864926,28.26438458,-5.73640138
681,98.78675046,40.60662477,1.507325218,-1.576378653,0.9561948935,24.8392497,31.72635465,26.89332839,-4.846432473
682,103.4346357,38.28268214,1.524767047,-1.616167956,0.9434459095,24.90648722,32.34092771,26.9847916,-7.513958908
683,100.4733476,39.76332618,1.468394509,-1.590889062,0.9230024548,24.91529701,31.14842348,25.95957365,-5.662101982
684,101.7442976,39.12785118,1.526738921,-1.601772155,0.9531561127,24.68122343,32.92996724,27.76628239,-6.702707481
685,104.0725775,37.96371123,1.558291183,-1.621575396,0.960973623,24.28122268,35.49990119,29.76390898,-8.631829062
686,102.1954701,38.90226497,1.549800885,-1.605623759,0.9652329043,24.52425848,33.83823503,28.73037268,-7.148243195
687,102.0873858,38.95630711,1.553771874,-1.604701645,0.9682621558,25.0005935,32.23812044,27.18875425,-6.750768463
688,103.9100048,38.04499762,1.551327711,-1.620198771,0.9574922157,24.70781857,33.28561574,28.12246267,-8.001780189
689,103.6737132,38.16314338,1.543183558,-1.618196192,0.95364429,24.00260725,36.75883831,30.51373293,-8.689509411
690,102.3853449,38.80732754,1.542920442,-1.607242754,0.9599797158,24.4812578,34.13774752,28.7538075,-7.322052096
691,103.998583,38.00070852,1.552799572,-1.620948949,0.9579571105,24.92447138,32.83596513,27.42145809,-7.942950948
692,96.98757056,41.50621472,1.448758088,-1.560827011,0.9281990108,24.85062682,30.64427389,25.81290246,-3.727999198
693,97.98623806,41.00688097,1.444171262,-1.569467622,0.9201663302,25.11195766,29.67825406,24.93618418,-4.12335545
694,100.7854215,39.60728927,1.512699529,-1.593565686,0.9492545817,24.67104297,32.85960624,27.54502381,-6.149063195
695,104.6567726,37.67161371,1.55405689,-1.626514053,0.9554524826,24.68708234,33.6219213,28.24298701,-8.507291095
696,104.8859577,37.55702117,1.565532267,-1.62844797,0.9613646215,24.76488983,33.32250521,28.18420778,-8.56041633
697,102.6760856,38.66195718,1.519267842,-1.609719506,0.9438090528,24.56558354,33.765379,28.02244982,-7.409441418
698,100.341081,39.82945948,1.495984429,-1.589753807,0.9410164157,24.80709503,32.06267809,26.79491306,-5.755494841
699,99.90594011,40.04702994,1.503202159,-1.586015615,0.9477852201,24.92254307,31.53372937,26.55176127,-5.424786254
700,100.9960496,39.50197521,1.528834913,-1.595370657,0.958294492,24.70415771,33.15531801,27.72703612,-6.324088917
701,101.7500474,39.12497629,1.567193141,-1.601821281,0.9783820203,24.7619156,33.18738948,28.22427629,-6.758364998
702,105.6752696,37.16236518,1.558785351,-1.635092449,0.9533316312,24.4456742,35.41874489,29.17650501,-9.569609964
703,100.6386987,39.68065067,1.552590863,-1.592307601,0.9750571198,24.56489548,33.95392737,28.6394896,-6.268411158
704,102.9808001,38.50959993,1.5497373,-1.612312265,0.9611893015,24.99101747,32.34760309,27.14934031,-7.26606513
705,100.6793758,39.66031212,1.519124093,-1.592656451,0.9538303707,24.74925791,32.63603756,27.40057755,-6.047878804
706,101.3188201,39.34058995,1.512362673,-1.598134119,0.9463302578,25.0148308,31.7105898,26.41899245,-6.223781616
707,98.13487569,40.93256215,1.484871142,-1.570751914,0.9453250565,25.31967207,29.96242338,25.01310161,-4.239797633
708,103.4370093,38.28149533,1.543572709,-1.616188102,0.9550699618,24.53808155,34.04303942,28.56658231,-7.910792305
709,103.0146742,38.49266291,1.594360486,-1.612600298,0.9886891926,25.01034635,32.28079878,27.86637098,-7.269655109
710,99.85353992,40.07323004,1.51244704,-1.585565118,0.9538851623,24.72507955,32.47841171,27.36025203,-5.558038293
711,102.0765093,38.96174537,1.559634149,-1.604608832,0.9719715599,24.76944399,33.10253421,28.06253965,-6.925634854
712,102.5392006,38.73039972,1.557806127,-1.608553762,0.9684513899,24.73382147,33.3604193,28.15093033,-7.242798048
713,102.1949428,38.90252859,1.514295826,-1.605619262,0.9431226081,24.67726237,32.90907531,27.55324787,-6.951664514
714,103.1609622,38.4195189,1.562416824,-1.61384374,0.9681338937,24.4121134,34.79603735,29.36525528,-7.922622082
715,99.42604858,40.28697571,1.502050232,-1.581887237,0.9495305335,24.77455561,32.21137563,27.00970539,-5.275401103
716,102.3046308,38.84768461,1.549969538,-1.606554676,0.9647785793,24.40419074,34.41023975,29.15969253,-7.333143922
717,103.0126072,38.4936964,1.572535768,-1.612582723,0.9751659529,24.58657593,34.00165137,28.93072989,-7.655997014
718,101.3452663,39.32736683,1.500995742,-1.598360407,0.9390846616,24.08547132,35.29489938,29.37426593,-6.943241351
719,104.8874402,37.5562799,1.567073361,-1.628460474,0.9623035903,24.71679192,34.01162928,28.37697082,-8.738300038
720,107.0696742,36.46516288,1.565177893,-1.646767199,0.9504548634,24.6165962,34.49119582,28.69014278,-10.12435239
721,101.1740771,39.41296144,1.56189045,-1.596895254,0.9780794613,24.45563588,34.27589578,29.19891409,-6.642343266
722,101.3773336,39.3113332,1.494055766,-1.598634763,0.9345823076,24.45725747,33.404147,27.92521663,-6.589620257
723,98.55421804,40.72289098,1.523095939,-1.574372617,0.967430405,24.73257231,32.18262151,27.52785723,-4.787011569
724,107.6721469,36.16392655,1.593094743,-1.651784955,0.964468612,24.08421988,37.64034059,31.18148998,-11.42647478
725,100.1921042,39.9039479,1.533945424,-1.588474554,0.9656720152,24.44901922,33.85072227,28.69978161,-5.989855137
726,99.02906228,40.48546886,1.513033225,-1.578467716,0.9585455623,24.72095177,32.36547361,27.38456915,-5.079289597
727,99.47420416,40.26289792,1.524657243,-1.582301771,0.9635691946,24.72866726,32.46255012,27.56913236,-5.343450711
728,100.4073582,39.79632092,1.529237362,-1.590322729,0.9615893268,24.48075629,33.76920104,28.50056164,-6.100252788
729,100.1268652,39.93656738,1.538540904,-1.587914164,0.968906846,24.42282355,33.96083397,28.87848735,-5.971276635
730,103.068454,38.465773,1.548015022,-1.61305751,0.9596775146,24.6312986,33.59596108,28.32476093,-7.596551412
731,99.68146521,40.15926739,1.517096959,-1.584085251,0.9577116875,24.82488845,31.98460221,27.1146767,-5.378866625
732,102.3821767,38.80891167,1.536091777,-1.607215749,0.9557470914,24.52510473,33.67171909,28.47328414,-7.22027715
733,100.4724838,39.76375811,1.531953038,-1.590881649,0.9629585201,24.810212,32.33228235,27.42881443,-5.876822257
734,98.78435588,40.60782206,1.509150297,-1.576358002,0.957365202,25.01467452,31.41620075,26.36337056,-4.79775662
735,99.23478146,40.38260927,1.494669186,-1.5802402,0.9458493626,24.93696696,31.30510104,26.3552537,-5.023855146
736,94.76553384,42.61723308,1.493315666,-1.541539195,0.9687172864,24.92201454,31.17338681,26.37880974,-2.589834788
737,94.56662676,42.71668662,1.461671483,-1.539809157,0.949254962,24.86584386,30.89362534,25.99520084,-2.459698365
738,95.56630827,42.21684587,1.457189076,-1.548498829,0.9410333732,24.49260115,32.29497873,27.11840771,-3.132537292
739,98.56376313,40.71811844,1.47719046,-1.574454986,0.9382233685,24.7296989,32.1101481,26.70748654,-4.781521251
740,98.95196341,40.52401829,1.512206601,-1.577803168,0.9584253805,24.39919315,33.78156646,28.46674062,-5.256625768
741,95.34870515,42.32564742,1.471380673,-1.546608492,0.9513594942,24.5644068,32.14268828,27.14308545,-2.99624449
742,102.8995844,38.55020782,1.530710076,-1.611621522,0.9497950078,24.56353632,33.98663906,28.24055833,-7.587280788
743,103.702179,38.14891048,1.524458225,-1.618437548,0.9419320675,24.71858731,32.90622948,27.59927013,-7.794666246
744,103.8503825,38.07480875,1.522911277,-1.619693661,0.9402464884,24.07785575,36.15444134,29.83143792,-8.654914927
745,98.56724437,40.71637782,1.511011678,-1.574485027,0.9596862797,25.01677588,31.520738,26.389236,-4.695646022
746,100.0364033,39.98179837,1.491851074,-1.587136923,0.9399636868,24.62916694,32.58818032,27.30419102,-5.679267549
747,99.88182585,40.05908707,1.468194311,-1.585808308,0.9258334085,24.82237171,31.31344867,26.24863492,-5.373908105
748,97.52342968,41.23828516,1.509570421,-1.565465804,0.9642947277,24.63682554,32.69237458,27.60273671,-4.28046517
749,100.6673172,39.66634142,1.529573138,-1.59255304,0.960453498,24.68057154,33.20501596,27.82003167,-6.14645035
750,102.9563445,38.52182776,1.530841695,-1.612104292,0.9495922204,25.14008633,31.44967158,26.34407766,-7.05128636
751,102.3162232,38.8418884,1.53916049,-1.606653513,0.9579915504,24.70389249,33.13174495,27.91520042,-7.067234001
752,105.0500066,37.47499672,1.556500893,-1.629830993,0.9550075438,24.69033668,33.76378945,28.27621972,-8.767172628
753,104.1992675,37.90036625,1.55462382,-1.622647496,0.9580785872,24.26489246,35.56175151,29.75385314,-8.723119552
754,104.0240814,37.98795931,1.530610603,-1.621164845,0.9441424841,24.85299676,32.41433521,27.26348928,-7.854955773
755,99.47154006,40.26422997,1.519490577,-1.582278839,0.9603178272,24.30107808,34.30241741,28.95172191,-5.644726164
756,100.0937687,39.95311563,1.510086309,-1.587629827,0.9511576836,24.84533081,31.8517862,26.92281264,-5.582333046
757,99.46450478,40.26774761,1.514544381,-1.582218281,0.9572284677,24.9788735,31.42024684,26.57152424,-5.166637364
758,98.42398734,40.78800633,1.495937648,-1.573248591,0.9508590418,24.87163232,31.55104977,26.58603887,-4.622139899
759,98.94400747,40.52799627,1.508125677,-1.577734584,0.9558804711,24.62361122,32.87532134,27.62073987,-5.111098858
760,101.1349532,39.4325234,1.50379933,-1.596560283,0.9418994983,24.30548565,34.33262402,28.63716271,-6.630335806
761,101.5826391,39.20868044,1.555355282,-1.600390548,0.9718598277,24.56656807,33.85545741,28.68462311,-6.797535845
762,96.49818434,41.75090783,1.499638241,-1.556585864,0.9634150452,24.8893166,31.05514699,26.59503707,-3.514564654
763,102.2729783,38.86351086,1.544448954,-1.606284785,0.961503818,24.43135739,34.36726685,28.95901451,-7.305435149
764,102.7187918,38.64060411,1.560674364,-1.610083073,0.9693129438,24.08534698,36.20801764,30.54264078,-7.971779729
765,104.9019885,37.54900576,1.529455034,-1.628583166,0.9391322878,24.52309719,33.59338436,28.35722735,-8.639087424
766,100.755496,39.62225201,1.490760258,-1.593309137,0.9356378014,24.38139449,33.61074082,28.12452474,-6.272378461
767,100.8070056,39.5964972,1.506444663,-1.593750709,0.9452197604,24.8528976,31.92606216,26.83336275,-5.986181937
768,103.5439169,38.22804154,1.562157544,-1.617095306,0.9660268869,24.4497071,34.63127877,29.22515733,-8.110320363
769,99.67569073,40.16215463,1.531356493,-1.584035577,0.9667437496,25.33879301,30.30030157,25.73780714,-5.092606631
770,100.7921197,39.60394015,1.496398184,-1.593623106,0.9389912697,25.19247233,30.63444324,25.59103269,-5.736183446
771,99.44139125,40.27930438,1.536988939,-1.582019316,0.9715361395,25.00394448,31.45392065,26.88426541,-5.159658134
772,105.3531418,37.32342908,1.542154932,-1.632383782,0.9447257133,24.79894457,33.24841568,27.64912701,-8.803102003
773,99.28363981,40.35818009,1.514918706,-1.580661014,0.9584083444,24.77169565,32.23140428,27.25054117,-5.199635521
774,101.0171272,39.49143639,1.546181509,-1.595551211,0.9690579024,24.57230381,33.77530079,28.49547207,-6.454541754
775,105.0729204,37.46353979,1.562173961,-1.630024085,0.9583747722,24.72268272,33.65956219,28.26803486,-8.753107564
776,104.53798,37.73100998,1.500411241,-1.625510856,0.9230398161,24.41020213,34.11296533,28.20649948,-8.563094948
777,99.49075411,40.25462295,1.51946739,-1.582444223,0.9602028106,24.80207019,32.12799199,27.23206637,-5.297534659
778,96.11683226,41.94158387,1.50887669,-1.553278091,0.9714143907,24.63578256,32.41474829,27.59355603,-3.45399181
779,99.12105096,40.43947452,1.525143614,-1.57926042,0.9657328167,24.93834698,31.97897439,26.88814001,-5.06933391
780,104.3515623,37.82421883,1.516234085,-1.623935481,0.9336787714,24.85454617,32.06840021,27.00236182,-7.948825195
781,103.2425763,38.37871187,1.51960197,-1.614537135,0.9411997636,24.6513968,33.30557143,27.7369217,-7.62944945
782,102.3033201,38.84833997,1.519508918,-1.606543501,0.9458249445,24.83754185,32.44672214,27.11629982,-6.91397474
783,99.1897282,40.4051359,1.479010198,-1.579852107,0.9361700319,25.04886797,30.86306084,25.73118975,-4.928960891
784,100.5202527,39.73987365,1.53207792,-1.591291536,0.9627889581,24.70136703,32.81929397,27.79527001,-5.992247499
785,101.120604,39.439698,1.545700875,-1.596437417,0.9682188968,24.30645609,34.7438771,29.43157707,-6.701219539
786,100.8052114,39.59739428,1.527164306,-1.59373533,0.9582295614,24.62604198,33.21569915,27.96114349,-6.226969021
787,100.0083452,39.99582739,1.513573427,-1.586895807,0.9537950887,24.28062731,34.68736681,28.91191082,-6.028373482
788,102.9574001,38.52129993,1.53847617,-1.61211327,0.9543226262,24.90829033,32.53411394,27.2214983,-7.295011815
789,105.0363153,37.48184237,1.54721629,-1.629715608,0.9493780892,24.87018611,33.14666903,27.50216818,-8.59928068
790,100.6153815,39.69230924,1.520310221,-1.59210761,0.9549041853,24.26587759,34.68035608,29.09358352,-6.388649459
791,102.9789526,38.51052368,1.560039308,-1.612296554,0.967588316,24.47617331,34.74474609,29.09095589,-7.80343053
792,100.0828907,39.95855467,1.486330462,-1.587536366,0.9362497097,25.0599058,30.71531184,25.82439083,-5.377413546
793,100.9139096,39.54304518,1.517847232,-1.594666913,0.9518271303,25.15323729,31.00097891,26.07950891,-5.86953396
794,99.3728716,40.3135642,1.518481794,-1.581429411,0.9601957466,24.74338959,32.38837494,27.40848429,-5.274732583
795,97.64545042,41.17727479,1.5300787,-1.56652132,0.9767365953,24.7659453,31.95255363,27.54241711,-4.251052079
796,102.7599725,38.62001376,1.527426796,-1.610433596,0.9484568622,24.83821472,32.41755025,27.25538265,-7.159973318
797,102.6712956,38.6643522,1.55785953,-1.609678724,0.9678077417,24.78415686,33.0853666,27.98071822,-7.257521567
798,100.0323877,39.98380617,1.532083154,-1.587102417,0.9653335143,24.87711506,32.29619844,27.21042357,-5.626153875
799,96.57632031,41.71183985,1.486314411,-1.557263296,0.95444002,24.59479356,32.14837359,27.31707238,-3.681843636
800,98.95862624,40.52068688,1.481811831,-1.577860603,0.939127213,24.67635615,32.06379247,26.96515858,-4.993012442
801,99.98598309,40.00700845,1.558581168,-1.586703624,0.9822761759,25.27923233,30.86406201,26.38097184,-5.352052052
802,98.16901562,40.91549219,1.47538292,-1.571046831,0.9391081735,23.96277646,35.06973952,29.31881089,-4.98318772
803,93.92348811,43.03825594,1.471446185,-1.53421214,0.9590891286,24.64008391,31.60003023,26.89495648,-2.162209333
804,97.50284172,41.24857914,1.511026072,-1.565287683,0.9653344165,24.41592687,33.53857957,28.38607339,-4.379312276
805,96.15616998,41.92191501,1.473908961,-1.55361941,0.9486937092,24.86064567,31.03102355,26.22928535,-3.327730361
806,98.97010961,40.51494519,1.488156386,-1.57795959,0.9430890338,24.75862155,32.00506133,26.81156703,-4.990202949
807,105.5078143,37.24609283,1.5260075,-1.6336849,0.9340892481,24.49129907,34.33179408,28.40365395,-9.179284894
808,98.61681995,40.69159002,1.489365145,-1.5749128,0.9456810209,24.52671946,32.77527287,27.6016983,-4.910574917
809,98.85432164,40.57283918,1.518247573,-1.576961349,0.9627677772,24.49708372,33.08398744,28.23920369,-5.092376615
810,99.05094938,40.47452531,1.546084646,-1.578656345,0.9793674545,24.88270175,32.09375922,27.44060452,-5.048755579
811,102.6622963,38.66885187,1.49512175,-1.609602101,0.9288766145,24.73631403,32.57282458,27.01000172,-7.140100023
812,101.4117465,39.29412674,1.524963106,-1.598929154,0.9537402598,24.81347415,32.38281477,27.29289621,-6.40720891
813,100.6208597,39.68957016,1.52955441,-1.592154598,0.9606820918,24.36742024,34.13427798,28.90608533,-6.291261326
814,98.28283857,40.85858071,1.517036496,-1.572029904,0.9650175813,24.88729961,31.53431124,26.91012468,-4.542826835
815,97.92307936,41.03846032,1.504682634,-1.568921761,0.9590552382,24.5490374,32.69147243,27.8095855,-4.506307728
816,102.3908875,38.80455623,1.527058382,-1.607289996,0.950082677,24.31941623,34.70829963,29.03014557,-7.447706659
817,96.91325093,41.54337454,1.518239987,-1.560183216,0.9731164719,24.55431637,33.06328731,28.04205868,-3.979709955
818,100.2280787,39.88596066,1.499142189,-1.58878352,0.9435786376,24.72061136,32.48493962,27.13427456,-5.768254545
819,98.73879849,40.63060076,1.506411854,-1.575965078,0.955866266,24.87721644,31.78101503,26.75416371,-4.82849455
820,99.569823,40.2150885,1.511652707,-1.583124706,0.9548538414,24.896665,31.79076015,26.78437452,-5.285195163
821,99.20090279,40.3995486,1.539801189,-1.579948371,0.9745895609,24.80849006,32.34611129,27.57507255,-5.172037801
822,101.0424488,39.4787756,1.535464392,-1.595768101,0.96221023,24.7765085,32.72902091,27.60402689,-6.268792369
823,95.96970477,42.01514761,1.506886719,-1.552001297,0.9709313529,24.9106221,31.16799814,26.65507413,-3.24155265
824,96.65915626,41.67042187,1.481002047,-1.557981359,0.9505903512,25.30468434,29.77758585,24.99228105,-3.453089793
825,101.6135938,39.19320311,1.538374129,-1.600655163,0.9610902865,24.52473573,33.92430503,28.51687741,-6.829312904
826,101.0745847,39.46270765,1.516303473,-1.596043333,0.9500390387,24.69600683,32.87310378,27.52700296,-6.314484881
827,100.086768,39.95661599,1.559336377,-1.587569679,0.9822160234,24.92541914,31.75097368,27.53375289,-5.56084517
828,97.76036476,41.11981762,1.52099176,-1.567515087,0.9703203322,25.16291308,30.68231773,26.10340244,-4.143038727
829,101.4343254,39.2828373,1.535957804,-1.599122288,0.9605005292,24.82579323,32.39700873,27.44877031,-6.422531284
830,95.11621102,42.44189449,1.47770701,-1.544588054,0.9566997528,24.83995863,31.14323935,26.36263027,-2.777232901
831,97.92320173,41.03839914,1.492681734,-1.568922819,0.9514054586,24.92247972,31.21601598,26.36613519,-4.302991641
832,97.5491696,41.2254152,1.509235381,-1.565688487,0.9639435903,25.28159233,30.07097669,25.53857821,-3.950633912
833,99.6898331,40.15508345,1.535374105,-1.584157234,0.969205627,24.72099949,32.42709586,27.7887585,-5.457949386
834,98.88119218,40.55940391,1.497594742,-1.577193036,0.9495316726,24.7687656,31.80919383,26.94847703,-4.910896488
835,100.5122889,39.74385554,1.494540055,-1.591223206,0.9392397302,24.72160062,32.40061029,27.04772925,-5.911375085
836,100.160605,39.9196975,1.543623082,-1.588203996,0.9719299823,24.69350696,32.67021822,28.03147534,-5.76328762
837,101.7884655,39.10576724,1.529822037,-1.602149494,0.9548559879,25.08615482,31.51833426,26.4966902,-6.439163768
838,102.1967656,38.90161719,1.537160152,-1.60563481,0.9573535292,25.04025676,31.95139537,26.77045756,-6.750359175
839,100.6660831,39.66695845,1.521657077,-1.592542457,0.9554891741,24.80936426,31.901104,27.24726359,-5.904413083
840,98.7655734,40.6172133,1.527529365,-1.576196012,0.9691239877,24.71433426,32.58352412,27.66915071,-4.965469198
841,100.6285272,39.6857364,1.545612022,-1.592220362,0.9707274564,24.57995434,33.54216474,28.45838706,-6.186541179
842,102.3411434,38.82942832,1.567767358,-1.606865968,0.9756677844,24.83399491,32.79087132,27.9894822,-7.008456383
843,101.5693087,39.21534567,1.510143025,-1.600276584,0.9436762618,25.27628575,30.37722116,25.57003495,-6.092247942
844,103.0923432,38.45382839,1.544970297,-1.613260574,0.9576694071,24.62321967,33.48217191,28.29688472,-7.584419988
845,100.2980668,39.85096658,1.527883059,-1.589384509,0.9613048635,24.71989997,32.8805469,27.65686807,-5.878023102
846,105.493929,37.25303552,1.521844361,-1.633568134,0.9316075217,24.70023609,33.16958153,27.61340333,-8.860798242
847,102.4666877,38.76665616,1.511925008,-1.607935975,0.9402893102,25.18356695,30.75585217,25.8840084,-6.639325764
848,101.9022363,39.04888186,1.506396251,-1.603121188,0.9396646129,24.86501537,31.76868749,26.79328969,-6.552049615
849,105.8047159,37.09764206,1.553139614,-1.636179722,0.9492475631,24.27079845,35.33435669,29.70375232,-9.623645742
850,104.9151025,37.54244875,1.568130775,-1.628693755,0.9628149983,24.36763452,35.07192392,29.63433397,-9.027075155
851,101.2128736,39.3935632,1.519854699,-1.597227377,0.9515581321,24.80953941,32.27854712,27.21441326,-6.276716933
852,101.7324275,39.13378624,1.51492974,-1.601670735,0.9458434289,24.26350338,34.8482514,28.99913047,-7.08609469
853,99.56320919,40.2183954,1.528590382,-1.583067792,0.9655874435,24.99252895,31.23866548,26.77401614,-5.189853928
854,104.3702568,37.81487158,1.558330344,-1.624093523,0.9595077635,25.08593538,31.84012648,26.99116558,-7.902306956
855,101.2948502,39.35257492,1.556713585,-1.597929002,0.9742069785,24.22243649,35.40222533,29.95078763,-6.933809196
856,103.2407741,38.37961297,1.560424358,-1.614521826,0.9664931952,24.67735961,33.71127398,28.39224024,-7.721353289
857,102.3565183,38.82174084,1.553284464,-1.606997035,0.9665758119,24.5939789,33.59100258,28.55075648,-7.188275372
858,99.76695685,40.11652157,1.518631044,-1.584820587,0.9582353083,24.6875773,32.66826748,27.5975078,-5.541883268
859,100.1634354,39.9182823,1.531123231,-1.588228309,0.964044793,24.49340836,33.58261128,28.49151125,-5.925873997
860,104.6927829,37.65360855,1.546418331,-1.626818052,0.9505785415,24.30301797,35.45213273,29.45773661,-8.991940799
861,101.604144,39.19792798,1.565138684,-1.600574385,0.9778606344,24.27785471,35.11208836,29.9071419,-7.062753405
862,96.59071215,41.70464392,1.505067125,-1.55738806,0.9664046897,24.89887313,31.27940506,26.66059284,-3.590128742
863,103.5730054,38.21349728,1.559776828,-1.617342077,0.9644074993,25.29937718,31.44729319,26.33819353,-7.380181386
864,100.2908614,39.85456929,1.49565263,-1.589322642,0.9410629344,24.75564429,32.05378396,26.95634758,-5.726257362
865,103.0035259,38.49823705,1.527725035,-1.612505508,0.9474231421,24.37326824,34.65797638,28.85073626,-7.798426452
866,99.19519612,40.40240194,1.51120718,-1.579899211,0.9565212572,24.67963677,32.58582295,27.48911306,-5.207163089
867,102.2981169,38.85094157,1.544658291,-1.606499137,0.9615058331,24.28773995,35.08637886,29.47977177,-7.47333812
868,100.3324445,39.83377776,1.545262202,-1.589679662,0.9720588615,24.43619691,34.02652203,28.95705183,-6.102973996
869,100.2572436,39.87137819,1.518293394,-1.589033976,0.9554820205,24.42646883,33.58705978,28.48568363,-5.980778924
870,102.0581282,38.97093592,1.558932133,-1.604451971,0.9716290429,24.34242993,34.86779504,29.5521058,-7.284019816
871,98.75544396,40.62227802,1.513442602,-1.576108647,0.9602400221,24.68964862,32.06523667,27.49629872,-4.880883582
872,105.3249912,37.33750438,1.543488697,-1.632146872,0.945680026,24.21273426,35.52317379,29.73205698,-9.388552627
873,96.63068455,41.68465772,1.477594224,-1.557734566,0.9485532751,24.27883664,33.40286397,28.23089037,-3.856999685
874,98.11901083,40.94049458,1.531771554,-1.570614858,0.9752687277,24.46729437,33.553647,28.59493861,-4.738772025
875,102.3853348,38.80733261,1.534556565,-1.607242667,0.9547759003,24.36172297,34.38858568,29.02096906,-7.375847311
876,105.2982926,37.35085371,1.560010901,-1.631922153,0.9559346311,24.71122477,33.59651609,28.26817882,-8.864249465
877,102.9643208,38.51783958,1.51396504,-1.612172126,0.9390839946,24.79064628,32.22059927,27.17098045,-7.228506247
878,100.5222307,39.73888467,1.5515298,-1.591308506,0.9750025177,24.38682946,34.29816613,29.25143036,-6.263428647
879,98.0183951,40.99080245,1.442549379,-1.569745512,0.9189702203,24.95153489,30.46430605,25.39170706,-4.249497259
880,101.736653,39.1316735,1.533447855,-1.601706839,0.9573835974,24.62081451,33.14711509,28.09407734,-6.742576587
881,100.5113596,39.74432021,1.496447799,-1.591215232,0.9404433598,24.79295063,32.10661434,26.84911253,-5.857224557
882,103.5313757,38.23431216,1.531379978,-1.616988904,0.947056578,24.67247081,33.36360688,27.88033852,-7.806343579
883,104.575061,37.71246948,1.549739383,-1.625824061,0.9532023912,24.96062001,32.46235937,27.24868653,-8.169091793
884,104.4456838,37.77715812,1.519882166,-1.624731045,0.9354669317,24.75306599,32.6907887,27.40160047,-8.155112486
885,98.44626241,40.77686879,1.490979191,-1.573440875,0.9475914946,24.40469054,33.038459,28.0481794,-4.85274669
886,105.4963778,37.25181109,1.551224349,-1.633588728,0.949580713,24.21786602,35.91516589,29.86207667,-9.595722648
887,102.8297709,38.58511454,1.510839129,-1.611027578,0.9378108419,24.69496608,33.1563559,27.43127108,-7.36253978
888,99.99014639,40.00492681,1.485146551,-1.586739405,0.9359738253,24.78228196,31.88272843,26.6807749,-5.530977783
889,101.0807354,39.45963231,1.512154771,-1.596096007,0.947408404,24.33332165,34.15184962,28.69756599,-6.563712779
890,100.9328043,39.53359783,1.526156608,-1.594828813,0.9569407043,24.9464329,31.79022846,26.87984424,-6.029259264
891,103.4673873,38.26630634,1.558735996,-1.616445927,0.9642982605,24.42436,34.9300997,29.2520291,-8.134935695
892,105.1457691,37.42711545,1.534554302,-1.630637833,0.9410761057,24.2402419,35.23108696,29.45943562,-9.2050257
893,102.8760431,38.56197844,1.546120126,-1.611421262,0.9594760617,24.82167947,32.79680764,27.64411899,-7.308523364
894,101.8306109,39.08469457,1.532477571,-1.602509496,0.9562985896,24.59561644,33.57270766,28.16268137,-6.883042703
895,94.7394753,42.63026235,1.477682338,-1.541312573,0.9587168521,24.88405283,30.63603679,26.22229796,-2.531307021
896,99.59261667,40.20369166,1.494221004,-1.583320843,0.9437259735,24.60773831,32.77760422,27.41907173,-5.462115249
897,102.8292542,38.58537292,1.542353555,-1.611023181,0.9573751471,24.48449759,34.29992086,28.73183459,-7.616172636
898,103.656322,38.17183901,1.528798648,-1.61804872,0.9448409237,24.22068915,35.22014393,29.42007745,-8.315385848
899,96.54258189,41.72870906,1.488699576,-1.5569708,0.9561512497,24.40382112,33.21322534,28.00828877,-3.78436801
900,101.6046197,39.19769017,1.522099083,-1.600578451,0.9509681218,24.26140498,35.06017085,29.14392848,-7.05259535
901,98.19566063,40.90216968,1.524067103,-1.571276986,0.9699544489,24.55271401,33.46981491,28.1551978,-4.771255035
902,98.66217263,40.66891369,1.531475649,-1.575304086,0.9721777925,24.62701939,33.13050436,28.03674221,-4.989724686
903,100.4591976,39.77040121,1.528733025,-1.590767634,0.9610033498,24.77487476,32.78303804,27.48845015,-5.951277583
904,101.6729484,39.16352581,1.548551536,-1.601162471,0.9671420381,24.68505258,33.1013855,28.1498771,-6.697235928
905,101.1887166,39.4056417,1.526992213,-1.597020583,0.9561506153,24.12280913,35.43326905,29.74446695,-6.875512822
906,103.1812218,38.40938912,1.564702565,-1.614015888,0.969446817,24.81371074,33.32037614,28.00332871,-7.598104516
907,102.4470406,38.77647971,1.562224285,-1.607768558,0.97167237,25.17316738,31.6074627,26.77828775,-6.812581332
908,106.8366723,36.58166386,1.604144145,-1.644822236,0.9752690048,24.56137219,34.9246527,29.60319061,-10.11573259
909,103.8408781,38.07956093,1.573980833,-1.61961313,0.9718251871,24.46066845,35.14125956,29.40678093,-8.406712111
910,98.27059192,40.86470404,1.543753135,-1.571924145,0.9820786451,24.89433463,31.70985472,27.36083161,-4.561408388
911,104.3304269,37.83478653,1.565649375,-1.623756787,0.9642142145,24.79879991,33.26006533,28.07084754,-8.232317634
912,101.0718919,39.46405403,1.567227054,-1.596020271,0.9819593661,24.76240816,32.79714819,28.22320278,-6.298382135
913,101.3361918,39.33190408,1.50762796,-1.598282763,0.9432798719,24.69574227,32.39891141,27.37038717,-6.368509094
914,97.69065084,41.15467458,1.509127871,-1.566912241,0.9631221403,24.34224949,33.6108019,28.60862082,-4.497948129
915,98.12930827,40.93534587,1.530706767,-1.570703818,0.974535587,24.74433726,32.02124631,27.62596981,-4.528048744
916,99.80637956,40.09681022,1.510849367,-1.585159609,0.9531212875,24.92785972,31.5302989,26.66976571,-5.370215843
917,101.2958069,39.35209656,1.515961174,-1.597937189,0.94869885,24.29417095,34.2955235,28.90911781,-6.717614358
918,101.5798442,39.21007791,1.503680265,-1.600366654,0.9395848512,25.01289308,31.20418598,26.27342733,-6.263719486
919,100.2177616,39.89111919,1.527146814,-1.588694916,0.961258703,24.55262899,33.3701696,28.21238463,-5.919528759
920,99.02477207,40.48761396,1.522086103,-1.578430741,0.9643033828,24.80147574,32.06251889,27.28096079,-5.029374219
921,103.6746602,38.16266989,1.541381804,-1.618204222,0.9525261299,24.62760861,33.50634773,28.21606899,-7.9211835
922,100.7716279,39.61418603,1.510787664,-1.593447439,0.9481251952,24.84366193,32.17313108,26.94074537,-6.012993377
923,100.3198181,39.84009096,1.527318812,-1.589571261,0.9608369565,24.69926139,32.68703026,27.71601654,-5.855637011
924,100.9978585,39.50107073,1.468370489,-1.595386153,0.9203856294,24.78827534,31.75584222,26.360262,-6.058135263
925,98.69307274,40.65346363,1.520306507,-1.575570653,0.9649243619,25.1659457,30.42861094,26.08221069,-4.599020022
926,99.70789523,40.14605238,1.544390664,-1.584312603,0.9748017288,24.91254232,32.21419834,27.31215882,-5.432125824
927,103.8355358,38.08223209,1.553646277,-1.619567863,0.9592968054,24.44877113,34.71978553,29.06926515,-8.302741114
928,97.32771665,41.33614168,1.51335736,-1.56377221,0.9677607459,24.61170541,32.70040519,27.75679889,-4.170754195
929,103.8816551,38.05917243,1.53968934,-1.619958614,0.9504497998,24.73017847,33.63574562,27.83584189,-8.069794844
930,99.33768927,40.33115536,1.506307922,-1.581126471,0.9526802248,24.08491133,35.05105173,29.4802807,-5.68713625
931,97.20988883,41.39505559,1.459128906,-1.562752232,0.9336917759,24.90629644,30.69705891,25.82374426,-3.852617905
932,100.2983008,39.85084958,1.554098166,-1.589386519,0.9777975013,24.40273821,34.06015401,29.24258595,-6.089037178
933,102.6070765,38.69646176,1.525967235,-1.609131887,0.9483170693,24.36279301,34.58895383,28.85472851,-7.54951557
934,102.0271848,38.98640762,1.569244125,-1.604187881,0.9782171669,24.53250889,34.42184778,29.06147322,-7.172678794
935,107.106509,36.44674549,1.584626433,-1.647074453,0.9620854907,24.43328261,35.66275563,29.70533475,-10.49016052
936,101.8613853,39.06930737,1.543894283,-1.602772334,0.9632648695,24.06369889,36.45658236,30.29586906,-7.493456125
937,104.1721164,37.91394181,1.571490009,-1.622417783,0.9686099507,24.75109564,33.58245028,28.338793,-8.22217821
938,101.9312805,39.03435975,1.555337488,-1.603369185,0.9700432705,24.35888237,34.97790768,29.42426172,-7.231275593
939,98.41389586,40.79305207,1.532061604,-1.573161476,0.9738743463,24.74587448,32.51739596,27.64526907,-4.758041337
940,103.1295724,38.43521379,1.534895562,-1.613576991,0.951237884,25.02728879,32.02819491,26.77259236,-7.275331994
941,103.6005081,38.19974595,1.553833512,-1.617575366,0.9605941982,24.70144311,33.719368,28.18970392,-7.92913408
942,103.1432026,38.4283987,1.568058924,-1.613692824,0.9717208263,24.32420273,35.38530477,29.79199215,-8.046110445
943,100.8778251,39.56108747,1.515286291,-1.594357693,0.9504054818,25.28507744,30.47878175,25.63036787,-5.751815048
944,100.4123659,39.79381705,1.530618536,-1.590365711,0.9624318013,24.70834007,32.77830656,27.74528996,-5.924069928
945,102.2060786,38.89696068,1.575280547,-1.605714246,0.9810466281,24.512779,34.54786317,29.24376398,-7.304402597
946,102.4960979,38.75195106,1.534043306,-1.608186561,0.9538963594,24.58589596,33.50921858,28.22490645,-7.250494274
947,104.8077422,37.59612892,1.533819473,-1.627788199,0.9422721417,24.82960186,32.6839634,27.397945,-8.353249658
948,102.4396714,38.78016429,1.530190076,-1.60770576,0.9517849059,24.7312024,32.84798793,27.66067002,-7.075835019
949,104.4301365,37.78493175,1.536045502,-1.624599655,0.9454917079,24.46157641,34.24964609,28.6948373,-8.534988153
950,105.3023401,37.34882995,1.557006179,-1.631956222,0.9540734962,24.65789532,34.14637392,28.39718771,-9.011653015
951,102.3075143,38.84624283,1.510533376,-1.606579262,0.9402171504,24.55800049,33.57363392,27.88716229,-7.156506246
952,99.91356619,40.04321691,1.520624239,-1.586081172,0.9587304013,24.58748348,33.30215036,27.97258969,-5.733376279
953,102.2069103,38.89654483,1.571828871,-1.60572134,0.9788926832,24.56212744,34.12470562,29.00416254,-7.215419184
954,104.5343238,37.73283809,1.509154751,-1.625479971,0.9284363867,24.29732338,34.80894017,28.7681201,-8.735649576
955,99.19347914,40.40326043,1.51007777,-1.57988442,0.9558153436,24.54141681,33.19917253,27.93530579,-5.304193291
956,98.66481596,40.66759202,1.516962368,-1.57532689,0.9629508499,24.72191158,32.53270777,27.45248549,-4.901175401
957,105.7388761,37.13056197,1.55823076,-1.635626792,0.9526811171,24.55593543,34.58433448,28.77500014,-9.381124704
958,101.8044053,39.09779737,1.51947222,-1.602285656,0.9483154356,24.37205063,34.49854306,28.69918469,-7.057412243
959,100.6980882,39.6509559,1.555361243,-1.592816914,0.9764846348,24.84659416,32.73836013,27.7257743,-6.077347116
960,97.08091126,41.45954437,1.489818243,-1.561635432,0.954011553,24.42409807,33.17333511,27.95958317,-4.089305657
961,102.3933988,38.80330061,1.580962462,-1.6073114,0.9836068241,24.9482156,32.70695265,27.83915841,-7.019657767
962,104.573804,37.71309799,1.56040792,-1.625813445,0.9597705847,24.66063845,33.99420688,28.44973384,-8.553856531
963,100.6185089,39.69074556,1.499548293,-1.592134435,0.9418477866,24.29398267,34.30683811,28.59679187,-6.321682268
964,103.9123074,38.0438463,1.547714412,-1.620218276,0.9552505579,24.47892089,34.26571348,28.85140917,-8.238729979
965,104.1111362,37.94443191,1.575190374,-1.621901757,0.9711996225,24.26967882,35.79745273,30.12964205,-8.72754478
966,101.0970959,39.45145206,1.537860994,-1.596236114,0.9634295204,24.73124993,33.04693886,27.79917402,-6.360617948
967,101.8729218,39.0635391,1.538209339,-1.602870858,0.959658934,24.46712679,34.35252989,28.71570849,-7.067748422
968,99.77351944,40.11324028,1.492482875,-1.584877026,0.9417026371,24.95278589,31.48022562,26.26668381,-5.343895858
969,103.7494814,38.12525928,1.539985622,-1.618838551,0.9512904304,24.43544795,34.63315427,28.86082629,-8.231507713
970,105.0413026,37.47934869,1.556851773,-1.629757641,0.9552658223,24.05044561,36.64227734,30.60066699,-9.509230917
971,105.4594623,37.27026886,1.581894822,-1.633278262,0.9685396898,24.2201471,35.99567719,30.44389984,-9.594882618
972,102.913033,38.54348351,1.541143415,-1.611735919,0.9562009487,24.31955372,34.92514352,29.29741221,-7.804786006
973,100.118182,39.94090899,1.546995867,-1.587839568,0.9742771866,24.56439485,33.62875131,28.53802762,-5.907869959
974,101.3276673,39.33616637,1.518105506,-1.598209823,0.9498787236,24.75788679,32.9323492,27.35358457,-6.468560348
975,105.0093139,37.49534305,1.522174804,-1.62948803,0.9341429798,23.95378748,36.56753779,30.28272566,-9.470116893
976,103.712917,38.14354152,1.590099805,-1.618528585,0.9824354167,24.03110704,36.44205775,31.3296873,-8.63885106
977,100.7440222,39.62798891,1.521016409,-1.593210767,0.9546862481,24.37398973,33.99710975,28.72149472,-6.337793327
978,99.1720617,40.41396915,1.529846141,-1.579699913,0.9684409861,24.49434572,33.62884792,28.46447874,-5.360432503
979,99.72757653,40.13621173,1.526891836,-1.58448189,0.9636537002,23.90193417,36.17757199,30.57469582,-6.112699329
980,104.6560497,37.67197516,1.592984198,-1.62650795,0.9793891248,24.13234261,36.72834724,30.99317228,-9.292855849
981,101.2813712,39.35931442,1.525196113,-1.597813651,0.9545519355,24.43172074,34.14260947,28.59674039,-6.679226575
982,102.7421283,38.62893583,1.543414629,-1.610281717,0.9584749133,24.0826116,35.96308283,30.21515856,-7.932141049
983,103.2582569,38.37087155,1.528886381,-1.614670331,0.946872158,24.53975797,33.8809131,28.28898702,-7.770271047
984,100.0169532,39.99152341,1.516313807,-1.586969782,0.955477429,24.63112788,32.80393535,27.74528576,-5.7059022
985,100.4400782,39.77996092,1.523916842,-1.590603553,0.9580745874,24.51278308,33.5366516,28.29022573,-6.077079549
986,101.1270026,39.43649871,1.522712516,-1.596492206,0.9537863764,24.47013008,34.16975552,28.41594433,-6.594230202
987,100.0988902,39.9505549,1.515620747,-1.587673828,0.9546172016,24.20522258,34.65828061,29.22242885,-6.07724829
988,99.71632496,40.14183752,1.539570623,-1.584385112,0.9717149017,24.57085261,33.38633343,28.37866392,-5.634618959
989,102.8611791,38.56941043,1.550786931,-1.611294807,0.9624476691,24.47102853,34.4004079,28.93666471,-7.657173502
990,99.47176585,40.26411707,1.537154308,-1.582280783,0.9714801098,24.47095919,33.65472269,28.68253273,-5.53827384
991,98.42461839,40.78769081,1.502809062,-1.573254039,0.9552233939,23.75362989,36.35926286,30.65962643,-5.326925704
992,99.28651328,40.35674336,1.526229256,-1.580685761,0.9655488098,24.39830213,33.63070617,28.73385984,-5.427038272
993,100.5358087,39.73209563,1.523633738,-1.591425003,0.9574021621,24.5000765,33.74179572,28.32900162,-6.169687516
994,98.7579975,40.62100125,1.49721816,-1.576130671,0.9499327605,24.48633454,33.18747841,27.88475029,-5.053170028
995,101.8918795,39.05406023,1.53745982,-1.60303275,0.9590944537,23.72346574,37.51774291,31.48635437,-7.731112465
996,102.4445423,38.77772885,1.520020218,-1.607747268,0.9454348007,24.18213496,35.16568373,29.39127677,-7.578012727
997,100.622706,39.68864702,1.505194277,-1.592170434,0.9453725838,23.96616005,35.61506041,29.89855521,-6.565311121
998,99.25420896,40.37289552,1.505164094,-1.580407535,0.9523898489,24.35517603,33.87210556,28.48807084,-5.447145029
999,102.3129282,38.84353591,1.537724872,-1.60662542,0.9571147402,24.38781488,34.46376296,28.98764801,-7.349426422
