frame,J_cm,J_pda_cm,angle_deg,separation_A,aln_A_rms,aln_B_rms
0,94.96585785154883,21.857511172317864,105.60551898322004,26.068166576225163,1.0675554275512695,0.9321182370185852
1,92.14669533465602,21.23839420521734,106.44048739629363,26.33398927116562,1.014635682106018,1.0769189596176147
2,92.39834082531672,21.240881164349222,106.68163838330504,26.26583505030757,0.9555890560150146,1.1449308395385742
3,95.2775027294211,21.865292672591355,106.82479691318491,26.08140294084645,0.9990521669387817,1.1463485956192017
4,96.0345992658174,22.02658970579668,106.72989072261106,26.03975452277055,1.0253503322601318,1.061960220336914
5,97.28606759365339,22.28582158571709,106.32840081019228,25.879582607993182,1.073331356048584,1.1359397172927856
6,98.55305411189846,22.586246696854406,105.62455426219124,25.740446241051973,1.0830708742141724,1.0654757022857666
7,98.8492809684586,22.64701313848777,105.07396186756695,25.665545887455764,1.0783692598342896,1.0288602113723755
8,98.92154278668863,22.64938627301373,105.27107861394651,25.611232702575883,1.0992692708969116,1.11907160282135
9,100.31902010640728,22.931966910120988,105.32574109173437,25.499390842336222,1.137481451034546,1.0558321475982666
10,103.68109187503806,23.64415467011419,105.41559253843873,25.273540800474525,1.0896655321121216,1.0328174829483032
11,101.56876590111243,23.209966648814216,104.55474997924391,25.33526391649725,1.0495301485061646,1.0732532739639282
12,99.84823734233794,22.87197907614811,103.85874267014174,25.397228017988116,1.0749107599258423,1.1159942150115967
13,102.94257349365868,23.529810171686556,104.35438700743786,25.19580923517754,1.1070274114608765,1.158392310142517
14,104.26331416426189,23.800474419448726,104.68793925901599,25.1182873249045,1.1543408632278442,1.1665185689926147
15,104.45793722867644,23.890289967505716,104.20006501641976,25.092590331900883,1.1565272808074951,1.1261957883834839
16,104.42972991622209,23.88466126500588,104.09729117381131,25.098454862516107,1.1222033500671387,1.1266064643859863
17,103.65367352081388,23.726972668457858,104.05269615101527,25.144409087100982,1.0737102031707764,1.150425672531128
18,103.79822592136067,23.785246669302808,103.3205521602988,25.10170564101743,1.131792664527893,1.1971067190170288
19,105.38647907253514,24.092802783927578,103.71494094736325,24.976463402410268,1.0546599626541138,1.2273682355880737
20,107.66503301614058,24.591944260773168,103.78927345791995,24.84510493930308,1.1585220098495483,1.2307159900665283
21,108.20558726086139,24.675445084303217,104.34348019827623,24.82211242022908,1.1438504457473755,1.2809265851974487
22,106.06134910654481,24.22148854997254,104.0516299215455,24.90232868650161,1.1752054691314697,1.2277960777282715
23,108.23691831592161,24.67458547007437,104.56594355358531,24.817252309546245,1.104206919670105,1.2302117347717285
24,107.47744235879134,24.51281271219301,104.14080826853944,24.822504315433047,1.140207052230835,1.1941416263580322
25,107.45796109823361,24.474617837386496,104.60151026706014,24.82461404186144,1.1493171453475952,1.268433928489685
26,109.66916548943443,24.997413536566945,104.0180384831108,24.67041314910449,1.1969828605651855,1.2496639490127563
27,108.52206153758627,24.74155151908965,103.95324341124719,24.736987146184365,1.0886847972869873,1.3278920650482178
28,107.24138611124812,24.429964894047135,104.42946065757344,24.84054271286188,1.1891456842422485,1.3025072813034058
29,110.00917741954287,25.072082651058302,104.29742212803033,24.723692599580076,1.1626173257827759,1.23060142993927
30,107.94541408799705,24.631091712858034,104.11051173895112,24.82502752316435,1.2323375940322876,1.198954463005066
31,105.54273427726588,24.095013233625835,104.1040049920521,24.936925188139256,1.266898274421692,1.2687909603118896
32,105.80364920101536,24.11290680024337,104.39574700981463,24.897318240806747,1.1943100690841675,1.27510666847229
33,107.60768145028763,24.521388877461042,104.12862715457324,24.77265498204265,1.242669939994812,1.3260924816131592
34,107.18814218883496,24.474928952032503,103.49678203625739,24.814954166009024,1.3112602233886719,1.2486530542373657
35,105.53578031302766,24.08098075933219,103.69588398529008,24.91706591228917,1.3302727937698364,1.2678157091140747
36,107.51262525374626,24.510742169661683,103.13293717806471,24.736909821496596,1.3831357955932617,1.2418097257614136
37,108.64100982013453,24.76868662247436,103.38136516359296,24.725694560267495,1.3051189184188843,1.3048335313796997
38,109.81103795013769,24.999819240246595,103.74647144662815,24.683609312185514,1.241058588027954,1.3407596349716187
39,110.07970144672755,25.080431481270956,104.00793753519194,24.719076302568048,1.3116579055786133,1.2986444234848022
40,107.12228582156634,24.427518408750778,103.77795907030313,24.846680066253388,1.2549159526824951,1.330336093902588
41,105.7227805676098,24.17159963414482,102.88557449935446,24.909360786437176,1.2250616550445557,1.3316766023635864
42,105.09706219767577,24.027677477886417,103.324239610182,25.008456376481153,1.2050364017486572,1.3251909017562866
43,105.5675454028554,24.12273880071421,103.45154268131887,24.982795232001315,1.1974372863769531,1.305282473564148
44,105.54348226971179,24.090618470108236,103.30735267977738,24.941048813792893,1.264524221420288,1.3388067483901978
45,106.04135973051103,24.18684289473612,103.76869102968483,24.92480614896209,1.2403011322021484,1.3365511894226074
46,105.43720126553139,24.11025053067401,102.94963844476226,24.927477130239453,1.2214220762252808,1.3084434270858765
47,105.31382281587017,24.059328576059507,103.44531308881585,24.934567384241774,1.227073073387146,1.3074918985366821
48,104.4845031145592,23.885726927338755,103.67339953260894,25.032048890478595,1.2543525695800781,1.301492691040039
49,103.3437628438105,23.642043627895955,103.25780497442257,25.05997821660428,1.2407797574996948,1.3109214305877686
50,104.05931752787447,23.80639127240253,103.53149937173234,25.05610799883873,1.2304826974868774,1.3082727193832397
51,107.83974184576233,24.580770881346062,104.14714164717451,24.83629998933566,1.28249990940094,1.339667797088623
52,106.39051864457207,24.298237157745437,103.48542192364326,24.899340394602895,1.306562900543213,1.2139053344726562
53,107.32258876999978,24.46282530789406,103.42591922139941,24.826097158208935,1.3409937620162964,1.2910219430923462
54,106.9711823055359,24.403402309805692,103.33795245440179,24.888856182908313,1.3285874128341675,1.2999255657196045
55,107.89749935981142,24.588140319870053,103.46704470331944,24.805230972627797,1.3067145347595215,1.364383578300476
56,107.09999561087628,24.42108745918605,103.45565335659599,24.871279831451123,1.273391604423523,1.3479962348937988
57,107.73133558849278,24.528194270763837,104.12034476394295,24.875634662666513,1.2974369525909424,1.313887357711792
58,107.48498046881188,24.51153780149673,103.54922789975062,24.882329047090003,1.3106552362442017,1.3030956983566284
59,106.89126779637655,24.29008408709406,104.61010165225478,24.925039305009673,1.328337550163269,1.2687345743179321
60,107.52477630445445,24.462533565502167,103.96277755538357,24.885414855908813,1.3062283992767334,1.3865820169448853
61,106.12225083354633,24.169749548936654,103.93290126047921,24.96409301710388,1.236226201057434,1.4264315366744995
62,106.17278729978958,24.19199763581659,103.72374393896746,24.962801368995525,1.2913459539413452,1.3784754276275635
63,107.31621166005814,24.424041576332282,103.86039944658107,24.89086950099332,1.2257410287857056,1.3524566888809204
64,106.94784982650866,24.35010656069238,104.15515301113408,24.946199620163757,1.2845125198364258,1.334378719329834
65,108.25616072557676,24.63687965178397,104.37521137054945,24.892389100049897,1.230011224746704,1.3233122825622559
66,107.81215137165003,24.520313478139585,104.45619298747077,24.893415750422268,1.276330590248108,1.361557126045227
67,107.26006379405683,24.38315894014736,104.67896078251846,24.91433856274988,1.275537371635437,1.3988837003707886
68,107.89012935797753,24.50369848523641,104.974328615928,24.902931317943803,1.2282339334487915,1.366097331047058
69,106.29970088899846,24.163971137215277,104.57521873535838,24.972284093393085,1.2570979595184326,1.3302688598632812
70,106.47122344782781,24.227725754659964,104.36805371106036,24.96612245290602,1.2556300163269043,1.333836317062378
71,109.06676457462044,24.75420836758904,104.98244821461584,24.823512462666,1.2803736925125122,1.363125205039978
72,108.84559349946566,24.74453594897758,104.22946384825715,24.798231774497992,1.2901520729064941,1.4263889789581299
73,108.00041657486464,24.561484911905318,104.20259500197302,24.86693428766633,1.276442289352417,1.322159767150879
74,108.06124899085049,24.6094046938262,103.94160597744741,24.879162892732847,1.2777929306030273,1.324536919593811
75,106.98015964421414,24.357425375236105,104.26703149134272,24.95456564438435,1.2997578382492065,1.3319512605667114
76,106.12721070699145,24.18268024643507,104.66785161958894,25.071759883635163,1.3974075317382812,1.3435124158859253
77,103.84516528661024,23.683214552422328,104.54464269617368,25.217407694517526,1.2890119552612305,1.3130552768707275
78,105.05119905263344,23.944675137496894,104.53390795495733,25.12474892404865,1.3463809490203857,1.2311906814575195
79,104.41349361775481,23.79480755563098,104.73374705006381,25.175579790036245,1.3637199401855469,1.2957299947738647
80,106.09456618332464,24.154494492457058,104.45653676842491,25.045712064075634,1.3846185207366943,1.2486436367034912
81,107.50118743121489,24.447029391081813,104.17441877639438,24.89508209253064,1.2991745471954346,1.2782341241836548
82,108.96564182838986,24.751652347006942,104.6263644067837,24.872637075972648,1.323423147201538,1.3272159099578857
83,108.30752886955683,24.625063893094516,104.82470412324928,24.939848359550066,1.4126225709915161,1.3120896816253662
84,107.3882959965407,24.425675005199167,104.1360432144265,24.947430834017446,1.3124074935913086,1.2357465028762817
85,109.03976217365475,24.84061907828529,103.80138944074953,24.866268885354025,1.3352737426757812,1.2581377029418945
86,109.27963754179332,24.871058644227514,104.13228619638335,24.86395049367435,1.304487943649292,1.2227553129196167
87,107.0342451357066,24.37097444544767,104.40386053209599,24.999084504467337,1.2987393140792847,1.2778428792953491
88,108.15611406718857,24.57821919487302,104.88289836612935,24.91973948737599,1.3509539365768433,1.3190501928329468
89,111.05141172687645,25.24344499926273,104.19188029989729,24.696998919929474,1.2944036722183228,1.2560127973556519
90,110.05544470895234,24.985717086288368,104.52317709510267,24.76421080930996,1.33112633228302,1.2837796211242676
91,108.60151552096097,24.764775624724596,103.12413410268366,24.80939614157985,1.305139183998108,1.3183910846710205
92,109.55542355221318,24.953334845606047,103.35382775586407,24.753734767871485,1.2868595123291016,1.2927181720733643
93,106.62598816839997,24.387211815181296,102.74832226467451,24.94315937180399,1.2783546447753906,1.2753103971481323
94,105.8163681143024,24.208052001908417,103.26662382834819,25.030642014428388,1.2182588577270508,1.3004186153411865
95,106.18743124413575,24.274199125990304,103.3477399239088,24.96790206063479,1.2809981107711792,1.2508131265640259
96,106.50245113010244,24.380412742051124,103.11687021060938,24.97432734175276,1.2768354415893555,1.2650202512741089
97,109.94156996359862,25.13061950056569,103.1640056357481,24.78175943794187,1.2828437089920044,1.291510820388794
98,110.63574696595965,25.245618478208044,103.63813286044079,24.744503463605028,1.2199825048446655,1.282570719718933
99,108.89646186372028,24.849827016067014,103.25979584958222,24.798109522659985,1.289626955986023,1.3021551370620728
100,108.80714683562768,24.836216163871697,103.19077259495482,24.784263519562273,1.2352079153060913,1.3158321380615234
101,108.44249990138344,24.776983079252503,103.06373722020129,24.811166380777735,1.227760672569275,1.2517426013946533
102,107.45633822792924,24.58965559234485,103.0001475390094,24.887669149363823,1.1936285495758057,1.2291244268417358
103,107.32180958463434,24.52782269175354,103.08867848400077,24.87153268693597,1.188232183456421,1.2465091943740845
104,108.75070323884552,24.810312441557617,103.38687625547189,24.789240027769683,1.288021206855774,1.3102521896362305
105,108.84999966412515,24.82625118180541,103.48181939727817,24.79955501567122,1.2181271314620972,1.3686476945877075
106,111.09254433594913,25.290441689902934,103.89236527251016,24.669160437355938,1.16488516330719,1.3726385831832886
107,112.78190431389369,25.66290329955574,103.27275957821199,24.507288793631304,1.2494548559188843,1.3214678764343262
108,112.373957494954,25.569914010521977,103.55032883053235,24.55937957052596,1.2894805669784546,1.2827751636505127
109,108.8701239484017,24.82743857059701,103.33051501091118,24.750801663202598,1.2834833860397339,1.3331608772277832
110,106.00860993542345,24.19803317582358,103.4940969502091,24.934622031356056,1.3588184118270874,1.2651925086975098
111,105.14774530240683,24.08145467989979,102.531077029138,24.947756463333356,1.285597801208496,1.292370080947876
112,105.77464103553898,24.155793789027456,103.12027254730468,24.921480713277578,1.3080353736877441,1.2841525077819824
113,106.6987496239546,24.36360870291823,103.31418542629599,24.911438099047544,1.28037691116333,1.2720757722854614
114,108.31975009817401,24.71935966614643,103.46585257902646,24.83467033505597,1.3288625478744507,1.289628505706787
115,108.96465926954696,24.852266120482778,103.5566164443471,24.8102533403807,1.2505789995193481,1.3036435842514038
116,110.5422727344405,25.166485125697232,103.8641015676579,24.70945067786957,1.3139275312423706,1.3453598022460938
117,109.60817027292487,25.00098307771971,103.19677241262639,24.735014616412922,1.2857210636138916,1.3028484582901
118,108.79370575268133,24.80993919037264,103.41911276789008,24.79173176974325,1.3426473140716553,1.2707123756408691
119,109.66569968535008,24.98128793163044,103.5318052727076,24.729587922261175,1.2728383541107178,1.2820111513137817
120,110.00381565956165,25.0655961928038,103.52921851061106,24.706992624724077,1.2612557411193848,1.3165241479873657
121,109.40800020539454,24.930707042974415,103.62364578624845,24.748764744636656,1.1902940273284912,1.2824585437774658
122,111.59429793884851,25.440909798268894,103.38601990018353,24.60322550854096,1.2841087579727173,1.3091267347335815
123,109.80464967198871,25.01560257463083,103.67700474268516,24.70216579016319,1.2520148754119873,1.2829750776290894
124,108.52802483932389,24.764929075183108,103.03790491432198,24.72032856322584,1.2629823684692383,1.2954285144805908
125,110.35412386146015,25.201147778318212,102.86288526994954,24.62914770746612,1.1994047164916992,1.2852833271026611
126,112.53022514901546,25.630759788917118,103.26397130443476,24.502460268721975,1.2293694019317627,1.2719272375106812
127,112.15430050967367,25.52406458007581,103.43510664977697,24.51318409953021,1.3509403467178345,1.3340781927108765
128,111.65787701602831,25.450117407091227,102.90510790841935,24.538884515380406,1.3013192415237427,1.2981232404708862
129,112.53136142031677,25.671988073578735,102.7228371350321,24.50638483963169,1.2983464002609253,1.259661316871643
130,111.33755633768894,25.401443936663682,103.22226188679632,24.608820663266776,1.3337483406066895,1.2227758169174194
131,113.02205467088366,25.721975753261678,103.31488062650685,24.49939109558211,1.3274933099746704,1.2295587062835693
132,110.6740007068668,25.169861344482392,103.72790270098353,24.62182458155572,1.3338524103164673,1.198546290397644
133,110.32432451452219,25.11939378791467,103.91573265028762,24.689811738928515,1.3034298419952393,1.2410045862197876
134,110.62729143718803,25.156764274997602,104.00673228877832,24.65412602086199,1.3214302062988281,1.3004380464553833
135,111.58375828148996,25.408329411549538,103.43756056769341,24.589967642388785,1.314906120300293,1.2666771411895752
136,110.90130461634931,25.29497670469683,102.91949768266169,24.597512641965338,1.268614411354065,1.3132003545761108
137,110.17742508643249,25.165448266849282,102.63778184503644,24.62696182069031,1.3879103660583496,1.26700758934021
138,109.65044643962302,25.06180018949269,102.58841158508338,24.66113978455445,1.3085575103759766,1.2608000040054321
139,108.8420918284507,24.844794999372038,103.17786779132736,24.71410661963705,1.2859611511230469,1.2850468158721924
140,109.8915347970303,25.037656855246336,103.57652907240744,24.650964397354308,1.3433334827423096,1.2506043910980225
141,108.09391027514513,24.663187439856177,103.15605779393243,24.72642905924916,1.3488680124282837,1.3189687728881836
142,107.56036501820505,24.57206708743365,102.76655490883867,24.721247354910428,1.3651046752929688,1.2541128396987915
143,109.57648261240355,24.997320499682356,103.01034436191021,24.621244933126587,1.3234831094741821,1.3015820980072021
144,112.77668420272768,25.6948741920191,103.03214879900271,24.438162791386507,1.3280738592147827,1.3679859638214111
145,112.34803797370417,25.565719035552842,103.21508579650127,24.454542234560694,1.3845874071121216,1.3635812997817993
146,112.480342168765,25.536280657999868,104.0982031872434,24.483584960698224,1.33181893825531,1.3023425340652466
147,110.00185355075241,24.97558434353998,104.40853276703812,24.649838688534754,1.3364508152008057,1.2745051383972168
148,111.55815211030635,25.303435561200654,104.79195932025475,24.587644144564862,1.3615471124649048,1.2304036617279053
149,111.39825728681717,25.281462562421453,104.52113003948655,24.58806769534229,1.3578821420669556,1.234853744506836
150,114.08667649917048,25.868744961353357,104.5106424976625,24.44481180837783,1.3563319444656372,1.3227962255477905
151,113.6873374080302,25.782778013651768,104.7249306545691,24.51253510367762,1.4089033603668213,1.3193377256393433
152,114.6347641086166,25.989801196093644,105.11353120255217,24.496491205287665,1.4184778928756714,1.2391988039016724
153,117.21275564890938,26.45983948438343,106.1556958777915,24.37212361386958,1.3618097305297852,1.313817024230957
154,117.245446126094,26.512989152332704,105.54995307084154,24.356515083823318,1.3818413019180298,1.2869834899902344
155,115.39874933686467,26.112449731624032,105.48268477557603,24.4791609415688,1.4115653038024902,1.2683886289596558
156,114.85839556522927,26.00574437738303,105.35569120290269,24.52100687855096,1.473928451538086,1.2841196060180664
157,115.48063068522006,26.12986432104486,105.59393521455375,24.48791793702776,1.3762035369873047,1.213510513305664
158,115.40373398328668,26.213841225155537,104.73398886767322,24.493611900744828,1.4436776638031006,1.274585485458374
159,115.84232862995711,26.348013845179278,103.80412791936442,24.40773616716559,1.4135408401489258,1.2721015214920044
160,114.62175670246393,26.0607129364895,103.75880550106326,24.455509443265324,1.3896536827087402,1.2636888027191162
161,115.54334461856004,26.224626262717067,104.46864887632299,24.44452074124092,1.4036096334457397,1.25607430934906
162,114.54451299426538,26.00373600301745,104.31008167594149,24.46423245355781,1.434027075767517,1.2434790134429932
163,116.66504260989186,26.522129404812038,103.70889575117145,24.324045860198225,1.428945779800415,1.2201756238937378
164,113.6537274851582,25.881034000952724,103.60070709675108,24.483829687457952,1.4153844118118286,1.2247127294540405
165,114.25483630812674,26.038019080652575,103.16504009568575,24.413811489564367,1.389892578125,1.2956985235214233
166,115.86260789200307,26.351540724731937,103.21464985866166,24.297119278183366,1.4716325998306274,1.3048319816589355
167,117.44010703165851,26.71185013588014,102.55201430541668,24.14471976280129,1.4826983213424683,1.279549241065979
168,115.1986804565313,26.244761103227646,102.18071787692507,24.276836236268306,1.3963546752929688,1.3123787641525269
169,112.40685385671951,25.656229784647714,101.66924158455136,24.39312403313788,1.4713733196258545,1.2348268032073975
170,113.56669565421876,25.90331897619155,101.83340915454481,24.334777739793747,1.4603183269500732,1.2880101203918457
171,110.1070719223565,25.12767777665254,101.85620496879638,24.552836754592136,1.4478493928909302,1.3171995878219604
172,109.15426588212023,24.95069726478288,101.93207355325029,24.636972250494434,1.412815809249878,1.3725529909133911
173,111.70238864719781,25.477099484181764,102.38778593294693,24.49786477042352,1.4711861610412598,1.3446425199508667
174,112.37921716363346,25.609912503140606,102.54554274181126,24.437322178807356,1.421156406402588,1.2880163192749023
175,114.0868878074723,25.991702824855487,102.4750089292458,24.346781887524426,1.4356907606124878,1.2053331136703491
176,114.03580248691745,25.980532326134423,102.6122730209799,24.37216385520099,1.4089086055755615,1.2874962091445923
177,113.0414942463197,25.786112057837965,102.5349548754708,24.47254017524,1.388311743736267,1.3323462009429932
178,112.29115213197218,25.646664837864588,102.12967652291717,24.493954643063915,1.3801078796386719,1.235775113105774
179,113.41360579252726,25.873104896834096,102.37360986911463,24.454080986996836,1.4005199670791626,1.3290915489196777
180,113.13537967223259,25.78106059363226,102.31352442613694,24.433765602997116,1.3867740631103516,1.2739700078964233
181,113.35370611406898,25.84745486436756,102.01608680824641,24.401775673297283,1.341155767440796,1.3320192098617554
182,115.24669266979413,26.25415681991553,101.88902236602061,24.288686045160684,1.33841872215271,1.2961461544036865
183,116.53962673682996,26.54512404202646,101.88994865229706,24.255901851166755,1.3718563318252563,1.3458995819091797
184,116.2949027038271,26.541800692105124,102.0749686725168,24.314338083139077,1.3534668684005737,1.248245120048523
185,114.74040421132715,26.17295467588424,102.10162511961921,24.355569429747977,1.3575187921524048,1.3037081956863403
186,113.93778793393722,26.023127158291107,102.209316205762,24.43660750941943,1.3239938020706177,1.3354127407073975
187,113.29494818719648,25.842598217453098,102.60189597867355,24.493360746769483,1.3655085563659668,1.2278980016708374
188,113.62129890441275,25.91463903984756,102.71306149996491,24.485932996036173,1.3267066478729248,1.3116581439971924
189,115.29689699293502,26.247640121525443,103.0408504937711,24.38487730895329,1.388604998588562,1.328092098236084
190,114.73873234701223,26.15236414269773,102.08926935246505,24.34353234322854,1.350195288658142,1.3155275583267212
191,112.5910111883782,25.723761438193094,101.18342652203228,24.42272277566012,1.3452914953231812,1.3409165143966675
192,113.45791994021945,25.902650840149555,101.53876706247836,24.379395677019616,1.3343433141708374,1.3434205055236816
193,110.87511121131763,25.342270639766397,101.24364252427978,24.503336645731675,1.3961613178253174,1.2734969854354858
194,113.10569492428743,25.85914528976243,100.93118341699896,24.38905528512511,1.2772220373153687,1.3332144021987915
195,111.3279254476648,25.444289264526063,101.36901626924615,24.501015504253488,1.2853448390960693,1.333630919456482
196,111.82107905191985,25.56735596984401,101.37519509660282,24.503290120743287,1.3979439735412598,1.3488479852676392
197,111.3212228447799,25.45625762840668,101.28731520485854,24.513647632401977,1.3430593013763428,1.262076497077942
198,110.77238828079346,25.273828016575486,101.49325183993147,24.46501342108452,1.3643882274627686,1.2863221168518066
199,109.90533314098472,25.152137730536104,100.67809086453906,24.500083068862384,1.3293545246124268,1.369271993637085
200,110.80350283261929,25.363765897601606,101.10892427141746,24.50836375311438,1.3272745609283447,1.3692071437835693
201,110.43612796699638,25.32886418115163,100.43497390206586,24.495743381021285,1.397926926612854,1.2253986597061157
202,109.59751345744763,25.137950220883074,100.6677925470364,24.565751016705995,1.2931196689605713,1.3018405437469482
203,109.84241304365817,25.15994906230902,100.88384378655226,24.533501120170907,1.4081238508224487,1.3153420686721802
204,110.01065738853123,25.144010784380313,101.59344428276235,24.57412715798784,1.3387484550476074,1.2467187643051147
205,109.70362513794525,25.070813980177935,101.75204705664784,24.58048756235448,1.3622151613235474,1.378208875656128
206,110.35326890493428,25.23247621734859,101.37125542459277,24.528698740014995,1.4095500707626343,1.2881747484207153
207,112.17956096084075,25.634819104496863,101.39444207386182,24.404558127022113,1.438828468322754,1.3208106756210327
208,112.02983611414767,25.594365553910244,100.77397854997197,24.337728234044217,1.5163769721984863,1.294540286064148
209,112.64196788084475,25.736452215916003,100.77154498107447,24.27477203402273,1.4261568784713745,1.319084644317627
210,111.52721905026287,25.497948191712776,100.93310942113413,24.371948423355935,1.4501943588256836,1.3099080324172974
211,111.45076644925241,25.46643240354958,101.05881050325829,24.392985332250305,1.4526392221450806,1.264195203781128
212,113.12942399100692,25.85806683386852,101.46713062939492,24.334341634502035,1.4811160564422607,1.2656221389770508
213,115.2733376274592,26.316495526226653,101.44913588779272,24.221033364603674,1.5023239850997925,1.181146502494812
214,114.71537201431333,26.14095241395127,101.90507825290119,24.243434834934465,1.430648922920227,1.3464248180389404
215,113.67320547735335,25.95723042540152,101.23267823763713,24.285218713190105,1.4852906465530396,1.2836978435516357
216,113.3574813132388,25.88133585890163,101.63782201732091,24.330018280867495,1.44568932056427,1.21872079372406
217,111.79687988751361,25.507806595799423,101.7581839673982,24.378080427516412,1.452196478843689,1.2292579412460327
218,111.57515459486815,25.468157729349898,101.66107578352243,24.38960487211198,1.4388175010681152,1.2181830406188965
219,109.21463561475073,24.950537198244263,101.24492117324398,24.45580218803544,1.4541174173355103,1.2145612239837646
220,109.45052862319845,24.9906905243734,101.73084903435046,24.480854134155237,1.4485992193222046,1.264229416847229
221,111.09519504575117,25.364366110132647,101.99604912190645,24.423349131841057,1.475986361503601,1.1851619482040405
222,110.18073957980441,25.133768032996418,102.40549215961956,24.454236769070146,1.4029558897018433,1.1993767023086548
223,109.29234940867664,24.921868466708904,102.36849771188804,24.466786982185464,1.4659833908081055,1.1994438171386719
224,109.01118880210797,24.898241593991013,101.85101598092487,24.474504778297714,1.455232858657837,1.241989254951477
225,108.9937988687342,24.901728491085464,101.97322508703745,24.51578906491399,1.3795500993728638,1.1540125608444214
226,111.75788435108642,25.54061433383095,101.85349995331111,24.366027568038,1.439149260520935,1.1895530223846436
227,108.65966738659678,24.923297263699702,101.0594716489381,24.49219637026019,1.4172412157058716,1.2235361337661743
228,108.37493756309571,24.848358076526427,101.56134906533364,24.538175732856836,1.3736406564712524,1.1964658498764038
229,107.28036307177456,24.628964777639837,101.30007245586584,24.59171179445745,1.3326789140701294,1.2975506782531738
230,111.45598476273592,25.48979510942205,101.71031093339593,24.3187679985251,1.4142056703567505,1.2390130758285522
231,112.2286720715541,25.658346787432095,101.58627310638917,24.26753422049638,1.3971617221832275,1.2779911756515503
232,111.6063641705294,25.523788706741545,101.47841227991944,24.31063630413071,1.318997859954834,1.2418224811553955
233,110.25602512986289,25.215244921048164,101.66403177577213,24.42013835960013,1.3541600704193115,1.259132742881775
234,110.6527657857315,25.303256436760883,101.9360472400919,24.440572065570905,1.3076369762420654,1.1790757179260254
235,112.0344504623155,25.620295421652397,101.73632160777044,24.325020383692028,1.31161367893219,1.246923804283142
236,109.0553854636296,24.94854424392522,101.88718427867987,24.487339513884162,1.3523070812225342,1.3124781847000122
237,108.2659931400165,24.777069558657065,101.87191420986676,24.555048333242446,1.364427924156189,1.3097479343414307
238,107.07604426386627,24.53457002318264,102.14233550922452,24.668056968386452,1.307134747505188,1.2944443225860596
239,107.40975019294652,24.61834652318748,101.9928886114305,24.64420413024481,1.3225340843200684,1.2445811033248901
240,108.47009150149277,24.817853422879,101.98114996506106,24.534601314995456,1.332857608795166,1.244511604309082
241,109.85188177883788,25.126293732640924,102.2295208541012,24.490839173654933,1.411080241203308,1.2531994581222534
242,108.47562478882607,24.818362034008246,102.38263850267492,24.605172730860335,1.3137779235839844,1.2590833902359009
243,110.43355662839365,25.280829123487987,101.60378676463867,24.4240195315643,1.3753466606140137,1.3239107131958008
244,109.70272600359435,25.14005940085111,101.81132052519656,24.54958031261071,1.4215848445892334,1.256402850151062
245,107.97456035503536,24.743349920921794,101.89331227053401,24.654445711150935,1.4084193706512451,1.2466740608215332
246,108.25338708901796,24.74824758057705,102.55404738771304,24.645502100136266,1.4329712390899658,1.2139564752578735
247,106.1598482238713,24.31884000073298,102.52406378884731,24.79649644075606,1.4356828927993774,1.2724361419677734
248,108.11738243147228,24.753113133605925,102.05635232325159,24.654470263546894,1.3836292028427124,1.2614355087280273
249,109.50870660587458,25.01043916021026,102.35625692308876,24.546352376361526,1.3329393863677979,1.2515515089035034
250,108.02902146816444,24.708464417941475,102.17097054056556,24.633980867393763,1.4062200784683228,1.2848609685897827
251,107.77752381028654,24.696021562094526,101.75413690858318,24.649373509817345,1.3337677717208862,1.2630966901779175
252,106.42278557382872,24.448594373693005,101.28638766308302,24.743931753873774,1.2743208408355713,1.2325087785720825
253,108.33004700574804,24.898505259422926,101.10887316832012,24.652818479026905,1.2929282188415527,1.2073427438735962
254,108.13885917209527,24.844111434401025,100.80549913840359,24.64039543109175,1.2558540105819702,1.187465786933899
255,108.53741410758322,24.951614830633073,100.36825797307033,24.5891629334021,1.2890294790267944,1.186439871788025
256,110.11121916816884,25.290402239416498,100.88637592975476,24.54021095442262,1.3348263502120972,1.1752183437347412
257,109.39514067010694,25.04554263922647,102.3597607807144,24.671521063360338,1.308933138847351,1.222271203994751
258,110.35232096016345,25.248682860615766,102.14741255227813,24.599610524990506,1.353299617767334,1.275526523590088
259,110.57301160993882,25.287891017646093,102.14597934533577,24.577203619277586,1.2766774892807007,1.2268644571304321
260,107.43435503905042,24.656200140079036,101.38662966421896,24.718929172059912,1.3168673515319824,1.2733019590377808
261,107.52829440808934,24.67968399232892,101.47093677314976,24.72302634083688,1.3261665105819702,1.274222731590271
262,107.094622395271,24.575022963606877,101.4937493501929,24.739435906969433,1.3666424751281738,1.2703913450241089
263,110.59632127327622,25.303408046313198,102.1461804178253,24.59582962376435,1.3455456495285034,1.252172589302063
264,111.66407970810214,25.541365671010066,102.07740817415501,24.504100941305406,1.3464562892913818,1.3143025636672974
265,110.419263858567,25.301340608276135,102.02253895651242,24.598765626069184,1.2703402042388916,1.2926691770553589
266,110.6373521227791,25.315235521709667,102.1312784504454,24.580731296761407,1.3575962781906128,1.3014212846755981
267,112.83620987665333,25.75201242274445,102.38299904653483,24.457355214912198,1.3102418184280396,1.2929149866104126
268,112.28636136796797,25.61164296601572,102.60000140784231,24.49996312624172,1.3229800462722778,1.2864104509353638
269,111.82358116224722,25.545518624583213,102.5505967463143,24.54203127347642,1.3599045276641846,1.327175259590149
270,112.11118381194039,25.592287302582445,102.07083635618696,24.470092629499266,1.3139272928237915,1.268976092338562
271,110.91511816618969,25.33188626388952,102.21443067779812,24.58864484734651,1.2680360078811646,1.2811671495437622
272,112.86728559053913,25.850166660060786,101.42442466198062,24.47872486586022,1.345205307006836,1.318711519241333
273,112.42420519072189,25.745253079426746,101.20423069297644,24.50398352825219,1.295412302017212,1.2730828523635864
274,109.53965515029644,25.10302967585016,101.42350764256054,24.698135671590485,1.3429652452468872,1.2980918884277344
275,111.68271162969928,25.605064231320416,101.25454851388511,24.582989799423046,1.2882139682769775,1.2638906240463257
276,113.33157524865085,25.93243962114222,101.77104479324616,24.509979248688623,1.3327045440673828,1.3431315422058105
277,111.65970139841994,25.60551569860002,101.22364404941176,24.566146345594795,1.3569331169128418,1.2431859970092773
278,112.45536010018803,25.72436069083077,101.86800046753328,24.54895966727792,1.3709735870361328,1.2890433073043823
279,112.5718166462104,25.714371991377373,102.13438537583399,24.57207804520692,1.339154839515686,1.3070449829101562
280,113.1514859227336,25.83352612915126,102.28858065203359,24.55242401632902,1.3171920776367188,1.2833055257797241
281,111.40421447433583,25.455023276999025,101.59583681873337,24.576499830774523,1.3409180641174316,1.2855764627456665
282,112.11355139477473,25.61483386421613,101.9233855403127,24.564718477451123,1.3408340215682983,1.2998629808425903
283,114.62930523258368,26.152027663232307,102.31771526859451,24.452003277537518,1.3367382287979126,1.288553237915039
284,111.62258972373026,25.464914483506668,102.51806468807948,24.638611790324436,1.3123879432678223,1.2692224979400635
285,114.77485189133316,26.13516499515522,102.71503537506587,24.440041607340106,1.3537050485610962,1.276116967201233
286,113.66807389922705,25.983863860118078,101.80679708024577,24.470889467509945,1.343520164489746,1.3320311307907104
287,114.82459060191796,26.201432332417376,102.18084710939544,24.421691526537487,1.287852168083191,1.2739176750183105
288,113.73500276585307,25.955654229091063,102.48464090138654,24.50444726107885,1.2947365045547485,1.2678172588348389
289,112.90580658017548,25.774432392775054,102.43121594560202,24.543117109695793,1.306557297706604,1.2307679653167725
290,115.30069096796844,26.306193233950978,102.31050414778281,24.41537251807,1.2932299375534058,1.3125354051589966
291,116.3112355391749,26.533251239813506,102.10687307542139,24.348195540070765,1.3029522895812988,1.2699850797653198
292,116.03020781512573,26.44420025788177,102.04550167848828,24.33657369885591,1.2751561403274536,1.2740724086761475
293,112.58366907083763,25.729099837454957,101.86300680766855,24.555105936161517,1.2317278385162354,1.2744135856628418
294,112.89166898004315,25.828813611709517,101.14886088724448,24.465395300822973,1.2623625993728638,1.2958695888519287
295,113.52157056644941,25.931987047136353,101.48827546535594,24.447418854709444,1.3004719018936157,1.3115794658660889
296,111.0295741525527,25.382038342679,101.54316753312027,24.59512843417311,1.3272777795791626,1.2543059587478638
297,111.06741626396456,25.378734784613396,101.38682395115312,24.574425169362677,1.3089427947998047,1.3083020448684692
298,112.10920873527637,25.629736376480764,101.07729637592203,24.515784394259597,1.33384370803833,1.2437390089035034
299,114.30967917644858,26.08636688523553,101.18621837638698,24.361628936412366,1.3154313564300537,1.3192201852798462
300,113.08992703673422,25.806976576459082,101.46931328605649,24.43546173822636,1.361038088798523,1.2639029026031494
301,113.30449479706854,25.86279322214431,101.54152959799123,24.43287285575667,1.3154590129852295,1.3395718336105347
302,112.86869129900798,25.747426689529178,101.64799683382226,24.46372412292805,1.3187006711959839,1.243811845779419
303,111.85860127029368,25.554803368477355,101.40964881708207,24.52711529456614,1.284185767173767,1.2402515411376953
304,110.53616651126232,25.325513447264427,100.31499214455285,24.527825026298185,1.2997918128967285,1.3223797082901
305,110.28194792390478,25.27535387134009,100.72818826406785,24.558945637912682,1.2449378967285156,1.2231510877609253
306,110.25944228040952,25.24683379922942,101.03307481322763,24.6088482102376,1.3118536472320557,1.2155075073242188
307,110.14215110824784,25.272164191457573,100.64368621854491,24.624483845326985,1.2778853178024292,1.2354778051376343
308,111.81193890102942,25.608837853076402,101.04674706396625,24.534488409319366,1.2833505868911743,1.2757163047790527
309,111.96461647685163,25.63317650972382,101.27614456474981,24.52262148643726,1.2665313482284546,1.2700122594833374
310,111.70574908126648,25.534656378614486,101.29514000131752,24.512024048421914,1.2998104095458984,1.2724210023880005
311,113.80064794940743,26.013820064909396,100.94809468175924,24.36719044538929,1.3469363451004028,1.3010616302490234
312,113.81679601400282,26.067806808505786,100.71763844510735,24.37761083120044,1.2928394079208374,1.2911726236343384
313,112.557030229841,25.789356445584346,100.66828139284114,24.456907431645,1.3805474042892456,1.3000547885894775
314,113.37463352085437,25.92271969931509,101.21570812915367,24.41917736145655,1.3256144523620605,1.2910479307174683
315,114.383969056537,26.126312370825104,101.49423396831102,24.373455580908875,1.3641924858093262,1.3423576354980469
316,112.88232995815466,25.787150266884304,101.58082579991887,24.45707594581332,1.3757858276367188,1.3839181661605835
317,111.82236719738266,25.549229806895667,101.1909238119473,24.501358689989818,1.3779476881027222,1.3371999263763428
318,110.94053434443937,25.415610225496014,100.77186157811806,24.54481167987059,1.3005071878433228,1.3743219375610352
319,110.40751144748438,25.281431121433712,101.32841947403232,24.628543269608926,1.3475239276885986,1.3621855974197388
320,111.11424296457568,25.4269161498925,101.43918476196173,24.589423610286143,1.3392115831375122,1.3530564308166504
321,112.44369527179202,25.707514239132692,101.50504882222549,24.51819509257454,1.411301612854004,1.3665140867233276
322,111.4398134433167,25.51172326302383,101.60841890205867,24.603771686861034,1.3011901378631592,1.3360494375228882
323,111.89583609707333,25.603740052866467,101.87815668085291,24.580037508502258,1.3206729888916016,1.3371148109436035
324,110.01595371186089,25.241693323079954,100.81357803638717,24.630378610089807,1.2589571475982666,1.3941444158554077
325,110.20836166650007,25.238691763813353,100.76600661756547,24.578316615616572,1.3124337196350098,1.3481029272079468
326,112.96428523467236,25.829374742534846,101.31868674389366,24.45455212936025,1.3361417055130005,1.3317539691925049
327,111.939641430855,25.61763385498173,101.10826426783912,24.493823405970083,1.3000710010528564,1.3476150035858154
328,109.14173243271979,25.005437515570666,101.30917630843265,24.700702452251242,1.3504739999771118,1.3142662048339844
329,109.83061341869664,25.142088719676792,101.32823811058806,24.621850024848367,1.3134692907333374,1.3222500085830688
330,109.56269160442295,25.051139251120997,101.91647631593516,24.659830636732384,1.3482613563537598,1.2938144207000732
331,111.55926177216314,25.464578340870748,102.59553764801193,24.606710870552387,1.3114187717437744,1.344618558883667
332,108.21468931980479,24.752254800174175,102.25678306015618,24.774143894716264,1.2952877283096313,1.3843244314193726
333,109.2401151458581,25.006395029672408,102.1489904097105,24.730195413749954,1.2839750051498413,1.3953993320465088
334,109.63014539543649,25.139923051226457,101.82006654142566,24.690761701009553,1.2683931589126587,1.3485780954360962
335,111.96149012138008,25.599800951698008,102.59404467613204,24.58126898992648,1.2522379159927368,1.3108211755752563
336,109.5352614374118,25.027007056871263,102.29211236676718,24.64522403238402,1.2860733270645142,1.32041597366333
337,109.79831417549455,25.07951827307952,102.29284463523115,24.649173463325365,1.3037073612213135,1.3046804666519165
338,108.56563167348679,24.818256805904156,101.83670703907886,24.676591536326807,1.312457799911499,1.326565146446228
339,108.66451261032505,24.84226179678433,101.7215500232657,24.65175744047212,1.3440608978271484,1.2871817350387573
340,109.29162158482785,24.97135236138583,102.18740221831874,24.68553010978973,1.2957996129989624,1.2857701778411865
341,108.62534250423509,24.82147728906356,102.37566400873816,24.750308820624426,1.2258728742599487,1.347608208656311
342,108.9905406912461,24.87199627991558,102.75511105264185,24.713777021700267,1.3039196729660034,1.3051960468292236
343,110.38907434551089,25.166586738770786,102.72419201229062,24.60307126622365,1.2555996179580688,1.3180660009384155
344,112.43308624608899,25.552028075016405,103.23150271774779,24.48067857902221,1.3533717393875122,1.3369888067245483
345,109.28945803304202,24.8551160469387,103.5132388624512,24.66274072253008,1.3451164960861206,1.3708295822143555
346,109.95064912660027,25.0217786907827,102.89509170274941,24.587889702657566,1.3692442178726196,1.3334053754806519
347,109.31828557847213,24.928660253899373,102.73944343630377,24.640482143051308,1.401672601699829,1.2976809740066528
348,109.12727531787077,24.881390251184953,102.98491048672133,24.663247285622067,1.3850882053375244,1.2856417894363403
349,110.37688533341715,25.17273994297675,102.6128481962504,24.535960780769294,1.3676936626434326,1.2615997791290283
350,107.3909152714452,24.584774495406762,102.20622478542377,24.708989453952984,1.3599966764450073,1.2820850610733032
351,108.6708049903156,24.89278213994172,101.60632849770741,24.621740710165028,1.4259037971496582,1.2774351835250854
352,108.23756087028497,24.805069024120986,101.5727617909643,24.668553877465634,1.3884320259094238,1.2814775705337524
353,109.87616306984039,25.184401654464285,101.2718754447385,24.54706452192573,1.3695234060287476,1.2853425741195679
354,110.68582271208967,25.35680883814996,101.15884612353447,24.468305687111165,1.3426556587219238,1.3022819757461548
355,109.01620547347727,24.960264589918044,101.06203038733312,24.560968704313268,1.3597517013549805,1.3473255634307861
356,110.03297624326497,25.150942784783435,101.43428700875108,24.51524547009717,1.3522790670394897,1.3286446332931519
357,109.63780983961117,25.132762596436393,101.21618699602554,24.566092691590786,1.315150260925293,1.3120120763778687
358,108.06353730243482,24.761158378895505,101.25506671766621,24.639676350837057,1.275689959526062,1.3145231008529663
359,108.7187126307133,24.896973055402047,101.39305630503937,24.58374050861642,1.2889753580093384,1.3201165199279785
360,109.54658054954906,25.101741874383137,101.45578686351959,24.580638845718337,1.305757999420166,1.3040817975997925
361,110.06655958678255,25.19554208489556,101.44418314175132,24.540978619809874,1.3330358266830444,1.2919888496398926
362,110.70000806984335,25.292909219597608,101.79880437206857,24.512248820888818,1.2879589796066284,1.3036342859268188
363,110.84823616787519,25.379569248884394,101.65945968214336,24.561985382342595,1.264649748802185,1.3042186498641968
364,112.33251820837266,25.73466863354282,101.46415310674814,24.48763908753487,1.258826732635498,1.3386847972869873
365,109.89518968853643,25.21200872860995,101.1835042300701,24.59906255605316,1.296257495880127,1.3901156187057495
366,108.78738455974235,24.957685792502133,101.2881556400202,24.636091466112912,1.337058424949646,1.2844220399856567
367,109.44229363132705,25.06241004360109,102.03640965086427,24.6545295788283,1.4263626337051392,1.281275749206543
368,109.95322313523538,25.141404117671375,102.0766483687456,24.59080151570651,1.3519607782363892,1.2766973972320557
369,107.73757901911637,24.65370997406414,102.0889390119533,24.729390247440158,1.2822520732879639,1.3228782415390015
370,107.85651157828771,24.69036023941502,101.8483573374718,24.691267182666973,1.3000342845916748,1.3155086040496826
371,111.08490064730022,25.37143756929331,101.97073657171393,24.475268682516393,1.3275874853134155,1.2892972230911255
372,109.68095486540008,25.088784230024444,102.07361180838234,24.585013475855696,1.2904186248779297,1.305907964706421
373,109.76908773545875,25.106313754053996,102.40646804556191,24.62639764568542,1.2799162864685059,1.288293480873108
374,110.78691915858846,25.28945950721982,102.64514599422698,24.556601247602146,1.2917077541351318,1.3107202053070068
375,111.28551845975844,25.38645669633726,102.92334609852692,24.555560488304668,1.3403288125991821,1.2402865886688232
376,112.93553442849921,25.739096418175073,102.9106449778697,24.45304551763035,1.2571120262145996,1.3284156322479248
377,112.25613244974734,25.629746432659932,102.75177212152708,24.5222124465498,1.286465048789978,1.2649394273757935
378,113.30406447199334,25.80159776401385,103.20583102261672,24.475373091057005,1.2996487617492676,1.2468262910842896
379,113.59127040919275,25.81385127303288,103.74712152587878,24.439813750949266,1.324347734451294,1.2762882709503174
380,114.49544114527143,26.06426381068372,102.98435804151649,24.336192823795187,1.376293420791626,1.3206204175949097
381,114.93943129632338,26.167467884373618,103.17897953617583,24.356319805483693,1.3161858320236206,1.3199024200439453
382,113.1621206253691,25.783243383950037,102.9071455626573,24.45379775667578,1.2976685762405396,1.3053773641586304
383,114.04374920323149,26.005874187963638,102.74207220416804,24.402057984289893,1.305988073348999,1.2955167293548584
384,113.40289508139172,25.89088446512561,102.64212843720921,24.45095027715765,1.3146766424179077,1.3207240104675293
385,110.5328665040009,25.257323340796418,102.93259735016763,24.640269956792743,1.28466796875,1.3245177268981934
386,112.83051091912573,25.7363208693827,102.77187290447058,24.45599662506263,1.3452624082565308,1.3453521728515625
387,112.55201646391811,25.722662201282564,102.59264171666791,24.50251801325236,1.3484772443771362,1.2934678792953491
388,112.60090207311978,25.73472969851938,102.32302890365229,24.479597002668587,1.2966902256011963,1.263519525527954
389,111.94499679620728,25.61576601843809,101.97796363450863,24.514975456613325,1.2588553428649902,1.3104348182678223
390,110.46195677556192,25.22675243642862,102.52472403448498,24.569381856650136,1.279302954673767,1.24913489818573
391,110.32528977641078,25.206830182899804,102.66033442150723,24.621229107485068,1.3846176862716675,1.3482849597930908
392,111.40943616084839,25.449079144767463,102.74509362766634,24.57418284977221,1.3489453792572021,1.2994110584259033
393,109.12212010731145,24.960386551561005,102.42765057926188,24.68509629334285,1.3115565776824951,1.3708820343017578
394,109.3478364389229,24.979012869232687,102.1742790858077,24.594596925232942,1.27395498752594,1.3177601099014282
395,108.85747440532889,24.79857810380933,103.35030261804131,24.683453810987764,1.345555067062378,1.2416027784347534
396,111.43733056557261,25.377795788246782,103.29241165430858,24.532283368892244,1.344180941581726,1.274478793144226
397,113.19848917513923,25.770599597583868,103.24227331274129,24.42413918518829,1.3575646877288818,1.3039015531539917
398,113.7364789503609,25.90306251714794,102.70507129447736,24.364135728141957,1.3245242834091187,1.3514738082885742
399,115.4045291522384,26.23487008826607,102.68296301067184,24.25893243191898,1.3462355136871338,1.367866039276123
400,112.71333872448122,25.675716827542793,102.30748790583743,24.409772673951306,1.326226830482483,1.3806992769241333
401,112.16529439644604,25.58716831751222,102.2127926927863,24.472230865381018,1.3604323863983154,1.3316398859024048
402,113.61618038782608,25.884916977702936,102.39830857880423,24.39287519219806,1.2767741680145264,1.3640556335449219
403,113.43204785975269,25.87456739661307,101.9354581344769,24.380502954943644,1.3453701734542847,1.3639496564865112
404,111.28361754658842,25.410084638578123,102.15294480633668,24.53002487905161,1.355394721031189,1.2628204822540283
405,109.73217310551699,25.08485376062472,102.09390360271954,24.60050302100951,1.345977544784546,1.288547158241272
406,109.46754563237266,25.051706762246926,102.03116346992488,24.62537267079206,1.3254921436309814,1.3290011882781982
407,109.26765166554942,24.988883717849202,102.31960799187766,24.651346909252513,1.2388678789138794,1.2670215368270874
408,110.29089508399194,25.19903162165121,102.27233392617079,24.549231466871802,1.2741042375564575,1.2897995710372925
409,110.2442158951825,25.213126446746646,101.74145113147729,24.542753328634728,1.3291510343551636,1.3140182495117188
410,108.49396208382352,24.874957233885375,101.80343421633121,24.706892062147134,1.3045129776000977,1.246097445487976
411,109.38712624883819,25.036035189903846,102.4052221377301,24.70361523256347,1.419114589691162,1.240699052810669
412,110.05933864832751,25.18615702576346,102.41889339903385,24.6706136889272,1.3947421312332153,1.2362462282180786
413,110.44436002707582,25.263467487066052,102.44443068108012,24.6240256260481,1.369933009147644,1.2770429849624634
414,108.56406969061955,24.855293268714004,102.57958599089176,24.74344908282973,1.414530634880066,1.2893427610397339
415,108.07305260314452,24.73051795815988,102.75802817615691,24.770725835717023,1.3649547100067139,1.2974133491516113
416,112.38686442723528,25.697151308454053,102.49762619906632,24.525395457317902,1.3728452920913696,1.3136849403381348
417,110.58426552609396,25.313332560084277,101.9746887537329,24.62427692446456,1.3199152946472168,1.332084059715271
418,110.63827354273258,25.293370856204856,102.14618605335329,24.59700937422494,1.3677620887756348,1.2066468000411987
419,109.31995209037284,25.034230636192262,102.20367521459755,24.724508844794304,1.30876886844635,1.2894959449768066
420,110.40195133730586,25.21049809159761,102.91298326938893,24.65305588801897,1.3298956155776978,1.3091776371002197
421,109.6221023961943,25.080395474473793,102.55974955948471,24.6957720362368,1.3104854822158813,1.2985725402832031
422,109.44531478997116,24.99998183458944,103.13566290070108,24.75867333005902,1.2643824815750122,1.3410768508911133
423,110.0487023737578,25.159865909645244,102.80368954718533,24.694228119309052,1.3080034255981445,1.2303760051727295
424,110.28981378679995,25.203476549409725,103.11142621522099,24.715801081388882,1.2780007123947144,1.2422597408294678
425,109.73309017180631,25.14648256042912,102.46358440405527,24.727570148327654,1.3514094352722168,1.213186502456665
426,109.51099394068763,25.05356249341072,102.64691312695844,24.690523509746782,1.3123512268066406,1.289962887763977
427,108.75105571255165,24.84456313521594,103.1945601571291,24.771964269872623,1.2295151948928833,1.2707000970840454
428,110.5116825734169,25.266028945200215,102.63782372679206,24.639745384684133,1.3010311126708984,1.2147661447525024
429,112.0968336237751,25.580240800021112,103.15270949184958,24.558707130454525,1.3764193058013916,1.2820972204208374
430,110.69758387584513,25.28834151448238,103.03212218911045,24.63641709267961,1.30467689037323,1.230584740638733
431,109.78596153580627,25.133351322172963,102.90350586287276,24.719977086557368,1.3139413595199585,1.273988127708435
432,109.72408399277323,25.10412496530671,102.7619447550189,24.713196247678663,1.2929176092147827,1.2688565254211426
433,109.96783997994496,25.171426809714866,103.17624807871897,24.76726179486721,1.2315775156021118,1.289883017539978
434,109.75174556053379,25.063564593488437,103.72551649593086,24.778823094975376,1.264993667602539,1.2610024213790894
435,111.47311668918623,25.47908940315895,102.98511508973029,24.63474070840066,1.3320691585540771,1.234969973564148
436,111.02385517430729,25.418964156521955,102.18924037291663,24.61589007170794,1.3070389032363892,1.2682784795761108
437,111.20454491667006,25.455391923043177,102.57006440980803,24.61571319451887,1.2784068584442139,1.2310223579406738
438,110.94478165023239,25.376225861501933,102.69554783210222,24.609178156204038,1.3081753253936768,1.3323183059692383
439,110.08557289675097,25.181061879610755,102.84787554343175,24.705626109376848,1.3309111595153809,1.3348158597946167
440,110.9813650202963,25.409690168227403,102.48843727327815,24.629911987251656,1.316910982131958,1.3691893815994263
441,110.8771644820801,25.423570410894627,102.00950884321135,24.62882176976828,1.3421638011932373,1.3143632411956787
442,111.34921516200765,25.511762777518427,102.40667688451968,24.614712675240938,1.3101227283477783,1.314538836479187
443,111.90330855767606,25.69226187311669,101.82052799514884,24.573727796398238,1.295543909072876,1.275785207748413
444,109.64035552901296,25.167752520076245,102.08005139171799,24.7073841132509,1.2939716577529907,1.2908995151519775
445,109.38641211233478,25.092573394081782,101.86114809215516,24.678614390093667,1.3550843000411987,1.2763279676437378
446,106.56159020009214,24.48089194168089,101.7925833749365,24.850616388888728,1.346785068511963,1.2548043727874756
447,107.4748424293498,24.635185681854438,101.97813580402025,24.77406544705865,1.2857856750488281,1.2291933298110962
448,107.4193943114557,24.619201425931177,102.30771809127833,24.826063195516696,1.2832798957824707,1.2171469926834106
449,108.40801738380652,24.823631978887093,102.62947198444068,24.791084526413776,1.3113468885421753,1.223317265510559
450,109.76710123213186,25.11905336496612,102.37767741721791,24.65806323838738,1.3109251260757446,1.3082075119018555
451,109.92762505399179,25.176255238787007,101.93468640656502,24.629793836802463,1.327382206916809,1.2516566514968872
452,110.74122106747603,25.356671241414745,102.22932590628675,24.625402836668112,1.3214360475540161,1.3154428005218506
453,109.76077093667466,25.16534571856116,101.98150163773656,24.67169607276823,1.3300285339355469,1.2070469856262207
454,109.15409475671478,25.05129144696598,101.92483942492962,24.72697373199266,1.2906197309494019,1.293120265007019
455,110.73899383011064,25.393707878999972,102.20376326789189,24.67069546917373,1.370288610458374,1.2189892530441284
456,110.40919856109826,25.34435571284661,101.82563062098727,24.691334970464307,1.2904764413833618,1.3040549755096436
457,110.60014449483207,25.420267245633156,101.65256673382491,24.684770168541718,1.3238533735275269,1.2609381675720215
458,112.01995539261077,25.696377919932985,102.15747173432796,24.630747958470103,1.3196383714675903,1.239054799079895
459,110.38140261277607,25.296518152495075,102.31036469810226,24.72723678308928,1.3484270572662354,1.2169911861419678
460,112.1343010230878,25.70643866841719,101.69225164315898,24.558856427568003,1.3097586631774902,1.2812190055847168
461,110.22600148931339,25.280909784523747,101.81653549169712,24.671975791039202,1.3371176719665527,1.261814832687378
462,110.85067613691756,25.369594684841047,102.78543545267445,24.658002689978076,1.2884405851364136,1.2036738395690918
463,108.5281963871769,24.892741947627904,102.09215877503411,24.77446683942783,1.2907894849777222,1.2426284551620483
464,107.53637127453034,24.698819549102865,102.2469453499351,24.872576875499174,1.3449620008468628,1.227649211883545
465,108.78584843435628,24.978644410915916,102.09620594870255,24.775850511631308,1.349269151687622,1.210981845855713
466,111.27459101980548,25.44399640192912,102.87039398106822,24.62740985558749,1.3287467956542969,1.1996958255767822
467,108.85847275482162,24.953127742718287,102.6044658661687,24.78842117996518,1.3289101123809814,1.2124122381210327
468,107.05867960225092,24.482919598062622,103.10794221004326,24.86950390602966,1.3249387741088867,1.153812289237976
469,110.62224825754136,25.322516155846884,102.40679619744623,24.635624003104642,1.3730378150939941,1.2265681028366089
470,111.4239494478213,25.53382859638298,101.6916387125677,24.531823438108045,1.378926396369934,1.2646169662475586
471,110.50789001264974,25.302097952204704,101.80931046428093,24.589147470477062,1.3772763013839722,1.2530615329742432
472,109.53966731466876,25.15130713731926,101.56451254649403,24.67444806064523,1.3831062316894531,1.2296169996261597
473,108.60876700589631,24.95059903575485,101.4264874934111,24.72640912563573,1.403355598449707,1.1751948595046997
474,109.20983622852317,25.10663193839481,101.14652216211537,24.690755999990753,1.362726092338562,1.194313883781433
475,109.03858239712156,25.00565513036373,101.91874218464757,24.736947872327008,1.333390712738037,1.2267957925796509
476,108.72450688168718,24.924887685053957,101.80772745807815,24.71466518667889,1.4075673818588257,1.221296787261963
477,108.65268276522183,24.9144795538656,102.28007616492184,24.7606467116701,1.3575327396392822,1.1919877529144287
478,106.82335793166513,24.503157756616776,102.51401110820888,24.87340004035153,1.3267663717269897,1.2478492259979248
479,108.28842805851056,24.813797991256966,102.5153163856637,24.805293699940403,1.3988889455795288,1.1905691623687744
480,108.6808205382486,24.883174177452695,102.65056235771257,24.77109639414658,1.330053687095642,1.235174536705017
481,108.58953844542232,24.884251931198975,102.32467435657048,24.76147247938189,1.3687952756881714,1.1870282888412476
482,108.84672808536405,24.94639398741825,102.77243428914983,24.805796335798497,1.3707795143127441,1.2138676643371582
483,109.07296043123556,24.99247127131938,102.6531137978229,24.787758133528012,1.337198257446289,1.1571626663208008
484,110.66252357842305,25.34203192246779,102.29509351998993,24.668405074341738,1.3750271797180176,1.2115139961242676
485,109.6982428685762,25.111775426229023,102.67377611029535,24.739093223849355,1.3967348337173462,1.2110906839370728
486,109.95587909654748,25.18619930732302,102.7887656925986,24.75383558682328,1.396657943725586,1.1766189336776733
487,109.95941480429816,25.170030554276067,102.92479638283724,24.755426790536575,1.4005343914031982,1.1671055555343628
488,109.79574650841266,25.145869340604968,103.04562866536276,24.782001060495393,1.317254900932312,1.1324844360351562
489,108.50937778659235,24.889819946696537,102.62143417306733,24.8614602879052,1.3872525691986084,1.1850240230560303
490,111.31403461951419,25.454103019276015,103.19181336710427,24.686052883078514,1.4770280122756958,1.178834080696106
491,111.46059100405823,25.48240764906981,103.36423318236405,24.6861765047143,1.4001853466033936,1.1811603307724
492,111.40891488325639,25.45035124139551,103.76578459384551,24.725404513589858,1.4545209407806396,1.1808785200119019
493,111.05900022215609,25.423819408948134,103.18768784634374,24.74415148179173,1.359649658203125,1.188864827156067
494,112.5134756074645,25.716798698351514,103.73083231526806,24.678776914074753,1.370839238166809,1.2292120456695557
495,113.70556413066875,25.941204893323018,104.47068585688024,24.61231164409491,1.379635214805603,1.1841000318527222
496,112.33379519102213,25.647823668180354,104.43380173390759,24.70346284290332,1.37773859500885,1.2019802331924438
497,113.35712749727891,25.853534973660388,105.01960241196416,24.70400730056717,1.410994291305542,1.270780086517334
498,114.16321889748033,26.051113339515144,103.78974384501213,24.56838899172088,1.4043474197387695,1.2242587804794312
499,113.52155440380243,25.939221014561298,103.16418282987074,24.54469838593625,1.3647319078445435,1.3002350330352783
500,113.99586744527313,25.989631419165182,103.49617253715452,24.5045827583985,1.3616766929626465,1.3600000143051147
501,114.4865326674968,26.05056363010943,104.40484374133902,24.51882563694077,1.3628878593444824,1.3556989431381226
502,110.95719189411241,25.33556719732618,103.75242656613288,24.699770933578126,1.382761001586914,1.3192024230957031
503,110.4689671587181,25.25114467928514,103.14646789750995,24.696367338927768,1.3550801277160645,1.2090411186218262
504,110.18070899266868,25.159063010727692,103.7736045660867,24.752795269335756,1.3975051641464233,1.2268645763397217
505,108.42881858473007,24.765211951364865,103.54103401955166,24.829204281011044,1.4871381521224976,1.3388653993606567
506,110.65454436781333,25.242133354259547,103.69393170391994,24.696957414780496,1.3605356216430664,1.3723223209381104
507,111.1089452620174,25.373913148497813,103.97096950006573,24.736674985420645,1.3707152605056763,1.2803847789764404
508,110.64198302686164,25.192811911277822,104.54506181191304,24.750475230609123,1.3137768507003784,1.2302117347717285
509,111.20158549210052,25.332920447219596,104.38296265220971,24.72881304186904,1.3511790037155151,1.3077620267868042
510,109.03875295377418,24.922184227741482,103.86747772436956,24.834378204206676,1.366906762123108,1.237243890762329
511,109.45920002526401,24.956544290204743,104.37023216678776,24.81961598992197,1.366044044494629,1.2683671712875366
512,109.89977944887582,25.08826565072257,103.8834202273784,24.76853444047232,1.3835983276367188,1.2096067667007446
513,109.7900986311595,25.065266172519998,103.87570505023167,24.764010987809243,1.404189944267273,1.2198001146316528
514,108.31430878880174,24.74876696672669,103.52157518836874,24.809956569230984,1.3662036657333374,1.234167218208313
515,109.3320949219941,24.98287465363073,103.13347326212217,24.73907055587478,1.3839308023452759,1.2942134141921997
516,111.36074160238326,25.385410122254743,103.97319236123889,24.660687512915626,1.4016741514205933,1.2103744745254517
517,109.42488461687407,24.996392534534664,103.55780119249432,24.775524588417472,1.2718157768249512,1.171860694885254
518,105.97491572039716,24.244165556550815,103.22075681534227,24.926856943771995,1.315092921257019,1.2637397050857544
519,106.47782728028228,24.349430742522657,103.29039432909609,24.886824377485848,1.3469055891036987,1.3099511861801147
520,105.47623709727004,24.14052689812059,103.16483474790093,24.959186768323498,1.3247040510177612,1.2420369386672974
521,106.11410723768472,24.247565081597774,103.84002760918875,24.95520475730938,1.313656210899353,1.2132843732833862
522,107.46702904399567,24.52858774940105,104.21463027553996,24.91940237337101,1.3565945625305176,1.1874139308929443
523,107.47154125646877,24.548491412841358,104.11487220540123,24.9217207291851,1.3108075857162476,1.2313778400421143
524,109.17927987990788,24.91372852945986,104.34257683665295,24.819757220078102,1.294051170349121,1.2318501472473145
525,106.98888143526767,24.42410559533661,104.48446476587982,24.97161147258191,1.3754820823669434,1.27779221534729
526,108.72323899944577,24.760008312651962,104.8991312435811,24.869141876361116,1.3186612129211426,1.3041119575500488
527,111.03857560251056,25.25299145023647,104.93583220494249,24.68695099500592,1.3993011713027954,1.3013808727264404
528,111.32314795925977,25.310569202558153,105.58730849317877,24.742178438217408,1.3088853359222412,1.3552525043487549
529,110.93199159775544,25.268692830658374,104.91816177009522,24.73926075127869,1.4011180400848389,1.2964298725128174
530,110.40677596914654,25.15922602844304,104.66174507956809,24.759387679043837,1.3862165212631226,1.2695960998535156
531,111.13168713031546,25.336675456769385,104.35644463954615,24.709219492082855,1.340165376663208,1.3076307773590088
532,111.94210110947789,25.46785773914297,104.535266850174,24.62869766740183,1.3872644901275635,1.334965467453003
533,111.0522557877306,25.292625153846373,104.67459636554385,24.717208179656186,1.42259681224823,1.2207146883010864
534,110.408326027335,25.172259892031317,104.07749095946937,24.715503167777676,1.3990585803985596,1.2729055881500244
535,113.79847837902395,25.89545142278432,104.31171349731721,24.52645411485978,1.3850632905960083,1.3493773937225342
536,110.81186456039565,25.299555619806807,103.72778916481997,24.695333967606214,1.3170722723007202,1.3214528560638428
537,112.16411213989547,25.61096628946753,103.57132042058721,24.588961704397157,1.3818150758743286,1.3309036493301392
538,112.59960472310011,25.73377010265519,103.56559902815732,24.580791866896774,1.3093842267990112,1.2201086282730103
539,112.65250774140216,25.7271566169277,103.51899080040519,24.558789836488906,1.3414703607559204,1.222124695777893
540,111.28738665055353,25.40732657617533,103.83734958758612,24.638590014316357,1.3527830839157104,1.331435203552246
541,110.24725196198938,25.121438391202176,104.79496620330883,24.72756557239793,1.3903124332427979,1.3168035745620728
542,111.17183513274803,25.29676243943518,104.85997510001773,24.6788195346308,1.369431495666504,1.2674517631530762
543,111.52972604676681,25.349452902145636,105.28944657361379,24.680205020275228,1.3676183223724365,1.2477303743362427
544,111.06598328395549,25.27179577346692,104.75495845373167,24.668099280300222,1.4262707233428955,1.2732841968536377
545,112.99582488962069,25.72179960089932,104.43427126726309,24.5718074908756,1.3645609617233276,1.2780585289001465
546,114.27616268514022,25.922090294882018,104.88584711925633,24.466303992159446,1.4012856483459473,1.3254261016845703
547,111.99085322495229,25.418863742140175,104.88690300043353,24.557487557426857,1.389973521232605,1.279257893562317
548,111.66127927357365,25.366543532660675,104.93674604333272,24.59913023179453,1.4620195627212524,1.2489887475967407
549,113.02270204965913,25.66358591232839,104.75057821876713,24.483296829376723,1.3951317071914673,1.2746169567108154
550,113.4030847546952,25.749853776897975,104.9895635585232,24.49659443544244,1.377672553062439,1.2555627822875977
551,111.45119150400386,25.382789150482278,104.30504655911301,24.637155143599017,1.3514362573623657,1.3176687955856323
552,110.21832224446698,25.12549458374762,104.38605504453095,24.73606440680603,1.3887869119644165,1.2167253494262695
553,110.38425565167198,25.18804333672423,103.5241562637164,24.66894785424322,1.3959834575653076,1.2427650690078735
554,110.50128853598328,25.202575955799436,103.52482893156551,24.638684334469524,1.4258919954299927,1.263648271560669
555,112.60610156354109,25.65415270643741,103.59194680614213,24.52251222540495,1.3781884908676147,1.2131285667419434
556,114.10514607201313,26.030562684182335,103.33256992099963,24.46446921644395,1.3500124216079712,1.2884306907653809
557,111.73702829020948,25.505189011129254,103.0679408222071,24.566781067363674,1.3851855993270874,1.2972911596298218
558,113.49399097721705,25.865456394136977,103.0095765191021,24.4573473562571,1.421613335609436,1.3463417291641235
559,111.88449909437958,25.494522802626996,103.0412122576122,24.501179411624946,1.4815179109573364,1.2408196926116943
560,112.34074028658878,25.595362991937485,103.38228222302271,24.50533604321387,1.3697688579559326,1.258278489112854
561,111.62510456036148,25.484962410827304,103.27172950314528,24.573353046582774,1.4602714776992798,1.2197353839874268
562,110.99952939792804,25.365314771213377,103.14061100754098,24.620700901679733,1.351980447769165,1.2560166120529175
563,110.96371082508766,25.32219659477683,103.04235752657627,24.535901383676798,1.415939211845398,1.2402280569076538
564,111.08357548837962,25.39133396889389,102.650490303879,24.549982533726247,1.370821475982666,1.2622909545898438
565,113.14708566139414,25.81657730461704,103.10682266505378,24.45441169580482,1.4589216709136963,1.3085384368896484
566,112.09590674606187,25.573804636957455,103.61125698130755,24.545184098733117,1.4693191051483154,1.250986933708191
567,111.37248463282667,25.419072407757366,103.59665414742403,24.58258148786621,1.4557145833969116,1.2683608531951904
568,111.98079546088265,25.543421503887522,103.32397186810006,24.498387308482386,1.4084721803665161,1.2210514545440674
569,112.34937503551913,25.649380826650376,103.42539043126025,24.498482447350124,1.406930923461914,1.2568233013153076
570,112.33321396329463,25.597949561236508,103.8439854024181,24.513699398324594,1.4520047903060913,1.2058749198913574
571,112.77713860238212,25.67642357812053,103.90007345213432,24.457320323809935,1.3801379203796387,1.210547924041748
572,110.29442278768137,25.182843817619688,103.52613063371848,24.608322750961662,1.3969216346740723,1.2667957544326782
573,110.92487547305326,25.2728736501733,103.97336866959574,24.579778376552888,1.3873929977416992,1.2451471090316772
574,112.17758649169724,25.521081563991164,104.43791280251662,24.5518194478032,1.3979092836380005,1.2681705951690674
575,112.51223800322764,25.60196907903863,104.2215147863501,24.508359685851005,1.4368524551391602,1.257314920425415
576,112.00055242141781,25.584328486053778,103.5190299616879,24.56488728267635,1.3788974285125732,1.2451728582382202
577,110.02297939558538,25.1564689194411,103.62116630916246,24.670969775834315,1.3763227462768555,1.2991421222686768
578,107.3109381770195,24.60100270145635,103.16018336110209,24.805572230220083,1.3258553743362427,1.2555787563323975
579,109.4961644758848,25.053470309646375,103.18053427385817,24.6435672190944,1.3532718420028687,1.246234655380249
580,111.58575361964716,25.511326864688417,103.30701738227573,24.559837204026802,1.349380612373352,1.2345887422561646
581,112.53409987164603,25.64992307672293,104.22561141715758,24.528565157745792,1.3079557418823242,1.2682726383209229
582,112.87549862926477,25.756036098307135,103.87397704909206,24.509456935417795,1.3650294542312622,1.3170440196990967
583,113.31984820556899,25.824926387980035,104.00239949775406,24.461446506096927,1.3443800210952759,1.265669822692871
584,112.85446570048732,25.683214814723094,104.56066420023801,24.51446944507551,1.3557463884353638,1.2982699871063232
585,111.53895744372649,25.415687462386064,104.04426381591695,24.544426438305834,1.336581826210022,1.2570767402648926
586,110.56990563137215,25.165684006554354,104.81649328767892,24.663508566131217,1.328505516052246,1.2331645488739014
587,109.56647847524965,24.930257112852193,104.93584264446935,24.69931105029118,1.3751360177993774,1.2365837097167969
588,111.15153642560958,25.2882552683748,104.22536114780301,24.55732704488896,1.3790446519851685,1.2836945056915283
589,109.68754057449038,25.00570241477257,104.58480825300951,24.69986603643755,1.392594575881958,1.233985185623169
590,110.99039965909785,25.28712969958539,104.29953425180098,24.601860794178275,1.3703339099884033,1.2802790403366089
591,111.80042983717567,25.450124526849123,104.90976724946366,24.622178673085124,1.4123088121414185,1.2680281400680542
592,109.69504977474904,24.967193766934606,105.1321153194879,24.738267972131467,1.3120256662368774,1.2202317714691162
593,107.5197102813348,24.519228357755654,104.40482958979453,24.81470801243092,1.359668254852295,1.2842988967895508
594,108.02049539081669,24.673659081429655,104.15643506138983,24.823807706348994,1.3004529476165771,1.2763707637786865
595,108.93340827889446,24.83454034614386,104.83102977334805,24.786640730424892,1.3252506256103516,1.314110279083252
596,109.26111876370445,24.9299239412268,104.68010226925088,24.7711467130096,1.3413121700286865,1.1879154443740845
597,109.0309524071601,24.891799433760383,104.3585681264436,24.76478661268969,1.2752785682678223,1.2861099243164062
598,109.80509431584396,25.05081431018679,104.63360729976888,24.728155634357375,1.324066162109375,1.3347824811935425
599,111.3069299087192,25.349849361422592,105.03321983230535,24.63397137436065,1.3431288003921509,1.263150930404663
600,111.6948242829904,25.418294122677082,105.13354385112865,24.606670535891293,1.3384202718734741,1.278013825416565
601,111.48188893847642,25.33365462103943,105.69398327095269,24.614736252880796,1.3510178327560425,1.2898554801940918
602,109.808658379812,24.973963486795796,105.3017054670574,24.667060439337494,1.425592064857483,1.3028066158294678
603,109.82884446296535,24.994937284798244,104.95869807855642,24.66139563456061,1.3606863021850586,1.3301767110824585
604,110.60931562358567,25.156951284444308,105.2885065133027,24.64477946445155,1.502401351928711,1.290231704711914
605,112.1674852107922,25.470521222279825,105.73407264924099,24.572428793091998,1.4443182945251465,1.300233244895935
606,110.80744011017532,25.11303735167872,106.72805797912993,24.693612693894448,1.430372714996338,1.267106056213379
607,110.61957487726217,25.11285934379737,105.67469249269774,24.671503423377423,1.3421125411987305,1.2967157363891602
608,110.07949612673953,24.981520003506105,106.13576305488138,24.710591629515342,1.349298119544983,1.356948733329773
609,108.17469152074533,24.596495614314836,105.48585589668956,24.809029499633883,1.3859223127365112,1.3019390106201172
610,108.55116367178798,24.681966028856273,105.4720762440363,24.763283200307143,1.398306131362915,1.3389157056808472
611,107.43454547287192,24.450352113431876,105.52641783089662,24.876575042153256,1.3469653129577637,1.2895578145980835
612,107.76566808639919,24.536929007047497,105.1224143619476,24.83544017691344,1.3680692911148071,1.3741391897201538
613,107.77632555214502,24.533120756089787,105.28403729555848,24.82715657034809,1.2843220233917236,1.3403781652450562
614,110.1302013616799,25.058264052964375,105.82882251884551,24.758772687819107,1.3400721549987793,1.2801388502120972
615,109.27063125763411,24.858342549402398,105.69121729705604,24.785763184811522,1.394705891609192,1.3040025234222412
616,108.92777540777706,24.776929385137727,105.66294733611988,24.800561070701967,1.3992340564727783,1.306213617324829
617,108.16821436241779,24.636611539591346,104.97772366959157,24.76393494994191,1.4049005508422852,1.3276335000991821
618,106.56112259042494,24.26229075161904,105.49375929129093,24.918915427554357,1.2800860404968262,1.2969175577163696
619,107.55539119656791,24.474038127849642,105.48754942314005,24.860326289218023,1.475335717201233,1.2339049577713013
620,108.47456478291983,24.699016977347256,105.289040905305,24.801849160509423,1.393120288848877,1.298156499862671
621,108.34127015957209,24.65487291031835,105.16343045021377,24.778280522825085,1.3581955432891846,1.3027008771896362
622,110.50942051658856,25.051420069043896,106.22206110053384,24.66394602086723,1.366998314857483,1.2558468580245972
623,109.76232299724123,24.89918032008017,105.70424266481744,24.663637257537854,1.3781062364578247,1.308728814125061
624,108.77926110462741,24.73005605420709,105.47975047251559,24.7444402745616,1.3696894645690918,1.2615514993667603
625,107.42103675194758,24.462693425760136,105.48764308788118,24.866489671691404,1.3821196556091309,1.3259906768798828
626,109.17773530072199,24.78837348501595,105.64995824721794,24.693157692397495,1.2935680150985718,1.3862168788909912
627,108.76081280770421,24.75456533506492,105.18333913171907,24.766903944270297,1.3397154808044434,1.3449467420578003
628,109.7131768260878,24.999219030399274,104.93980840374623,24.72966926320474,1.330449104309082,1.3026093244552612
629,109.08684249305131,24.89818375173564,104.1950986967847,24.725401816686063,1.3107541799545288,1.3420921564102173
630,106.89601464722972,24.39192283293999,104.40884793438538,24.847950135419705,1.299298644065857,1.3549100160598755
631,108.82974109302056,24.792046475254743,105.16140250153168,24.789226543350267,1.2796947956085205,1.3883767127990723
632,110.40950419815996,25.172663181467485,104.79558569160929,24.742137059398004,1.3357352018356323,1.3469425439834595
633,110.91002095768219,25.268441315850286,104.7485241083412,24.71602629711032,1.379050612449646,1.3315043449401855
634,108.41424503353905,24.718463371573215,105.01627211152314,24.87323846388378,1.2860510349273682,1.3106223344802856
635,109.79559357749736,25.011139528980063,104.91276408694144,24.7848934192824,1.2843081951141357,1.3043739795684814
636,111.4200740536982,25.30540464772692,105.52279145109723,24.693176752008597,1.3553314208984375,1.3772661685943604
637,111.17195550023364,25.21609645051628,105.62079916577241,24.664199125454516,1.3836041688919067,1.2875219583511353
638,109.52581039842036,24.880359191229775,105.65308441261335,24.78203606142615,1.3966492414474487,1.3238654136657715
639,109.12948285959844,24.771939996114217,106.4703062533801,24.853375189708572,1.3084861040115356,1.3657879829406738
640,109.42273334073288,24.834045900308112,106.35436996113268,24.830892017166033,1.330255389213562,1.252118468284607
641,110.39712887846831,25.04455670138376,106.4668287552461,24.790058344593476,1.386157751083374,1.3190299272537231
642,111.45044680265607,25.276507078662824,106.67868966720151,24.755974875849848,1.3420605659484863,1.3390629291534424
643,110.92473148861687,25.136681214207336,106.79995145675787,24.75300044539124,1.39248526096344,1.2975964546203613
644,111.25673978539301,25.157263678704588,107.2665370588018,24.71553490803855,1.3823176622390747,1.3502719402313232
645,107.58435706346592,24.403684956957264,106.19532765577763,24.859931481224336,1.3862061500549316,1.2749336957931519
646,107.6163623039481,24.450777136651215,106.18419836644914,24.912672891411393,1.349739909172058,1.2902734279632568
647,109.78282323170535,24.933976197987864,106.00797317417847,24.75497115064711,1.3356127738952637,1.3707590103149414
648,109.17160449836874,24.770658654514637,106.15822563391558,24.76440961703487,1.3744051456451416,1.2573217153549194
649,110.22594993839846,24.970726193305268,106.51927585229612,24.71742822207356,1.3267802000045776,1.3583693504333496
650,108.20538773040809,24.535803998530696,106.1172284505212,24.778420860248747,1.3235806226730347,1.385593056678772
651,109.8308171247797,24.913381711857845,106.05349094337465,24.731576822137097,1.3971513509750366,1.431893229484558
652,108.96625590830442,24.71462909895894,106.34384015985012,24.786275437313396,1.3767931461334229,1.328529953956604
653,110.22159637641697,25.006518565562633,106.38784462764576,24.720913328661254,1.3917922973632812,1.4210981130599976
654,111.71635333527382,25.292117181738238,106.7708452622945,24.61894750502022,1.4004416465759277,1.401971697807312
655,109.54121365333364,24.785258627788057,107.08010143652791,24.77198055022492,1.3526676893234253,1.3543368577957153
656,109.62120731329618,24.835720260835934,106.99380921717928,24.785487562759155,1.3620585203170776,1.3130983114242554
657,112.15212983275039,25.362757580902514,107.12508966840326,24.66031379799377,1.3272781372070312,1.4122288227081299
658,111.69742055188914,25.24393476672607,107.49127104099941,24.704321000044402,1.3710992336273193,1.3120251893997192
659,111.8162731445853,25.250768428228234,107.17665218690149,24.657825503129143,1.352351427078247,1.3153899908065796
660,112.57161536188863,25.419044582995195,107.18731762843379,24.59294025999965,1.33866548538208,1.2884442806243896
661,113.42670755469328,25.60384307755326,107.4425820115973,24.58666589988028,1.3454513549804688,1.3466600179672241
662,112.6652301787499,25.486151032452636,106.93107263994465,24.64506844882114,1.3481980562210083,1.2741633653640747
663,111.2652899442728,25.199078093285156,106.1310614720949,24.669870347247052,1.3270615339279175,1.3177731037139893
664,110.682190543859,25.100735637678117,105.85509716009133,24.711292067016245,1.368889331817627,1.3761403560638428
665,111.53287066108615,25.280152575825642,106.12253514206046,24.67772168200033,1.3601881265640259,1.3338851928710938
666,112.5171570459459,25.4712903399858,106.71511345809176,24.62934842315019,1.4223434925079346,1.2839239835739136
667,111.0608294741299,25.219599528744585,105.77236663772233,24.682988656942182,1.3853822946548462,1.2536211013793945
668,112.37481387859083,25.496632654214753,105.89184821749097,24.620856841179577,1.3163180351257324,1.3162754774093628
669,111.08981976248683,25.2496306189867,105.2706902621519,24.658944927706735,1.4144705533981323,1.3302325010299683
670,109.67884808269483,24.893570595589726,105.88660280046166,24.752848305714263,1.3386529684066772,1.3431357145309448
671,110.31460217318244,24.99673764980558,105.70556190650095,24.673340152898575,1.278584599494934,1.3111532926559448
672,108.83094000042952,24.732800263748533,105.29825388630289,24.789996231588862,1.3364044427871704,1.3555492162704468
673,109.15310617962325,24.838831019838246,105.35341615193948,24.82115196900872,1.3672534227371216,1.3399652242660522
674,110.96801164937057,25.195307417753945,105.83138462889558,24.751781000969572,1.348042607307434,1.3711363077163696
675,109.88541241452944,25.00741860889623,105.34902049670507,24.78007723550486,1.3339331150054932,1.3943406343460083
676,109.73527490167578,25.018486533104927,104.94668611206747,24.800602883972534,1.34139084815979,1.3616729974746704
677,112.62347343403052,25.631970567535706,105.14758228671056,24.60064061919841,1.3846702575683594,1.326945185661316
678,112.81103397863409,25.703412682486125,105.22966887716902,24.61448899882301,1.363840937614441,1.3453208208084106
679,108.45198994915317,24.72686608157655,105.5642653760726,24.87750922705269,1.3382917642593384,1.2386703491210938
680,108.0207406067494,24.67010875776572,104.857042792049,24.8469260824994,1.362642765045166,1.2446409463882446
681,108.8238824183243,24.82658523110937,105.39829252844713,24.842697787541873,1.306630253791809,1.2606326341629028
682,109.70347382924149,25.009537529808505,105.74859327386416,24.779199578263583,1.3631203174591064,1.294481873512268
683,109.91507410795619,25.080047651122054,105.06815298113419,24.709295650031862,1.3157812356948853,1.2618850469589233
684,111.51915026209161,25.36603273750418,105.98621768787397,24.660189686287463,1.3080083131790161,1.2850558757781982
685,112.8820336933669,25.622899783384447,105.9072834055423,24.5597491804124,1.3924661874771118,1.2195440530776978
686,113.29063747548128,25.709101481191716,106.42815778058664,24.579850425476724,1.3336524963378906,1.3063284158706665
687,112.05483117179725,25.492094270982513,106.07216023510807,24.648227541027733,1.3577075004577637,1.299511432647705
688,109.91541118741473,24.988681532702326,106.13788963698187,24.751295052364615,1.3035558462142944,1.2977430820465088
689,110.30113354138722,25.081441418929895,106.19083226894999,24.735973299961408,1.2600923776626587,1.3472213745117188
690,111.27974849132448,25.248097419916235,106.45542830447619,24.65976250882155,1.2924456596374512,1.2822550535202026
691,113.11326635474462,25.6237442876995,107.21614630770823,24.61395236506683,1.2884893417358398,1.2965989112854004
692,110.7832398329369,25.104964169938043,107.87869768836156,24.80582821250233,1.293233036994934,1.2937734127044678
693,113.03950629455402,25.585289071395096,107.84795630280921,24.65623703328373,1.3597503900527954,1.300234317779541
694,111.71749204361858,25.37035922949916,106.85909359136718,24.727851658931886,1.3425804376602173,1.3411390781402588
695,111.82917619435871,25.363562962310297,107.37204481798281,24.733078988938598,1.3611469268798828,1.283311128616333
696,112.35495283083561,25.504546342821662,107.21517442591224,24.709466347019255,1.3799619674682617,1.2895606756210327
697,113.00280248009506,25.599986810553194,107.75192938239105,24.688015866681166,1.4214706420898438,1.3276103734970093
698,110.50904651293453,25.05320827334183,107.59093459061313,24.801060657677642,1.3885565996170044,1.3012720346450806
699,114.8436363052627,25.983621614088282,107.74492277994946,24.57571142179209,1.3547827005386353,1.285181999206543
700,113.08206831198585,25.581148231868838,107.88039921321352,24.673138683562108,1.359266996383667,1.4060301780700684
701,115.39672114303968,26.09764228796817,107.27972089860793,24.509873673999383,1.4192144870758057,1.3430482149124146
702,111.7719959726063,25.325928226828932,106.95700666766007,24.707559538889964,1.3517926931381226,1.3057054281234741
703,112.65907429678752,25.516670336380248,106.75169448027768,24.625945523605868,1.3359718322753906,1.312741994857788
704,110.40278487755177,25.029922556966632,107.00821040839908,24.79901718794517,1.3836301565170288,1.3508830070495605
705,111.75685982833828,25.306259748949866,107.29915571375412,24.736357882899515,1.354262351989746,1.256698489189148
706,113.8702935804321,25.729205591773887,107.53725104123168,24.582615835942295,1.3837242126464844,1.2552006244659424
707,113.90446021168489,25.750162359217125,107.43866368386415,24.559009712107976,1.4910354614257812,1.28675377368927
708,114.02571551581465,25.801247534996964,106.8542458406234,24.512809269712474,1.3541196584701538,1.3118466138839722
709,114.65886114792285,25.925500146279077,107.48832327412683,24.55470925514449,1.3953112363815308,1.2869007587432861
710,114.0362828344144,25.82097762663757,106.93660273892084,24.570150643883586,1.3130130767822266,1.274415373802185
711,110.55607236646242,25.13154980007381,106.28880290223543,24.7607035186565,1.3622643947601318,1.282264232635498
712,111.85571556674768,25.393372430344506,106.91832858195998,24.71529014557105,1.4213014841079712,1.3228520154953003
713,111.88120399201621,25.408543860089107,106.25666160366787,24.65358055821868,1.407338261604309,1.2710555791854858
714,112.84131992247404,25.56514807569507,106.79704932570132,24.579409890533178,1.3623329401016235,1.313067078590393
715,111.43516970461239,25.303186877166603,106.51034340848734,24.664314993547595,1.3370832204818726,1.308954119682312
716,111.48553712486616,25.322476226070982,106.68208387612056,24.677599929614637,1.3382439613342285,1.3390997648239136
717,113.21803690347141,25.66349235604618,106.71693477802039,24.57033756893462,1.3302383422851562,1.3491442203521729
718,113.59257096347318,25.76188458230662,106.1459328605419,24.52845489251844,1.405218243598938,1.3257050514221191
719,112.31497063099016,25.522401579669967,105.71213488590007,24.587339909429048,1.390172004699707,1.3020665645599365
720,112.73146892344381,25.609242856878236,106.03862439181857,24.612101207164987,1.3508628606796265,1.2764298915863037
721,114.25924469967488,25.894793182155592,106.599794835969,24.537788161179034,1.3846726417541504,1.30301034450531
722,114.17275480305386,25.87051998073179,106.47347926668935,24.51312911759728,1.368561863899231,1.2844207286834717
723,111.75768509790414,25.386142446089874,105.88832302821748,24.641013910889384,1.3587931394577026,1.3028781414031982
724,112.84452811785377,25.64955845195029,105.2190019980533,24.542141722427562,1.3917717933654785,1.314967393875122
725,113.5367727261226,25.78818948859699,105.35734369954388,24.48373780253157,1.3841415643692017,1.3419146537780762
726,113.91024427211063,25.813625581248914,106.39294538309348,24.475071722723534,1.4295519590377808,1.3129602670669556
727,113.91952645895009,25.811970276260308,106.4917217542977,24.47081819825214,1.374253273010254,1.3162189722061157
728,113.84477588917011,25.79050659430089,106.19240898581772,24.47600175464101,1.2690461874008179,1.3923693895339966
729,113.48840262240633,25.752698144178257,105.39028654231636,24.46577016020485,1.372347354888916,1.2878694534301758
730,113.60828284606106,25.763142532107736,105.96088028226322,24.475466051342554,1.4113202095031738,1.3206433057785034
731,111.19172612962996,25.274130314256187,105.15685444568679,24.561220579471982,1.4685075283050537,1.3283648490905762
732,111.80053189298827,25.403032128863334,105.27267972204605,24.516231154566988,1.356468677520752,1.3571975231170654
733,113.51130568564041,25.811442932532252,105.45386497802144,24.47003609043247,1.3828192949295044,1.3408769369125366
734,114.27754520222182,25.939504519985558,106.25509785441427,24.48404346943279,1.3691046237945557,1.301046371459961
735,112.65666362154391,25.596485869355956,106.16634715995785,24.57091655842577,1.374698281288147,1.3639421463012695
736,112.82799807126234,25.67135012664403,105.30278156370117,24.523541463932432,1.3052010536193848,1.3639768362045288
737,111.88099039453067,25.458172584134523,105.5874154497774,24.594203976996553,1.3356831073760986,1.3214850425720215
738,110.66961291904867,25.16783008533419,105.79732401645276,24.636063906352817,1.3032453060150146,1.3265447616577148
739,113.98593917880376,25.84212750905399,106.62468993402392,24.48572441466953,1.362068772315979,1.3670769929885864
740,115.35700128898854,26.178985943443664,106.71372148053983,24.49571543462346,1.3815926313400269,1.337722659111023
741,113.72524018693264,25.830635839546474,106.39817317092303,24.5664069441754,1.4032585620880127,1.3433547019958496
742,115.94837297227137,26.377827209300474,105.52240868726331,24.438683476271937,1.32837975025177,1.339921236038208
743,117.03388647447964,26.550066602837354,106.28043717158567,24.391914890659407,1.2736179828643799,1.3087016344070435
744,114.0034362890882,25.906671893842812,106.21786741301615,24.54661564350488,1.3073844909667969,1.3255643844604492
745,113.92698098714618,25.84890769933014,106.71032567710226,24.582044178447468,1.275665521621704,1.2986102104187012
746,113.39060060511895,25.73658073951117,106.66607650552079,24.625408629627227,1.3341963291168213,1.329593539237976
747,112.72133109727127,25.669637540189786,106.01265917009063,24.652897622933523,1.2057465314865112,1.237687110900879
748,113.17331230447229,25.78361868563131,105.37662909558891,24.55538930616322,1.2523378133773804,1.3164808750152588
749,115.21202874933769,26.182708772881252,105.99154558183383,24.46246329820089,1.2735912799835205,1.2624127864837646
750,113.6325936781996,25.904861795642194,105.31218200560511,24.549933503629635,1.2621809244155884,1.313952922821045
751,110.7415807842191,25.27300538675133,105.29831666907248,24.717163933462086,1.2815321683883667,1.2671009302139282
752,108.52588430049404,24.804694969503828,105.6756877973226,24.918556139361268,1.286805272102356,1.173307180404663
753,109.73898053319535,25.036895348202382,105.27772158649356,24.75187517691438,1.314707636833191,1.259660005569458
754,109.82158303124982,25.070119297822938,105.02244644078091,24.73119812190663,1.2845735549926758,1.300596833229065
755,109.56186156841159,24.996477600606088,105.2482598466817,24.76085007875643,1.3268043994903564,1.2812201976776123
756,109.8395451023005,25.060341134428523,105.41119428437938,24.751204148663273,1.3166520595550537,1.296229362487793
757,107.13793437913858,24.509553891850043,104.78071785764406,24.885042941547834,1.2584816217422485,1.2554699182510376
758,108.33692070264509,24.785769986756144,104.10794243856282,24.738568275482333,1.302164912223816,1.290875792503357
759,109.46963758855186,25.01850007429389,104.6148654898915,24.70789619140237,1.3397228717803955,1.2793688774108887
760,108.81286261199655,24.854833749361838,104.90655104400629,24.713261122586378,1.3002656698226929,1.2735278606414795
761,108.96107805782457,24.87869426227063,104.8278258330246,24.71219170221477,1.2967965602874756,1.2667293548583984
762,108.46834153303945,24.783993041227045,104.90613885609443,24.765816368159506,1.2867827415466309,1.2539336681365967
763,111.7163597923015,25.4809652937608,104.66707111628592,24.5581367271772,1.280165195465088,1.2669535875320435
764,109.27095380200898,24.907665481260366,105.13322826975606,24.733637065026162,1.2630425691604614,1.299271821975708
765,112.14104335072389,25.553297347334123,104.79509318868807,24.524434957271232,1.3130744695663452,1.3224213123321533
766,112.1271846481566,25.544816744090536,105.08371150643174,24.543139771830827,1.3436918258666992,1.2932236194610596
767,110.09881473512084,25.153650517473313,104.21470046459096,24.637239383792917,1.2558090686798096,1.3699443340301514
768,110.89106594222139,25.319765944079016,104.24244609563502,24.574836479021343,1.207190752029419,1.297104001045227
769,110.82825979031368,25.270380671993856,104.84160927354732,24.605383981381376,1.274670958518982,1.2667267322540283
770,113.09443592448584,25.793119411886764,104.45093196424668,24.482042036978125,1.2511646747589111,1.3379595279693604
771,114.37729463478792,26.106425846245,104.2656231105072,24.408914030309354,1.2494826316833496,1.3708593845367432
772,111.81539978529008,25.54249774498215,104.15460126169476,24.521998235849257,1.2943706512451172,1.3613570928573608
773,112.98957023194689,25.79899718729762,104.28100741303665,24.51009045443971,1.2923585176467896,1.3500765562057495
774,111.92594170108556,25.56065948666122,104.42192494557423,24.590937509797328,1.26609206199646,1.3470685482025146
775,113.67374116423072,25.99106853813107,103.6414801618182,24.43487854166161,1.3008219003677368,1.3283346891403198
776,112.94275890424409,25.855700903606675,103.12042046852373,24.454615643247376,1.3136711120605469,1.371976613998413
777,114.279058270767,26.141513893704232,103.42398315642482,24.3994354741818,1.3439840078353882,1.4399290084838867
778,112.48162433994985,25.746981767756917,102.841917742643,24.44098973745737,1.2784702777862549,1.3655484914779663
779,114.8296051025986,26.24223485722309,103.159878807557,24.312438071392048,1.261415719985962,1.3957539796829224
780,112.82518748884394,25.86231967159052,102.43950048353646,24.391295465817468,1.29660165309906,1.4046814441680908
781,112.99627047525436,25.93519720030463,101.7811458480884,24.353329263732455,1.3134946823120117,1.360884189605713
782,114.66398240634376,26.287474549506246,102.19054493111098,24.28716427618952,1.2900203466415405,1.4281004667282104
783,112.34165236793092,25.755003774646376,102.52506792090654,24.422955699716137,1.2530524730682373,1.4291609525680542
784,111.46298683350196,25.60651497603595,101.86571621066275,24.44758429537192,1.3891575336456299,1.4009970426559448
785,113.64150284404366,26.14355182610618,101.01509793629593,24.286474190995648,1.320500373840332,1.4566138982772827
786,114.0535058403042,26.196085807059355,101.8342041728956,24.31490802161867,1.335026502609253,1.4106597900390625
787,112.09682545872461,25.76313759640638,101.6813347810422,24.42002648904213,1.324648141860962,1.366738200187683
788,109.00445290294844,25.089314550581378,101.55147737381903,24.595225119885043,1.3115867376327515,1.4004805088043213
789,109.16994112166667,25.078690459383978,102.07428359263439,24.607616064466942,1.3510100841522217,1.3002575635910034
790,112.32421352939181,25.7552264694744,102.23072348171411,24.43297548567651,1.402308464050293,1.3743560314178467
791,113.12510685613753,25.907103535404655,102.69790972010021,24.434316874906035,1.3261902332305908,1.304875135421753
792,111.8106042107205,25.619463861920206,102.67633462256804,24.486845771299787,1.3170948028564453,1.3664675951004028
793,110.86154710088147,25.371404430071255,103.30133075438093,24.572809595446564,1.358762502670288,1.3222042322158813
794,112.95478841314322,25.78824445719771,103.69570041079791,24.43421835022142,1.3735780715942383,1.3585994243621826
795,113.9609479846745,26.052233009324357,103.43541692664449,24.39188957648994,1.3588923215866089,1.3414216041564941
796,112.97977158750244,25.772411477668953,103.77360942865708,24.396635725702893,1.3186372518539429,1.3381072282791138
797,113.64917187197953,25.908277027335853,104.12989150736126,24.387575954645254,1.3172088861465454,1.3656638860702515
798,114.92304013618379,26.243000032583435,103.51580333747391,24.303735281414998,1.3167455196380615,1.3864649534225464
799,112.80235511395537,25.7950994831215,103.37311128645352,24.397004407486623,1.3262884616851807,1.3323701620101929
800,111.91973114783744,25.588145948162776,103.58000564939972,24.471147246706483,1.348982572555542,1.3847334384918213
801,111.83174018254738,25.573646916140852,103.32681460428735,24.473719438495888,1.3040214776992798,1.4099489450454712
802,112.27936471866164,25.63768633114932,103.3263585975122,24.461102118247016,1.2881264686584473,1.3746520280838013
803,113.8722001490342,26.039241387638263,102.74589138155699,24.355191902151102,1.3548051118850708,1.3625051975250244
804,114.53947647511716,26.147980041019057,103.02975875011064,24.308403227941444,1.3035236597061157,1.370965600013733
805,113.91041105665923,26.032449002610317,102.84891004528285,24.363137947553092,1.3181486129760742,1.3876093626022339
806,110.84931350943485,25.349061047482724,102.96735185981424,24.548386952150178,1.3442155122756958,1.3699581623077393
807,112.38895121985037,25.652187853600086,103.26223139102538,24.432981058135358,1.2564862966537476,1.4092814922332764
808,113.34509859006978,25.94145936663646,102.6138727818375,24.372804745285805,1.3215826749801636,1.3847757577896118
809,112.40613557385532,25.756610308339646,102.39301011774333,24.434240361676167,1.3439496755599976,1.4044626951217651
810,114.96099546430858,26.325045580301822,102.16792935393364,24.30373157845834,1.293440580368042,1.3737660646438599
811,114.00797762850888,26.12514837999988,101.84067295904065,24.334112076246644,1.4264624118804932,1.3937031030654907
812,112.64152846120834,25.813632716036306,101.86719812477757,24.416726940305516,1.363531231880188,1.3321342468261719
813,111.38740525272027,25.50672767260316,102.14668795311397,24.482533408482386,1.2913768291473389,1.3815511465072632
814,111.82427718725063,25.60780652742861,102.52947494719014,24.474201970880344,1.3717392683029175,1.3175461292266846
815,111.50319589417875,25.49419242777172,103.06749447440124,24.52705796784371,1.3676130771636963,1.3436428308486938
816,113.8652817650697,25.995569303975472,103.13453189132802,24.354464950240764,1.3545420169830322,1.4350064992904663
817,111.93674030865171,25.599633149021287,102.46840618799627,24.412800172155453,1.3379082679748535,1.3864078521728516
818,112.18745215599601,25.669805446902725,102.858176052606,24.461128165214834,1.2791730165481567,1.3341453075408936
819,112.12568458356503,25.61538002546168,103.24464355405712,24.487085172866433,1.333466649055481,1.297126293182373
820,112.29224449320787,25.71271376384987,102.93388451832443,24.477502774448393,1.3331174850463867,1.2734668254852295
821,112.46339145719017,25.739881526305265,103.11032500580819,24.463504547165392,1.3585797548294067,1.2499006986618042
822,111.12339582846612,25.44304058653388,103.11908083565177,24.5343807487191,1.349952220916748,1.317195177078247
823,109.66215252447874,25.129362614052877,103.39680356241311,24.628207247352574,1.4312357902526855,1.2822961807250977
824,110.15543800785247,25.22100271694999,103.64634104603921,24.647001288779133,1.3966389894485474,1.3402066230773926
825,111.5598924546011,25.53905258453771,103.27302486827523,24.50281539684656,1.3429208993911743,1.3306751251220703
826,114.61997312956055,26.15804587201707,103.45299032758417,24.293499590697614,1.4167519807815552,1.3680148124694824
827,112.04503857036521,25.544736419466066,104.17036713461184,24.484865906940218,1.379077434539795,1.3371566534042358
828,110.25651305309043,25.228701937589538,103.519931700806,24.585072660858845,1.3667994737625122,1.3362128734588623
829,112.69765061284498,25.73646875316026,103.80838272194092,24.428806587710273,1.3885166645050049,1.300581693649292
830,111.47959457199505,25.462391192223365,104.052925146715,24.519692531418936,1.4101449251174927,1.341931939125061
831,113.01290494939681,25.797206794457487,103.84241928342111,24.442830741832694,1.4199389219284058,1.2528504133224487
832,110.98463063826466,25.331588899166846,104.52389646580184,24.604361253483063,1.4208093881607056,1.2618300914764404
833,112.29990641707452,25.62106059555363,104.46166503159692,24.483458359614865,1.4592400789260864,1.2745487689971924
834,112.13883746007383,25.583463992135933,104.52167626189713,24.479676675788717,1.3726654052734375,1.3344939947128296
835,109.23335641174934,24.94440668823894,104.29403752524976,24.643983425151315,1.379372477531433,1.3436858654022217
836,107.97270641195988,24.69853309230908,104.4384288763789,24.788558786299074,1.323137640953064,1.2409669160842896
837,111.58318394905939,25.48056175903785,104.52924481116484,24.566403774046318,1.3586724996566772,1.2884814739227295
838,111.77589553397789,25.492259800186844,104.75359803239556,24.521967125032464,1.4089572429656982,1.2738697528839111
839,111.64411060417218,25.459610143401072,104.51466233730197,24.482691454053978,1.2883293628692627,1.2474530935287476
840,110.97007726107651,25.317589778539855,104.59676870974454,24.528821620132717,1.3110357522964478,1.2516164779663086
841,110.51006013910774,25.241616412339532,104.52973207534933,24.5748605112552,1.356332540512085,1.3654108047485352
842,109.76537415595452,25.075476184871036,104.01454180237856,24.546562635283415,1.3556286096572876,1.260101556777954
843,108.226231344309,24.744111923828086,104.32170606862007,24.68389170596828,1.3306517601013184,1.3059837818145752
844,108.66372644785291,24.825013175478418,104.44973765537553,24.677537490873316,1.3334869146347046,1.2675107717514038
845,109.64566631220755,24.962111787329395,105.34383973621604,24.64198901675027,1.3336397409439087,1.2467443943023682
846,108.30744206646568,24.710384842270415,104.80193299154506,24.698107819092435,1.3031171560287476,1.3211829662322998
847,107.14086069032523,24.472776310620112,104.25292810719958,24.74861316625398,1.3077116012573242,1.2643300294876099
848,107.72194238521642,24.603814721645772,104.28947218245379,24.704060394063724,1.2374992370605469,1.2901935577392578
849,109.76762303370278,25.02992573675668,104.34004718406787,24.592249208351525,1.3131357431411743,1.291209101676941
850,110.08692962528217,25.104641879600763,104.35906024148262,24.571703701856933,1.280771255493164,1.3673521280288696
851,108.907907156671,24.87867048323742,103.91067516112759,24.621768172839815,1.2937456369400024,1.3712024688720703
852,111.60663611956635,25.488639653677023,103.892217708421,24.50107644232193,1.4024525880813599,1.3070600032806396
853,112.97605897816429,25.72263775898537,104.59675572134131,24.428544438739753,1.3828357458114624,1.381790280342102
854,110.5173576849437,25.163167059263078,104.79570652383121,24.552623524912025,1.3796979188919067,1.3439269065856934
855,109.15997374209351,24.895708059752888,104.6373209998459,24.642494301449982,1.291463851928711,1.3159971237182617
856,111.98671414251884,25.51572074756943,104.32304951583002,24.487543535552447,1.3318238258361816,1.3234611749649048
857,111.67004767790381,25.496710427865626,103.53027810604479,24.477393259364653,1.362971544265747,1.2832422256469727
858,111.60989917972888,25.476836150607465,104.08917945426562,24.512984021265748,1.3689625263214111,1.2948740720748901
859,112.93131712861965,25.782755101385636,103.78683543770843,24.432353320031233,1.4278452396392822,1.3574470281600952
860,112.44918572450784,25.653139568122764,104.17849224287588,24.484241336741004,1.3023431301116943,1.3424242734909058
861,111.9945094662951,25.580520222607593,104.04798742026156,24.517211347762117,1.3316872119903564,1.2705849409103394
862,111.237701693964,25.387618274194317,104.2252104358249,24.54475253631404,1.3851909637451172,1.3527928590774536
863,109.02457333489109,24.883877600345144,104.09006018436028,24.645812612178148,1.3676156997680664,1.276039958000183
864,113.0411910476863,25.725700970400094,104.66985513311242,24.446827100945452,1.4646618366241455,1.2549104690551758
865,113.52171379762753,25.803923051009686,104.56499878633542,24.366243110964437,1.4329652786254883,1.3312392234802246
866,111.11938452244662,25.32621017783139,104.42347872317572,24.506192094843012,1.4076858758926392,1.308413028717041
867,110.72426260014367,25.25354946008649,103.99268160916456,24.543053694917315,1.4567025899887085,1.243698239326477
868,114.05484211002204,25.952895284785967,104.54607252622348,24.355995293256633,1.4914519786834717,1.262401819229126
869,112.34881123811083,25.603755072674648,104.41079995729342,24.466436503721866,1.4433228969573975,1.2419884204864502
870,111.88445735706452,25.482148007928224,104.97695419368812,24.54634654372977,1.4866234064102173,1.3074017763137817
871,110.67065925291611,25.187889827611325,105.56523674960182,24.66230883365358,1.4369465112686157,1.2533936500549316
872,111.64380738524986,25.413644821447367,105.34470257141798,24.617157198992118,1.4558522701263428,1.2493438720703125
873,110.96172819465146,25.30912552635999,104.73122886418265,24.61338835283196,1.4618818759918213,1.3776826858520508
874,111.42513866412548,25.357323738952125,105.12594993929605,24.568005605213692,1.3801909685134888,1.33731210231781
875,111.19406929594308,25.3593030267595,104.25571315643376,24.52918832834059,1.4047731161117554,1.3562943935394287
876,110.83635362281014,25.307972743266934,104.43372262481755,24.607233833447037,1.4059765338897705,1.29079008102417
877,110.63183218050321,25.288131236698092,104.18155253078959,24.635607080802522,1.4399861097335815,1.320852518081665
878,111.06413165364683,25.367400955701164,103.78944637316685,24.561514201965313,1.4165852069854736,1.314572811126709
879,111.34565647434144,25.413776507686844,103.90810627098713,24.53620039981648,1.3473328351974487,1.2547762393951416
880,112.10437865253667,25.61333739489525,103.21990182980858,24.464945407247935,1.3845715522766113,1.3180936574935913
881,111.13876892598716,25.40962826098124,103.11909319054159,24.518435677235896,1.4509965181350708,1.3082835674285889
882,110.11168509048977,25.181718077623312,103.24239832483956,24.563727267024888,1.4769728183746338,1.3152414560317993
883,111.66446527663506,25.516157118812615,103.3746379096852,24.499038144811376,1.5359508991241455,1.2914689779281616
884,112.66854619762157,25.679497969330217,104.16618565694182,24.451161617670675,1.5110914707183838,1.2764179706573486
885,113.46200849704609,25.832545177350116,104.76183688977267,24.450433404040492,1.5045102834701538,1.2311177253723145
886,113.77988405669889,25.89017127987215,104.49390090246636,24.409022351917976,1.4699063301086426,1.226714015007019
887,112.99866163201781,25.73560542813443,104.15207580910206,24.428189316416436,1.4594645500183105,1.2438819408416748
888,114.65570360179377,26.05131936346678,104.70214282646245,24.365193441172277,1.3722028732299805,1.2578781843185425
889,116.87670288672341,26.594055855318256,104.24208906713936,24.234089100861514,1.449774980545044,1.2987648248672485
890,115.14900088613534,26.227828147821945,104.33937719035286,24.35594367918964,1.422739863395691,1.3022739887237549
891,114.69847092408025,26.159236278026942,104.3979987084222,24.391168802194002,1.4567919969558716,1.3022743463516235
892,112.7003803259257,25.664479728560238,104.80773269714953,24.49139132085098,1.4077537059783936,1.2266789674758911
893,110.07715011947005,25.134435927556,104.02430871087581,24.615365529780977,1.4276639223098755,1.2083266973495483
894,111.04465801654888,25.35563652488397,103.77312621128443,24.54557869268995,1.3915863037109375,1.2843892574310303
895,112.1106411491975,25.57516339602587,103.7588426494869,24.457580765581078,1.4441531896591187,1.2934932708740234
896,111.49814539442126,25.481608731869667,103.3963741321606,24.520438054366842,1.4729795455932617,1.2836884260177612
897,110.88963091188681,25.302050326235932,103.85900188545601,24.56703316089445,1.461732268333435,1.2821247577667236
898,110.03552766780237,25.093734177229575,104.66070033892623,24.66370469148011,1.5682860612869263,1.3187657594680786
899,110.11239555905831,25.168085635914295,103.90325941233532,24.636926443462993,1.4428868293762207,1.2660038471221924
900,111.92878351754776,25.521528242692792,104.41089363097299,24.524364521128202,1.4769141674041748,1.2473011016845703
901,114.79109365136786,26.12314807801957,104.64557140138679,24.387822181292293,1.4762017726898193,1.266157865524292
902,111.06677831667201,25.343298476092837,104.32412436256952,24.620263361199285,1.5116981267929077,1.3206850290298462
903,114.59207221655336,26.13233149159436,104.3962499769961,24.444654925476396,1.4029369354248047,1.3459172248840332
904,111.70845900272339,25.540077736519926,104.51642885603995,24.66089047460528,1.4243987798690796,1.2789719104766846
905,114.00126454774208,25.981748918259566,104.61923980332581,24.49901307647737,1.4593684673309326,1.342634677886963
906,112.76830423271102,25.744771631452064,104.44797519410245,24.548992308033203,1.4836015701293945,1.3504608869552612
907,108.93173806073587,24.903529453797805,104.35981271840946,24.780683480853913,1.4042524099349976,1.3286666870117188
908,109.85624844744024,25.088467063387405,104.70926288222336,24.764093224590322,1.369489073753357,1.3020563125610352
909,109.99594485476635,25.053192758984313,105.37055211135471,24.777116265116376,1.3665786981582642,1.298740029335022
910,110.19613044597584,25.12313046154969,104.75564166045352,24.73428247350332,1.4362374544143677,1.3407889604568481
911,110.21845656429602,25.178375821159378,104.5647374035242,24.741001764432248,1.3769514560699463,1.3002933263778687
912,110.01040982717649,25.130626364086996,104.50202362103137,24.72877267430604,1.4600163698196411,1.332108974456787
913,110.37695032869756,25.204063342283696,104.58074032292467,24.72166831611079,1.3097710609436035,1.3102014064788818
914,110.55380779031232,25.27043267114708,104.24941436772633,24.69891997825905,1.4102041721343994,1.314812421798706
915,111.45909477644331,25.440478200949304,104.80277693239007,24.68437932240543,1.3693277835845947,1.3065447807312012
916,111.69417985739813,25.45090146224938,105.20413134438652,24.685561768046615,1.425535798072815,1.2407139539718628
917,113.78999347392185,25.99296089322475,104.50932212931164,24.544161417832452,1.3965476751327515,1.3122841119766235
918,111.33908751078636,25.444282812049085,104.9331104293862,24.723197471415265,1.4356682300567627,1.3344964981079102
919,109.73429651374259,25.10835658764523,105.23947089654575,24.845783526263173,1.4037079811096191,1.2344526052474976
920,111.45795881265933,25.441167771494662,105.18896159758444,24.703335071055427,1.4302318096160889,1.2185226678848267
921,110.08789866255545,25.114954757692747,105.70234436518918,24.791738601794645,1.36953604221344,1.2422322034835815
922,111.11266445808049,25.367355475220304,105.43474917288935,24.718045047924864,1.402122974395752,1.2347668409347534
923,109.18382288988994,24.961024832492466,104.90651980367218,24.780321462231413,1.381019949913025,1.2422871589660645
924,109.91641584664819,25.137695684228163,104.86411850803202,24.721836736243823,1.4125285148620605,1.2516565322875977
925,111.54055611473802,25.480658639758566,104.97919719683708,24.6628712499127,1.4158844947814941,1.256052017211914
926,110.92530067707257,25.344780506556152,104.49304906100018,24.645907434317042,1.4066468477249146,1.2482695579528809
927,112.37140192517046,25.646997548959256,104.80165388575291,24.567094232155483,1.400986671447754,1.3046027421951294
928,112.23912487332005,25.561047817134924,105.4596402520049,24.596444566308996,1.3555717468261719,1.2821662425994873
929,113.11626886763021,25.76365384847528,105.37760755418658,24.536415657298118,1.3006199598312378,1.3273036479949951
930,113.81308760142083,25.920598403495795,105.1174094664556,24.4802486695112,1.4129018783569336,1.363269329071045
931,111.27781664859846,25.347500746547258,105.0577276891546,24.625833596543817,1.3572152853012085,1.2832471132278442
932,110.1385513732162,25.134246550567845,104.98680004660774,24.689965474079735,1.3968197107315063,1.291543960571289
933,110.62784525053758,25.247997324761254,104.87684646530585,24.664024729116676,1.3261908292770386,1.3546764850616455
934,110.60726536161889,25.214694493606906,104.78074020622799,24.65771581693204,1.3301607370376587,1.359179139137268
935,109.85657815074462,25.063481534863815,104.72309513357403,24.70569057569086,1.314122200012207,1.385021686553955
936,106.99683572107702,24.449705318590656,104.68422353625546,24.880819619916704,1.2715339660644531,1.3773621320724487
937,110.4759041570995,25.196142021744514,104.57410469205529,24.674450802583394,1.4284578561782837,1.3541882038116455
938,110.79265991613494,25.23888906688906,104.8222404850092,24.620491786913494,1.3375517129898071,1.3792575597763062
939,108.83438174596881,24.84741151446388,104.44421492819514,24.72874526605331,1.3134196996688843,1.4026973247528076
940,109.39177447936439,24.935613307687287,104.86314085804766,24.712179186325997,1.3776509761810303,1.377350091934204
941,109.16778770054464,24.94643448310497,104.42421903484257,24.734173420583502,1.3162217140197754,1.29679536819458
942,109.23022931019813,24.967344530135573,104.04789730510912,24.700495925631003,1.3785972595214844,1.3367406129837036
943,106.94401337799431,24.498403124049943,104.00582931564601,24.879074738116497,1.2882721424102783,1.357344627380371
944,109.05381488008183,24.90205058943392,104.5927691657632,24.756366426814907,1.2798115015029907,1.40092134475708
945,110.18797799427469,25.216686942672204,103.60219500002309,24.613064315612526,1.3164297342300415,1.3610577583312988
946,108.5091165378574,24.86953899713698,103.5058826038434,24.723706907587005,1.3254966735839844,1.3696352243423462
947,107.98253986760935,24.748992100110502,104.1438840174471,24.8252130601979,1.325416088104248,1.3828256130218506
948,110.5385219184279,25.29902565576516,104.0960706793463,24.663340928693287,1.3121094703674316,1.2918355464935303
949,109.27580180459871,25.018457122886073,103.78826586697578,24.71664481470205,1.3537689447402954,1.34969162940979
950,109.47449295600536,25.020693657541834,104.2913216021127,24.749067162618825,1.3133628368377686,1.2951477766036987
951,110.93321360006105,25.360052961441067,104.00427436052792,24.645849092469007,1.2757678031921387,1.3737969398498535
952,111.4595447514523,25.468806112589878,103.97478350657359,24.599919392387733,1.2777572870254517,1.398277759552002
953,111.40673137292302,25.47005652413512,103.5318860251822,24.583957252702323,1.4044052362442017,1.3563728332519531
954,112.14092583359057,25.60583871842397,104.1895650996639,24.55546505448563,1.3312398195266724,1.325210452079773
955,111.59730418132942,25.454185372743375,105.16677236522241,24.67828171513773,1.3420907258987427,1.239831805229187
956,110.8585459609074,25.32871733305353,104.67788382688606,24.70762483725441,1.28204345703125,1.281843900680542
957,110.55966267480461,25.275071521293317,104.41614156692273,24.696690910740145,1.3578345775604248,1.3245768547058105
958,110.60347112569991,25.297833678237353,104.1759097060273,24.675538993475094,1.3470709323883057,1.3012171983718872
959,110.25723747080494,25.224401077150258,104.22350516276768,24.70021935884679,1.3707661628723145,1.348927617073059
960,109.95675827842359,25.13015695077878,104.31873630661133,24.69509834103234,1.3156702518463135,1.3735829591751099
961,108.95381360922761,24.934941244889245,104.24921896829724,24.766035121504117,1.3532652854919434,1.3779222965240479
962,111.42668755900526,25.431311291292534,104.76660396881029,24.603970358920197,1.3628712892532349,1.3489739894866943
963,109.10385632157927,24.94411506398403,104.884326628729,24.77172239162106,1.3572912216186523,1.3225183486938477
964,109.0441666608802,24.93260986547526,104.84890615278242,24.759739746005007,1.3559385538101196,1.3269699811935425
965,109.8060249149587,25.030002454707656,105.28678222479162,24.71645880338892,1.3291525840759277,1.3495495319366455
966,110.53857400245973,25.200494476129673,105.43339205126213,24.71173698327576,1.3390578031539917,1.3915400505065918
967,111.2153206169601,25.37975467682823,104.67487922838734,24.652882337785357,1.3510740995407104,1.4240769147872925
968,109.45802095472885,25.003799995109144,104.68987752484921,24.73102679699213,1.3219550848007202,1.3647758960723877
969,109.47950927011443,25.03614133693681,103.94798643594947,24.67343803747887,1.419538140296936,1.3466073274612427
970,109.55824131102068,25.033956076786787,104.3634855052121,24.699263691192577,1.3434561491012573,1.285712480545044
971,109.6956016095963,25.074595535659075,104.48540649955387,24.70604033827051,1.350601315498352,1.282622218132019
972,110.25396080274999,25.20367720480727,104.65962030131844,24.687833914483715,1.3777835369110107,1.3144735097885132
973,108.63956364620408,24.8705588194031,104.3562910841097,24.79280934855651,1.3492765426635742,1.33363676071167
974,108.47623641934257,24.769437367836858,104.47216790115263,24.751449929196504,1.3025320768356323,1.3779432773590088
975,110.9462481902803,25.241847672928852,105.10957366525932,24.58977837687938,1.3344519138336182,1.37669837474823
976,111.62152075578594,25.460110722786457,104.15808636461676,24.541425381815632,1.3560421466827393,1.3236171007156372
977,112.17636559412405,25.63599366837126,103.4270918196162,24.488569328691156,1.3601075410842896,1.366349697113037
978,114.60769595941792,26.220822312161733,103.06246681975165,24.365173191898705,1.3659840822219849,1.390056848526001
979,112.7465771848445,25.792071776137167,103.37031966433746,24.471954533205153,1.3465615510940552,1.409825086593628
980,110.87435203833739,25.382575440544517,103.44314880990657,24.608069397887224,1.3535057306289673,1.3598437309265137
981,110.4108285486983,25.27858037431263,103.48444856042366,24.59031509257149,1.3216452598571777,1.297038197517395
982,110.0990880881993,25.201826517483774,103.86819564311537,24.640057188675176,1.3454253673553467,1.391862154006958
983,110.26806522777557,25.24302337321346,103.78440458939123,24.61618402121492,1.3072036504745483,1.3695566654205322
984,111.32566658874784,25.447341993851,104.5441913802642,24.641291261046163,1.353291630744934,1.3540889024734497
985,113.24542770157564,25.872155292078677,104.18900245219064,24.50623454733393,1.2999218702316284,1.3166345357894897
986,110.91439592281363,25.41431640343838,104.0732989232175,24.64888733561334,1.2545253038406372,1.2965261936187744
987,112.53963246867032,25.71676460178679,104.8459597537275,24.580181677660192,1.350661277770996,1.3049818277359009
988,114.89389783219214,26.245287613512627,104.98196060713165,24.44105433996798,1.2905246019363403,1.3833078145980835
989,114.68551843489209,26.16411311280922,104.75214235797912,24.439114281487335,1.3250160217285156,1.3452218770980835
990,112.5117120658976,25.703899003331763,104.34276485379945,24.551789131641552,1.344302773475647,1.3049912452697754
991,111.9733246174526,25.60092703871561,103.83155976088638,24.55509154373221,1.3267475366592407,1.3585500717163086
992,112.24174445335113,25.65808886410697,103.4089946086047,24.522823486879876,1.3526098728179932,1.3453673124313354
993,109.7265756470808,25.104005530316623,103.3509209303929,24.64520646853093,1.3206263780593872,1.2928528785705566
994,110.29382573120891,25.172741499380773,104.30936264631633,24.662476428997504,1.3246830701828003,1.2984528541564941
995,111.34346272016892,25.379888213635173,104.45595483659154,24.579287492608138,1.2917413711547852,1.249241590499878
996,110.49944650736573,25.24283319960925,103.89481378069776,24.630758462921307,1.3187428712844849,1.2837636470794678
997,107.00813627056766,24.511134215804997,103.31289136136922,24.821345270254316,1.3122837543487549,1.3065468072891235
998,108.03993963409923,24.70481684306225,103.89844639114904,24.80281368600448,1.2304152250289917,1.3516690731048584
999,109.12296453753497,24.919911183782915,104.1441683447466,24.735823849237637,1.2583283185958862,1.2707808017730713
