3318
MM Point Charges
-0.00145325 45.72100000 42.68500000 30.95600000
-0.00431400 40.67100000 44.85500000 23.16800000
-0.01095564 41.12300000 40.55800000 49.01400000
0.00596959 41.59700000 42.47400000 23.34800000
-0.01330524 44.38500000 38.94800000 22.83900000
0.00940040 32.79900000 43.92600000 41.36100000
0.01210124 45.23500000 36.60200000 23.35200000
0.02507588 45.31200000 44.99200000 31.57200000
-0.03784215 31.53300000 41.98900000 40.43500000
0.04482517 43.75700000 37.15800000 47.73900000
0.01505646 44.50700000 36.83500000 34.43600000
0.03053547 37.12300000 48.46100000 35.55300000
0.04216407 45.75000000 31.96700000 40.18000000
0.01275231 36.74800000 29.05600000 44.27500000
0.02274906 40.01400000 39.07400000 30.04700000
0.09838243 35.27000000 42.13000000 29.53800000
0.01322774 45.17800000 45.20500000 39.07200000
0.02307880 40.11200000 38.41000000 44.83100000
0.02743756 31.28800000 39.33900000 40.81700000
0.02831923 48.54100000 41.39900000 27.59200000
0.02764844 45.14000000 42.87600000 43.62600000
0.00711077 44.45100000 36.16900000 37.01600000
0.03050317 41.51600000 47.26400000 23.17800000
0.04015084 31.11200000 36.48900000 30.23200000
0.10986726 38.91000000 49.09800000 37.66500000
0.01029423 38.44400000 28.91400000 37.08300000
-0.28906902 41.28800000 37.03000000 29.05700000
0.05825234 34.77100000 47.51800000 34.69000000
0.04635874 35.91600000 30.82200000 38.22500000
0.03083191 44.98300000 41.54600000 23.28600000
0.04747372 31.35900000 40.84800000 42.77600000
0.16205836 43.72300000 34.01100000 32.12200000
0.04911273 35.17800000 33.15800000 38.22900000
0.02244477 33.99900000 43.38600000 39.01400000
0.04989074 33.86900000 43.30700000 35.16300000
0.00929677 47.57600000 41.34300000 29.75100000
0.05513934 32.01700000 48.05200000 30.98900000
-0.23198028 38.16400000 31.46200000 31.29600000
0.04467271 34.51600000 44.83300000 28.72400000
-0.32278834 49.16300000 39.05400000 27.88000000
0.02716503 42.03400000 36.68000000 44.12800000
0.24726181 44.46700000 46.34100000 28.67500000
0.05975274 31.25400000 35.80400000 32.72400000
0.03647885 39.98900000 42.73800000 25.48300000
0.03895991 36.96700000 30.26100000 35.77700000
0.04158418 33.87700000 33.67700000 33.53400000
0.01435033 44.28000000 34.14900000 35.65500000
0.25155321 40.34000000 47.30300000 31.04100000
0.06380831 35.01800000 36.92500000 37.85000000
0.06420451 35.14800000 35.05000000 26.40400000
0.06434250 33.64800000 48.76700000 30.95800000
0.10823826 52.06300000 39.15900000 40.01000000
0.05386062 31.75500000 41.26400000 30.99100000
-0.19208440 44.67700000 34.27900000 32.31400000
0.06921564 44.24200000 46.33300000 37.05100000
0.01300375 34.67100000 38.98800000 26.34300000
0.10123422 41.81600000 30.48300000 34.90100000
0.29919531 44.35900000 47.27100000 27.16800000
0.19813117 37.48700000 30.79000000 31.62900000
0.02800244 47.12700000 41.56300000 42.12000000
0.05787056 31.64300000 42.63700000 29.86400000
0.05806974 46.05400000 43.25100000 35.48700000
0.07356412 34.12700000 41.49800000 37.43300000
0.02589823 41.34100000 39.45800000 46.76000000
0.06524769 30.76200000 44.43900000 32.46200000
0.02559403 35.59700000 44.11000000 43.54800000
0.07499655 34.29400000 35.36100000 37.42100000
0.01427721 43.81800000 34.86700000 38.02300000
0.11026181 46.40200000 34.73400000 23.47600000
-0.02300021 46.18900000 43.53700000 37.95900000
0.02136963 34.85600000 33.50800000 43.36400000
0.03588270 35.95600000 33.28300000 29.48900000
0.35443090 46.99300000 32.97800000 42.51600000
0.02768034 48.32300000 35.14100000 24.76000000
0.06371256 45.41400000 41.25200000 38.47900000
0.07001902 46.20000000 33.37300000 38.75000000
0.11676869 32.83900000 48.20200000 33.27700000
0.02946598 41.53200000 32.35600000 45.36900000
0.12751907 42.87700000 40.93800000 22.62500000
-0.48371225 48.44900000 34.27400000 39.26400000
0.13946307 48.27100000 43.75000000 45.02200000
0.02982835 43.02000000 38.08000000 45.87400000
0.37972672 46.15600000 34.25300000 43.37800000
0.06764481 44.11400000 45.87000000 22.17800000
0.06811498 32.17000000 39.37400000 27.94000000
0.01605971 31.53300000 45.74500000 34.08500000
0.07635834 30.43000000 45.61400000 31.16700000
0.03590748 35.49300000 29.34200000 42.09400000
0.08957935 33.85700000 44.89200000 35.96500000
0.07132658 32.72800000 39.68600000 29.58700000
0.09103826 34.50800000 37.80300000 35.61200000
-0.61615167 42.96300000 37.33200000 25.32300000
0.15231507 41.61900000 47.20500000 29.21900000
-0.52504402 35.82000000 30.36300000 33.09900000
0.03260886 41.78800000 36.98800000 46.52400000
0.03266373 46.77300000 43.35000000 28.38200000
0.07426401 36.24600000 47.05400000 29.35500000
-0.21094976 45.32800000 35.39700000 31.83800000
0.07599400 44.80500000 41.78700000 36.90900000
-0.54728749 47.19600000 45.09900000 25.49400000
0.07635545 34.92900000 47.44700000 28.23900000
-0.18355589 36.44200000 28.21900000 43.64700000
0.07696195 38.92000000 43.16300000 40.63800000
0.34830770 41.28400000 36.41700000 29.79700000
0.07782644 33.52600000 43.39000000 28.43500000
-0.64022128 43.83100000 43.12600000 45.93800000
-0.55743622 41.57900000 34.45300000 42.99200000
-0.40518917 32.64500000 48.81700000 30.53400000
0.08677575 43.78400000 32.59700000 38.38400000
0.08709229 43.25900000 32.26400000 36.72800000
0.07824526 38.38100000 44.04700000 39.19200000
-0.55213205 52.41900000 39.85100000 42.54100000
0.07839407 42.58900000 46.02800000 21.26800000
0.07841645 37.32900000 43.95800000 40.60500000
0.09913715 32.71800000 48.63600000 29.46100000
0.03124106 41.23300000 41.02700000 45.95500000
0.69028451 40.67300000 41.06900000 47.99300000
0.09938073 42.95000000 46.99300000 38.08600000
0.18528399 44.91600000 36.17500000 31.21200000
0.01703884 38.87400000 39.26600000 46.80600000
0.04555526 43.87700000 45.90200000 40.03900000
-0.06583157 44.69400000 35.21000000 37.47300000
0.09667663 39.92700000 44.57800000 42.61500000
-0.56660253 38.56000000 42.77900000 43.53400000
-0.91710058 44.86500000 46.96200000 27.98600000
0.14240642 33.36500000 45.31900000 42.95600000
0.03516700 39.42900000 50.98600000 34.60800000
0.10478283 46.34600000 47.30100000 25.45900000
-0.55789903 39.97100000 48.19000000 31.02600000
0.01892250 45.52700000 35.37200000 38.15600000
0.67097804 46.29000000 43.64100000 30.44400000
0.02360000 46.46900000 35.11300000 27.65000000
0.10091506 35.88100000 36.58500000 25.90100000
0.04557633 35.58200000 32.21600000 30.83900000
0.40144307 49.29400000 44.08400000 47.06700000
0.14855095 46.06300000 40.32000000 32.42000000
-0.81229363 46.74100000 33.42900000 43.38400000
0.10274224 33.59100000 32.56400000 37.66000000
-0.55812758 46.07300000 43.66700000 41.30400000
0.13473467 44.34000000 38.52200000 32.60000000
-0.49518675 40.73500000 42.09700000 22.98000000
0.17730077 42.47000000 48.43500000 27.23300000
-0.03998900 37.40100000 29.43000000 35.22000000
0.10189010 33.81200000 36.23200000 35.16600000
0.08251026 45.13800000 44.61800000 45.44300000
-0.43884159 32.47500000 44.62000000 40.70200000
-0.40431088 34.09600000 36.34400000 37.84600000
0.03299318 35.69800000 47.22900000 36.93700000
-0.31261539 31.14700000 41.73300000 30.21700000
0.45077045 36.68200000 41.74400000 28.57900000
-0.10830368 44.90200000 46.05200000 39.70000000
-0.32746533 43.72700000 36.53200000 47.01200000
-0.16378544 45.23400000 37.62900000 34.35100000
-0.12560000 43.18900000 49.65500000 32.10000000
-0.47795135 44.44900000 36.16700000 22.89000000
0.10262596 30.80800000 38.12800000 30.86900000
0.03095070 40.53700000 39.02300000 27.57100000
-0.03511005 34.98300000 31.87000000 40.28400000
-0.01052342 37.99000000 28.42600000 36.22000000
0.06504231 40.89000000 48.11300000 38.73500000
0.12970000 45.64200000 47.96600000 33.76100000
-0.29719428 43.54000000 46.50600000 21.50500000
-0.97334498 45.99100000 44.85600000 30.83700000
0.10000000 31.72700000 41.39100000 33.57300000
0.29282719 38.49900000 29.99000000 34.29500000
-0.40127841 30.34300000 37.19600000 30.54500000
0.06910525 32.23700000 33.26000000 32.99100000
-0.85082365 35.87700000 42.32800000 28.75600000
-0.17040000 44.22000000 48.72900000 32.33300000
-0.00320758 49.14400000 41.84900000 28.38000000
-0.27087799 32.87400000 32.03600000 34.97300000
0.14300000 44.51300000 48.03600000 31.55800000
-0.00372493 48.20400000 42.21100000 29.54800000
0.60865357 49.19500000 40.89900000 43.94800000
0.05781395 34.12100000 34.96800000 45.21000000
-0.43504119 34.00200000 43.82200000 36.11500000
0.48308918 39.58100000 44.28100000 23.17800000
-0.36647576 37.08000000 49.30000000 36.11500000
0.59730000 39.46000000 31.18100000 31.48700000
0.07919811 40.23700000 45.56100000 39.07800000
-0.18893821 34.29600000 44.03600000 28.01400000
0.34877228 42.43300000 37.14200000 26.10000000
-0.04225443 45.08500000 34.19400000 36.38900000
0.03757661 47.22400000 37.19300000 31.46600000
-0.40079925 34.97000000 30.48400000 38.64900000
-0.40500858 43.94900000 47.16800000 37.68700000
0.04611818 33.76500000 37.17700000 25.18600000
-0.32757268 46.22900000 31.17400000 39.77700000
-0.05304735 32.85800000 33.46700000 33.86200000
0.08289277 43.74000000 31.98700000 43.28700000
-0.03541767 32.87600000 38.06100000 37.42300000
-0.03520730 32.50900000 38.97600000 43.92100000
0.07919811 41.00500000 44.64100000 40.38800000
0.19595843 42.78500000 37.03600000 46.08400000
0.50785394 43.31200000 38.36800000 22.64700000
0.53769882 37.71800000 50.39600000 35.68800000
0.56404892 31.18500000 42.83100000 39.60300000
-0.31261539 32.28800000 40.14500000 28.70200000
-0.01674413 46.80900000 41.75000000 21.87500000
-0.08234137 40.73200000 40.35500000 46.65300000
0.01860000 44.30600000 35.63900000 28.54900000
0.10274224 35.15900000 29.63000000 39.29900000
0.09611453 34.53600000 32.09000000 27.93000000
0.10189010 33.76400000 36.23300000 38.87900000
0.01863556 34.88900000 40.62200000 26.98000000
-0.11072734 33.98500000 48.13200000 35.10400000
-0.31847122 35.97200000 47.64900000 28.48500000
0.40312697 50.16000000 36.73500000 23.26200000
-0.31605085 29.98300000 44.89000000 31.84700000
0.00207302 39.34900000 36.44300000 28.70200000
0.34645165 39.93200000 37.35800000 28.81100000
-0.40079925 34.18800000 32.82100000 38.53500000
0.06504231 41.08600000 49.87400000 38.66900000
-0.06673833 47.31200000 43.45000000 29.32400000
0.09443310 35.01100000 43.64300000 36.48700000
0.20610291 44.21500000 44.17200000 45.07200000
0.14328331 31.20900000 32.36700000 30.27900000
-0.31593744 45.70500000 41.51600000 37.46300000
-0.10529317 36.27600000 32.38400000 30.01600000
0.13300000 42.70500000 49.68900000 31.13500000
0.07990849 46.15800000 40.64500000 36.99000000
-0.31880410 38.36700000 44.03200000 40.28200000
0.06910525 32.46400000 34.33600000 34.38900000
-0.40431088 33.59200000 37.21300000 35.58900000
-0.38300718 38.47200000 49.17000000 38.57200000
0.52022888 41.96200000 34.02300000 44.08000000
0.10172080 43.93400000 48.07400000 37.08100000
0.41020000 29.83300000 41.79300000 41.11200000
-0.40832902 35.68600000 35.55500000 25.60200000
-0.15522569 33.44600000 34.75100000 44.38200000
-0.10303873 45.14800000 38.57500000 33.31400000
0.28185794 43.30100000 47.88100000 22.14200000
0.10262596 29.69000000 37.40400000 29.69800000
-0.39160044 30.88600000 40.34600000 43.62000000
0.05774227 38.35600000 32.89600000 29.78000000
0.04611818 32.80100000 35.73500000 24.95500000
0.30155099 46.68800000 42.69400000 37.48000000
-0.40127841 30.42500000 36.48300000 32.92200000
-0.43504119 33.11500000 41.77600000 37.14100000
0.29209839 31.74200000 44.87100000 27.37300000
0.08073171 32.95900000 40.92000000 28.33000000
-0.20553569 52.30300000 40.20000000 40.16700000
0.07910000 30.95100000 33.90700000 28.20800000
-0.10720000 44.86000000 48.68900000 33.58300000
0.76596599 35.57100000 43.22500000 27.84200000
-0.04113442 45.10100000 43.69900000 21.66600000
0.16740535 45.54400000 33.59000000 33.07400000
0.16520987 42.48400000 29.76300000 35.34900000
0.02392035 30.05300000 47.38700000 33.08400000
-0.11633472 33.23100000 43.95600000 38.49100000
0.03648372 47.14600000 35.19900000 21.21000000
0.05344623 46.70900000 42.58900000 22.56400000
0.09443310 32.40900000 41.32400000 37.83800000
-0.65101127 48.31300000 39.87300000 39.60600000
0.03461062 45.72200000 30.84100000 42.41100000
0.09611453 34.02700000 31.02500000 29.26200000
-0.23811896 45.91000000 34.20900000 22.65700000
0.01180000 42.77900000 50.52300000 33.12700000
0.60757834 45.62400000 44.73100000 41.72600000
0.53856544 47.92700000 40.85500000 40.24600000
-0.06587380 34.93200000 40.01200000 26.07800000
-0.15022244 32.89900000 48.52900000 34.30400000
-0.00323296 39.34600000 39.95700000 46.10700000
-0.21739616 39.18900000 42.38900000 24.83000000
0.56284604 49.99000000 39.53600000 28.65400000
0.01030048 31.40000000 44.07000000 43.83400000
0.59145213 35.58400000 29.23000000 33.53400000
0.07928060 38.54800000 47.04600000 28.64300000
0.08073171 30.18300000 41.99400000 30.65300000
0.53408775 37.68400000 43.64800000 43.48500000
0.10070000 40.70000000 30.12200000 32.83800000
-0.10925880 31.12900000 38.04200000 42.53100000
-0.16814725 40.78800000 49.03800000 39.30200000
0.08238919 35.45000000 27.93100000 43.99800000
-0.38481927 32.52500000 45.40900000 27.02900000
-0.27999764 36.47900000 49.81400000 32.65300000
0.27467911 47.29000000 42.76200000 40.25000000
0.36196286 52.51800000 40.68800000 41.47400000
-0.26273181 42.18200000 40.45100000 21.94000000
-0.37006449 39.92600000 38.12400000 27.49000000
0.02860464 43.24300000 42.74900000 20.99500000
-0.51824019 49.36900000 35.71500000 27.75100000
0.02360000 46.57500000 35.13000000 29.40400000
-0.05866487 46.50400000 32.71800000 37.93400000
0.37066465 31.43200000 38.92500000 43.75900000
-0.22390271 41.33500000 48.23400000 29.05800000
-0.31593744 46.98700000 43.08600000 36.02600000
0.41034782 46.40600000 45.65400000 30.37800000
-0.18229755 41.82200000 48.93500000 27.93800000
-0.40039548 44.94200000 44.82700000 42.85900000
0.54985616 49.00300000 35.05900000 26.77600000
0.40778133 42.72700000 34.45500000 45.91700000
-0.40175305 31.66400000 37.34800000 40.25700000
0.10262596 30.81800000 37.46500000 33.18700000
0.34561853 50.42600000 35.50700000 24.72100000
-0.01729886 47.69700000 42.83100000 22.95300000
0.77161745 46.09400000 47.38000000 28.17700000
-0.06510411 30.61500000 45.98700000 34.62100000
0.11050000 39.16800000 46.85800000 23.36800000
0.08939724 29.53500000 44.08200000 31.26800000
0.02400920 45.96800000 34.57000000 35.87300000
0.36278283 34.32400000 31.61400000 39.45400000
-0.03231307 36.11900000 43.28800000 45.44900000
0.03016522 47.95900000 31.69200000 41.75800000
0.10274224 34.31000000 30.17800000 37.83700000
-0.02970000 31.48800000 34.11700000 25.80200000
-0.23278461 49.09100000 44.32700000 44.62100000
0.73985362 44.60900000 34.95700000 22.36000000
-0.31484460 44.07200000 32.13200000 37.44100000
-0.04300000 46.18100000 34.57500000 28.55300000
0.71301243 48.59600000 34.01500000 38.07000000
-0.41520184 42.46100000 34.83400000 45.01900000
-0.41570000 38.76000000 29.40000000 33.12200000
-0.31880410 40.36800000 45.49500000 40.15800000
-0.17040000 44.47300000 49.57700000 34.60100000
-0.04113442 46.35700000 44.71200000 22.38300000
0.07928060 36.08800000 48.70500000 28.73100000
-0.02765248 44.27400000 48.29800000 22.40100000
-0.40711648 42.09600000 49.13300000 23.90500000
0.27069220 48.49400000 43.01000000 26.26100000
-0.61697867 50.32800000 35.79300000 23.34500000
0.01256535 38.71800000 27.78300000 35.72500000
0.73679528 40.79300000 40.99500000 22.24400000
-0.42811200 34.75200000 31.16300000 28.46000000
0.35819220 50.33100000 40.45400000 45.52200000
0.36237227 29.52700000 36.59800000 31.68800000
-0.04250000 40.26700000 46.72600000 21.26600000
-0.56790000 40.35600000 31.93800000 31.11200000
-0.19355781 49.17100000 40.97300000 42.43100000
0.10070000 29.83400000 40.59100000 39.18600000
0.19126189 46.60700000 35.34900000 32.31700000
0.35977396 33.04100000 37.06600000 37.01000000
-0.57308796 38.60900000 27.19900000 43.68800000
-0.38305257 36.30200000 28.71300000 34.56200000
-0.43012598 50.10600000 40.85100000 28.85800000
-0.10919160 33.56400000 36.36100000 24.49200000
0.06420707 32.83300000 35.63000000 44.18300000
0.35917614 44.95700000 47.31700000 38.82800000
-0.23998874 32.76400000 46.15100000 42.58800000
0.10000000 29.69600000 42.68100000 33.63100000
-0.19130338 43.33500000 31.87200000 44.29300000
-0.03023844 35.24700000 48.14900000 37.30600000
0.73413444 32.50000000 45.89300000 41.09900000
0.01885248 30.21400000 45.08500000 35.08400000
0.33665231 40.45500000 48.87300000 29.95700000
0.02950000 40.79400000 50.89600000 32.48100000
0.09443310 32.91200000 41.37400000 36.14800000
0.07910000 30.04900000 35.21400000 27.44700000
0.03095070 38.90600000 38.41000000 27.23300000
0.73705764 37.41400000 27.08000000 43.89900000
0.01403699 46.17700000 43.81000000 21.79700000
-0.05468365 32.00200000 44.12100000 39.40500000
0.59464675 48.23000000 45.63800000 25.89200000
-0.55476521 50.17300000 44.32900000 46.76800000
-0.41566462 36.05200000 27.48900000 41.30500000
0.14510567 34.52100000 41.13700000 46.02700000
0.04690006 29.27200000 34.97300000 30.27100000
0.58883158 33.33800000 34.01800000 41.95100000
0.01547564 47.16700000 47.85800000 25.91100000
0.03064513 47.79500000 38.50400000 37.26200000
-0.08739147 39.15300000 45.30500000 42.37100000
-0.11877467 37.78900000 50.94400000 33.22000000
0.04690006 29.37400000 34.44300000 31.93900000
0.07928060 39.00900000 47.17900000 26.94500000
0.07990849 47.55600000 42.29600000 35.53600000
-0.16378544 46.11800000 39.58900000 33.21300000
0.02725616 39.50100000 42.76200000 23.37600000
0.06803603 49.83500000 40.20100000 42.04200000
0.10274224 33.70200000 33.64400000 39.06100000
-0.04241631 29.57700000 46.60000000 33.66900000
-1.05360884 50.32100000 40.53600000 44.51500000
0.01236996 38.72000000 40.84400000 46.01600000
0.03516013 51.75000000 35.22800000 37.76200000
0.10189010 32.86300000 37.72500000 34.96100000
0.60765655 46.71200000 31.33300000 38.54200000
-0.56790000 29.97200000 44.23000000 28.11200000
0.33344328 32.97100000 43.30400000 37.11800000
0.08251026 43.43800000 44.93700000 45.07800000
0.31068111 42.37900000 36.65400000 24.23900000
-0.12560000 43.42400000 50.48600000 34.37700000
0.02364512 37.02800000 39.72200000 26.27600000
-0.50981295 37.68100000 51.45100000 36.32400000
-0.03890000 39.82800000 29.89000000 32.22800000
0.00467601 51.13800000 36.19200000 25.18200000
0.01650658 48.80700000 42.39000000 30.43800000
0.01287404 34.68700000 43.28900000 45.95400000
0.13816277 46.33000000 36.98900000 36.09900000
-0.00932633 46.89100000 34.17200000 21.46900000
-0.53751925 42.11300000 28.86100000 36.26800000
-0.03810965 31.97600000 43.57200000 36.76300000
-0.02908733 30.26700000 39.96600000 29.39900000
0.10497441 31.11100000 40.91600000 44.52200000
0.04876993 38.25300000 42.85800000 25.13300000
0.01536229 33.76600000 44.68100000 26.71600000
0.03218509 36.63900000 42.41200000 45.83600000
0.01038073 48.52800000 33.73000000 22.79500000
0.10000000 30.90500000 39.99800000 32.82700000
0.47396433 45.90200000 34.29300000 45.39700000
-0.41145111 47.68700000 42.03600000 39.67100000
0.14692763 45.32000000 32.66700000 33.58800000
0.13300000 43.09400000 51.14500000 35.16600000
-0.00211581 36.30000000 49.26500000 37.36200000
-0.31920000 30.17100000 34.13100000 27.48000000
0.25621604 49.88000000 36.78200000 29.20100000
-0.11416788 34.01900000 42.07600000 46.21000000
-0.04472530 43.15400000 36.87500000 22.92000000
0.03095070 40.31500000 37.48800000 26.69500000
0.28542543 32.21300000 36.52500000 40.45800000
0.35819220 51.12700000 40.33000000 43.94300000
0.10497441 29.80800000 40.31200000 43.46600000
0.02950000 41.28900000 51.82700000 33.88800000
-0.10730619 28.96300000 35.21500000 31.28800000
0.03516013 51.08600000 34.06400000 38.89600000
-0.12072448 46.27000000 37.70700000 35.29500000
0.16833561 32.56400000 31.06200000 31.91000000
0.03397846 47.94000000 44.33900000 29.26900000
0.28107429 36.82600000 27.09500000 40.78900000
-0.41210000 31.18400000 40.46700000 33.77100000
-0.53022516 46.72800000 34.21300000 33.12000000
0.01057873 36.18200000 28.14400000 37.36000000
0.04656378 31.87600000 35.33000000 36.48700000
-1.20090733 40.11900000 42.26000000 48.05600000
0.10091506 34.01000000 33.60000000 24.82200000
-0.55496217 43.83900000 29.59600000 40.98500000
0.03635034 39.33400000 49.21600000 39.75400000
0.04315593 33.63300000 44.95700000 38.33000000
0.43640909 43.34600000 29.71800000 42.77500000
0.07990849 47.56200000 44.01200000 35.99500000
0.35633109 34.85700000 35.53000000 24.31400000
-0.51630000 38.42400000 44.92800000 23.04200000
0.08455317 44.12400000 46.62200000 20.59200000
0.14300000 44.96900000 49.54200000 35.56000000
0.01030048 30.49100000 44.54200000 42.38900000
-0.24829237 46.16400000 29.90400000 40.50700000
0.04797331 31.46200000 37.03100000 42.76700000
0.12257397 38.47300000 51.15100000 32.39600000
0.74156263 43.35800000 30.40500000 44.69300000
-0.00065910 46.45800000 30.14600000 42.00600000
-0.56790000 35.55000000 46.44900000 42.82700000
-0.34662267 42.23200000 39.00600000 22.18600000
0.33938042 36.16600000 31.19500000 29.04300000
-0.54433982 46.74900000 46.92200000 29.09600000
-0.41570000 30.08200000 42.65100000 38.87200000
0.05458601 43.25500000 34.82900000 25.00500000
0.00938676 36.77700000 27.59900000 36.62700000
-0.06600000 44.64600000 34.60300000 28.57200000
0.13206871 28.91000000 45.57800000 32.71700000
0.59730000 32.30400000 46.70200000 26.76400000
-0.19913069 30.94600000 31.34400000 30.50200000
0.29887023 39.00200000 45.31600000 40.83400000
0.01885248 30.86200000 46.70700000 35.40100000
0.10091506 36.63900000 35.05300000 25.43500000
-0.05090863 45.81800000 46.02500000 40.93100000
0.27190000 41.40200000 45.91500000 43.38800000
-0.00722324 47.65900000 36.41700000 32.09500000
-0.18732045 46.64900000 48.43900000 27.23800000
0.04876993 39.09400000 41.30700000 24.92400000
-0.54316254 40.18200000 48.66300000 24.99000000
-0.40849220 47.75400000 33.24700000 37.38400000
0.30465760 30.92800000 40.76200000 29.05400000
0.01319727 34.05800000 48.53600000 36.44700000
-0.67610000 28.90700000 41.68100000 41.33800000
0.01863556 34.20800000 40.40000000 25.36200000
0.01870088 30.73500000 44.82500000 43.41300000
0.13255926 45.36600000 32.75700000 36.89000000
-0.03430000 41.61600000 51.46800000 32.91200000
0.85478695 46.84200000 32.78400000 44.50200000
0.10262596 29.84100000 36.10200000 33.76000000
-0.38152430 48.27600000 46.94000000 26.17800000
-0.53110360 32.98600000 34.87100000 41.13200000
-0.03547879 45.95300000 47.42000000 38.39700000
0.10000000 31.83400000 39.79700000 34.33300000
0.09690000 30.31900000 46.46100000 27.48000000
0.63734488 44.58700000 45.73700000 43.11700000
0.66802802 37.13900000 49.22500000 38.65300000
0.11023963 54.17700000 35.10000000 37.58600000
0.32441266 50.16100000 44.70500000 45.45900000
0.04797331 30.05100000 38.00300000 42.37700000
0.57657198 49.81400000 43.08600000 27.76900000
0.06420707 32.79800000 33.92000000 44.66000000
0.08972929 44.20100000 31.06200000 37.60800000
0.03282006 43.63800000 40.32500000 20.36300000
0.21307149 35.69700000 50.73100000 32.07500000
0.27190000 38.20000000 28.61900000 32.81200000
0.07910000 31.70000000 31.99700000 27.04100000
0.62331812 41.07800000 49.45600000 24.70000000
-0.41518441 37.91300000 44.88500000 43.03700000
0.36106903 32.05100000 50.18900000 30.82300000
0.29064485 42.77100000 49.85700000 23.70700000
-0.04291778 36.34900000 40.06000000 25.49300000
0.27223723 37.14500000 45.54100000 43.04100000
-0.88228105 43.35400000 29.48600000 43.75800000
0.07919811 40.85600000 46.40400000 40.50900000
0.30751295 40.12800000 42.76100000 48.93300000
0.01873576 35.66400000 38.46000000 24.22700000
0.29850000 30.57800000 33.59600000 26.09700000
0.03970000 38.27300000 46.38400000 22.96400000
-0.41754657 49.24800000 43.55300000 26.65700000
0.26680904 49.49300000 36.61500000 38.06400000
-0.54904091 36.31100000 43.38900000 26.88800000
0.03914319 42.69000000 42.24400000 20.20300000
0.17085465 48.30300000 44.35100000 42.61500000
0.08625233 45.85500000 49.15600000 27.03400000
-0.03890000 29.21300000 41.45900000 38.96700000
0.11258518 34.52300000 45.37700000 26.35500000
-0.55716610 30.17800000 38.26800000 38.83200000
-0.31847122 38.32200000 47.55300000 27.70500000
0.01860000 44.25500000 34.12800000 29.47200000
-0.56790000 33.18900000 47.44400000 26.34300000
-0.11416788 34.02800000 44.51100000 46.19000000
-0.03528527 32.30700000 50.43600000 31.85300000
0.16560000 42.40500000 51.88000000 37.91700000
-0.00967002 51.14000000 34.32800000 37.83900000
0.08289277 43.98400000 32.40500000 44.98700000
-0.02963219 36.78300000 46.19600000 27.15400000
0.13816277 47.88000000 40.46400000 34.10100000
-0.43967875 50.19000000 37.43400000 29.90700000
0.04127872 47.87000000 30.71600000 42.23500000
0.03356810 33.06200000 29.38500000 34.01700000
0.08455317 41.62600000 48.51500000 20.91600000
0.01884656 48.18100000 33.40000000 21.81600000
0.27190000 45.59500000 49.31400000 24.56200000
0.60858959 30.89700000 37.32600000 39.16600000
0.29918152 36.87400000 47.27200000 27.30000000
-0.00069743 42.64000000 40.74000000 20.49900000
0.01860000 44.25600000 34.08700000 27.69500000
0.27935614 33.15800000 32.13100000 42.65600000
0.04673139 30.10000000 49.51500000 31.40800000
-0.27657701 43.80200000 29.65900000 35.09300000
-0.24103699 31.71300000 30.60600000 31.42500000
-0.18952904 49.10700000 44.67900000 43.25800000
0.01860000 46.89600000 48.64600000 31.50300000
-0.41570000 48.52500000 33.81800000 26.89000000
0.06504231 41.43600000 49.00000000 40.17700000
0.77699244 44.78900000 29.27400000 40.27100000
-0.03750265 36.34900000 30.26200000 29.57600000
0.01225805 47.22000000 38.73600000 35.21900000
0.08836864 37.81800000 37.83000000 25.30700000
-0.16734346 52.38200000 41.07200000 39.06700000
0.06803603 49.57600000 41.94100000 42.13700000
0.03218509 36.62000000 44.16500000 45.85700000
-0.12072448 47.15100000 39.66900000 34.16500000
-0.28030921 42.28200000 35.19100000 24.67300000
-0.00939956 31.45600000 46.18700000 43.40700000
-0.29719428 42.66500000 48.79600000 21.08300000
0.27190000 48.22300000 33.34100000 26.05300000
-0.09450614 31.88500000 49.34000000 34.84500000
0.00181856 31.13000000 31.96600000 35.46500000
-0.08660566 47.97600000 42.36700000 38.26600000
0.27657885 47.58700000 45.49500000 39.86000000
0.01860000 46.84400000 47.58900000 36.07600000
0.02860464 41.67400000 42.64000000 20.18800000
-0.56790000 47.12200000 32.65900000 24.72000000
0.01360000 39.38600000 46.50800000 20.66200000
-0.04250000 39.39200000 45.44000000 20.44600000
-0.55508320 29.37600000 47.70800000 29.23900000
0.04445367 30.82900000 32.96000000 35.79700000
0.13924849 48.76700000 35.47500000 30.50400000
-0.40832902 34.59600000 34.04700000 24.01900000
0.13742228 42.59900000 28.07400000 39.37400000
0.09889890 31.02000000 42.15900000 27.43600000
0.26246429 50.79300000 41.17300000 29.52400000
-0.34517328 45.57400000 32.85000000 23.09800000
-0.08750000 30.87400000 47.22200000 26.93100000
0.27190000 28.45800000 45.91300000 29.39900000
0.09611453 37.02100000 32.26500000 27.37100000
0.00365607 41.36600000 37.03500000 24.10400000
0.03299318 34.87500000 47.94900000 38.31100000
0.12257397 37.34200000 51.88700000 33.53500000
-0.40430053 32.93000000 32.74300000 41.88600000
-0.41210000 29.09900000 41.78700000 33.81200000
0.09611453 34.66200000 30.32700000 27.76600000
0.14505815 31.04400000 49.63600000 34.23600000
0.08877250 39.07000000 48.37400000 40.39300000
0.34000000 38.54600000 52.73300000 37.28100000
0.02779836 51.79600000 37.55100000 27.77500000
-0.03610000 30.24900000 41.21600000 35.53400000
0.08807959 28.36600000 46.98600000 31.21600000
-0.81229363 46.33800000 33.39200000 45.53000000
-0.03515203 28.72100000 37.29700000 31.91500000
0.06258672 49.47300000 34.73100000 20.77400000
-0.22390271 40.08900000 50.21900000 29.74300000
-0.00148076 50.92600000 38.61500000 29.43900000
0.59730000 28.98300000 43.51400000 28.28700000
0.19063078 52.20800000 40.69500000 38.07000000
-0.56934054 43.42800000 30.07500000 45.86800000
-0.41570000 30.80700000 48.48000000 27.69800000
0.06030000 48.83300000 43.95400000 32.03700000
0.14510567 34.53900000 45.44300000 45.99800000
-0.10811711 31.70500000 36.30100000 36.95100000
0.08706732 31.34200000 44.86200000 38.95300000
0.03757661 47.87900000 36.87200000 33.06100000
-0.34788368 33.52100000 47.40300000 42.80000000
0.35310000 29.92900000 40.77100000 34.59100000
0.33739191 44.32600000 30.24300000 34.45800000
0.06656327 38.69200000 42.39900000 22.74300000
0.10938078 35.74700000 50.20300000 37.42000000
0.30751295 39.77200000 42.69600000 47.21400000
0.01895384 28.42000000 44.81800000 33.32500000
-0.02776924 34.51500000 28.38800000 32.79100000
-0.05671223 48.98600000 35.96700000 31.45100000
-0.15489018 32.70300000 42.08600000 46.70900000
-0.24689418 49.73700000 34.64200000 37.28000000
0.13054914 36.49000000 39.17000000 24.23100000
0.10225688 33.82500000 51.20200000 30.12500000
0.03648372 46.41200000 33.70500000 20.60800000
-0.58723599 39.79800000 40.43000000 21.79900000
-0.40854663 47.21800000 46.16100000 40.52300000
-0.58478048 43.71600000 34.40800000 21.71500000
0.06030000 46.89600000 47.29400000 46.14300000
0.01902424 45.67600000 32.16300000 36.03000000
0.07928060 38.48000000 48.62400000 27.82700000
0.02392035 28.80900000 47.06200000 34.28900000
-0.03296855 48.22400000 38.90600000 36.34300000
0.01057873 37.06300000 26.62100000 37.01300000
0.02434849 30.27600000 32.17600000 33.50200000
0.43640909 43.29200000 28.51400000 44.02600000
-0.58937235 32.23200000 46.82600000 40.34600000
-0.00105208 41.45300000 50.27700000 27.72000000
0.59730000 34.85700000 47.46300000 42.88400000
0.17281346 39.41600000 50.70500000 30.43300000
0.61156707 49.86900000 37.18900000 31.17500000
0.08562011 42.52600000 36.48500000 22.11900000
-0.20553569 52.80100000 42.05600000 41.67100000
0.06030000 47.98800000 46.79700000 44.83800000
0.05458601 41.56600000 35.09500000 25.49000000
0.59730000 34.83700000 26.96600000 41.11000000
0.10159638 50.20900000 38.57100000 37.04000000
0.61078033 29.99800000 48.65100000 28.75000000
-0.41570000 40.83700000 46.75300000 43.39000000
-0.35789369 49.56500000 36.10000000 37.19800000
0.59804083 39.60600000 46.67300000 42.88400000
0.27190000 41.81100000 26.51900000 40.82700000
0.36540000 28.20500000 41.61900000 40.11800000
0.00953576 36.01300000 27.49100000 35.31100000
0.09378658 45.53800000 46.85300000 41.58200000
0.64640547 47.54400000 48.94300000 24.88400000
0.29360000 37.57800000 44.37600000 23.05400000
0.07910000 29.23800000 33.66900000 27.80200000
-0.22248100 50.98100000 34.08500000 24.81100000
0.27252079 38.32300000 47.97000000 24.97400000
0.04445367 31.04000000 31.28300000 36.30900000
0.13030000 46.78900000 33.14900000 28.53800000
0.60962139 29.99200000 40.43400000 26.73600000
-0.88808825 36.92100000 25.96700000 44.37800000
0.11120053 34.38100000 28.87600000 31.82600000
-0.10717806 32.96700000 31.13500000 39.99800000
-0.31920000 30.93000000 32.11300000 26.27800000
0.06030000 49.34900000 43.84800000 33.73100000
-0.10771292 30.51600000 50.25100000 30.72000000
0.04695320 33.15300000 30.26700000 40.63000000
-0.03576966 35.45800000 35.96200000 23.51400000
0.03620170 31.69200000 46.45700000 44.43700000
-0.40279941 32.75400000 51.19800000 29.92300000
-0.49856205 47.38600000 31.58500000 44.61900000
0.27570857 41.39000000 38.47200000 22.02100000
0.16511486 46.91000000 29.21300000 40.11400000
0.59730000 46.13300000 32.21600000 24.13100000
-0.40500858 44.63500000 48.58900000 39.61500000
0.01702404 49.44700000 43.88600000 24.07500000
-0.56209546 48.64100000 44.65000000 38.51000000
0.10172080 43.71600000 48.45600000 40.18500000
0.27190000 29.78300000 43.39200000 38.25400000
0.06981395 50.24000000 33.36500000 24.46400000
-0.02966316 38.36200000 46.15000000 40.54500000
-0.39160044 30.80000000 38.30700000 45.00700000
0.06030000 48.63600000 47.22000000 46.44200000
0.02364512 36.60800000 41.09300000 25.26100000
0.10000000 28.76700000 41.36700000 32.86200000
0.06031613 53.63100000 32.96700000 38.21700000
-0.42811200 37.14900000 31.30700000 27.87700000
-0.55805322 47.26900000 30.43300000 37.91000000
-0.00311377 49.53000000 44.83000000 26.00200000
0.03461062 46.36500000 29.20200000 42.54200000
0.10225688 32.58600000 50.95600000 28.87300000
-0.05888963 27.84000000 46.23800000 31.80900000
-0.55618509 29.04600000 39.66100000 26.86300000
-0.15489018 32.71300000 44.52100000 46.69000000
0.27190000 31.30100000 49.27700000 27.32300000
-0.56790000 33.86600000 27.38900000 41.74000000
0.05600000 38.13000000 46.84300000 21.49500000
-0.41570000 46.53100000 49.61000000 24.32400000
0.02360000 48.73600000 47.23000000 34.51600000
0.08690000 48.84700000 33.62200000 28.95600000
-0.05132600 32.98500000 37.00000000 23.20900000
0.29425356 49.11900000 47.32700000 26.57700000
-0.08569501 30.29000000 41.45200000 27.83100000
0.64167109 33.51000000 43.65400000 25.59700000
-0.01607678 52.13600000 38.17100000 28.60500000
-0.51630000 30.78500000 40.41500000 25.66200000
-0.05970000 48.29000000 33.12300000 28.16300000
0.27661446 48.01200000 33.00100000 36.43900000
0.08625233 47.46000000 48.96300000 27.74400000
0.18875354 43.27400000 28.17000000 36.61700000
-0.01471078 53.96400000 34.48200000 36.71300000
0.10091506 35.54400000 33.51700000 23.92400000
0.64427479 39.16400000 50.51400000 40.57400000
-0.41570000 27.76600000 45.20500000 29.60000000
-0.18250000 47.87600000 47.45800000 45.69700000
0.08455317 43.20900000 48.71500000 20.14200000
0.03064513 48.34700000 39.97800000 36.49300000
-0.05082093 30.97800000 36.06600000 38.29200000
0.09394268 31.52500000 35.30700000 38.85200000
-0.00504895 33.16200000 28.42200000 33.51700000
0.09712124 35.48100000 47.52700000 25.72400000
0.09611453 38.17100000 31.21300000 28.24300000
0.03078501 42.98200000 50.66300000 26.28400000
0.02779836 52.61800000 39.05300000 28.18400000
0.08455317 42.70300000 49.83600000 21.40900000
0.05143963 48.29100000 30.83400000 43.71300000
-0.52323738 39.22800000 51.62200000 40.02600000
0.39920000 44.30200000 51.74600000 36.61200000
0.11350533 28.74700000 43.19100000 43.01500000
-0.31978737 37.78300000 38.34000000 24.34400000
0.36540000 40.27100000 28.83400000 31.20800000
-0.04752458 49.30900000 33.65400000 20.81400000
0.01941917 34.94800000 27.38300000 35.51600000
0.27470000 34.25600000 49.16800000 26.11800000
0.06030000 49.39900000 45.40200000 32.89000000
0.01860000 48.43300000 48.43900000 32.35500000
-0.09744265 32.05000000 43.30900000 46.95000000
0.09789042 48.45200000 41.50800000 37.79300000
-0.52571293 32.71700000 42.72800000 25.78200000
0.83127853 46.83100000 43.97200000 20.42300000
0.43375790 35.92200000 25.85400000 44.47800000
0.27438806 30.97600000 37.20000000 23.83200000
0.08820000 45.52500000 32.43300000 30.16500000
0.07271405 49.27800000 31.29600000 43.74900000
-0.11451024 29.84400000 30.75100000 29.86100000
0.03016522 48.58700000 30.05800000 41.74500000
-0.40712474 29.05900000 42.18500000 28.18500000
0.11350533 29.38500000 42.72000000 44.58800000
-0.18250000 49.54500000 44.32900000 32.77200000
0.60340504 48.98600000 43.50800000 38.20900000
-0.41189608 31.78200000 37.75300000 23.57700000
0.04695320 32.36500000 30.80000000 39.15300000
0.11023963 53.23400000 35.01500000 36.10400000
0.01038073 47.97200000 32.33200000 21.85800000
-0.58760775 50.75400000 43.64500000 28.33200000
0.10172080 44.52400000 49.43200000 38.93300000
-0.06600000 47.83800000 49.13100000 31.75900000
-0.56790000 43.59900000 47.12800000 43.72700000
0.15601587 32.19800000 41.15400000 46.91500000
0.18580610 52.96200000 42.42700000 42.67200000
-0.50065332 36.57100000 49.30200000 39.73900000
0.29360000 31.54100000 41.08200000 25.60100000
-0.67610000 39.29400000 28.65600000 30.21400000
0.27685301 44.76300000 32.42000000 22.67800000
0.10497441 31.19700000 37.30400000 45.16300000
0.06981395 51.24800000 33.85600000 25.84300000
0.01870000 46.25800000 32.57600000 27.77800000
0.06420000 27.76500000 39.51400000 40.32200000
0.03282006 41.96300000 40.25600000 19.79500000
0.10091506 34.05000000 33.92500000 23.08400000
0.10000000 28.22800000 42.07600000 34.39900000
-0.56790000 44.24900000 50.82300000 23.45300000
0.03620170 30.79400000 46.94700000 42.99400000
0.11050000 29.87900000 38.75300000 24.79100000
0.09304369 33.72400000 37.70200000 22.82200000
0.10497441 31.03500000 38.91300000 45.88200000
-0.55433518 50.21200000 37.94100000 32.08800000
0.08254698 51.30400000 39.17600000 30.29300000
0.14031269 29.26700000 31.32000000 29.14700000
-0.08730022 36.45000000 47.95700000 25.98100000
0.09780000 42.02300000 52.34000000 30.99500000
-0.06600000 47.73500000 48.21300000 36.14900000
-0.21839193 44.31900000 28.66500000 35.89300000
0.53660000 37.09400000 46.81400000 23.85500000
-0.56790000 29.64200000 36.14400000 24.46100000
0.05458601 41.94600000 34.58300000 23.83300000
0.27190000 28.95600000 39.22800000 37.72500000
-0.23410000 43.05000000 52.40900000 38.60300000
0.53660000 31.71000000 39.07700000 23.75400000
-0.00240000 41.88100000 52.68400000 32.01900000
0.04656378 31.03600000 36.86400000 36.30200000
-0.04927596 53.34700000 33.15500000 37.18200000
-0.05037952 32.12500000 32.14800000 40.80700000
0.07910000 31.31100000 31.69700000 25.34500000
-0.05043975 27.42900000 35.13500000 31.34800000
-0.38540000 38.62500000 53.43700000 38.00100000
-0.01453789 41.97800000 51.02200000 26.50600000
0.06420000 41.27300000 27.60300000 32.66800000
-0.04789775 29.42100000 44.83800000 44.20500000
0.47396433 46.52000000 33.04300000 46.46000000
-0.11072734 33.04600000 49.35300000 36.98500000
0.34000000 38.55800000 52.96100000 38.89000000
-0.80140000 42.08500000 53.80800000 35.47700000
-0.57480000 36.97900000 27.39000000 31.84800000
-0.41475089 37.37800000 47.62500000 24.88300000
-0.41135263 44.67500000 28.40600000 39.26400000
0.03504364 49.48400000 46.40600000 23.68400000
0.01030000 39.07500000 54.03300000 35.50800000
-0.08750000 29.50900000 33.80900000 24.99500000
0.01816283 51.81700000 33.18700000 37.05400000
0.10497441 29.71800000 38.24500000 44.89000000
-0.00133902 41.12200000 50.89500000 25.23300000
0.01860000 47.55800000 49.13600000 35.59800000
0.01702404 51.07100000 44.00000000 24.73700000
-0.23278461 51.23200000 45.45700000 44.92900000
0.01941917 36.38300000 26.62400000 34.76200000
-0.52755592 43.48500000 43.97200000 18.59700000
-0.05749239 43.50500000 27.53300000 39.09900000
0.34000000 39.55000000 53.83100000 37.90300000
-0.01730000 37.96700000 47.92000000 21.48600000
0.13850371 49.67400000 34.23900000 36.26900000
-0.05063094 29.84700000 50.06600000 29.34000000
0.10172080 45.46000000 48.81000000 40.29200000
0.59730000 28.99200000 35.25200000 24.99700000
0.06980000 27.38700000 37.96000000 29.98100000
-0.00230684 49.62300000 38.31400000 36.15700000
-0.05180000 27.60800000 44.13700000 28.60300000
0.60540782 27.22500000 45.23100000 30.82200000
0.04877844 43.37100000 42.52600000 18.85400000
0.13300000 45.17700000 51.36300000 31.19600000
0.08820000 47.15700000 32.93700000 30.66500000
0.59730000 28.48200000 41.18900000 37.64900000
0.04570000 29.86000000 38.72200000 35.22000000
0.81056514 42.50800000 44.80700000 18.29000000
0.06981395 51.88100000 34.00600000 24.20200000
-0.00361599 50.13300000 44.54000000 24.61300000
0.14300000 33.27200000 51.75200000 34.05000000
0.27471289 33.03300000 48.28300000 42.71200000
0.03356810 33.14000000 27.65600000 34.29300000
0.34686889 44.40400000 44.36800000 18.73400000
-0.58190000 32.60600000 39.83900000 23.38500000
-0.00096578 52.65700000 42.44000000 39.26300000
0.00430000 41.18100000 29.20000000 30.73300000
0.00430000 27.64500000 42.54300000 39.98000000
-0.01429933 28.76900000 43.45600000 44.07200000
0.11438957 50.77500000 33.18100000 22.31900000
0.03970000 30.45900000 39.61900000 24.47000000
0.07910000 30.04300000 31.55600000 26.57900000
0.43375790 37.55900000 25.21300000 44.59100000
0.03455262 30.19700000 31.49000000 34.34600000
0.80540000 39.51800000 47.29800000 19.34900000
-0.04300000 48.92900000 47.44900000 35.56600000
0.62048589 49.60700000 36.78700000 36.05100000
-0.15022244 31.96400000 49.75700000 36.18400000
0.09611453 36.96900000 30.49500000 27.17300000
0.08836864 37.81400000 37.57100000 23.57200000
0.14300000 35.14300000 31.13100000 25.14900000
0.07970000 40.81400000 25.33500000 42.49100000
-0.34790000 34.96800000 49.88300000 26.06400000
0.08430000 28.11500000 37.58500000 25.77600000
0.01860000 47.62600000 50.03100000 32.33400000
0.15601587 32.21800000 45.46100000 46.88500000
0.02360000 48.97600000 46.49900000 36.09700000
0.09472834 31.78100000 32.93400000 40.13500000
0.08760000 35.08800000 26.11400000 39.17500000
0.01860000 38.66900000 49.64300000 22.82800000
-0.41570000 42.66500000 25.98000000 40.82100000
0.14300000 44.84300000 50.45300000 28.91900000
0.04570000 28.76900000 39.10500000 33.89500000
0.08462242 50.24900000 45.40100000 26.59000000
0.08836864 38.65500000 38.98700000 24.24400000
0.36579293 47.19300000 31.14300000 45.50600000
-0.24380000 27.22100000 40.45700000 40.25400000
0.06895224 44.37600000 42.10500000 18.87400000
-0.79249091 46.13400000 44.44700000 19.49400000
-0.00109382 50.17800000 45.42400000 42.72500000
-0.79249091 48.01500000 43.59100000 20.25400000
-0.18229755 40.59600000 50.92200000 28.63300000
-0.85953256 42.71000000 46.08300000 18.16800000
0.12308304 31.38600000 29.26700000 31.74100000
-0.58190000 37.40100000 25.35400000 39.62800000
-0.59310000 43.00400000 26.65900000 43.88900000
0.59866373 36.24100000 49.47000000 26.10000000
0.04673139 30.22300000 51.23200000 31.09400000
0.10000000 32.39800000 28.62200000 29.31200000
-0.16734346 52.87000000 42.93000000 40.56700000
-0.55790000 44.96300000 51.80700000 37.30400000
0.06210291 29.61700000 45.06200000 45.25300000
0.09462114 27.02500000 35.87100000 30.65300000
-0.52121157 48.71900000 49.16400000 24.58700000
-0.01730000 37.26200000 46.36700000 21.04000000
0.00430000 46.19100000 49.71700000 21.63600000
0.02434849 30.53200000 30.50400000 34.02400000
-0.85953256 41.28100000 44.41000000 18.12500000
0.27190000 43.56800000 52.98600000 33.28000000
0.09141582 41.62400000 51.48500000 24.46600000
-0.32040000 46.57900000 32.43700000 29.88900000
0.27474351 45.49700000 28.18300000 38.72100000
0.06258672 49.02300000 33.30800000 19.82100000
0.44944412 43.65000000 46.45100000 18.20200000
-0.41976991 34.88200000 26.98500000 32.53800000
0.27190000 30.64400000 34.12300000 23.21800000
-0.41570000 28.49100000 39.93700000 37.17600000
-0.24380000 40.59000000 27.47600000 31.82800000
0.03708381 42.46300000 26.45700000 37.56000000
0.09428084 30.29100000 50.78000000 28.64600000
0.10225688 32.35000000 52.19000000 30.12900000
-0.56790000 51.32300000 41.90200000 31.25000000
0.07910000 29.36400000 45.35900000 25.55900000
0.14150530 31.04600000 43.31700000 47.34800000
-0.56719564 38.87100000 47.65800000 42.78500000
0.29850000 30.17700000 47.36200000 25.56200000
0.07910000 30.93400000 45.49700000 24.75200000
0.27241989 34.35600000 40.41300000 22.94100000
0.06840000 36.74300000 51.47500000 28.71600000
-0.80140000 40.97800000 54.48100000 37.25000000
0.10000000 34.12100000 28.33500000 28.96800000
-0.56790000 29.97600000 33.39700000 38.47200000
-0.11020000 29.15400000 39.46600000 34.85000000
0.16990000 41.41900000 53.11400000 39.81300000
-0.01730000 38.65500000 24.53100000 42.19200000
0.60276568 32.70600000 35.96300000 22.11100000
0.10000000 39.35300000 33.63800000 25.55500000
-0.58940000 32.29700000 50.46400000 26.29500000
0.02950000 43.65400000 32.15000000 25.03800000
0.00430000 41.68400000 46.96600000 45.97200000
0.60065618 48.06900000 47.03800000 41.05100000
0.27190000 27.24000000 38.93800000 27.44600000
0.44944412 41.90900000 46.66700000 17.97200000
-0.01418792 50.62700000 32.99800000 21.25400000
0.06840000 36.76500000 52.04800000 30.40000000
0.59730000 40.65000000 53.59900000 32.03600000
0.02950000 44.73600000 32.00600000 26.40300000
0.27750888 28.22300000 41.64300000 28.35100000
0.01000412 51.40400000 32.23300000 37.38300000
0.06980000 30.96500000 47.37800000 37.72300000
0.44944412 40.57300000 45.12300000 18.02100000
0.14874891 33.10200000 49.66800000 38.01600000
0.27470000 41.11200000 54.34800000 33.86100000
0.07271405 48.39700000 29.82400000 44.11000000
-0.40478388 26.96700000 35.44100000 32.70600000
0.27903999 27.24600000 34.80100000 33.43700000
-0.41570000 26.87400000 38.14800000 27.95800000
0.06420000 39.67600000 26.99200000 32.17400000
-0.58190000 29.03100000 44.99600000 37.61400000
-0.41005724 26.80800000 46.93500000 32.59400000
-0.00140000 34.69500000 25.77400000 40.13300000
0.10000000 37.99100000 32.56600000 25.14900000
-0.00732261 43.36300000 27.06700000 37.64000000
-0.59310000 53.99700000 38.29500000 35.06800000
-0.41570000 30.04600000 33.44600000 23.66900000
0.44944412 41.05400000 43.42700000 18.15700000
0.06030000 36.24700000 52.18900000 39.03900000
-0.40577062 49.66600000 35.02900000 32.34200000
0.61298487 26.91900000 33.76600000 30.88700000
-0.41570000 43.10900000 53.35200000 32.45800000
0.32260000 44.44000000 52.44600000 38.38300000
0.79940000 41.95300000 54.56200000 36.47300000
-0.05958585 36.43800000 39.95400000 22.89200000
0.16560000 41.11000000 30.19700000 28.79500000
0.16653049 52.05500000 45.74100000 45.56900000
0.60354653 43.66800000 26.32200000 40.01900000
0.01860000 47.92300000 48.44000000 37.19900000
0.06030000 46.52400000 30.76100000 34.32400000
-0.41570000 27.85800000 35.50400000 25.65400000
-0.03890000 41.37300000 47.94300000 44.07900000
-0.56204461 28.08100000 33.70300000 34.64100000
0.06210291 28.76000000 45.59700000 43.78700000
0.41020000 39.71400000 28.21800000 29.47000000
-0.06478651 50.37600000 45.78100000 23.73600000
0.02360000 40.48100000 51.11300000 22.47800000
-0.57480000 27.35900000 49.02800000 31.94900000
0.59730000 26.82200000 36.96200000 27.35100000
-0.56270335 31.72800000 35.22000000 22.18300000
0.59730000 42.86400000 48.11100000 43.77200000
0.33023325 55.65900000 35.17300000 35.78200000
0.02360000 48.64100000 48.55100000 29.88800000
0.09220000 26.97000000 43.35200000 29.01000000
-0.19060000 42.49100000 53.11300000 39.68400000
-0.39647090 55.18600000 34.28900000 35.90500000
0.16009969 52.16200000 35.48900000 29.17800000
-0.34790000 34.16100000 43.81500000 24.43500000
-0.81880000 39.80300000 46.67900000 18.29400000
0.06420000 26.62300000 40.59200000 41.15600000
0.14300000 43.97600000 28.20800000 32.49800000
-0.81880000 39.40900000 48.54100000 19.33300000
0.01000412 51.59300000 33.30100000 35.99300000
-0.14288536 31.96300000 28.26300000 32.63200000
0.71300000 42.29400000 25.67100000 43.99800000
-0.31920000 29.97500000 45.98900000 24.91200000
-0.02520000 35.53700000 48.81900000 43.11600000
0.09690000 28.66400000 33.15800000 25.21600000
-0.18952904 51.23900000 45.81500000 43.56500000
0.59730000 45.26300000 51.51900000 23.47400000
0.08706616 37.34300000 40.55900000 22.83000000
-0.02490000 27.31700000 36.85200000 25.90100000
-0.34790000 39.01300000 50.39500000 41.90000000
-0.03890000 46.62600000 50.80000000 23.45000000
0.58960000 36.07300000 26.59200000 32.07800000
0.28374384 39.07400000 50.87600000 25.83700000
0.27190000 51.19300000 44.10900000 30.20000000
0.04570000 27.46200000 45.63300000 27.08600000
-0.00140000 45.40000000 30.97300000 24.64100000
-0.41490515 35.26400000 40.84700000 22.86300000
-0.02520000 26.56000000 38.33300000 29.37700000
0.18814727 45.34800000 28.34400000 35.96600000
0.27470000 34.82700000 44.57100000 24.36000000
-0.26264651 29.50700000 29.41500000 30.14000000
-0.58190000 35.95300000 46.38500000 23.64700000
-0.20410000 41.75500000 24.89000000 42.81400000
-0.34790000 40.47400000 54.42200000 33.08200000
0.06895224 42.81900000 42.04300000 18.04800000
-0.40784284 29.63500000 35.56900000 37.98100000
-0.55232685 30.90800000 30.93000000 42.48000000
0.27190000 26.83000000 34.42500000 28.98300000
-0.58940000 36.36300000 42.81700000 22.88800000
-0.04300000 48.57700000 49.47400000 30.46400000
0.12970000 34.68900000 53.07400000 32.48800000
0.27803645 27.97700000 50.05300000 30.34400000
0.27839459 49.61500000 35.23500000 33.32900000
-0.01520000 44.27700000 31.44600000 25.58900000
0.29360000 38.44000000 39.22700000 21.49100000
0.03078501 42.06900000 52.07900000 26.75900000
0.53660000 36.80400000 24.48900000 40.27300000
0.10000000 41.14600000 25.19900000 35.87700000
0.02966576 49.85800000 44.78300000 40.74400000
-0.41210000 33.15200000 27.85900000 29.11600000
-0.56790000 39.85900000 53.56500000 31.09100000
0.06980000 30.03000000 46.85500000 39.13400000
0.02360000 39.98300000 50.60100000 20.87300000
0.06031613 53.71600000 32.33500000 36.56600000
-0.17040000 33.64200000 52.72300000 34.34400000
0.06980000 36.40000000 48.63400000 43.75500000
0.01870000 38.41600000 54.89300000 35.39000000
-0.12560000 45.47700000 51.94600000 30.33800000
-0.36497731 50.23400000 43.19300000 37.86100000
0.10000000 31.71000000 28.76500000 27.05500000
-0.56790000 50.82700000 40.86200000 35.96700000
0.33023325 55.81900000 33.62900000 36.33400000
0.59730000 29.25700000 34.29300000 38.02300000
0.27470000 38.91700000 49.46600000 42.28400000
0.11438957 51.44100000 33.49400000 20.72400000
-0.56019126 26.33900000 44.45300000 31.18000000
-0.56790000 27.90900000 42.10800000 37.06900000
-0.00116345 53.15200000 37.40000000 29.42400000
0.10000000 33.41800000 28.65800000 26.57000000
0.10000000 50.51300000 29.96300000 38.97700000
0.53660000 28.41400000 46.00000000 37.24800000
0.15993304 31.18700000 50.38000000 36.60200000
-0.02970000 30.80000000 47.96400000 24.90000000
0.08809222 49.51700000 46.75300000 39.55700000
0.06420000 26.54900000 40.43100000 39.39600000
0.01030000 37.50500000 54.56200000 34.89200000
-0.56790000 26.44300000 35.95100000 27.95000000
0.07910000 28.22100000 47.57900000 26.46600000
0.59730000 48.79900000 31.68200000 28.05000000
-0.41570000 26.68900000 33.62300000 29.58000000
0.30507657 50.42700000 42.25100000 37.55400000
0.06030000 47.04500000 30.57200000 32.63000000
0.58960000 26.66400000 48.26500000 32.62600000
-0.39759230 39.79300000 51.47300000 25.45400000
0.27190000 27.38400000 34.73000000 26.09700000
0.11350000 36.66800000 54.02400000 37.45300000
-0.41210000 39.07400000 32.68400000 25.10700000
-0.40631816 28.42200000 50.38900000 29.50200000
-0.56660340 37.20000000 50.23900000 26.16000000
0.17730077 40.31700000 51.95400000 28.47800000
-0.41570000 35.50200000 24.61700000 40.55500000
0.41020000 48.49900000 49.58000000 22.79000000
0.36540000 46.95600000 50.40700000 21.99400000
0.13664891 30.26500000 28.69300000 31.07300000
0.10480000 51.08700000 40.01000000 32.87900000
0.03370000 48.00900000 48.91800000 45.23400000
0.06980000 35.90200000 49.17000000 42.15100000
0.29360000 31.43600000 48.53500000 40.12400000
-0.01430000 37.59700000 54.48100000 37.79300000
-0.54585536 49.64700000 36.23300000 34.95400000
0.59730000 51.30600000 42.53700000 32.30800000
-0.11020000 26.91000000 44.73500000 27.36300000
-0.55298716 26.72700000 32.86000000 31.70100000
0.27470000 42.04500000 33.32700000 21.47800000
-0.39956343 50.26200000 38.91500000 34.99100000
0.03370000 50.99000000 44.04600000 32.32400000
0.12970000 43.46800000 29.49400000 30.42000000
0.36540000 41.13800000 47.83200000 45.59900000
-0.05360000 36.97600000 52.31900000 29.36500000
-0.58190000 50.45500000 33.58800000 30.79100000
-0.01730000 37.15600000 23.85800000 42.84000000
-0.06600000 38.41900000 50.59500000 22.35900000
0.42321168 50.47200000 48.21400000 24.79200000
-0.56470902 47.69000000 47.93000000 41.81000000
0.08230000 45.08300000 48.84300000 42.51500000
0.12970000 45.53800000 51.79200000 26.92800000
0.73410000 33.02000000 51.44200000 26.11700000
-0.58190000 39.95500000 37.14400000 21.69700000
0.61367937 30.88700000 31.42100000 41.35500000
0.16990000 42.69800000 31.79500000 27.75900000
0.28245457 50.31000000 38.34500000 34.15900000
-0.17040000 45.29300000 51.42700000 29.04400000
0.13300000 33.02300000 30.40200000 24.07800000
0.26923796 34.16200000 26.28400000 32.63900000
0.06210000 33.27900000 49.00000000 24.30700000
0.15600000 33.26400000 42.15900000 23.50100000
-0.17040000 35.11400000 30.21200000 24.58200000
0.07910000 28.46700000 51.10600000 33.09300000
-0.04300000 39.68600000 51.19600000 21.73600000
0.27470345 27.51300000 31.76900000 33.05900000
0.41960000 42.07100000 25.85000000 45.95800000
0.08820000 46.90000000 31.39600000 29.83200000
-0.67610000 39.76800000 47.65600000 45.89300000
0.01430000 42.72900000 24.76900000 41.64000000
0.06030000 34.71500000 51.94300000 38.16900000
0.27559080 26.18400000 46.36900000 33.15100000
-0.24000000 34.48900000 51.24000000 25.72500000
0.03504364 50.59300000 45.44600000 22.72200000
0.02360000 47.98200000 50.19000000 29.89700000
-0.56790000 50.33000000 48.27200000 27.84000000
0.29360000 27.15800000 43.79100000 36.53700000
-0.41570000 28.88900000 47.22800000 37.43300000
-0.01511459 50.26000000 45.67400000 41.22700000
-0.02345564 28.72200000 31.38700000 34.75900000
0.19063078 53.08400000 43.97700000 40.72100000
0.02530000 38.00500000 25.42700000 33.29000000
0.60345852 28.22200000 32.70900000 35.35200000
-0.56790000 49.16500000 31.98600000 35.25400000
0.03309952 52.91100000 42.80900000 37.17500000
0.05600000 38.04800000 23.62800000 42.25800000
0.27703919 28.97500000 36.24200000 37.61800000
0.04570000 38.72000000 34.61800000 23.51700000
-0.31920000 28.80500000 48.04200000 25.67100000
0.08760000 44.93300000 30.48800000 23.78400000
-0.10720000 34.44600000 53.47000000 33.46300000
0.59730000 50.85700000 40.10700000 34.99200000
0.16990000 31.82700000 27.66500000 40.31900000
0.59844208 36.45400000 38.97300000 21.70700000
0.10000000 49.53900000 28.65100000 39.68500000
-0.51630000 33.61600000 35.84700000 21.14400000
0.10000000 39.54600000 31.88300000 25.67700000
-0.18250000 47.06800000 30.12600000 33.62500000
-0.56681414 35.42700000 38.40500000 21.34100000
0.10070000 40.84800000 48.83100000 43.72700000
-0.01334533 52.67600000 43.38400000 38.07100000
-0.02520000 30.03900000 47.52900000 38.27700000
-0.20159435 52.98400000 36.01700000 29.63900000
0.06420000 41.06700000 26.84800000 31.07500000
-0.00139213 49.53800000 46.90400000 40.63600000
0.41020000 39.73200000 47.24700000 46.76100000
0.27190000 29.87400000 31.75300000 39.64400000
-0.03610000 27.81200000 43.47000000 25.84600000
0.27190000 48.43900000 29.86800000 36.19300000
0.39920000 30.56600000 28.28400000 35.16900000
0.33390000 46.80600000 51.18000000 37.62300000
0.27190000 50.29900000 48.68900000 46.38800000
0.73410000 26.23600000 36.49800000 33.05100000
0.07910000 36.33800000 27.47900000 28.59300000
-0.18250000 35.18900000 52.45100000 39.00900000
-0.58940000 43.37000000 31.36100000 22.11300000
0.71300000 53.28500000 38.58200000 34.11700000
-0.41570000 51.21700000 44.68700000 31.02800000
0.29360000 34.38200000 36.50600000 21.12700000
-0.02970000 29.43500000 51.19800000 35.34200000
-0.38538192 27.38500000 43.43300000 44.59600000
0.34001595 26.96000000 42.52400000 44.47400000
-0.67610000 48.20900000 49.76200000 21.89300000
-0.55790000 30.39700000 28.52300000 36.08300000
0.09220000 40.58200000 34.81200000 22.04100000
-0.51630000 26.71300000 44.57900000 36.09000000
-0.41210000 32.51000000 28.08500000 26.75900000
0.14260000 35.06800000 51.98000000 26.27800000
0.27190000 51.48100000 42.53800000 34.31400000
-0.41141388 27.92700000 31.01400000 33.58700000
0.06840000 38.03300000 52.56500000 29.26700000
0.11050000 26.97300000 46.63400000 35.80800000
0.33023325 54.93800000 33.94900000 34.98700000
0.08800000 44.51500000 54.28300000 36.13800000
0.73410000 35.32000000 42.17600000 22.99300000
0.27190000 28.37600000 48.01200000 37.05300000
-0.91910000 41.98700000 25.20900000 45.18200000
0.10000000 33.22300000 27.19000000 29.97400000
-0.56790000 26.71600000 40.72500000 29.14200000
0.07910000 46.77700000 26.85900000 41.56900000
0.59730000 26.29500000 39.77500000 29.79900000
0.08230000 47.85700000 49.57700000 46.08900000
0.53660000 50.29500000 33.91100000 31.97400000
-0.19060000 31.81000000 27.36600000 39.28100000
0.11120000 29.28800000 29.38700000 27.24800000
-0.41570000 46.96400000 49.16000000 44.23900000
0.08820000 50.34900000 49.05600000 33.70700000
-0.41570000 51.51100000 41.95300000 33.49200000
0.27190000 46.74800000 30.30700000 26.15200000
-0.49860624 51.29000000 44.32700000 35.45400000
0.13030000 50.28500000 48.18900000 35.69800000
0.05600000 29.55900000 40.47500000 23.55900000
-0.56790000 27.46900000 49.14400000 35.49700000
0.06420000 26.91100000 48.39300000 28.16500000
-0.56790000 48.22000000 30.87600000 27.31700000
0.27190000 50.26400000 32.04300000 29.38900000
0.10070000 47.41100000 51.46300000 23.81400000
0.16560000 30.61000000 29.05500000 38.63900000
0.03708381 44.21400000 26.43800000 37.38000000
-0.17040000 44.63000000 28.13900000 31.64200000
0.08820000 49.46200000 50.04000000 34.89500000
0.02950000 46.16700000 52.97700000 32.62200000
-0.56790000 45.21700000 49.44000000 45.62900000
0.07910000 29.65000000 52.41300000 33.19300000
-0.41210000 50.55300000 29.00600000 39.49700000
-0.41570000 46.34200000 30.03400000 25.26900000
0.34266480 50.04100000 31.00400000 21.52000000
0.06980000 25.67400000 37.74600000 29.62100000
0.41960000 52.80900000 36.66300000 33.73200000
0.07910000 28.93000000 49.10100000 25.89700000
0.07910000 48.29100000 27.45100000 42.29600000
0.14260000 38.50100000 55.03400000 32.69500000
0.59730000 29.82900000 32.28600000 23.03900000
-0.04790000 38.05700000 55.51000000 36.75500000
0.10000000 51.05900000 29.14400000 40.45200000
0.08690000 51.20900000 46.62000000 34.56200000
0.32260000 31.07800000 27.76300000 36.98100000
0.10000000 40.11700000 24.40800000 34.66500000
-0.23410000 31.11700000 28.15000000 38.33600000
-0.23410000 41.69100000 29.89800000 27.93500000
0.01860000 37.66300000 50.42500000 21.59300000
0.04570000 39.95200000 23.97500000 37.64900000
0.41960000 52.02200000 37.82400000 32.71100000
-0.12560000 33.91300000 29.79900000 23.97600000
0.14260000 51.17000000 46.06000000 28.78600000
0.03970000 27.01600000 45.91100000 36.62300000
-0.38237937 50.68300000 31.54400000 20.95800000
-0.05180000 27.98300000 39.53000000 35.85600000
-0.41570000 34.68700000 49.87300000 43.69800000
0.09220000 27.25300000 40.26000000 35.50600000
0.08890733 28.63200000 30.61100000 35.51900000
-0.00110000 32.48100000 26.19400000 38.87500000
0.08230000 51.66500000 44.50100000 33.05000000
0.03620000 43.95200000 32.29700000 19.30300000
0.27190000 35.05300000 23.88600000 41.08800000
-0.01730000 28.88900000 41.05400000 24.19500000
0.09220000 48.77000000 28.34700000 37.63800000
0.69201232 51.57100000 46.59400000 24.21200000
0.15566093 28.67300000 28.94100000 29.64300000
-0.10720000 45.68300000 52.18200000 27.92400000
0.59730000 45.67300000 49.38900000 44.48500000
-0.56196094 44.71500000 25.67500000 39.99600000
0.08430000 31.54700000 32.59300000 21.80900000
0.01860000 38.01900000 51.26400000 23.12100000
-0.58940000 25.84800000 37.32600000 32.23000000
-0.26370000 34.01400000 42.91600000 23.27200000
0.07910000 29.47300000 46.10600000 23.95200000
0.17085465 52.07400000 46.36100000 43.15400000
-0.10720000 44.34100000 28.86000000 30.46900000
0.10480000 43.73200000 24.67200000 42.05700000
0.07910000 37.45900000 28.07800000 27.37100000
-0.94487865 51.38500000 47.78800000 24.72100000
0.06030000 46.60100000 29.14200000 33.58900000
0.59730000 43.69200000 54.37600000 31.82200000
-0.41210000 41.04900000 24.33100000 35.22500000
-0.58190000 32.98100000 50.05800000 41.56700000
0.07970000 41.55500000 23.87300000 43.15200000
-0.01520000 33.23900000 25.33000000 39.87800000
-0.24000000 39.42000000 55.45500000 33.10200000
0.04570000 37.90600000 33.44300000 22.50500000
0.06980000 26.21500000 42.24400000 35.30500000
-0.41570000 49.86700000 31.34800000 28.77300000
-0.81880000 38.24800000 23.59300000 45.11900000
0.03970000 37.54600000 23.26700000 40.85100000
-0.41570000 43.34400000 49.33500000 43.54000000
0.08230000 35.01600000 51.10400000 40.64400000
-0.41570000 27.98700000 32.73200000 36.66100000
0.01430000 51.59700000 40.50300000 33.70600000
0.59730000 49.41300000 49.19900000 44.64500000
-0.32040000 50.32900000 49.39700000 34.74200000
-0.80140000 52.83100000 34.78500000 33.84200000
-0.56790000 26.89900000 32.86700000 26.78700000
0.02850000 32.28600000 45.16700000 23.00300000
0.04570000 25.90500000 45.04700000 27.64600000
0.27190000 47.25600000 49.06600000 43.27700000
0.13300000 32.66000000 52.68100000 36.26400000
0.16009969 54.34200000 39.14600000 29.89000000
-0.31920000 28.67600000 52.07500000 33.54600000
-0.12560000 33.29800000 53.25000000 35.60400000
-0.51630000 37.64200000 38.69600000 21.17200000
-0.04250000 28.46800000 38.67600000 23.08600000
0.11350000 37.40600000 55.00500000 38.73000000
-0.41570000 50.46700000 49.00500000 45.44400000
0.06030000 44.23000000 51.07800000 41.78300000
-0.00940000 39.13100000 55.94200000 34.52900000
0.35310000 26.82200000 43.84200000 26.10700000
-0.91910000 52.67200000 37.62500000 33.45800000
0.06410000 43.25100000 53.22400000 24.29000000
0.59730000 25.84100000 44.35100000 35.11000000
0.27190000 28.14000000 31.87900000 37.18000000
0.02950000 32.69100000 25.29500000 40.82000000
-0.25480000 45.16000000 52.85900000 23.52200000
-0.23410000 31.73600000 26.58200000 36.57400000
0.41960000 41.33600000 24.43900000 45.22900000
0.09780000 30.64200000 52.22800000 26.97900000
0.07970000 53.63900000 40.66500000 34.39200000
0.34001595 26.80200000 44.08900000 44.09700000
-0.03030000 43.03000000 55.60800000 36.80100000
-0.23410000 45.27100000 53.17600000 39.25900000
0.09828874 51.23100000 44.84900000 38.66100000
-0.03610000 40.62900000 32.74300000 23.64200000
0.35310000 32.77300000 27.06400000 27.86900000
-0.26370000 39.04300000 51.53800000 42.82800000
0.27190000 49.43100000 50.66600000 27.84800000
-0.20159435 54.21600000 38.08500000 30.04500000
0.34001595 27.33900000 43.66700000 45.57700000
-0.16540368 31.20900000 27.15000000 32.46900000
0.01870000 50.52200000 49.34000000 31.33900000
0.06420000 25.97000000 48.39900000 29.67400000
0.06210000 38.92400000 56.03600000 37.15600000
-0.58940000 51.60600000 46.74200000 31.85000000
0.12970000 37.19600000 29.73500000 24.92500000
-0.00122918 51.35500000 44.13900000 37.84300000
0.02966576 51.31000000 45.72300000 40.94000000
0.03309952 53.47600000 44.11100000 38.20700000
-0.00110000 43.31400000 53.84900000 40.55900000
0.59730000 49.23500000 31.34400000 34.20500000
0.15600000 38.49500000 52.35900000 42.36500000
0.16560000 31.69500000 26.26600000 35.54200000
0.27190000 34.06200000 50.34500000 43.06000000
-0.51630000 30.83000000 49.26700000 39.78300000
0.03620000 40.06400000 56.24100000 35.00800000
-0.34790000 41.44800000 32.82900000 20.83400000
0.14260000 26.37100000 35.85000000 35.07800000
-0.31920000 47.83500000 26.64700000 41.71900000
-0.08750000 27.87200000 33.95600000 37.46600000
0.06030000 35.09700000 53.53000000 38.88200000
-0.41570000 29.84300000 31.27700000 40.53400000
0.73410000 51.54600000 45.97000000 30.89000000
-0.01730000 30.15800000 41.18000000 22.98400000
-0.11020000 38.88600000 33.77400000 22.84900000
0.67018108 51.38400000 44.92500000 36.52800000
-0.19060000 42.58600000 30.80600000 27.34100000
0.03370000 44.76300000 49.57900000 43.25200000
-0.56790000 27.73200000 37.25100000 36.60000000
0.07970000 49.56600000 29.90600000 24.99600000
-0.41570000 32.55200000 52.68600000 26.22100000
0.07910000 27.63300000 35.24800000 39.98000000
0.59730000 26.67500000 32.05300000 27.68100000
0.01180000 46.03300000 53.22900000 30.51800000
0.27190000 40.27000000 53.59300000 41.87300000
0.13030000 50.00100000 50.03300000 30.67800000
-0.56790000 41.47200000 23.46700000 40.06000000
-0.56790000 46.79200000 26.84000000 37.76700000
0.18620000 47.68700000 50.34900000 39.96600000
-0.27370000 35.97100000 53.74900000 28.88600000
-0.10720000 36.27300000 29.42400000 24.45800000
0.34266480 50.47500000 31.37400000 19.98400000
-0.05970000 25.97800000 32.48800000 28.97800000
-0.31920000 36.80100000 27.25000000 27.63200000
-0.02660000 36.32200000 25.08500000 31.95100000
0.21170000 26.23000000 37.18200000 24.86700000
-0.04250000 26.48100000 44.53300000 38.79800000
-0.01220000 43.24400000 55.55600000 37.86800000
0.01870000 50.36800000 48.58000000 36.71200000
-0.05970000 51.44300000 47.18000000 35.46700000
-0.19060000 32.44100000 25.80800000 37.51900000
-0.27950000 47.76500000 51.21900000 37.93800000
0.13600000 26.84800000 30.42400000 31.33300000
-0.00700000 37.36800000 24.60200000 32.96800000
-0.04790000 33.35400000 49.43800000 23.31200000
0.08800000 50.60300000 33.54100000 34.04700000
-0.41570000 25.37400000 42.58500000 33.42000000
-0.56790000 35.28500000 49.58700000 45.83300000
-0.56790000 29.03500000 31.44500000 23.46800000
0.11050000 25.56100000 42.01500000 30.94300000
0.29360000 39.57300000 23.14600000 40.15800000
-0.20410000 53.07100000 40.03900000 33.70400000
0.27190000 25.25900000 43.35600000 32.77900000
0.29850000 28.69600000 51.95300000 35.07400000
0.03810000 44.32500000 55.35000000 36.02500000
0.59730000 27.65400000 50.94300000 28.55600000
0.59730000 27.29100000 38.15300000 35.88400000
0.11240000 28.01200000 30.81600000 25.73300000
0.07910000 28.25600000 47.95100000 24.73300000
0.09690000 27.55200000 34.77900000 36.82700000
0.07910000 48.33400000 26.59700000 40.75200000
0.80540000 39.14500000 23.02600000 44.46100000
0.03620000 42.59000000 33.21200000 18.67900000
0.73410000 40.49500000 51.97400000 43.05600000
0.59730000 42.44400000 23.50700000 40.81000000
-0.02520000 25.47300000 42.89500000 34.84200000
0.59730000 39.47700000 52.74100000 25.18300000
-0.34514639 30.19800000 27.40400000 31.55900000
-0.55790000 40.74800000 27.68800000 28.02000000
0.59730000 51.00700000 48.68600000 28.78800000
0.59730000 26.89300000 50.15800000 35.08700000
0.06420000 46.03600000 52.04000000 20.91100000
0.08820000 49.58300000 51.25100000 32.41200000
-0.51630000 49.92100000 31.77300000 33.14700000
0.10000000 41.88400000 24.31500000 34.52400000
-0.01730000 38.98000000 38.72300000 18.95900000
0.02530000 36.90000000 24.13000000 33.83100000
-0.24000000 25.85000000 36.63200000 34.52600000
0.04570000 38.94100000 23.21900000 36.42800000
0.06420000 42.64800000 49.23400000 46.27300000
-0.41570000 48.55300000 29.29100000 35.37200000
-0.03430000 46.17500000 53.80700000 31.91500000
-0.41570000 27.00000000 30.76500000 27.57500000
0.59730000 34.58600000 50.16100000 44.99900000
-0.00110000 43.32800000 30.43200000 26.20300000
0.53660000 39.01500000 36.63300000 21.07500000
-0.24380000 47.02300000 51.59300000 21.03200000
0.03370000 34.54300000 52.03500000 40.33100000
-0.24380000 25.91700000 48.52000000 28.59200000
0.35310000 39.54500000 32.63000000 23.65300000
-0.41570000 40.90900000 53.09600000 42.47700000
0.59730000 27.67300000 29.77000000 33.18200000
0.08690000 25.99800000 31.64600000 29.67000000
-0.02660000 43.87000000 53.56100000 23.45900000
-0.02490000 30.61400000 32.03400000 21.74200000
-0.02660000 25.53500000 48.82900000 33.49800000
0.10000000 26.26300000 41.99800000 27.07600000
0.08800000 32.83400000 34.07100000 20.33900000
-0.56790000 25.31900000 45.26400000 34.46900000
0.10000000 32.21600000 27.59100000 25.83200000
0.59730000 29.99700000 48.96100000 38.79800000
0.01360000 28.68600000 39.63700000 22.62000000
0.58960000 43.10900000 53.34100000 22.13900000
0.01030000 35.48400000 49.70000000 23.37700000
0.02850000 31.47600000 43.61900000 22.69300000
0.03370000 48.52000000 29.98500000 34.08900000
0.34266480 51.60600000 31.17600000 21.13900000
-0.51630000 25.59900000 39.92300000 30.92200000
0.27190000 41.32600000 53.41100000 23.09000000
0.73410000 42.86200000 30.83800000 21.12100000
0.11350000 32.78800000 47.48500000 22.64400000
0.03520000 26.63300000 37.02200000 23.86700000
0.01360000 38.85000000 22.56000000 43.02200000
0.20418120 31.37600000 26.20200000 32.95700000
-0.41570000 41.77300000 53.31500000 22.19000000
-0.56790000 43.12700000 55.00000000 30.91900000
-0.00940000 42.91700000 32.21400000 18.97000000
0.03810000 33.58300000 34.82200000 20.08900000
0.06980000 36.13900000 31.85300000 21.50900000
0.59730000 46.95100000 29.04800000 24.59700000
0.29360000 25.40700000 39.09500000 31.46800000
-0.01220000 30.26300000 49.89800000 42.29700000
0.12970000 54.32100000 33.10100000 25.09700000
-0.34790000 26.28900000 37.95200000 35.01700000
-0.24380000 41.57600000 49.07000000 46.38300000
0.14300000 54.28900000 33.86000000 27.46500000
0.07910000 36.02900000 27.15400000 26.86900000
-0.11020000 39.84800000 23.09100000 37.01900000
0.01860000 42.64800000 25.22100000 32.08100000
-0.02970000 38.37800000 26.11400000 28.51200000
0.03810000 50.74400000 32.99000000 33.11700000
-0.51630000 38.63700000 22.81200000 39.97500000
0.53660000 44.20400000 55.59200000 34.50900000
-0.00940000 34.66800000 51.51100000 24.20800000
0.01030000 53.14300000 45.69200000 26.94600000
-0.10720000 53.84300000 32.49400000 25.85200000
-0.17040000 53.82500000 32.92500000 27.19000000
-0.05180000 39.69300000 34.31700000 21.64900000
-0.12310000 28.41400000 28.97100000 26.74800000
0.32260000 41.55500000 28.59600000 27.41000000
-0.41570000 51.51200000 46.25200000 36.60700000
0.03620000 53.32400000 44.85200000 29.19900000
0.53660000 25.34400000 41.33900000 32.94600000
0.10000000 38.09900000 31.12100000 23.08300000
-0.03610000 33.62400000 26.44700000 27.58000000
-0.17040000 34.92100000 54.73700000 33.85100000
0.06210000 37.26400000 56.24500000 36.61500000
-0.56790000 28.12300000 51.31300000 27.47500000
-0.19060000 44.70700000 53.87700000 40.34400000
-0.24000000 51.91100000 46.45800000 29.48000000
0.10000000 26.95900000 45.50600000 24.73200000
-0.59310000 49.71600000 29.48000000 22.51500000
0.06410000 25.25800000 48.09600000 34.25600000
0.03900000 32.16400000 44.35800000 22.28300000
0.16990000 32.94500000 24.90500000 37.20900000
-0.00240000 45.08400000 54.81700000 32.31500000
-0.56790000 28.17500000 30.60100000 38.45200000
0.27190000 42.72100000 50.12500000 43.63200000
0.02950000 33.25300000 24.31200000 39.48800000
-0.56790000 29.22900000 49.78500000 38.31200000
-0.65460000 25.77800000 38.52100000 24.96400000
-0.24000000 42.05600000 31.69100000 20.13800000
-0.04250000 26.70600000 46.04700000 39.66900000
0.11050000 37.04100000 36.87700000 20.33800000
0.16560000 46.33400000 53.22200000 39.07400000
0.02950000 32.39900000 49.70100000 46.33000000
0.10000000 42.50300000 23.76700000 37.48300000
-0.56790000 49.55900000 49.58200000 43.48300000
-0.56790000 40.27200000 53.51500000 24.64200000
-0.00240000 31.11000000 52.96500000 26.32700000
-0.41336422 50.29400000 48.13200000 40.89300000
0.03910000 38.92100000 24.97800000 30.67000000
0.06980000 52.49300000 48.53100000 45.66700000
0.13030000 39.53200000 52.67500000 21.31800000
0.04570000 30.66700000 26.78600000 28.23400000
-0.24760355 53.85100000 35.32900000 30.50600000
0.11050000 36.82400000 22.45700000 40.95200000
0.79940000 53.22100000 33.68200000 33.40900000
-0.41570000 45.12200000 54.96000000 33.77200000
0.29360000 49.91700000 31.19800000 32.31700000
-0.22070000 48.23900000 50.82700000 39.17000000
0.06410000 35.39200000 24.53700000 32.10200000
0.42321168 52.21600000 48.26800000 25.03600000
0.01870000 34.60500000 50.32600000 23.22000000
0.27190000 26.68900000 30.15400000 28.31700000
0.08690000 41.37300000 52.70800000 20.21100000
-0.57480000 43.71800000 53.22200000 21.07500000
0.27190000 45.87300000 54.51200000 34.27800000
0.04400000 36.19800000 54.72600000 31.05900000
0.53660000 32.44700000 50.79500000 40.73900000
0.02130000 27.46100000 30.10900000 26.35300000
-0.25480000 25.91200000 50.08000000 34.16400000
0.06210000 32.45500000 50.03200000 23.14800000
0.06420000 25.27000000 47.74900000 28.17400000
-0.58940000 41.24900000 51.30600000 43.76000000
0.03970000 37.94100000 37.49100000 20.38900000
-0.01220000 42.65500000 56.60700000 36.58000000
-0.12560000 45.77300000 27.32000000 31.69900000
0.27190000 51.62100000 46.67800000 37.51700000
0.03270000 34.25600000 44.45900000 21.77300000
0.14300000 44.96900000 29.30700000 28.45300000
-0.58190000 25.55600000 40.35200000 33.65800000
0.11350000 34.47000000 47.91200000 22.29600000
0.06420000 47.36700000 51.26300000 20.05200000
-0.61130344 52.71400000 46.17300000 24.10600000
0.07910000 26.46100000 35.91800000 38.82100000
0.27190000 33.17100000 53.45300000 26.00300000
-0.25480000 36.85300000 24.75200000 30.63100000
1.00000000 43.51500000 50.84900000 17.70400000
0.53660000 34.94800000 34.10900000 19.98800000
-0.04250000 39.78200000 22.35800000 42.49500000
-0.17040000 45.19000000 28.75400000 29.35500000
0.07970000 53.48200000 40.17300000 32.70300000
-0.56790000 46.60300000 28.71900000 23.46100000
0.27470000 25.96800000 38.75700000 34.49900000
-0.32040000 49.97000000 51.38800000 31.40300000
0.04400000 37.67900000 54.89700000 30.12900000
-0.05180000 49.31300000 27.66100000 36.98800000
-0.81880000 40.28900000 22.86900000 44.95600000
0.06980000 51.94200000 48.63900000 43.99700000
-0.02520000 51.86100000 49.09700000 44.98300000
-0.18250000 44.92900000 50.96200000 42.61200000
0.02950000 31.70400000 50.38800000 44.87600000
-0.01430000 33.44600000 48.28600000 22.30700000
0.14300000 35.53000000 55.32400000 33.17900000
0.06980000 44.74400000 29.21000000 21.97500000
0.06420000 41.36000000 48.92400000 47.44100000
0.07910000 27.91400000 52.79200000 33.23800000
-0.41210000 25.88000000 42.65500000 26.29600000
0.03620000 50.55000000 50.59300000 23.33000000
0.03970000 25.06300000 41.18500000 31.44500000
-0.58190000 43.30700000 56.27600000 34.00200000
-0.04250000 29.22900000 39.44800000 21.69400000
0.35310000 41.04700000 23.04500000 36.05500000
0.13300000 45.99900000 26.77600000 32.60400000
0.03520000 25.38500000 36.50800000 25.01100000
0.03620000 38.48300000 56.81600000 34.47200000
0.59730000 40.18300000 33.22800000 20.68600000
-0.41570000 50.19100000 51.03000000 28.40500000
-0.12560000 53.20400000 32.13500000 28.17400000
0.06030000 45.94400000 51.06600000 42.22800000
-0.17040000 53.24300000 31.27100000 25.50000000
-0.17040000 32.45900000 54.82800000 30.40300000
0.06980000 48.78000000 52.53100000 27.00800000
0.08820000 51.21100000 50.00400000 34.94800000
-0.12560000 32.31100000 54.68400000 29.01000000
-0.41570000 33.11600000 51.76700000 40.10800000
-0.00070000 33.52700000 43.69400000 22.03700000
-0.05810000 26.63800000 29.63900000 32.05900000
-0.56790000 28.15800000 28.77700000 33.72700000
-0.41210000 26.29700000 44.66300000 24.92800000
-0.58190000 35.98800000 34.77100000 19.91400000
0.03270000 37.64800000 50.34400000 43.96900000
0.08430000 29.05500000 29.48800000 41.28900000
0.03910000 46.91800000 53.37700000 24.57800000
-0.31920000 26.70100000 35.05800000 39.44700000
-0.11020000 31.55400000 26.16000000 28.13900000
-0.56790000 35.98600000 53.33200000 41.75600000
0.01360000 26.04400000 45.51300000 38.98700000
0.42750000 25.97600000 38.96600000 24.13700000
0.15604772 53.70300000 34.27600000 30.69800000
-0.80140000 54.44700000 33.41800000 33.34600000
-0.05970000 40.90700000 53.30700000 20.99300000
0.27190000 52.43300000 47.99100000 33.25300000
-0.34790000 51.88600000 47.92900000 29.45000000
-0.04250000 30.12700000 50.00700000 23.68400000
0.07910000 47.80500000 26.36500000 44.36600000
0.14300000 33.43000000 55.02900000 30.83100000
0.03810000 30.97100000 50.59400000 40.38300000
0.04570000 51.08000000 28.84100000 36.72800000
-0.08750000 27.32300000 51.53100000 35.64100000
0.07910000 46.28400000 25.67300000 43.76100000
0.14350000 48.67400000 52.26700000 36.29200000
0.27342778 50.03800000 48.67500000 41.70500000
0.13300000 33.17300000 54.75400000 28.36500000
0.07910000 30.11700000 53.58900000 35.18500000
0.01180000 33.76700000 54.52000000 35.99400000
-0.56790000 34.95300000 25.25800000 29.56000000
0.08820000 49.33600000 52.09700000 30.87100000
0.29850000 37.62200000 25.95800000 27.74200000
0.35310000 51.33100000 27.98900000 38.65700000
0.03620000 35.65600000 51.95300000 24.07400000
0.16350000 48.76500000 51.81400000 37.26900000
-0.41570000 38.86500000 35.31100000 20.96400000
0.02360000 24.30000000 34.40400000 30.22700000
0.13300000 53.18800000 32.47100000 29.20000000
0.10070000 26.02000000 51.04500000 29.93200000
-0.10720000 31.34300000 54.68600000 31.24700000
-0.20410000 49.50100000 28.83300000 24.81600000
-0.05970000 50.81500000 50.10100000 29.35800000
0.03520000 29.88700000 33.68400000 20.55700000
0.01180000 33.86700000 28.59800000 23.24100000
-0.01520000 42.70300000 54.62600000 41.71500000
0.06980000 37.36500000 52.45300000 25.23000000
0.01870000 39.11000000 53.22700000 22.15700000
0.01030000 51.54300000 48.76600000 22.09400000
-0.17040000 46.25300000 53.45400000 28.10300000
0.27190000 41.72400000 56.59400000 32.70800000
-0.41570000 34.97400000 32.77300000 20.04500000
0.11120000 27.90400000 28.29100000 27.43000000
0.02950000 41.89900000 55.25700000 41.33400000
0.59730000 36.13300000 24.91200000 29.50600000
-0.12560000 34.58900000 55.25200000 35.11700000
0.01860000 44.35900000 25.10200000 32.54100000
0.06420000 47.71500000 52.34300000 21.41500000
0.05600000 38.33400000 37.84600000 18.94900000
-0.41210000 39.18100000 31.24400000 23.11800000
0.01920000 46.21700000 53.79800000 23.85700000
0.06980000 38.03000000 53.15500000 26.70100000
0.59730000 48.90800000 28.02000000 35.55100000
0.01180000 31.04400000 54.42600000 28.45300000
0.33785948 29.49900000 26.72300000 31.29800000
0.39920000 40.82800000 26.82800000 27.60000000
-0.41570000 30.92600000 30.60000000 21.58800000
0.14300000 53.25500000 30.93900000 24.47200000
-0.56790000 51.44900000 48.03400000 38.97900000
0.08230000 49.05900000 29.38300000 33.35800000
0.06420000 41.03600000 49.94900000 46.02900000
0.08760000 42.92000000 52.98400000 43.05400000
-0.00940000 53.30300000 45.93600000 29.08700000
0.27190000 32.60600000 52.36300000 39.47200000
-0.03610000 52.36500000 28.33000000 38.60800000
0.05600000 25.94600000 46.30000000 37.66100000
0.59730000 47.67000000 25.98100000 37.66700000
0.27190000 34.10400000 32.26100000 20.06100000
0.27190000 27.98000000 50.78900000 37.51800000
0.73410000 39.76300000 56.64800000 32.21500000
-0.56790000 33.01300000 30.88000000 20.81500000
-0.00070000 38.33100000 51.17300000 44.15300000
0.12970000 31.45300000 54.79000000 32.31600000
-0.00140000 42.16900000 53.74900000 42.85800000
0.03620000 33.95900000 52.27600000 23.89000000
0.00180000 36.59300000 54.97800000 30.07500000
0.02130000 39.22500000 23.52500000 32.56100000
-0.02520000 38.07800000 53.18400000 25.61300000
-0.17040000 30.08100000 54.40200000 30.69600000
0.06030000 40.78000000 54.62600000 28.07500000
-0.01520000 32.23000000 50.63700000 45.79700000
-0.00240000 50.41900000 29.98800000 28.82100000
0.29360000 28.84300000 51.92600000 25.78400000
0.27190000 38.07300000 34.96800000 20.43900000
0.02950000 47.14800000 54.29000000 32.00000000
-0.12560000 29.93000000 54.27600000 29.30200000
0.02530000 24.60500000 49.37900000 31.61700000
0.59730000 34.82400000 53.06500000 41.44500000
0.01920000 38.18000000 24.18400000 30.76400000
0.01180000 52.61300000 30.90500000 27.82800000
0.16990000 43.66300000 28.88300000 24.73700000
-0.03890000 26.15200000 51.08200000 28.85100000
-0.12560000 52.64000000 30.47300000 26.48800000
-0.02520000 36.17700000 32.02500000 20.43300000
-0.24760355 55.09200000 37.39500000 30.90400000
0.04570000 31.69800000 25.63500000 29.08300000
0.10480000 48.04400000 28.57700000 26.35500000
-0.31920000 29.17000000 53.30000000 35.64000000
-0.04250000 38.27100000 21.63700000 43.06100000
-0.12560000 46.42500000 53.98100000 29.39600000
-0.03030000 30.03500000 50.70500000 41.60100000
-0.56790000 46.97000000 54.51000000 35.99400000
0.01430000 48.12300000 28.33200000 25.29500000
0.06980000 24.51300000 42.69000000 35.31700000
-0.06600000 43.50700000 24.55300000 32.14000000
-0.41210000 42.39500000 22.94800000 36.77100000
-0.01220000 52.39300000 31.75200000 33.72100000
-0.02970000 27.12000000 32.97000000 39.23500000
-0.02490000 28.69400000 30.39100000 40.79600000
0.59730000 51.12800000 48.66200000 39.99300000
0.08820000 38.94800000 52.24800000 19.26600000
-0.11020000 50.82300000 27.89400000 37.20400000
0.03270000 33.43700000 42.99900000 21.20200000
0.01890000 38.20900000 23.60800000 32.17500000
0.29850000 26.82500000 33.79500000 38.58600000
0.71300000 49.80000000 28.57900000 23.34300000
-0.19060000 43.13300000 29.16100000 25.63600000
0.14300000 29.22300000 54.29300000 31.34400000
0.02950000 31.73800000 28.43300000 23.24700000
0.59730000 27.99400000 29.97400000 39.49500000
0.10000000 39.61100000 30.47700000 23.76200000
-0.17040000 36.23300000 28.23100000 23.71700000
-0.31920000 47.35700000 25.51000000 43.86100000
0.21170000 29.82400000 32.59600000 20.54700000
0.59730000 38.42700000 22.13000000 38.84700000
0.34000000 55.38300000 44.69100000 25.16200000
0.01030000 24.06400000 35.02400000 33.13300000
0.29850000 47.99500000 25.31800000 42.47900000
0.01870000 53.73400000 46.27400000 27.65200000
0.13030000 24.49400000 32.85600000 28.72500000
0.03520000 46.32100000 25.45600000 35.44100000
0.34000000 54.33400000 45.89400000 24.82900000
-0.41570000 43.03300000 29.54900000 20.84200000
0.10000000 24.88300000 43.00100000 26.57100000
-0.03030000 52.22600000 32.58000000 33.03300000
0.59730000 32.10000000 30.12900000 21.15500000
-0.51630000 45.46900000 56.04200000 36.63500000
0.09780000 50.14900000 29.45400000 27.91000000
-0.00140000 33.59400000 51.25400000 45.45200000
-0.31190000 28.95900000 28.03300000 25.29500000
-0.00700000 24.30500000 49.15800000 32.64200000
0.03520000 28.23100000 31.34100000 42.67300000
-0.41570000 48.92100000 26.29300000 37.33100000
-0.41570000 43.26100000 22.46700000 40.98600000
0.06980000 37.05800000 32.63500000 20.23200000
0.27470000 52.38000000 48.38700000 30.20200000
-0.01730000 38.87900000 37.01500000 18.50100000
0.14300000 46.55800000 54.03700000 27.24700000
0.08820000 41.14100000 24.69500000 30.29900000
0.27190000 46.11500000 24.60200000 39.59900000
0.10000000 25.82000000 42.08200000 25.37000000
0.03670000 25.19100000 30.86100000 33.07800000
0.01870000 24.45600000 33.61400000 27.94200000
0.07910000 25.91300000 34.92500000 40.18900000
-0.32040000 38.55600000 52.78600000 20.12900000
-0.01730000 26.03900000 47.36400000 37.88100000
0.08820000 37.58700000 52.36800000 20.40200000
0.36540000 25.36100000 49.90300000 28.24300000
0.59730000 52.81100000 47.83800000 35.23000000
0.80540000 27.36300000 40.35500000 22.32700000
0.59730000 30.42000000 52.86200000 24.95400000
0.10000000 25.29800000 45.03800000 25.15000000
-0.03430000 30.86200000 54.34700000 26.94700000
0.27190000 30.21300000 29.93700000 21.85600000
0.37617301 55.21900000 34.62100000 32.42600000
0.09690000 46.29200000 24.38700000 41.62700000
0.02950000 33.18800000 54.26300000 38.02200000
-0.01220000 32.29000000 36.12900000 18.97000000
0.09780000 45.31900000 55.77500000 31.85300000
0.06030000 44.75300000 51.73700000 43.35700000
0.10000000 26.25500000 44.03900000 24.03500000
0.13300000 34.94500000 56.22900000 35.40900000
-0.41570000 41.03200000 57.06400000 32.14200000
0.16990000 45.34700000 54.45800000 40.99200000
0.10000000 50.32200000 26.28600000 39.55700000
0.30399152 54.89400000 36.02000000 31.15600000
0.13300000 28.95400000 54.07600000 28.88400000
-0.56790000 49.77900000 29.75700000 31.11500000
0.02360000 23.97000000 32.77800000 30.83300000
-0.02520000 43.86400000 28.65600000 21.64800000
0.06210000 55.38500000 44.87700000 27.57600000
-0.41570000 27.36300000 51.47600000 37.10900000
0.01710000 45.23400000 24.45300000 37.48200000
0.03270000 39.05000000 50.82000000 44.89300000
0.07910000 29.32200000 53.22500000 36.71700000
0.02130000 49.56500000 53.06700000 33.85400000
0.01030000 24.37700000 34.28000000 34.70400000
0.14260000 41.25700000 31.06300000 19.74500000
-0.04300000 23.82300000 33.45300000 29.99000000
0.03910000 46.74100000 54.10400000 22.95200000
-0.05180000 39.64000000 21.87300000 37.94100000
0.10000000 43.20500000 22.98300000 36.04200000
0.27190000 43.99700000 22.56500000 41.67100000
-0.03030000 33.15900000 35.50000000 18.77800000
-0.41570000 26.63100000 28.35100000 31.35900000
-0.03610000 40.94100000 22.19700000 35.37900000
-0.41570000 53.09300000 48.21600000 33.98300000
0.01030000 50.94800000 50.02100000 21.02700000
0.01860000 43.29300000 23.73100000 32.82400000
-0.01220000 29.00600000 50.56900000 41.26700000
-0.00940000 24.33200000 36.44300000 34.73900000
-0.01730000 24.96600000 46.15800000 37.20600000
0.07910000 38.98900000 26.60200000 26.20300000
0.18680000 49.54900000 51.21100000 39.21500000
0.03910000 25.44100000 51.71700000 32.95300000
-0.01220000 52.44800000 32.22200000 32.02800000
0.02950000 34.25100000 55.64500000 37.74800000
-0.51630000 29.21900000 52.28400000 24.91800000
0.01030000 34.66500000 50.73700000 22.21300000
0.08820000 50.98100000 51.78800000 31.47700000
-0.00940000 51.55800000 50.74300000 22.94300000
0.02130000 45.25800000 54.77500000 25.51800000
-0.12560000 46.32400000 27.92300000 29.41000000
0.01030000 43.69100000 31.55700000 17.08500000
0.01030000 53.57400000 47.33400000 27.45600000
0.13300000 52.19900000 29.52400000 26.21900000
0.27190000 26.56400000 31.00400000 24.11300000
0.27190000 41.39300000 56.22000000 29.84900000
0.01870000 42.85500000 31.30200000 17.73700000
-0.56790000 37.30900000 21.75000000 38.50500000
0.01870000 51.72700000 49.78400000 21.75200000
-0.00700000 44.20100000 55.04300000 23.66700000
0.02360000 47.61700000 28.42100000 20.21600000
0.07970000 50.27400000 28.34700000 25.41200000
0.09690000 26.60800000 52.29700000 35.34100000
-0.08750000 36.79700000 24.71400000 28.13300000
-0.58940000 49.56300000 52.85400000 23.30500000
0.80540000 24.67600000 45.28000000 39.63900000
-0.03430000 32.56800000 28.11800000 22.61300000
-0.12560000 35.03400000 27.82400000 23.10900000
-0.03430000 33.39600000 55.09700000 37.35200000
0.08800000 30.68000000 51.36000000 39.66400000
0.03520000 45.26600000 24.09200000 35.10800000
-0.58190000 25.74500000 29.10800000 29.45600000
0.59730000 46.71800000 55.55700000 36.59400000
-0.81880000 26.28600000 39.78100000 22.61900000
-0.23410000 42.26800000 28.23400000 26.24900000
-0.02520000 49.54800000 53.17200000 27.44100000
0.03520000 28.77600000 32.32300000 20.67300000
0.01920000 24.99800000 51.14200000 33.76600000
0.04860000 31.56800000 44.93800000 20.99500000
-0.59008125 55.68300000 35.37400000 32.05200000
0.00430000 25.35400000 50.01000000 27.15900000
0.01180000 46.62100000 27.20000000 30.58100000
0.03620000 52.24600000 50.47200000 23.74400000
-0.58940000 38.86300000 57.19300000 31.58400000
0.06210000 27.85100000 27.63100000 36.34300000
0.01870000 23.84200000 35.08300000 34.19800000
-0.00740000 25.23200000 29.86300000 32.64000000
-0.03430000 51.95200000 30.04900000 28.89600000
0.59730000 50.49400000 52.32700000 28.29000000
0.02530000 23.57700000 48.34600000 32.65400000
0.09220000 40.51000000 21.77800000 38.59000000
-0.52950000 30.22900000 45.51400000 21.22700000
0.34560000 30.15900000 46.51500000 21.34200000
0.01890000 45.49200000 54.99000000 24.47500000
0.11350000 41.82200000 33.53400000 16.64800000
-0.38540000 55.30600000 45.68600000 25.00700000
0.06980000 43.31100000 28.32800000 22.52800000
-0.41210000 51.33600000 26.64700000 39.38200000
0.59730000 49.85100000 29.21000000 30.01600000
0.06030000 42.35600000 55.36800000 27.73000000
0.27190000 32.72500000 52.18300000 43.72700000
0.10000000 51.82800000 26.77200000 40.34700000
-0.56790000 39.42000000 32.72000000 19.86500000
0.10000000 39.58800000 31.09800000 22.11700000
0.02950000 43.46500000 55.29100000 42.12000000
0.02950000 52.24000000 30.42800000 29.87700000
0.01360000 29.50800000 50.16000000 22.80000000
-0.81880000 24.51000000 45.56900000 40.84800000
-0.02970000 49.05900000 25.12100000 42.60700000
0.27190000 50.79600000 51.34700000 45.69100000
-0.01220000 33.96600000 36.14500000 18.43000000
-0.01730000 27.70300000 50.18200000 23.99300000
-0.04250000 36.36700000 38.68500000 18.69500000
0.08690000 51.80900000 50.47300000 29.60500000
0.03620000 54.02800000 46.35700000 29.78400000
-0.01220000 52.77700000 50.26800000 26.96000000
0.02850000 36.66000000 52.52100000 44.09500000
-0.31920000 38.36300000 25.73500000 26.41800000
0.15604772 55.89300000 37.92000000 31.40300000
0.03670000 49.85900000 50.81900000 41.27600000
0.21170000 27.70600000 31.08200000 41.75400000
-0.41570000 47.03800000 24.30500000 39.31700000
0.27190000 26.94500000 27.52500000 31.84800000
0.06030000 41.13600000 55.24900000 26.44800000
0.03910000 33.32600000 25.88200000 24.98400000
-0.54320000 49.87800000 51.83600000 38.01400000
0.09220000 31.28400000 25.63300000 26.08000000
0.29360000 45.29400000 56.91700000 37.10800000
-0.18250000 41.28800000 55.41100000 27.51500000
0.03620000 23.79600000 37.24400000 34.23100000
0.27190000 35.18600000 25.12200000 26.79700000
0.07910000 28.42800000 54.07400000 35.44000000
0.14300000 37.11900000 27.62300000 23.60900000
-0.06450000 46.20800000 24.38000000 35.57400000
0.42750000 43.51300000 56.80400000 31.07700000
0.80540000 29.37200000 48.81900000 22.05700000
-0.04790000 55.22800000 45.95200000 27.48900000
0.59730000 26.24200000 29.61900000 25.55900000
0.13300000 46.84800000 54.96500000 29.52900000
0.53660000 26.00400000 28.16200000 30.20000000
0.10000000 42.45900000 22.00000000 37.30600000
0.02130000 37.71100000 22.63900000 32.17400000
0.02950000 31.51400000 55.07600000 26.46500000
0.08760000 34.00100000 51.67700000 46.37100000
0.01360000 37.08100000 38.11200000 18.10300000
0.01030000 42.98100000 30.26600000 18.05300000
-0.41570000 33.39600000 52.33100000 44.46700000
0.02530000 43.40700000 55.56600000 24.19900000
-0.38540000 33.02000000 48.72200000 20.96000000
0.06870000 32.23200000 45.71300000 20.61300000
0.03910000 38.36500000 23.39400000 30.03700000
-0.08750000 47.35000000 24.14100000 41.71700000
0.06870000 38.62200000 54.00100000 44.07400000
-0.56790000 48.99200000 27.19100000 34.63400000
0.59730000 52.44300000 50.51300000 44.88000000
0.27190000 46.04400000 27.44200000 21.96100000
0.03520000 27.33100000 32.00100000 41.30300000
-0.05180000 31.32900000 25.10800000 27.03400000
0.27190000 42.49300000 29.14500000 20.08900000
0.05600000 23.55700000 41.28900000 31.11600000
0.02950000 29.83800000 54.64500000 26.72200000
0.80760000 29.08000000 44.86100000 21.24700000
0.08820000 42.19200000 25.02900000 28.90200000
0.02360000 44.20000000 24.83500000 30.13500000
-0.81880000 30.35500000 48.39200000 21.40300000
0.03900000 37.49100000 52.30900000 44.76700000
-0.00310000 47.35200000 24.49800000 37.90500000
-0.56790000 53.19700000 49.49500000 31.51200000
-0.81880000 28.30900000 48.16300000 22.09600000
0.34000000 27.85200000 27.01900000 33.78600000
0.34000000 53.77100000 48.16500000 23.33500000
-0.56790000 30.93300000 53.35400000 23.94700000
-0.56790000 45.29500000 22.65900000 42.94900000
0.03620000 24.11300000 36.50200000 35.80500000
0.42750000 31.02900000 32.58000000 18.96900000
0.06980000 49.06000000 53.88800000 28.10200000
-0.81880000 27.38700000 41.47200000 21.75900000
0.34000000 32.01800000 48.84900000 20.97000000
0.07910000 25.12000000 34.28500000 37.34400000
0.27190000 49.61600000 25.56200000 37.28900000
0.04570000 51.38500000 27.11900000 36.68300000
0.07910000 25.46500000 32.54200000 37.45100000
-0.01730000 23.19300000 42.27800000 31.39400000
-0.00240000 32.30500000 28.60200000 21.17400000
0.79940000 30.14500000 52.03400000 42.35900000
-0.32040000 41.68900000 24.24600000 29.47000000
0.03670000 24.50600000 29.84900000 31.82700000
0.02530000 44.40500000 55.51700000 22.70700000
-0.00740000 50.46200000 51.09300000 40.41000000
0.13300000 46.96900000 27.83700000 28.54800000
0.07910000 47.52400000 24.62800000 44.48000000
-0.57480000 34.46200000 55.15700000 25.45500000
0.12970000 45.13600000 27.52600000 26.63500000
-0.80140000 53.96400000 48.82500000 24.99600000
0.09690000 37.49300000 23.87900000 28.20900000
-0.67610000 24.02800000 49.86500000 28.71200000
-0.01730000 23.46200000 41.22100000 30.03200000
0.01860000 49.95800000 28.56500000 19.33500000
-0.04300000 43.86300000 24.00300000 30.75300000
0.59730000 40.75700000 54.73600000 20.45200000
-0.65460000 30.24900000 32.11200000 19.27800000
0.59730000 47.89700000 24.01100000 40.29100000
0.02410000 35.12700000 56.48000000 29.64800000
-0.41570000 25.96200000 30.25400000 24.42000000
-0.31920000 25.43800000 33.48000000 38.00600000
0.34000000 33.21400000 48.03000000 20.25000000
-0.00360000 46.14600000 24.02000000 37.06800000
0.44780000 28.00700000 46.49700000 21.62500000
-0.34790000 27.14800000 28.94100000 39.54100000
0.59730000 36.40100000 30.66500000 19.76400000
0.14260000 26.38200000 29.12200000 37.59100000
-0.81880000 38.48700000 38.79300000 16.25800000
-0.80140000 31.27800000 52.53500000 42.53800000
0.06840000 48.23600000 52.11100000 43.67600000
-0.58190000 36.91000000 53.93000000 23.11000000
0.08820000 38.38400000 53.82900000 19.86200000
0.01890000 23.74200000 50.42800000 33.27400000
0.34000000 53.64500000 47.45800000 21.84100000
-0.41570000 33.77800000 53.64700000 42.04100000
-0.81880000 23.76000000 44.77600000 38.95000000
-0.00110000 31.33600000 51.51300000 46.66100000
-0.41570000 25.65200000 52.38300000 28.35100000
-0.56790000 53.62000000 47.99100000 36.14700000
0.14300000 44.86300000 27.09600000 24.18700000
-0.05810000 51.62500000 50.10100000 40.25400000
-0.86270000 29.00700000 43.57400000 21.06900000
0.44780000 29.84300000 43.04400000 20.86500000
-0.86270000 27.97600000 45.50300000 21.44500000
0.06420000 24.57900000 32.59800000 24.53800000
0.19330000 28.02100000 27.08500000 25.38400000
-0.04250000 37.86500000 20.39100000 40.93600000
0.06420000 54.36300000 46.53700000 32.31900000
0.80540000 37.37700000 38.89600000 16.82300000
0.09780000 49.02200000 27.58600000 31.86000000
-0.04250000 30.01800000 50.86200000 22.14000000
0.16560000 42.16300000 27.24300000 25.83300000
0.34000000 55.84100000 45.89600000 24.17600000
-0.41570000 37.66900000 54.51000000 25.15300000
0.08690000 41.61300000 22.67600000 31.75200000
0.03420000 36.21100000 56.42700000 29.74500000
-0.91910000 50.21200000 27.37800000 23.00200000
0.05600000 28.17000000 50.79400000 23.22100000
0.59730000 41.95000000 54.58000000 44.13300000
0.16990000 31.94200000 50.57800000 48.51400000
0.03910000 24.73600000 51.79400000 34.59900000
0.08690000 42.60900000 21.21000000 39.43600000
-0.32040000 23.72900000 31.61800000 28.22500000
0.02850000 37.07700000 51.95400000 45.71100000
0.27190000 40.35700000 55.42100000 22.30800000
-0.41570000 51.71200000 51.54300000 45.31500000
-0.04250000 23.22500000 39.31200000 31.97400000
0.27190000 38.69900000 57.04500000 29.56900000
0.29360000 38.30600000 30.71600000 20.41500000
0.06870000 31.50300000 44.15300000 20.24100000
0.08820000 24.19400000 31.20700000 27.32800000
0.34000000 33.45100000 49.59300000 20.68900000
0.02410000 36.50700000 57.07600000 30.56900000
0.01890000 50.43800000 53.71800000 33.91300000
-0.41570000 48.04700000 26.87200000 25.16300000
-0.05970000 43.05300000 21.12100000 40.42700000
0.07910000 37.65600000 25.60600000 25.59900000
0.02950000 32.56200000 27.02800000 22.61900000
-0.80140000 27.82100000 25.84500000 31.27800000
-0.41570000 41.09200000 57.01700000 29.30600000
-0.41570000 50.22000000 53.89500000 26.36600000
-0.01220000 27.06100000 26.46300000 28.34400000
0.11350000 28.50100000 25.44500000 35.57500000
0.06410000 34.18700000 56.45400000 27.68500000
0.07910000 38.99200000 24.84800000 26.49000000
0.07910000 26.33000000 49.24300000 39.38600000
0.73410000 50.74900000 53.17300000 23.23400000
-0.41570000 35.79700000 24.37900000 27.10600000
0.27190000 26.15700000 52.79800000 27.58200000
0.08820000 23.71700000 30.85300000 29.00100000
-0.04300000 48.15700000 27.52800000 19.89900000
-0.01430000 55.81200000 46.45200000 26.16500000
0.59730000 44.33900000 27.42300000 20.88900000
0.08800000 36.67500000 56.15900000 27.68200000
0.44780000 28.15800000 43.06600000 21.27200000
-0.80140000 32.19100000 33.45000000 17.97800000
0.14260000 43.67300000 57.61800000 40.12900000
0.02130000 51.36200000 53.14400000 33.84100000
-0.41570000 39.49400000 20.64100000 37.14700000
0.27190000 32.85400000 53.33200000 41.78200000
0.06210000 40.70000000 31.47800000 17.65600000
0.07910000 40.16700000 27.40800000 24.45900000
-0.04790000 41.53200000 31.43000000 16.95400000
0.13300000 35.00800000 26.90900000 22.53600000
0.79940000 32.77700000 34.51200000 17.67700000
0.02360000 45.30500000 22.16900000 39.47000000
0.03670000 47.85300000 55.16300000 39.12800000
-0.04250000 36.61300000 37.16100000 17.85100000
0.03970000 28.34000000 52.23800000 23.73700000
0.09780000 31.31900000 55.41300000 37.04100000
0.04860000 38.26700000 53.60600000 45.02600000
-0.56790000 48.40800000 55.04200000 25.73100000
0.01860000 48.74300000 28.48700000 18.04500000
-0.01430000 41.47000000 32.68100000 16.06900000
0.08820000 40.98700000 23.74000000 28.80700000
-0.24000000 51.75500000 52.22200000 22.55500000
-0.41570000 45.55000000 26.97500000 21.21500000
0.02360000 48.68500000 27.13200000 20.76700000
0.02950000 52.34400000 29.03500000 28.81400000
0.03910000 43.52200000 52.56100000 45.20200000
0.09690000 27.71400000 51.30900000 39.56500000
0.27190000 38.62200000 20.51100000 36.65400000
0.59730000 26.68300000 52.25700000 37.94800000
0.41020000 23.51000000 49.52500000 27.97900000
0.10000000 51.89400000 25.91100000 38.80200000
-0.38540000 54.18000000 48.09400000 22.41400000
0.27190000 47.73200000 26.49600000 24.28000000
0.07910000 26.59200000 50.31600000 41.69400000
0.07910000 25.22600000 49.99400000 38.20700000
-0.03030000 53.86400000 50.26200000 26.87800000
-0.56790000 40.93200000 55.27500000 44.21500000
-0.41570000 49.49300000 27.93500000 29.83800000
-0.04790000 27.06400000 26.87800000 36.31300000
0.02130000 46.06600000 55.91300000 24.39200000
-0.56790000 25.53700000 28.70200000 25.98200000
-0.56790000 31.09600000 56.25300000 34.75900000
0.06980000 38.35900000 58.88300000 33.55000000
0.03670000 48.91600000 54.52900000 37.87100000
0.27190000 34.04800000 28.87000000 19.98000000
-0.03890000 54.28500000 48.98600000 33.59900000
0.41960000 50.38600000 27.13900000 22.03700000
-0.51630000 37.61800000 30.14700000 19.94200000
0.79940000 27.74100000 25.40900000 30.10300000
-0.06600000 49.20900000 27.93300000 18.86000000
-0.02490000 41.42300000 58.27700000 31.39900000
0.06210000 55.78300000 46.44100000 28.29000000
-0.56790000 51.45200000 52.84500000 28.86600000
-0.01220000 54.25000000 49.46400000 27.51300000
0.42510000 48.37500000 25.32600000 34.41500000
0.08820000 45.80500000 27.91100000 18.50900000
0.18680000 24.78400000 28.85700000 33.68100000
0.59730000 32.44100000 24.03000000 26.97500000
-0.06600000 22.32600000 33.73800000 29.85100000
0.59730000 54.00000000 49.85800000 32.37500000
0.07910000 41.12200000 28.13000000 23.14100000
-0.19060000 31.30900000 51.32500000 48.05800000
0.27190000 29.56100000 24.53000000 28.11100000
0.27190000 51.18700000 53.67000000 26.17800000
0.13030000 42.72800000 23.25000000 30.01100000
0.59730000 42.07000000 20.35400000 41.31600000
-0.41570000 40.49200000 55.69700000 21.34600000
-0.65460000 43.74700000 57.71600000 30.88900000
-0.41570000 38.34200000 56.94400000 28.63000000
-0.56790000 53.57500000 50.65900000 44.43000000
0.27190000 27.08200000 29.21100000 22.62700000
-0.65460000 26.61400000 30.23600000 42.08500000
0.06840000 47.12900000 53.21100000 42.83100000
0.03370000 40.72400000 56.78500000 27.90800000
0.27190000 37.86100000 55.29900000 25.75300000
0.03520000 43.13800000 58.52100000 32.68300000
0.09780000 31.38000000 28.14500000 20.82400000
-0.56790000 40.93100000 54.97400000 19.25300000
0.53660000 37.07200000 54.77900000 23.98600000
0.02130000 23.11100000 50.16800000 34.12400000
0.01920000 33.25700000 24.82400000 24.72800000
0.59730000 49.59600000 54.77100000 25.57300000
0.79940000 54.25300000 49.96300000 25.42700000
-0.56790000 35.53000000 30.09900000 19.09800000
0.27470000 27.05500000 28.47200000 40.43000000
0.01030000 27.68900000 26.37600000 38.32200000
0.02950000 47.67800000 25.54700000 31.42300000
0.08500000 48.22100000 23.89700000 37.63500000
-0.41570000 30.02300000 24.47000000 27.21500000
-0.56790000 35.83100000 58.49700000 34.94100000
0.13600000 52.17500000 50.07700000 41.19500000
-0.24000000 26.05800000 28.75900000 38.56600000
0.07910000 39.35400000 28.09200000 23.05000000
-0.04790000 53.07500000 49.83100000 21.01000000
-0.03430000 47.84100000 26.29200000 30.64500000
0.02530000 49.41300000 54.88700000 35.37600000
0.03910000 49.37100000 55.03600000 32.59100000
-0.81880000 36.47400000 39.65500000 16.39200000
-0.56790000 49.06500000 23.68200000 40.07800000
0.27190000 49.54300000 27.52600000 28.91600000
0.14260000 51.51900000 52.31800000 21.49500000
0.06870000 39.12600000 53.37500000 45.65600000
0.44780000 27.09800000 45.06900000 21.20100000
0.16990000 30.52800000 52.64900000 45.00700000
0.02130000 23.19300000 51.03500000 32.55400000
-0.38540000 27.32500000 26.17400000 33.95300000
-0.56790000 42.24000000 20.32600000 42.53700000
0.11350000 22.22800000 33.67800000 32.58400000
0.06420000 28.10800000 30.08800000 20.63400000
-0.67610000 29.10900000 28.06800000 21.86600000
-0.05810000 47.85300000 56.31800000 37.30600000
-0.41570000 33.39300000 28.16400000 20.28400000
-0.00240000 32.16400000 56.01600000 37.37200000
0.06210000 53.01300000 49.14600000 20.16400000
0.01860000 21.99500000 34.38100000 30.66700000
0.02360000 44.71500000 23.33300000 30.87200000
0.41960000 50.27000000 26.64400000 23.69300000
-0.00240000 49.16100000 27.02100000 30.93900000
0.01710000 46.05900000 22.93800000 37.16100000
0.02130000 45.37300000 53.44300000 46.95500000
0.14300000 45.07900000 25.63600000 28.23400000
-0.80140000 29.09900000 52.53900000 42.82100000
0.34000000 42.59000000 33.45900000 14.53300000
0.58960000 34.94000000 56.26600000 25.68700000
-0.01430000 27.47400000 25.74100000 35.36400000
0.01360000 22.64400000 40.20100000 31.73300000
-0.03030000 26.62500000 25.88900000 29.16200000
-0.56790000 50.62900000 52.94200000 47.33700000
0.59730000 34.00000000 53.52600000 44.50000000
-0.10720000 44.97700000 26.52100000 26.27200000
0.01860000 22.12600000 34.24200000 28.90500000
-0.58940000 44.52000000 58.58800000 37.96200000
-0.80140000 28.52800000 24.54900000 29.65500000
0.02130000 35.33100000 25.02300000 24.17300000
-0.00740000 48.56200000 55.44200000 38.34900000
-0.58190000 40.20200000 29.09300000 20.54900000
0.11350000 55.57900000 47.51000000 26.04500000
0.59730000 46.44300000 22.21400000 42.99100000
-0.81880000 35.98200000 19.64800000 42.76200000
-0.81880000 22.33300000 41.49600000 33.74800000
0.07910000 44.47000000 56.45900000 26.94400000
0.04570000 32.25600000 57.28100000 32.52800000
-0.25480000 33.28400000 23.98400000 25.91900000
0.07910000 24.71600000 33.37400000 38.81600000
-0.41570000 52.52100000 50.59000000 39.19700000
-0.04790000 22.33100000 34.86600000 34.37200000
-0.02370000 36.88300000 56.90700000 28.44700000
-0.67610000 25.20200000 31.81500000 22.13300000
0.06210000 26.16600000 27.35200000 35.91700000
-0.17040000 44.82000000 26.28200000 24.89500000
0.34000000 43.06400000 31.92600000 14.95500000
-0.19060000 30.51600000 52.50000000 46.07600000
0.27190000 52.12800000 51.17700000 38.47600000
0.03910000 44.74400000 53.75800000 44.66900000
0.18620000 23.95700000 30.20800000 35.14800000
0.03670000 50.87000000 52.08400000 40.60900000
0.11050000 39.72700000 19.56900000 42.30800000
0.03810000 25.54700000 26.73200000 29.85700000
-0.31920000 25.42900000 49.84600000 39.26700000
0.34000000 27.62200000 25.50100000 33.26100000
0.69510000 47.32600000 23.63700000 34.85800000
0.02530000 50.78300000 53.96100000 36.05000000
0.11050000 36.74700000 59.07800000 37.63200000
-0.05970000 42.05900000 22.17100000 30.89600000
0.02130000 43.66500000 53.22800000 47.45400000
0.21170000 42.90400000 58.58300000 31.62000000
-0.41570000 47.47800000 22.87100000 42.45700000
0.11350000 22.44900000 32.73700000 34.06000000
0.10070000 34.74700000 55.07300000 43.23900000
-0.00700000 50.42900000 54.53500000 35.19400000
0.11050000 28.78000000 52.81400000 22.92300000
0.01920000 50.40700000 54.80700000 32.84100000
-0.05360000 47.99700000 53.15800000 43.48900000
0.13600000 38.08000000 20.69000000 33.06600000
0.08820000 22.70700000 31.89000000 27.96300000
0.53660000 24.68600000 53.12600000 28.90700000
0.59730000 41.10600000 58.21900000 29.89600000
-0.58190000 24.05700000 52.71900000 29.88300000
-0.38540000 42.27700000 32.54700000 14.83200000
0.04570000 33.76600000 57.72900000 33.30800000
0.10070000 54.54000000 49.65100000 34.42400000
0.11350000 56.89600000 46.34700000 26.21700000
0.59730000 39.20800000 56.86800000 27.61600000
-0.24380000 55.28500000 47.10300000 32.18900000
-0.56790000 29.16300000 53.59800000 39.40700000
0.01920000 43.90600000 53.57200000 45.34100000
-0.25480000 42.87100000 54.56900000 45.11700000
-0.51630000 41.05500000 19.71600000 40.73300000
0.08430000 40.85300000 59.11300000 31.80500000
0.11350000 40.43200000 32.87900000 15.80200000
-0.01730000 27.50600000 50.82000000 22.35700000
0.03910000 50.94400000 54.47500000 31.95200000
0.41020000 29.22400000 27.20200000 22.26200000
-0.08750000 26.84700000 51.95700000 39.44300000
0.01360000 37.61500000 19.33100000 40.98900000
0.01030000 41.51700000 58.39500000 41.47500000
-0.02660000 34.34500000 57.11000000 26.82900000
0.59730000 36.72000000 59.33400000 34.83700000
-0.58190000 52.90500000 52.82600000 25.93600000
-0.24380000 23.74000000 32.21700000 23.95600000
0.34000000 55.09100000 47.68400000 22.56800000
-0.56790000 48.67100000 26.40800000 27.26300000
-0.56790000 32.53600000 23.20800000 27.89300000
-0.03890000 33.85900000 54.44300000 43.27500000
0.03910000 32.34300000 24.63100000 24.16600000
-0.94070000 48.31800000 24.32100000 34.33600000
0.01870000 26.76500000 26.39800000 37.74300000
-0.22070000 24.13900000 29.19300000 34.82900000
0.59730000 31.78600000 57.16900000 35.20000000
-0.56790000 26.90600000 54.63400000 26.99600000
-0.31920000 40.23500000 27.54200000 23.38000000
-0.01430000 54.30900000 49.44300000 21.82500000
0.59730000 48.31600000 26.01200000 26.15000000
-0.01430000 21.92200000 33.58700000 33.62600000
-0.56790000 25.91700000 53.13900000 37.56000000
0.29360000 41.01800000 19.68700000 39.72400000
0.06420000 55.24700000 47.66000000 31.25300000
0.34000000 26.36400000 26.40500000 33.74600000
-0.56790000 43.62900000 26.90500000 20.02700000
0.06980000 36.82000000 59.08200000 32.71000000
-0.04250000 21.93000000 39.90600000 30.96400000
-0.02520000 37.45200000 59.48500000 33.50200000
0.06210000 21.79300000 35.71600000 33.95200000
0.01860000 21.77700000 32.79800000 29.90000000
0.07970000 48.81100000 55.47000000 22.94000000
-0.04300000 45.30700000 21.10000000 39.25800000
0.01890000 44.34500000 53.76500000 46.79200000
0.53660000 27.00500000 52.91800000 24.08200000
0.06210000 41.39600000 30.54400000 16.33200000
0.08230000 53.35500000 52.18000000 31.15700000
-0.41570000 51.20500000 54.34100000 23.70400000
-0.56790000 32.11800000 55.85100000 39.78600000
0.07910000 46.94900000 56.36900000 27.42100000
0.42750000 25.90200000 30.36100000 41.45400000
-0.41570000 32.33100000 57.12700000 36.42300000
0.80540000 37.01200000 19.03900000 42.37500000
-0.02970000 45.39800000 57.45800000 28.91200000
0.13600000 48.58600000 56.55700000 36.53500000
-0.03890000 24.79100000 29.93000000 23.58400000
0.06420000 29.31700000 29.36100000 19.54600000
0.13030000 44.40900000 20.38000000 40.29300000
-0.56790000 47.76100000 57.01200000 31.17900000
0.11350000 54.46800000 50.17200000 22.62000000
-0.24000000 44.11700000 58.59400000 40.32500000
0.27190000 44.72300000 20.82300000 44.34900000
0.13030000 47.16300000 26.45800000 19.39300000
1.00000000 22.35000000 44.19600000 37.41700000
0.41020000 24.72200000 32.40000000 21.54100000
0.36540000 55.48500000 48.05400000 33.36500000
-0.27370000 47.62600000 53.98000000 45.06600000
0.73410000 40.37900000 19.64200000 37.08800000
0.01890000 34.46900000 24.41900000 23.89200000
0.10000000 33.31700000 58.01700000 30.33700000
-0.56790000 34.72500000 53.87000000 45.43500000
0.29360000 53.22400000 52.24500000 29.00300000
-0.56790000 46.49100000 57.12600000 40.74600000
-0.81880000 38.19100000 59.30000000 40.02600000
0.06210000 53.23300000 50.82900000 20.60300000
0.27190000 47.08600000 57.51800000 38.88600000
-0.32040000 46.30600000 26.98500000 18.22900000
-0.56790000 39.79500000 21.41700000 30.73600000
0.02360000 44.89600000 20.95900000 38.25800000
0.08800000 25.33000000 26.23200000 30.80200000
-0.58190000 25.99000000 52.26100000 24.32100000
0.02410000 46.84000000 55.48600000 42.64100000
-0.80140000 33.08400000 34.81000000 16.49900000
-0.54320000 24.70300000 27.47000000 33.52400000
-0.41570000 47.43400000 57.57300000 37.93900000
0.06210000 22.08900000 34.77600000 35.43100000
-0.04250000 36.85900000 19.12300000 40.23300000
0.02950000 47.93100000 25.75200000 29.70300000
0.10480000 54.07900000 50.35000000 36.96700000
0.01870000 44.90400000 20.40500000 41.26300000
0.36540000 24.22300000 31.19200000 22.92800000
0.00430000 55.65300000 47.46300000 34.26600000
0.73410000 24.83200000 29.60000000 38.96100000
-0.56790000 41.89200000 20.53800000 33.19700000
-0.31920000 25.71000000 50.91800000 41.47900000
-0.58190000 53.03200000 52.47300000 36.27500000
-0.56790000 47.26100000 25.46700000 22.69900000
0.04570000 45.65200000 58.57900000 32.96500000
0.06420000 23.25600000 33.04700000 23.44100000
0.58960000 35.50000000 23.13700000 26.71000000
0.27470000 53.62800000 52.24400000 23.59300000
-0.05970000 52.19700000 52.91900000 45.51700000
-0.24380000 28.32200000 29.24600000 19.97600000
0.08230000 41.20900000 57.54200000 27.29200000
0.80540000 21.84800000 40.64200000 32.97500000
-0.11020000 32.77400000 58.09200000 33.04000000
-0.05970000 46.27700000 25.89300000 20.53600000
0.01870000 43.17900000 22.75500000 29.15100000
-0.17040000 44.93800000 25.45200000 27.17900000
0.01860000 49.69600000 27.04300000 18.46100000
-0.80140000 54.81700000 50.83100000 24.71700000
0.73410000 44.91200000 58.96400000 39.06300000
-0.34790000 53.16700000 52.60400000 22.76900000
0.03620000 42.42200000 59.62300000 39.55500000
-0.41570000 26.36600000 28.64700000 22.19100000
0.07910000 24.58400000 49.31400000 39.70200000
-0.52950000 37.43500000 54.63800000 45.67900000
0.02530000 32.47000000 57.09100000 25.68800000
-0.56790000 38.80700000 56.81500000 26.45600000
0.01430000 50.40300000 55.35700000 24.39300000
0.34000000 39.67800000 58.37700000 42.57100000
-0.58940000 41.38600000 19.62700000 37.79500000
0.59730000 51.67800000 53.40100000 46.88300000
-0.00940000 25.70600000 27.26100000 38.45800000
0.27190000 32.89900000 57.91300000 36.70500000
-0.56790000 27.00000000 25.53800000 25.60600000
-0.41570000 54.64500000 51.02100000 32.29000000
0.03970000 40.08800000 18.92500000 41.50600000
-0.01730000 38.66300000 56.71800000 23.75500000
0.27190000 48.40500000 22.48900000 42.57900000
0.03810000 54.42500000 51.58800000 27.39000000
0.59730000 53.78200000 50.17600000 39.05700000
0.59730000 31.78800000 56.49500000 38.78800000
0.06420000 23.02000000 31.75000000 24.62800000
0.02360000 52.20700000 52.35900000 42.80300000
0.44780000 39.76800000 55.58500000 45.56500000
-0.51630000 35.97300000 56.78000000 25.00800000
0.27470000 50.16800000 26.18700000 33.18600000
0.08820000 46.93300000 27.17200000 17.35700000
0.06840000 48.84600000 53.64000000 43.00500000
-0.51630000 37.06400000 60.14400000 35.84400000
0.73410000 29.45700000 23.76000000 26.23900000
-0.51630000 54.09900000 51.78200000 28.80400000
0.59730000 40.90700000 21.42600000 30.21200000
0.03810000 38.09600000 28.86300000 19.41900000
0.29360000 24.14400000 29.49900000 37.08200000
0.06420000 56.11200000 46.39400000 32.16000000
0.02410000 45.60600000 55.84600000 43.84800000
0.02530000 32.38500000 57.87800000 27.29600000
0.29850000 25.61300000 51.19700000 39.97400000
0.07910000 24.81700000 50.38500000 41.80500000
-0.41570000 43.06400000 21.23400000 31.39500000
0.41020000 32.55200000 55.96100000 41.54300000
-0.56790000 42.77400000 57.44600000 22.04100000
0.10000000 34.77100000 58.54800000 31.23200000
0.34560000 36.44000000 54.47000000 45.73200000
0.09690000 41.35100000 26.90900000 20.95600000
-0.01220000 26.14900000 25.00600000 28.73600000
0.36540000 28.24800000 27.93600000 20.75400000
0.29360000 24.37700000 26.91500000 28.07300000
-0.56790000 54.30600000 49.43100000 39.88600000
-0.00700000 32.99900000 57.71200000 26.41100000
-0.23410000 30.44600000 52.09500000 48.86100000
0.11350000 26.83100000 24.88000000 35.54700000
0.03670000 35.80000000 19.91300000 33.71000000
-0.58940000 24.69200000 29.99200000 40.11800000
0.03970000 36.50500000 60.05300000 37.20900000
-0.60860000 47.32200000 22.42100000 34.76500000
-0.51630000 24.30200000 26.76300000 29.06900000
1.00000000 41.46100000 55.20700000 17.00200000
-0.02660000 34.29800000 22.93600000 25.77600000
-0.04250000 22.09200000 30.11800000 32.54200000
0.02130000 34.26700000 24.50900000 22.82500000
0.07910000 41.36400000 25.34000000 24.36200000
0.53660000 53.94800000 52.80800000 26.59500000
0.08800000 37.29400000 28.12600000 19.46900000
-0.80140000 43.64700000 55.68100000 17.66800000
0.01870000 50.72800000 53.74200000 44.17100000
0.10070000 24.00600000 29.51200000 24.21300000
-0.31920000 44.52500000 57.54700000 26.97800000
0.07910000 42.40500000 25.89500000 23.02800000
0.03620000 51.57400000 25.61400000 34.72400000
0.73410000 33.52700000 26.92300000 19.80000000
0.03970000 36.56600000 56.21700000 23.78700000
0.59730000 38.27300000 19.22900000 34.55400000
-0.56790000 37.43800000 19.13000000 35.45100000
-0.02520000 40.60800000 57.12900000 21.06300000
0.07910000 43.56200000 57.93600000 27.30900000
0.33390000 35.70000000 21.49300000 28.75300000
-0.05810000 37.85500000 19.62500000 33.12200000
0.05600000 38.87400000 18.50600000 40.64800000
-0.01220000 39.39600000 29.69500000 17.92200000
0.27190000 27.88100000 54.73400000 23.96300000
-0.51630000 23.94000000 29.85800000 38.00400000
-0.00940000 42.99100000 59.62200000 40.48500000
-0.41570000 27.02400000 54.25000000 24.18800000
0.34000000 41.73300000 32.20000000 14.05500000
0.53660000 39.28300000 28.33500000 20.24100000
0.08690000 53.28500000 52.90400000 45.57800000
0.59730000 46.00900000 57.73500000 41.70200000
-0.57480000 36.13600000 22.16100000 27.10300000
0.07910000 41.84100000 60.68000000 37.41600000
0.03520000 43.09700000 59.60100000 31.28300000
0.27190000 45.41400000 58.78200000 30.67200000
0.03370000 54.42400000 51.97800000 31.21200000
0.59730000 47.10400000 25.07700000 21.54100000
0.59730000 28.21400000 53.90900000 40.13200000
-0.58940000 29.99600000 23.61600000 25.14200000
0.01870000 41.99700000 59.36200000 41.62200000
-0.01730000 39.11100000 18.64800000 39.59400000
0.27190000 52.18500000 54.55100000 23.57700000
-0.20410000 49.57700000 56.13200000 23.34600000
-0.27950000 35.50800000 21.11300000 29.66900000
0.59730000 42.91200000 20.50500000 32.50500000
0.42510000 48.99500000 23.77300000 33.82500000
-0.01220000 22.69600000 32.09700000 37.08800000
0.01030000 26.37400000 25.38100000 37.69900000
0.07970000 44.71500000 20.64100000 34.58600000
-0.34790000 44.92900000 58.51900000 41.55900000
0.07910000 25.77000000 51.85300000 42.03700000
0.10000000 39.37500000 22.39800000 26.70200000
0.00430000 31.71000000 54.80400000 43.23700000
0.59730000 36.31200000 58.25300000 27.93400000
0.59730000 25.09000000 28.88100000 22.51100000
0.59730000 25.88000000 54.76600000 26.33100000
-0.05180000 32.00800000 58.42600000 34.33800000
-0.25480000 35.16500000 58.26400000 27.21800000
-0.23410000 29.66000000 53.28000000 46.87800000
0.59730000 50.31900000 26.04000000 31.16700000
-0.34790000 39.57300000 19.00700000 34.78900000
-0.41570000 27.09800000 53.18400000 40.21500000
-0.12560000 44.64900000 24.97400000 24.42200000
-0.56790000 40.82600000 59.25300000 29.29300000
0.59730000 42.07700000 57.54000000 21.03400000
0.27190000 26.26200000 26.73500000 23.56200000
0.11350000 55.17500000 49.47500000 21.16400000
0.29360000 37.82600000 60.78900000 35.69300000
-0.02520000 46.72000000 20.84500000 43.62000000
0.27470000 40.22000000 19.19100000 34.03500000
-0.41570000 45.50900000 20.21700000 44.15900000
0.29850000 45.61500000 57.96700000 27.97200000
0.08800000 25.02900000 55.21100000 28.85600000
-0.41210000 33.78900000 58.84600000 30.86600000
0.03420000 46.61100000 56.10200000 43.51100000
-0.81880000 37.51200000 18.12400000 43.07400000
0.07910000 44.74600000 57.93000000 25.98200000
0.04570000 47.22400000 58.67400000 33.71100000
0.16350000 34.29100000 20.94700000 30.20900000
0.34000000 38.41100000 59.28300000 42.08300000
-0.22070000 36.44200000 20.61500000 30.54400000
0.03270000 22.78200000 28.78200000 27.69000000
-0.58190000 34.27600000 59.39900000 37.86500000
0.18620000 37.51000000 20.58900000 30.38500000
0.11050000 35.80600000 56.19400000 23.00700000
0.03620000 25.54100000 26.85700000 39.45700000
0.41960000 47.38100000 57.20900000 22.59100000
0.14260000 35.45000000 27.39500000 19.06900000
0.08820000 45.55500000 26.24400000 17.95400000
0.18680000 49.75200000 56.11900000 38.98500000
-0.02970000 39.37100000 25.64000000 22.89900000
0.03810000 24.37000000 54.53100000 28.31500000
0.01870000 47.74700000 25.62800000 18.99600000
0.14350000 33.36700000 21.25400000 29.74100000
0.27190000 43.91900000 21.13100000 30.86800000
0.27190000 55.31400000 51.25900000 33.00800000
-0.25480000 51.03400000 55.98800000 33.43100000
-0.01730000 37.85700000 56.91700000 22.22200000
0.59730000 47.49100000 58.77300000 37.34900000
0.03620000 24.77000000 27.15600000 37.91000000
0.13030000 51.80200000 53.83700000 44.32800000
0.13300000 44.56600000 24.79100000 23.36100000
0.16560000 30.41900000 51.94900000 49.93100000
-0.67610000 32.71700000 56.37700000 42.39200000
0.01430000 54.58600000 50.72400000 37.85600000
0.14260000 27.67400000 23.54200000 27.39800000
-0.57480000 43.48400000 57.22700000 44.51500000
0.08690000 45.55500000 25.20500000 20.09500000
-0.31920000 46.97500000 57.45700000 27.48600000
0.05600000 37.74500000 57.08200000 23.29300000
0.80540000 37.24500000 60.02200000 40.40200000
0.36540000 32.63100000 55.36900000 43.38000000
-0.02660000 51.32300000 55.73200000 34.84400000
-0.27950000 23.61300000 28.02800000 35.35500000
0.01860000 47.35200000 21.27400000 38.60300000
0.08800000 44.55000000 57.43200000 20.18000000
-0.80140000 50.76400000 25.47700000 20.81900000
0.09220000 50.16000000 56.49100000 31.06200000
-0.00740000 36.33400000 19.47800000 32.86500000
-0.54320000 34.39000000 20.33100000 31.40200000
0.18680000 35.76000000 20.13500000 31.62500000
0.06980000 40.11300000 57.70200000 21.84600000
0.06420000 27.58700000 29.23100000 19.17100000
-0.06600000 46.76700000 20.63500000 39.26400000
0.29360000 36.31700000 57.68600000 25.29400000
-0.11020000 46.54100000 59.20400000 33.04600000
-0.34790000 50.67000000 25.74800000 32.42700000
-0.38540000 39.13700000 59.20300000 42.78200000
0.29850000 40.29300000 26.17900000 22.67700000
0.59730000 54.87700000 51.45200000 29.83500000
0.01860000 47.17700000 20.71900000 40.27100000
0.10000000 49.85000000 56.31500000 28.88400000
-0.02660000 42.91400000 55.57900000 46.17600000
-0.58940000 32.75500000 26.01200000 20.09000000
-0.03890000 26.80400000 27.65200000 21.19500000
-0.00700000 34.70800000 22.96800000 24.30000000
0.59730000 48.18400000 58.14100000 31.42800000
0.29360000 39.56400000 18.02200000 43.77200000
-0.01730000 38.26900000 61.00700000 38.01700000
-0.02970000 24.72300000 51.80200000 39.80100000
0.27190000 29.99400000 55.71000000 39.90400000
1.00000000 35.37800000 40.20800000 14.53800000
0.07970000 45.67700000 20.91100000 33.13000000
0.10480000 51.10100000 56.06700000 24.83700000
0.06210000 40.38000000 60.44300000 40.66800000
-0.24000000 40.12400000 18.51100000 36.07000000
-0.86270000 39.14300000 56.06500000 46.19700000
-0.01220000 22.22300000 30.67000000 36.16400000
0.08800000 55.50800000 51.53300000 27.28300000
0.06980000 47.26100000 24.42800000 25.18200000
0.12070000 51.82400000 54.04300000 49.55200000
0.16350000 23.94000000 27.01700000 34.53100000
0.80760000 37.88700000 55.75300000 46.22800000
-0.41570000 37.84200000 60.86000000 33.17800000
0.27190000 42.46100000 18.65500000 43.97200000
0.00430000 23.38000000 30.90900000 22.29800000
-0.01220000 47.24000000 23.29300000 29.69200000
0.53660000 34.97000000 60.20400000 37.24400000
-0.02520000 48.15000000 24.52300000 25.80600000
0.32260000 29.61100000 53.06600000 48.27000000
0.06980000 40.13500000 57.36000000 20.10900000
-0.04300000 52.53000000 53.37300000 43.04000000
0.03270000 21.80500000 29.30400000 29.06600000
-0.12560000 44.75900000 24.14100000 26.70700000
0.00430000 28.60300000 27.13100000 20.11000000
0.01030000 42.52000000 59.36600000 42.57800000
0.10000000 31.04700000 58.92700000 31.04900000
0.53660000 53.89800000 52.96200000 36.99900000
-0.38540000 20.46400000 33.33700000 33.68700000
-0.56790000 47.93800000 58.92300000 36.21500000
0.18620000 49.03300000 56.50200000 41.00900000
0.27190000 38.74200000 61.18800000 33.49900000
-0.41570000 39.29500000 27.04000000 20.56100000
0.35310000 32.92800000 59.27100000 32.05500000
0.27190000 39.10400000 19.57700000 31.39600000
0.06980000 47.44900000 20.97500000 44.42000000
0.13300000 44.75700000 23.31300000 27.40100000
0.01030000 53.85800000 25.45400000 35.40900000
-0.41570000 46.04200000 59.65800000 39.21300000
-0.32040000 44.22400000 18.90200000 39.89800000
-0.67610000 56.65400000 48.80400000 33.11000000
-0.56790000 36.04600000 25.35700000 20.90000000
-0.08750000 40.44400000 26.33600000 21.14900000
0.27190000 33.66000000 59.70100000 34.77500000
-0.51630000 24.66800000 54.70400000 26.88300000
-0.31920000 41.46800000 25.39800000 23.27900000
0.73410000 23.11700000 26.90200000 29.66700000
-0.01220000 49.69500000 24.51500000 22.88900000
0.07970000 56.03000000 49.13700000 37.94600000
0.06980000 43.81000000 19.38000000 45.82500000
0.09220000 31.01000000 58.77400000 34.07100000
-0.03610000 45.75600000 60.26400000 34.72700000
0.07910000 47.21500000 57.85800000 26.50200000
0.06410000 33.85900000 21.96400000 25.99900000
-0.38210000 52.45400000 54.25800000 47.55400000
0.59730000 26.84400000 24.52300000 24.92800000
-0.81880000 20.72600000 40.10900000 33.17500000
0.08820000 43.69500000 18.81900000 38.94800000
0.07910000 47.75800000 57.73900000 28.18900000
0.06410000 42.03800000 55.45600000 46.81400000
-0.00700000 44.17600000 55.27000000 46.98900000
-0.24000000 28.10600000 23.08700000 26.50700000
0.27470000 44.60900000 59.01800000 42.37700000
0.07910000 44.10100000 61.03800000 36.34800000
0.09220000 39.22900000 20.82900000 28.21900000
-0.01220000 37.71200000 29.59000000 17.42700000
-0.91910000 47.78100000 57.75000000 23.34400000
0.07970000 50.22600000 56.44800000 22.53000000
0.59730000 53.83600000 53.48600000 22.01400000
0.05600000 37.18800000 61.13600000 38.06500000
0.10000000 40.01400000 22.77700000 25.09600000
-0.81880000 36.77200000 59.88600000 41.55200000
-0.02520000 25.94500000 55.01600000 24.81900000
0.16560000 29.01900000 54.02200000 46.42500000
-0.24000000 34.66200000 26.69500000 18.79000000
0.06980000 47.15700000 20.19900000 42.85900000
0.71300000 48.91000000 57.37800000 23.90200000
0.58960000 42.93400000 56.99800000 45.59300000
-0.03030000 22.07800000 31.20000000 37.10500000
-0.20410000 45.15200000 20.15400000 33.71400000
-0.41570000 46.22800000 59.37400000 30.58600000
-0.58940000 23.00000000 26.82000000 30.88500000
0.01030000 53.83500000 26.13600000 33.79000000
0.06980000 49.00200000 24.22400000 25.19600000
-0.41570000 41.14000000 20.76900000 29.07200000
0.10000000 44.20300000 60.77200000 32.92500000
-0.03030000 38.50800000 29.06300000 17.95300000
-0.41570000 26.38500000 25.95000000 22.93900000
0.34000000 38.70600000 59.10300000 43.69000000
-0.51630000 42.56600000 57.96500000 19.87200000
0.53660000 40.76400000 17.72700000 42.20200000
0.34000000 20.20500000 32.59600000 33.05100000
0.08820000 43.66600000 18.37100000 40.66900000
0.02530000 35.74600000 22.67000000 24.15100000
-0.41570000 38.65200000 18.97100000 32.06600000
-0.02370000 46.66100000 57.58200000 43.08900000
0.10000000 51.52500000 56.08700000 28.32100000
-0.41570000 31.07300000 57.62200000 38.88000000
-0.04790000 40.94000000 60.48500000 41.60200000
0.27190000 38.54300000 26.46500000 20.21100000
0.01360000 21.18800000 29.51500000 32.46300000
0.10000000 50.33400000 56.95700000 27.31900000
-0.22070000 49.81600000 56.57700000 40.27000000
0.06410000 51.02300000 56.58500000 35.45300000
0.06420000 32.37000000 55.41000000 45.52500000
-0.01730000 38.65700000 17.44900000 40.80200000
0.27190000 42.43800000 25.40600000 19.81200000
0.34000000 19.92700000 34.15300000 33.42700000
0.02360000 53.60400000 53.34800000 43.22300000
-0.56790000 39.78800000 61.84800000 35.29900000
-0.56790000 36.90800000 59.30800000 28.17100000
-0.00940000 52.16600000 24.85500000 34.21400000
-0.41210000 39.72500000 21.96600000 25.76400000
0.03620000 33.61600000 27.97800000 17.41700000
0.79940000 43.45300000 56.90300000 17.47800000
-0.05180000 47.22300000 59.31600000 31.66300000
-0.41570000 32.70100000 59.51700000 35.03200000
-0.41570000 54.61000000 52.18800000 37.81800000
-0.00070000 21.85600000 28.60000000 28.23600000
0.03620000 43.43700000 60.60600000 40.62500000
0.10000000 33.92100000 59.69000000 30.18900000
-0.56790000 55.93600000 50.83500000 29.69100000
0.14260000 39.36800000 17.87900000 36.53800000
0.27190000 26.38000000 53.49300000 40.85400000
0.06870000 21.25700000 30.78100000 26.62000000
0.41020000 56.92900000 49.15000000 33.96200000
0.58960000 52.79600000 55.41200000 35.14700000
0.01860000 51.20700000 54.34800000 41.63300000
0.09690000 42.22800000 61.73700000 34.87300000
-0.56790000 50.91600000 25.54200000 30.20800000
-0.51630000 40.37700000 17.51100000 43.46000000
-0.31920000 41.88200000 61.70700000 37.78000000
0.02530000 44.05500000 55.53200000 48.04000000
-0.41210000 50.67500000 56.76900000 28.33600000
-0.56790000 53.35000000 53.94400000 20.97700000
0.02530000 45.03500000 55.78800000 46.56100000
-0.04250000 21.46100000 28.55300000 32.03000000
0.06030000 54.77200000 53.64100000 32.54000000
0.27190000 30.86800000 58.09900000 38.01300000
0.34000000 20.19500000 33.04900000 34.61700000
-0.00310000 46.96800000 59.99800000 38.12300000
0.00180000 47.62200000 55.74000000 44.60000000
0.06980000 28.47300000 54.92700000 41.99900000
-0.34790000 54.73900000 53.87600000 26.71200000
0.33390000 22.91800000 27.96000000 36.08400000
0.27190000 42.08200000 20.74300000 28.70700000
0.01430000 44.03900000 19.53000000 32.86000000
0.03810000 22.55300000 30.28900000 38.25800000
0.03620000 42.14700000 18.23100000 35.36600000
0.29360000 52.33900000 55.41600000 37.09500000
0.03810000 43.99600000 58.19400000 19.63200000
0.27190000 44.40300000 58.86000000 22.08000000
0.10070000 26.16500000 27.74000000 20.31700000
0.35310000 46.17200000 60.52700000 33.75400000
-0.54320000 50.95800000 56.40700000 38.34200000
-0.24200000 52.17000000 54.83100000 48.88400000
0.01890000 33.39600000 59.05300000 25.80800000
-0.51630000 47.63600000 23.93700000 21.09200000
0.01180000 44.63100000 23.90200000 25.32600000
0.02530000 34.04500000 22.31900000 23.72800000
0.59730000 26.68400000 26.19800000 21.66000000
-0.18250000 55.12900000 53.29000000 31.57200000
0.29360000 41.94400000 58.02500000 19.07800000
-0.81880000 19.97500000 31.44700000 31.73600000
0.27190000 46.25500000 59.96900000 40.14900000
0.01360000 36.74700000 61.19000000 39.53700000
-0.05180000 50.57100000 57.42700000 31.44100000
0.09690000 44.57300000 59.76300000 28.51500000
0.59730000 45.39400000 18.92400000 44.46600000
0.01860000 52.70100000 53.70800000 40.91900000
0.08800000 22.51600000 30.87500000 39.17700000
0.01870000 53.65200000 25.22700000 34.36300000
-0.34790000 27.21600000 23.31000000 25.35200000
0.03620000 51.98000000 23.90700000 34.71900000
-0.56790000 24.17100000 28.24000000 22.00500000
-0.41210000 31.58200000 59.75700000 31.51100000
0.41960000 47.30400000 58.54900000 23.73600000
0.07910000 42.38100000 61.73800000 38.74800000
0.08500000 46.43800000 60.62100000 37.40200000
0.44780000 39.40100000 56.93400000 46.64300000
0.01860000 46.85300000 19.60400000 38.91900000
-0.80140000 45.43800000 21.04800000 29.72700000
0.07910000 40.86800000 62.07700000 37.92700000
-0.03610000 33.42600000 60.10400000 32.55200000
-0.20410000 56.04100000 50.22000000 37.81900000
0.26810000 53.28700000 54.59400000 47.09200000
-0.01220000 22.70700000 54.85700000 29.65800000
-0.03610000 41.70600000 21.62300000 26.51400000
0.14260000 53.45200000 55.49000000 26.39800000
-0.41570000 49.48700000 58.41400000 31.54200000
-0.51630000 53.08700000 55.24800000 36.43700000
0.01920000 34.56900000 59.48500000 26.68800000
-0.41570000 43.02400000 17.98700000 44.47700000
0.59730000 51.17300000 57.19300000 32.84500000
-0.08750000 45.58400000 59.49100000 28.21200000
-0.02520000 44.15300000 18.51400000 45.25700000
0.41190000 54.13200000 53.75700000 49.96000000
-0.41570000 29.26700000 56.12200000 40.47100000
-0.01430000 39.97300000 60.42500000 42.78700000
-0.57480000 53.63500000 55.28000000 34.25300000
-0.02520000 28.25100000 55.19400000 40.96500000
0.03670000 36.08100000 18.41800000 32.83600000
0.79940000 50.54700000 24.24700000 20.92400000
-0.01220000 47.67100000 21.84400000 30.58700000
0.06980000 24.99300000 54.73700000 24.36800000
-0.24380000 32.53300000 56.11100000 44.70600000
0.41960000 47.47600000 20.57400000 34.66600000
0.14350000 23.60200000 25.99700000 34.63700000
-0.03030000 47.51300000 22.24400000 29.58500000
-0.59310000 56.98600000 49.65800000 35.69300000
0.08820000 45.19000000 18.40300000 39.81500000
0.80540000 20.18300000 30.22700000 31.56200000
0.08800000 41.58500000 59.09300000 44.71200000
-0.01730000 21.35300000 28.76000000 34.46500000
0.02130000 33.74000000 58.91500000 24.78300000
-0.59310000 49.39700000 58.03200000 24.80800000
-0.05180000 40.06100000 20.13000000 28.29600000
0.27190000 45.20400000 58.10300000 44.55900000
-0.03030000 22.91500000 54.98100000 28.59500000
0.06980000 26.10400000 56.08100000 24.65300000
0.14350000 46.84700000 56.21400000 48.77900000
0.10480000 43.57300000 18.74700000 33.45800000
0.29360000 23.87600000 54.90000000 26.28700000
-0.02520000 26.24200000 24.61200000 23.52400000
0.06420000 33.45100000 56.67400000 44.87500000
0.07910000 41.48600000 24.38100000 22.89000000
-0.03030000 49.85500000 23.70700000 22.17600000
-0.00940000 41.36100000 17.62100000 35.80900000
0.01710000 56.03400000 52.00900000 22.32000000
0.04400000 48.62200000 56.00700000 44.26000000
0.08800000 47.70700000 57.86100000 42.96700000
-0.01730000 20.47300000 30.27900000 34.32100000
-0.06600000 52.27900000 54.21800000 41.78500000
-0.51630000 34.43600000 61.19800000 36.52300000
0.04400000 47.40600000 56.33000000 45.49200000
0.10000000 38.91300000 21.40100000 25.30700000
-0.00940000 34.18500000 27.05000000 17.37000000
-0.26370000 21.86600000 27.17300000 28.81100000
0.03620000 29.00600000 21.45800000 27.58700000
-0.86270000 37.13200000 56.63300000 46.81600000
-0.01220000 45.37700000 57.71500000 18.03300000
-0.24000000 51.73300000 24.77200000 32.73200000
-0.41570000 48.02700000 23.59300000 26.93800000
0.73410000 37.07500000 61.72200000 32.50600000
-0.80140000 42.45300000 57.27000000 16.81800000
0.06030000 54.90600000 54.04700000 30.82000000
0.59730000 46.52100000 59.86600000 29.37500000
-0.03030000 44.32400000 57.97900000 18.13500000
-0.04250000 35.66000000 61.25600000 39.59500000
0.01030000 36.02600000 27.99700000 16.83200000
-0.41210000 45.12200000 61.35100000 33.01000000
-0.80440000 50.17000000 55.84300000 49.72200000
0.27190000 46.09700000 23.23700000 22.84200000
0.29360000 47.45500000 23.69100000 20.12900000
-0.58940000 50.24900000 22.90500000 32.80300000
0.27190000 55.68300000 53.51700000 24.55600000
-0.58190000 41.63200000 17.04700000 41.64700000
-0.01730000 36.96200000 62.10600000 37.62000000
0.59730000 35.86000000 24.75500000 19.84200000
-0.32040000 52.09400000 55.32500000 44.60900000
0.08820000 51.53400000 55.66900000 45.47900000
0.01360000 37.69900000 58.60000000 23.55900000
0.71300000 56.76800000 50.53200000 36.52300000
0.79940000 46.34300000 21.46700000 28.96300000
0.05600000 20.61700000 29.29800000 33.86800000
-0.31920000 44.09700000 62.05800000 36.73400000
0.03910000 34.20600000 60.10300000 27.50900000
-0.01220000 22.23800000 54.34100000 28.03000000
-0.52950000 19.88500000 30.98800000 28.22100000
0.03810000 54.23600000 54.48200000 36.93600000
0.27470000 55.54800000 53.78600000 27.30900000
0.10070000 31.28700000 58.26500000 40.86200000
0.80760000 19.48800000 32.24300000 28.30500000
-0.55790000 28.74800000 53.78100000 49.04000000
-0.80140000 20.17800000 32.24300000 36.13800000
-0.58940000 35.92300000 61.47300000 32.16300000
0.44780000 19.22900000 32.19100000 30.28300000
-0.41570000 55.19000000 54.18300000 23.97700000
-0.41570000 46.05800000 58.43100000 44.13100000
0.78100000 51.06300000 55.87700000 48.84800000
-0.24000000 54.45800000 55.18400000 26.11300000
0.06210000 41.45000000 61.44700000 41.64200000
0.73410000 54.46500000 55.13100000 24.58100000
-0.34790000 35.22600000 25.32800000 18.80800000
-0.51630000 42.31700000 57.96300000 46.27500000
-0.04250000 38.61800000 59.03600000 23.16900000
-0.04250000 37.69500000 58.77000000 24.63600000
-0.41570000 41.70800000 24.70800000 19.79800000
-0.86270000 19.12600000 32.74200000 29.44300000
-0.86270000 19.45600000 33.05500000 27.28900000
0.44780000 19.71300000 32.71400000 26.37400000
0.44780000 19.17700000 34.01200000 27.44800000
0.44780000 36.12600000 56.55700000 46.85300000
0.35310000 40.92500000 21.04800000 26.01700000
0.04860000 20.36200000 30.29600000 27.00800000
0.39920000 28.41900000 53.23800000 49.76000000
0.34560000 19.80600000 30.44700000 29.06900000
0.79940000 38.80600000 27.77900000 17.18300000
0.29360000 35.07200000 61.80900000 36.03200000
0.59730000 40.57900000 24.98000000 20.46100000
0.10000000 30.98300000 60.16900000 32.32300000
-0.00940000 28.32000000 21.58000000 26.74800000
-0.08750000 42.03900000 62.68000000 35.38700000
0.53660000 32.15700000 60.30500000 35.96600000
0.11350000 40.55200000 60.48300000 43.70900000
0.29850000 42.65900000 62.58700000 36.79900000
-0.00310000 55.19800000 53.98800000 22.52100000
0.59730000 40.51000000 62.83100000 35.47500000
0.02130000 32.58100000 59.77500000 25.84100000
-0.58940000 53.72900000 55.88200000 23.95300000
0.07910000 44.52900000 62.05700000 37.73500000
0.03620000 41.72100000 17.22800000 36.76000000
0.79940000 20.60100000 31.61400000 37.13200000
0.27190000 47.14300000 23.12900000 27.09300000
0.27190000 55.34400000 52.64200000 38.34300000
-0.58190000 50.19400000 23.64900000 27.49600000
-0.03890000 30.50100000 58.22900000 40.10800000
0.10000000 31.74600000 60.54300000 30.77400000
0.08800000 40.51900000 16.80400000 45.36900000
0.06980000 27.26900000 55.66500000 40.92500000
0.06030000 56.20700000 53.13600000 31.62100000
0.03810000 48.51100000 23.02400000 21.84800000
0.09220000 47.81900000 60.22800000 31.63800000
0.15600000 21.86800000 26.45400000 27.99200000
-0.64960000 54.47100000 54.49500000 49.44800000
0.44780000 18.72300000 33.66700000 29.48500000
0.07970000 56.60000000 50.64600000 38.65300000
0.71300000 46.16200000 19.12600000 34.20800000
0.03620000 39.34300000 62.16700000 31.16500000
0.03910000 35.28900000 60.03700000 26.08400000
0.06980000 26.74300000 23.87900000 22.89200000
0.03900000 20.66800000 28.82000000 27.27600000
-0.41570000 44.59400000 59.67300000 21.51200000
-0.56790000 45.90300000 59.78400000 24.00200000
-0.04250000 37.14600000 62.11100000 39.96200000
0.03670000 37.48400000 23.23800000 21.50100000
0.11350000 39.32700000 61.30200000 42.75800000
-0.80140000 38.95500000 59.33200000 45.51000000
0.14260000 52.58700000 25.02500000 32.10300000
0.59730000 38.82800000 17.65100000 31.90700000
0.27190000 45.44800000 19.38500000 31.25900000
-0.41570000 44.63200000 18.94300000 31.65900000
0.03810000 40.98600000 16.57300000 44.41200000
-0.91910000 47.30600000 19.57800000 34.65500000
-0.56790000 26.86500000 25.29700000 20.84300000
0.06420000 31.68300000 56.79300000 44.66800000
0.27470000 27.05500000 22.53500000 24.72400000
-0.59310000 44.14500000 23.20700000 20.95900000
-0.27950000 51.06300000 57.14100000 40.42100000
0.08820000 53.16000000 55.47700000 44.77700000
0.27190000 49.75000000 59.36400000 31.75900000
0.08800000 55.06300000 54.59600000 36.23600000
0.10000000 45.48300000 61.61700000 32.01600000
0.06420000 32.00000000 60.22200000 39.02800000
0.44780000 37.59400000 57.45700000 47.17600000
0.53660000 49.05700000 23.20800000 27.69200000
0.73410000 51.28900000 23.35800000 32.34100000
-0.81880000 19.55200000 29.56400000 30.70600000
0.06980000 25.18500000 24.35000000 23.57800000
0.03810000 42.04700000 59.28100000 45.68100000
0.29360000 41.87300000 57.74600000 47.15600000
0.27190000 46.50400000 59.73400000 26.30300000
-0.41570000 46.60700000 22.55100000 23.37900000
0.34000000 36.38400000 29.86800000 15.08000000
-0.58190000 31.05400000 60.06300000 36.46200000
0.04570000 52.43800000 57.20700000 30.38900000
-0.80140000 38.98400000 27.90300000 15.94700000
0.08820000 51.76900000 55.94400000 43.77300000
0.02850000 20.89400000 28.33200000 26.32800000
0.01870000 35.35500000 27.25800000 16.39500000
0.33390000 49.20700000 56.93600000 48.17300000
0.10000000 44.91600000 62.26200000 33.57200000
0.53660000 44.42600000 59.56900000 20.19000000
-0.56790000 46.28100000 18.10100000 44.22500000
0.03670000 35.88000000 22.53600000 21.54400000
-0.80140000 38.82200000 26.68400000 17.77300000
-0.01220000 50.51900000 22.98000000 22.64500000
0.59730000 39.46900000 18.87400000 28.96700000
0.16350000 51.72200000 57.02300000 39.25700000
0.03620000 28.78100000 21.13800000 25.86500000
0.06980000 44.48400000 17.77100000 45.98300000
1.00000000 36.76900000 15.95600000 43.03100000
0.16350000 47.12100000 57.14400000 48.30300000
0.03620000 33.52700000 26.26600000 16.99600000
-0.00360000 56.33300000 53.03200000 22.09400000
0.05860000 52.90200000 55.14400000 51.52400000
0.10000000 48.18700000 60.84900000 34.45700000
0.53660000 21.65900000 29.03400000 38.38700000
0.59730000 29.35300000 57.42100000 40.75700000
0.30250000 53.44300000 55.46200000 49.45600000
0.06210000 55.60300000 24.61300000 33.71200000
0.27470000 20.35900000 27.79600000 30.18500000
-0.11020000 40.56100000 19.82100000 26.87700000
0.53660000 42.49400000 16.77600000 44.69200000
0.06210000 39.20800000 61.54100000 28.62400000
-0.11020000 51.61400000 57.92000000 30.41600000
-0.56790000 51.72800000 58.14300000 33.41000000
0.27190000 41.18600000 18.46100000 29.96300000
-0.80140000 46.33300000 21.31300000 27.71900000
0.11350000 55.25000000 23.46300000 35.83100000
0.01710000 48.85100000 60.13000000 39.18400000
-0.80140000 50.87400000 23.41600000 20.04100000
0.07910000 44.71600000 62.68900000 36.09600000
0.06210000 34.24300000 28.66100000 15.19100000
0.03970000 32.99600000 61.51000000 36.43500000
-0.01220000 53.98900000 54.79500000 39.06600000
0.35310000 51.06400000 58.10200000 28.98500000
-0.03610000 50.18900000 58.75100000 29.00500000
-0.58190000 21.63900000 28.23900000 37.43900000
-0.41210000 47.38500000 61.42800000 34.00000000
-0.91910000 57.20000000 51.74800000 36.30000000
-0.00360000 48.17400000 60.79900000 38.65300000
0.01030000 40.74300000 16.81100000 33.90400000
0.02950000 44.07000000 21.87400000 25.56000000
0.01860000 52.76400000 55.19000000 41.87700000
-0.04790000 54.63500000 24.14200000 33.88800000
0.29360000 50.39700000 23.05300000 29.85400000
-0.41570000 45.92300000 60.21600000 26.97400000
-0.03430000 44.56100000 22.48800000 24.80500000
0.53660000 47.88300000 22.30400000 23.05600000
-0.56790000 38.29800000 18.57000000 28.74800000
-0.41570000 40.21200000 18.21500000 29.86400000
-0.80440000 51.12300000 56.78600000 47.99600000
0.03810000 48.83000000 22.12700000 28.77700000
-0.34790000 20.65600000 26.99600000 29.64400000
0.01030000 37.17300000 62.05900000 29.79800000
-0.56790000 47.52000000 60.56600000 29.18900000
0.02950000 43.94200000 22.46900000 23.90800000
-0.56790000 38.34700000 16.82900000 32.68600000
-0.01220000 44.15900000 58.90800000 17.59000000
0.34000000 37.03800000 60.92200000 27.34700000
0.01030000 26.55100000 21.27300000 27.93800000
-0.27950000 48.37800000 57.47900000 47.97700000
0.79940000 39.68800000 59.25600000 46.52300000
0.06870000 19.58500000 30.34400000 26.24500000
-0.81880000 35.80600000 58.74900000 22.09300000
0.01870000 41.03600000 16.43000000 34.88200000
-0.56790000 39.65200000 24.18300000 20.52000000
0.79940000 22.59100000 56.43500000 28.22500000
0.27470000 35.20700000 24.79500000 17.95100000
0.08500000 55.36900000 54.95500000 22.04800000
-0.00740000 36.78600000 22.61400000 20.94300000
0.01710000 56.44700000 53.10900000 21.01300000
0.10000000 41.68800000 21.45600000 24.03900000
0.10480000 42.90400000 23.63000000 18.49600000
0.03910000 21.85500000 29.56600000 41.22800000
0.41960000 57.02500000 52.48300000 36.97100000
-0.24000000 37.68300000 63.09800000 32.20600000
-0.03030000 54.67500000 55.11100000 38.27900000
-0.80140000 39.45000000 58.45100000 47.44700000
0.09780000 46.56100000 22.01900000 25.38400000
0.01030000 54.42400000 56.39900000 28.56400000
0.41960000 57.73800000 51.91000000 35.46100000
-0.51630000 49.96200000 22.15300000 29.70900000
0.80540000 36.51300000 59.33900000 22.93700000
0.53660000 43.29700000 60.12600000 45.37000000
0.34000000 37.54900000 28.73100000 15.22700000
0.27190000 40.00400000 24.97900000 17.99600000
-0.02970000 42.69900000 63.58900000 37.22500000
-0.80140000 38.31300000 15.51900000 44.83900000
0.08800000 48.75400000 22.21100000 21.16400000
-0.00940000 38.67000000 63.01200000 31.02700000
0.02850000 19.76000000 28.37100000 27.67800000
0.01710000 48.71400000 61.18700000 37.78900000
-0.00240000 45.93700000 21.88100000 24.50000000
0.04570000 39.79400000 19.24700000 26.35700000
0.11050000 32.62700000 61.81800000 37.41300000
0.10000000 47.10700000 62.23000000 34.68400000
0.33390000 51.44200000 57.54300000 41.26600000
-0.05810000 36.41400000 23.32700000 19.61900000
0.01870000 27.01900000 20.82700000 27.06100000
-0.59310000 45.93600000 17.92000000 34.19200000
-0.60860000 46.52900000 61.41900000 41.49800000
0.41020000 29.94900000 60.00900000 37.91900000
0.11350000 43.08400000 16.90800000 33.39400000
0.59730000 46.53300000 59.61500000 44.53800000
-0.18530000 53.29000000 55.94600000 50.89500000
0.08430000 38.16600000 63.81400000 36.64100000
0.01430000 41.95700000 23.48200000 19.01600000
0.01030000 35.89800000 26.32400000 16.25500000
-0.41210000 41.45400000 20.58900000 24.65600000
-0.56790000 42.92500000 17.54800000 31.27600000
0.59730000 44.02800000 17.99200000 30.95200000
0.11350000 53.85600000 22.60200000 35.18400000
-0.80140000 19.87700000 31.27200000 38.09100000
0.41960000 47.99800000 18.91200000 34.97000000
-0.34790000 38.34800000 63.67000000 33.38800000
0.01030000 55.80700000 55.30100000 28.59200000
0.03520000 57.66800000 52.93200000 23.78200000
-0.58190000 43.22900000 61.01200000 44.51900000
-0.02520000 39.68700000 17.15400000 30.73200000
-0.04790000 34.85100000 27.76900000 15.03500000
-0.41570000 42.70600000 63.77500000 34.64200000
0.59730000 45.48700000 60.86600000 23.58200000
-0.01430000 54.82500000 23.03000000 34.92600000
0.04570000 41.44300000 19.18900000 26.98100000
-0.38540000 36.89100000 29.14800000 14.58400000
0.01030000 40.19200000 15.88200000 35.30000000
-0.41570000 40.00200000 64.05300000 35.67700000
-0.24380000 31.26000000 60.62100000 39.72200000
-0.01730000 33.30700000 62.37900000 34.51500000
0.00780000 53.74900000 56.30000000 48.82900000
-0.57130000 41.41100000 63.72500000 32.81300000
0.10000000 47.74300000 61.86800000 33.06900000
0.27470000 39.33300000 63.88500000 33.32300000
0.36540000 30.06300000 59.68100000 39.82100000
0.03970000 19.29000000 28.52600000 33.94900000
0.59730000 37.73000000 63.88700000 34.56200000
0.11350000 43.92900000 16.65600000 34.92200000
0.10000000 51.70400000 58.92300000 27.10100000
-0.00940000 55.45100000 56.22400000 26.66700000
-0.56790000 36.52600000 63.66600000 34.71100000
-0.02520000 44.81200000 60.95300000 22.20100000
0.06420000 31.71900000 60.73400000 40.70400000
0.14350000 52.73000000 57.36800000 39.07900000
-0.80140000 22.71500000 56.83100000 27.03900000
0.71300000 43.34700000 22.28400000 20.88300000
0.27190000 44.43900000 59.07900000 46.67000000
-0.67610000 29.33000000 59.76500000 38.61100000
-0.03030000 41.00600000 60.02900000 46.52400000
-0.54320000 46.26900000 58.13600000 47.98000000
-0.41570000 44.44900000 59.80500000 45.96700000
0.10000000 53.00900000 58.14800000 28.02700000
0.01870000 37.90000000 62.86700000 29.70600000
0.03910000 20.72900000 30.71100000 40.44400000
0.06210000 54.30300000 23.71400000 32.94200000
0.04570000 52.01100000 58.87500000 30.76000000
-0.25480000 20.93400000 28.82000000 39.50500000
-0.80140000 22.19300000 57.20400000 29.12600000
0.79940000 39.06000000 14.99000000 43.98400000
-0.04790000 38.82500000 62.55600000 28.52200000
-0.41210000 52.11600000 58.76900000 28.09900000
0.01870000 55.44400000 56.25400000 28.20800000
0.01030000 26.34000000 20.93200000 26.21500000
-0.58190000 48.54400000 21.46300000 23.66800000
0.03520000 46.92100000 62.48700000 39.20200000
-0.03030000 40.57700000 15.12200000 44.09600000
0.69510000 47.63900000 61.56200000 41.01200000
-0.06450000 57.71400000 53.26700000 22.74600000
-0.51630000 52.08600000 22.67900000 31.51700000
0.01920000 20.91000000 29.66500000 40.69400000
-0.58190000 44.53700000 60.55300000 19.45500000
0.08800000 48.82100000 21.16500000 28.26500000
-0.01220000 54.60100000 56.19500000 38.19300000
0.34000000 37.44500000 29.58100000 13.85900000
0.29360000 19.58700000 28.50900000 36.06600000
-0.02490000 38.55900000 64.34300000 35.77400000
-0.06450000 47.82400000 61.99300000 39.56200000
0.06980000 40.52400000 16.58700000 31.13900000
-0.56790000 28.54100000 57.95100000 41.52000000
0.05860000 52.60500000 56.79300000 50.93200000
-0.58190000 43.15500000 15.86100000 45.19100000
0.11050000 18.55000000 29.08000000 33.37200000
0.27470000 18.96200000 27.85900000 31.50300000
-0.56790000 47.56900000 60.08800000 44.07100000
0.05600000 32.85300000 62.69200000 35.45500000
0.06980000 43.84400000 61.43600000 22.32700000
0.61230000 42.36000000 64.20700000 33.42100000
0.27190000 43.51300000 64.19100000 35.08500000
-0.80140000 56.75400000 53.89900000 38.09100000
0.10000000 40.70400000 19.98300000 24.14700000
0.13600000 35.63200000 22.74200000 19.13600000
-0.38540000 36.86100000 61.89100000 27.12300000
-0.01430000 43.42300000 16.15000000 34.10000000
0.06980000 45.04900000 18.34400000 29.12900000
0.73410000 20.14500000 25.81200000 29.99600000
0.10000000 42.36300000 20.00400000 24.79600000
0.58960000 45.66300000 61.50200000 26.73800000
0.14260000 36.87000000 63.76400000 31.91600000
0.53660000 19.37800000 27.11600000 33.32900000
-0.81880000 36.32200000 60.52700000 23.29700000
0.03620000 55.17200000 57.20800000 26.28900000
-0.01220000 40.83800000 61.01800000 46.09800000
-0.41570000 37.57800000 23.38000000 18.72900000
-0.01220000 41.04000000 14.81200000 43.15900000
0.27190000 38.48000000 23.35600000 19.18100000
0.34000000 36.17600000 62.21800000 27.79000000
0.03620000 56.45700000 55.99400000 26.31500000
0.53660000 50.55300000 21.08300000 30.23700000
0.03620000 39.26500000 63.92400000 30.97600000
-0.41570000 40.01100000 24.07800000 17.53900000
-0.20410000 42.14100000 22.26900000 19.96000000
-0.34790000 19.15700000 27.00700000 32.00800000
0.05860000 54.26100000 56.26800000 51.27100000
0.79940000 56.11700000 54.79100000 38.69700000
0.06210000 34.21800000 27.00400000 14.58500000
-0.80140000 38.55200000 14.39900000 43.00700000
-0.57480000 44.91400000 62.16600000 27.45600000
0.03520000 58.45100000 52.64400000 22.24000000
0.27190000 40.63900000 64.81800000 35.85000000
0.29360000 52.91900000 23.14300000 31.18400000
-0.01430000 35.97700000 28.11300000 14.04700000
-0.51630000 18.86600000 28.52400000 35.35800000
0.06980000 39.07900000 16.47700000 30.13100000
0.06210000 28.00200000 19.22100000 28.11700000
-0.05810000 45.75800000 60.38600000 45.62700000
-0.22070000 48.36500000 58.73300000 47.41900000
-0.04790000 42.18800000 15.43600000 34.65800000
0.42510000 48.51500000 60.89700000 42.65700000
-0.94070000 48.69300000 61.25500000 41.73000000
0.06210000 39.67200000 63.24300000 28.53000000
0.34000000 36.41800000 61.96100000 26.21800000
0.41960000 44.35300000 21.11000000 22.16300000
0.06420000 30.93200000 61.60000000 39.37200000
0.18680000 37.40300000 21.22700000 20.83800000
0.27470000 46.13800000 20.12000000 26.23700000
0.06980000 45.43300000 61.59600000 21.57700000
0.59730000 40.92700000 23.16900000 17.89100000
-0.58940000 20.39600000 24.78700000 29.35800000
-0.01730000 33.43200000 63.53700000 35.82800000
0.07970000 41.24600000 22.14500000 20.57000000
0.00430000 29.43400000 60.04600000 40.63300000
-0.01220000 41.37300000 60.15000000 47.54300000
-0.58190000 19.66000000 26.14200000 34.02900000
-0.02520000 44.79400000 17.47700000 29.73800000
-0.01220000 51.32300000 20.34700000 32.88300000
-0.01430000 38.09800000 62.70100000 27.17700000
-0.91910000 43.52600000 21.19500000 21.59000000
-0.04250000 30.79100000 62.33300000 34.87400000
0.18620000 36.02500000 20.02000000 22.03700000
-0.04790000 27.26600000 19.33200000 27.32100000
0.11350000 55.32100000 57.45600000 30.67800000
0.11350000 38.77300000 62.38900000 26.38000000
-0.25480000 45.63400000 62.01100000 24.27800000
-0.01220000 40.92300000 14.46700000 44.89500000
0.06410000 47.35300000 61.63600000 25.42100000
0.18680000 47.06800000 59.14100000 47.42200000
0.03810000 51.86000000 21.30600000 31.02200000
0.27190000 19.08900000 29.57000000 38.21400000
0.11350000 56.61300000 56.26300000 30.61200000
0.01030000 37.36600000 63.79700000 29.51200000
0.06210000 42.43900000 14.94300000 35.59700000
0.06410000 20.60500000 26.74700000 39.45200000
-0.58940000 43.81300000 18.44300000 26.73600000
-0.58190000 50.12900000 19.94300000 30.04300000
0.59730000 37.54100000 23.57500000 17.40700000
0.13600000 45.60800000 61.39900000 45.25200000
-0.38540000 55.71100000 21.96400000 34.40600000
0.42510000 49.62200000 61.34000000 41.34400000
0.10000000 52.38000000 59.74200000 28.51200000
-0.24000000 19.23200000 25.74400000 31.23300000
0.34000000 56.53800000 22.33700000 33.96300000
1.00000000 26.78500000 61.68100000 31.77300000
0.59730000 45.81500000 20.37500000 24.28000000
0.11350000 35.52000000 28.47500000 13.12600000
0.03520000 48.64000000 62.71500000 39.52600000
-0.02660000 46.38800000 62.13000000 25.52900000
0.14260000 19.68300000 24.97900000 31.86400000
-0.22070000 36.92900000 20.09900000 21.45100000
-0.02660000 20.05900000 27.65800000 39.69600000
-0.56790000 36.47300000 23.60500000 16.79100000
0.18620000 49.22100000 59.28800000 47.06300000
0.06980000 38.72100000 24.68200000 16.00900000
0.06210000 27.67300000 18.87600000 26.41900000
0.11350000 36.53900000 27.21000000 13.81200000
0.69510000 58.21400000 54.71200000 22.73400000
0.41960000 18.29600000 31.68100000 38.92600000
0.06980000 45.72100000 17.01600000 30.07900000
0.01360000 31.43200000 63.18000000 35.12000000
0.11160000 44.04500000 64.81300000 32.28300000
0.06210000 41.84600000 14.68100000 33.94900000
0.07970000 17.50000000 31.04000000 36.92900000
0.07970000 42.23500000 21.36600000 19.35600000
0.34000000 55.95800000 21.29800000 35.12400000
-0.01430000 56.32900000 57.27000000 30.30800000
-0.34790000 45.98300000 19.62800000 25.36900000
0.34000000 45.28100000 15.68300000 33.38200000
-0.04790000 56.33700000 57.35900000 28.77700000
-0.03030000 52.10200000 20.25900000 32.12600000
-0.02520000 38.86200000 23.81800000 16.65800000
-0.60860000 57.72600000 55.58400000 22.03900000
-0.80140000 56.62100000 55.42000000 39.65600000
0.01890000 19.76900000 29.13900000 41.56100000
0.02210000 43.19300000 65.30700000 32.75200000
-0.54320000 38.63600000 20.91900000 20.25400000
-0.38540000 44.37100000 15.24600000 33.40700000
0.02530000 20.51500000 27.12900000 41.73900000
-0.56790000 45.54400000 19.91300000 23.16500000
0.21170000 38.34400000 65.84300000 36.01800000
0.03620000 46.46900000 18.15500000 27.48300000
0.11050000 41.71700000 17.79600000 25.42000000
0.41960000 42.86700000 20.43300000 21.51600000
-0.41570000 18.48100000 28.76900000 38.12700000
-0.00740000 46.58500000 60.47400000 46.91400000
0.02130000 19.96300000 29.29100000 42.62300000
0.59730000 17.59800000 28.61600000 35.76300000
0.34000000 55.22500000 21.44900000 33.68600000
-0.41570000 44.05400000 16.52700000 28.91200000
0.11350000 25.69200000 18.89900000 28.73100000
0.19840000 42.04900000 65.23800000 31.04000000
0.27190000 43.78100000 16.85100000 27.99500000
0.08800000 52.64000000 21.13900000 30.28000000
0.11350000 37.84700000 63.75000000 27.02100000
-0.56790000 40.96500000 22.07200000 17.33300000
0.34000000 44.07200000 15.07500000 32.45800000
0.34000000 24.48700000 19.69800000 26.86700000
-0.04250000 31.50100000 63.79000000 34.21900000
-0.00700000 19.73200000 27.65700000 41.19500000
0.03520000 38.82000000 66.12400000 36.95700000
0.06210000 55.96600000 58.33400000 28.46000000
-0.01430000 25.99500000 18.57200000 27.73600000
0.03520000 37.27600000 66.04900000 36.09800000
0.03910000 44.13500000 63.32800000 23.56500000
-0.80140000 53.64200000 19.95700000 33.94700000
0.06210000 57.35400000 57.22500000 28.40800000
0.79940000 53.46900000 20.40200000 32.79100000
0.73410000 44.32900000 17.90100000 25.76200000
0.01920000 45.19400000 63.32500000 23.82600000
-0.81880000 31.01200000 63.76700000 37.42100000
0.02920000 42.17200000 66.30600000 35.18800000
0.06210000 48.67300000 18.25800000 28.33200000
0.01250000 44.48700000 65.86100000 34.36900000
-0.94070000 59.21600000 55.03300000 23.51600000
0.42510000 59.76100000 54.32000000 23.98000000
0.58960000 18.77600000 27.67600000 38.84000000
-0.04250000 39.70900000 17.41900000 24.23000000
0.02130000 18.83400000 29.61700000 41.26800000
-0.58190000 41.00600000 16.20900000 27.23900000
-0.01220000 52.04300000 19.26000000 31.69300000
0.15920000 42.40900000 65.94200000 31.66800000
0.01430000 17.31100000 28.91300000 37.25000000
0.03670000 45.98700000 60.94700000 47.69400000
0.34000000 44.43800000 14.36000000 33.88800000
-0.27950000 37.86100000 19.10100000 21.24100000
-0.91910000 17.40900000 31.53800000 39.38800000
0.41960000 17.19400000 32.00500000 40.25800000
0.03670000 47.45200000 61.10700000 46.72500000
-0.20410000 16.78100000 30.35300000 37.37500000
-0.56790000 16.66800000 28.57300000 34.95700000
0.06980000 39.06000000 22.94800000 16.03100000
-0.65460000 38.89300000 66.61600000 34.96400000
0.80540000 30.77500000 64.02600000 36.22100000
-0.80140000 54.39600000 20.99100000 32.19400000
-0.38540000 24.88200000 18.77400000 26.77600000
-0.24000000 45.79800000 18.17600000 25.44400000
-0.00940000 17.81800000 25.26100000 30.85800000
0.16350000 38.86700000 19.62400000 20.52200000
0.03620000 17.32700000 26.01900000 30.24900000
0.08650000 43.75900000 66.35800000 33.72800000
0.03910000 45.79200000 63.63200000 22.96800000
0.34000000 57.27700000 58.17200000 31.91400000
0.34000000 25.20400000 18.66200000 25.82500000
0.19840000 41.61000000 66.43700000 32.03900000
-0.00940000 46.71800000 17.64100000 26.55500000
0.53660000 43.72400000 15.27200000 29.23200000
-0.00700000 46.63200000 63.63700000 25.69500000
0.01030000 48.38000000 18.88200000 25.92900000
0.03970000 42.19500000 16.83400000 25.23300000
-0.38540000 57.26700000 58.24000000 30.90700000
0.34000000 50.89600000 18.66600000 29.11900000
-0.58190000 43.96300000 14.79300000 30.35200000
0.02530000 46.67900000 63.94000000 26.74100000
0.11350000 26.24300000 17.51200000 27.80100000
0.42510000 59.45100000 56.01200000 23.58700000
0.53660000 41.96600000 15.98900000 26.50600000
0.33390000 37.84900000 18.16100000 21.61000000
0.03620000 17.91200000 24.35300000 30.26200000
0.11350000 50.48100000 19.02500000 26.74900000
0.03340000 42.74700000 67.05900000 34.65000000
0.07970000 15.85100000 30.44000000 36.81300000
0.02530000 18.75900000 27.21500000 41.41200000
0.02130000 44.57900000 64.28600000 25.65100000
0.71300000 16.50200000 30.79800000 38.79700000
-0.51630000 43.62600000 17.08800000 24.97200000
0.01890000 45.44500000 64.28200000 24.98900000
0.02530000 47.55300000 63.91300000 25.18100000
0.19840000 42.96700000 66.60100000 31.14400000
-0.04790000 49.05700000 17.63200000 27.52700000
0.01030000 16.73800000 25.86400000 32.63100000
0.01870000 48.21200000 17.86000000 26.26700000
0.01360000 39.97700000 16.37300000 24.08300000
-0.57480000 18.03700000 26.69000000 38.84800000
-0.04250000 39.62800000 15.80600000 24.94600000
0.14350000 39.75000000 19.08000000 20.21700000
0.34000000 57.03800000 59.18600000 30.63500000
0.42750000 38.87500000 67.53300000 35.24700000
0.34000000 58.20900000 58.07500000 30.58100000
0.03620000 46.54200000 16.57400000 26.69200000
0.10480000 16.53100000 28.22500000 37.57500000
0.34000000 24.14500000 18.09400000 26.89700000
0.01870000 16.94100000 24.94500000 32.08200000
0.01030000 17.46500000 24.24900000 32.73700000
0.01250000 44.30400000 67.10700000 33.15400000
0.14260000 46.05500000 17.70600000 24.49500000
0.02920000 43.30600000 67.62700000 35.39300000
-0.81880000 29.98300000 64.93700000 35.86600000
0.08800000 42.02200000 14.20500000 28.49900000
0.05600000 41.51100000 16.26200000 23.98500000
-0.01730000 41.83400000 16.82800000 23.11200000
-0.51630000 42.91100000 15.10600000 26.83900000
-0.38540000 51.34100000 18.08700000 28.42100000
-0.01430000 50.49700000 18.03800000 27.21100000
0.03810000 43.02700000 14.42100000 28.13700000
0.06210000 49.01200000 16.58400000 27.82400000
-0.81880000 38.30900000 16.47800000 22.35100000
0.29360000 44.07200000 16.65700000 24.17500000
0.34000000 52.22900000 18.51200000 28.19700000
-0.27740000 41.57500000 68.19200000 33.86600000
0.02130000 45.67400000 65.29000000 24.64400000
0.29360000 43.69200000 14.98900000 26.20800000
0.80540000 39.26700000 15.83400000 22.83500000
0.01030000 48.53200000 17.17600000 25.48100000
-0.59310000 15.45400000 30.49700000 39.35700000
0.34000000 51.48500000 17.16600000 28.80900000
-0.01730000 41.81600000 15.22300000 23.85600000
0.11350000 50.91500000 17.33700000 26.48800000
-0.80140000 45.67700000 14.29900000 27.09300000
-0.04790000 15.61100000 24.32100000 31.64200000
0.06210000 15.14300000 24.97100000 30.90200000
-0.03030000 43.75300000 13.08000000 27.91700000
0.06210000 15.80100000 23.34900000 31.18600000
-0.01220000 43.79800000 12.54000000 28.86300000
0.05970000 43.34600000 69.07900000 32.48300000
-0.81880000 39.64500000 14.72700000 22.37100000
0.11350000 14.59600000 25.07600000 33.37700000
-0.03410000 42.70100000 69.47200000 33.26900000
0.79940000 45.17400000 13.18400000 27.34500000
0.05970000 43.31100000 69.82600000 34.10000000
-0.01430000 14.67000000 24.13400000 32.83300000
-0.01220000 43.15500000 12.47800000 27.23300000
0.11350000 15.09600000 23.38700000 33.50400000
0.05970000 42.12200000 70.30400000 32.86900000
1.00000000 36.47300000 12.17100000 24.47900000
-0.80140000 45.79600000 12.11400000 27.13800000
-0.38540000 13.32200000 23.70500000 32.39300000
0.34000000 12.85000000 24.44000000 31.88500000
0.34000000 13.36000000 22.87000000 31.82700000
0.34000000 12.73800000 23.48900000 33.18800000
