wavenumber_cm,absorption,cd
18188.2000,1.04290034e-03,-1.03809660e+01
18188.6501,1.04394510e-03,-1.03963839e+01
18189.1002,1.04499143e-03,-1.04118322e+01
18189.5503,1.04603933e-03,-1.04273111e+01
18190.0005,1.04708880e-03,-1.04428205e+01
18190.4506,1.04813985e-03,-1.04583607e+01
18190.9007,1.04919248e-03,-1.04739316e+01
18191.3508,1.05024669e-03,-1.04895334e+01
18191.8009,1.05130249e-03,-1.05051660e+01
18192.2510,1.05235988e-03,-1.05208297e+01
18192.7011,1.05341886e-03,-1.05365244e+01
18193.1512,1.05447944e-03,-1.05522503e+01
18193.6014,1.05554162e-03,-1.05680073e+01
18194.0515,1.05660540e-03,-1.05837957e+01
18194.5016,1.05767078e-03,-1.05996155e+01
18194.9517,1.05873777e-03,-1.06154667e+01
18195.4018,1.05980638e-03,-1.06313494e+01
18195.8519,1.06087660e-03,-1.06472638e+01
18196.3020,1.06194844e-03,-1.06632098e+01
18196.7521,1.06302189e-03,-1.06791876e+01
18197.2023,1.06409698e-03,-1.06951973e+01
18197.6524,1.06517369e-03,-1.07112388e+01
18198.1025,1.06625204e-03,-1.07273124e+01
18198.5526,1.06733202e-03,-1.07434180e+01
18199.0027,1.06841363e-03,-1.07595559e+01
18199.4528,1.06949689e-03,-1.07757259e+01
18199.9029,1.07058179e-03,-1.07919283e+01
18200.3530,1.07166835e-03,-1.08081631e+01
18200.8032,1.07275655e-03,-1.08244303e+01
18201.2533,1.07384640e-03,-1.08407302e+01
18201.7034,1.07493792e-03,-1.08570627e+01
18202.1535,1.07603110e-03,-1.08734279e+01
18202.6036,1.07712594e-03,-1.08898259e+01
18203.0537,1.07822245e-03,-1.09062568e+01
18203.5038,1.07932063e-03,-1.09227207e+01
18203.9539,1.08042048e-03,-1.09392176e+01
18204.4041,1.08152202e-03,-1.09557477e+01
18204.8542,1.08262523e-03,-1.09723110e+01
18205.3043,1.08373013e-03,-1.09889076e+01
18205.7544,1.08483672e-03,-1.10055376e+01
18206.2045,1.08594500e-03,-1.10222011e+01
18206.6546,1.08705498e-03,-1.10388981e+01
18207.1047,1.08816666e-03,-1.10556288e+01
18207.5548,1.08928004e-03,-1.10723932e+01
18208.0050,1.09039512e-03,-1.10891914e+01
18208.4551,1.09151191e-03,-1.11060235e+01
18208.9052,1.09263042e-03,-1.11228895e+01
18209.3553,1.09375064e-03,-1.11397897e+01
18209.8054,1.09487258e-03,-1.11567240e+01
18210.2555,1.09599625e-03,-1.11736925e+01
18210.7056,1.09712164e-03,-1.11906954e+01
18211.1557,1.09824876e-03,-1.12077327e+01
18211.6059,1.09937762e-03,-1.12248044e+01
18212.0560,1.10050821e-03,-1.12419108e+01
18212.5061,1.10164055e-03,-1.12590518e+01
18212.9562,1.10277462e-03,-1.12762276e+01
18213.4063,1.10391045e-03,-1.12934382e+01
18213.8564,1.10504803e-03,-1.13106838e+01
18214.3065,1.10618736e-03,-1.13279644e+01
18214.7566,1.10732846e-03,-1.13452801e+01
18215.2068,1.10847131e-03,-1.13626310e+01
18215.6569,1.10961594e-03,-1.13800172e+01
18216.1070,1.11076233e-03,-1.13974388e+01
18216.5571,1.11191049e-03,-1.14148958e+01
18217.0072,1.11306043e-03,-1.14323885e+01
18217.4573,1.11421216e-03,-1.14499167e+01
18217.9074,1.11536566e-03,-1.14674807e+01
18218.3575,1.11652096e-03,-1.14850806e+01
18218.8077,1.11767805e-03,-1.15027163e+01
18219.2578,1.11883693e-03,-1.15203881e+01
18219.7079,1.11999761e-03,-1.15380960e+01
18220.1580,1.12116010e-03,-1.15558401e+01
18220.6081,1.12232439e-03,-1.15736204e+01
18221.0582,1.12349049e-03,-1.15914372e+01
18221.5083,1.12465840e-03,-1.16092904e+01
18221.9584,1.12582814e-03,-1.16271802e+01
18222.4086,1.12699969e-03,-1.16451067e+01
18222.8587,1.12817307e-03,-1.16630699e+01
18223.3088,1.12934828e-03,-1.16810699e+01
18223.7589,1.13052533e-03,-1.16991070e+01
18224.2090,1.13170421e-03,-1.17171810e+01
18224.6591,1.13288493e-03,-1.17352922e+01
18225.1092,1.13406749e-03,-1.17534406e+01
18225.5593,1.13525190e-03,-1.17716263e+01
18226.0095,1.13643817e-03,-1.17898495e+01
18226.4596,1.13762629e-03,-1.18081102e+01
18226.9097,1.13881627e-03,-1.18264085e+01
18227.3598,1.14000812e-03,-1.18447445e+01
18227.8099,1.14120183e-03,-1.18631183e+01
18228.2600,1.14239741e-03,-1.18815300e+01
18228.7101,1.14359487e-03,-1.18999797e+01
18229.1602,1.14479421e-03,-1.19184675e+01
18229.6104,1.14599543e-03,-1.19369935e+01
18230.0605,1.14719854e-03,-1.19555578e+01
18230.5106,1.14840354e-03,-1.19741604e+01
18230.9607,1.14961043e-03,-1.19928016e+01
18231.4108,1.15081923e-03,-1.20114814e+01
18231.8609,1.15202992e-03,-1.20301998e+01
18232.3110,1.15324253e-03,-1.20489571e+01
18232.7611,1.15445704e-03,-1.20677532e+01
18233.2113,1.15567347e-03,-1.20865884e+01
18233.6614,1.15689182e-03,-1.21054626e+01
18234.1115,1.15811209e-03,-1.21243760e+01
18234.5616,1.15933429e-03,-1.21433287e+01
18235.0117,1.16055842e-03,-1.21623208e+01
18235.4618,1.16178449e-03,-1.21813525e+01
18235.9119,1.16301249e-03,-1.22004237e+01
18236.3620,1.16424244e-03,-1.22195346e+01
18236.8122,1.16547433e-03,-1.22386853e+01
18237.2623,1.16670818e-03,-1.22578759e+01
18237.7124,1.16794398e-03,-1.22771066e+01
18238.1625,1.16918175e-03,-1.22963774e+01
18238.6126,1.17042147e-03,-1.23156884e+01
18239.0627,1.17166317e-03,-1.23350397e+01
18239.5128,1.17290683e-03,-1.23544314e+01
18239.9629,1.17415248e-03,-1.23738637e+01
18240.4131,1.17540010e-03,-1.23933366e+01
18240.8632,1.17664971e-03,-1.24128503e+01
18241.3133,1.17790130e-03,-1.24324048e+01
18241.7634,1.17915489e-03,-1.24520003e+01
18242.2135,1.18041048e-03,-1.24716369e+01
18242.6636,1.18166807e-03,-1.24913147e+01
18243.1137,1.18292767e-03,-1.25110337e+01
18243.5638,1.18418927e-03,-1.25307941e+01
18244.0140,1.18545289e-03,-1.25505960e+01
18244.4641,1.18671853e-03,-1.25704395e+01
18244.9142,1.18798619e-03,-1.25903248e+01
18245.3643,1.18925588e-03,-1.26102519e+01
18245.8144,1.19052760e-03,-1.26302209e+01
18246.2645,1.19180136e-03,-1.26502319e+01
18246.7146,1.19307715e-03,-1.26702851e+01
18247.1647,1.19435499e-03,-1.26903806e+01
18247.6149,1.19563488e-03,-1.27105185e+01
18248.0650,1.19691683e-03,-1.27306988e+01
18248.5151,1.19820083e-03,-1.27509218e+01
18248.9652,1.19948689e-03,-1.27711874e+01
18249.4153,1.20077502e-03,-1.27914959e+01
18249.8654,1.20206522e-03,-1.28118474e+01
18250.3155,1.20335749e-03,-1.28322418e+01
18250.7656,1.20465185e-03,-1.28526795e+01
18251.2158,1.20594829e-03,-1.28731604e+01
18251.6659,1.20724682e-03,-1.28936847e+01
18252.1160,1.20854744e-03,-1.29142526e+01
18252.5661,1.20985016e-03,-1.29348640e+01
18253.0162,1.21115498e-03,-1.29555192e+01
18253.4663,1.21246191e-03,-1.29762183e+01
18253.9164,1.21377095e-03,-1.29969613e+01
18254.3665,1.21508210e-03,-1.30177484e+01
18254.8167,1.21639538e-03,-1.30385797e+01
18255.2668,1.21771078e-03,-1.30594553e+01
18255.7169,1.21902831e-03,-1.30803754e+01
18256.1670,1.22034797e-03,-1.31013400e+01
18256.6171,1.22166978e-03,-1.31223493e+01
18257.0672,1.22299372e-03,-1.31434034e+01
18257.5173,1.22431982e-03,-1.31645025e+01
18257.9674,1.22564806e-03,-1.31856465e+01
18258.4176,1.22697847e-03,-1.32068357e+01
18258.8677,1.22831103e-03,-1.32280702e+01
18259.3178,1.22964576e-03,-1.32493500e+01
18259.7679,1.23098267e-03,-1.32706754e+01
18260.2180,1.23232174e-03,-1.32920464e+01
18260.6681,1.23366300e-03,-1.33134632e+01
18261.1182,1.23500645e-03,-1.33349258e+01
18261.5683,1.23635208e-03,-1.33564344e+01
18262.0185,1.23769991e-03,-1.33779892e+01
18262.4686,1.23904994e-03,-1.33995902e+01
18262.9187,1.24040217e-03,-1.34212376e+01
18263.3688,1.24175662e-03,-1.34429315e+01
18263.8189,1.24311327e-03,-1.34646720e+01
18264.2690,1.24447215e-03,-1.34864592e+01
18264.7191,1.24583325e-03,-1.35082933e+01
18265.1692,1.24719657e-03,-1.35301744e+01
18265.6194,1.24856214e-03,-1.35521027e+01
18266.0695,1.24992993e-03,-1.35740781e+01
18266.5196,1.25129998e-03,-1.35961010e+01
18266.9697,1.25267227e-03,-1.36181713e+01
18267.4198,1.25404681e-03,-1.36402893e+01
18267.8699,1.25542361e-03,-1.36624551e+01
18268.3200,1.25680267e-03,-1.36846687e+01
18268.7701,1.25818400e-03,-1.37069303e+01
18269.2203,1.25956760e-03,-1.37292401e+01
18269.6704,1.26095348e-03,-1.37515982e+01
18270.1205,1.26234165e-03,-1.37740046e+01
18270.5706,1.26373210e-03,-1.37964596e+01
18271.0207,1.26512484e-03,-1.38189633e+01
18271.4708,1.26651988e-03,-1.38415158e+01
18271.9209,1.26791722e-03,-1.38641172e+01
18272.3710,1.26931688e-03,-1.38867676e+01
18272.8212,1.27071884e-03,-1.39094673e+01
18273.2713,1.27212312e-03,-1.39322162e+01
18273.7214,1.27352973e-03,-1.39550147e+01
18274.1715,1.27493866e-03,-1.39778627e+01
18274.6216,1.27634992e-03,-1.40007605e+01
18275.0717,1.27776353e-03,-1.40237081e+01
18275.5218,1.27917948e-03,-1.40467057e+01
18275.9719,1.28059777e-03,-1.40697535e+01
18276.4221,1.28201842e-03,-1.40928515e+01
18276.8722,1.28344143e-03,-1.41160000e+01
18277.3223,1.28486680e-03,-1.41391989e+01
18277.7724,1.28629455e-03,-1.41624486e+01
18278.2225,1.28772466e-03,-1.41857491e+01
18278.6726,1.28915716e-03,-1.42091005e+01
18279.1227,1.29059204e-03,-1.42325031e+01
18279.5728,1.29202932e-03,-1.42559569e+01
18280.0230,1.29346899e-03,-1.42794620e+01
18280.4731,1.29491106e-03,-1.43030187e+01
18280.9232,1.29635553e-03,-1.43266271e+01
18281.3733,1.29780242e-03,-1.43502872e+01
18281.8234,1.29925173e-03,-1.43739993e+01
18282.2735,1.30070345e-03,-1.43977634e+01
18282.7236,1.30215761e-03,-1.44215798e+01
18283.1737,1.30361420e-03,-1.44454486e+01
18283.6239,1.30507323e-03,-1.44693698e+01
18284.0740,1.30653470e-03,-1.44933438e+01
18284.5241,1.30799862e-03,-1.45173705e+01
18284.9742,1.30946500e-03,-1.45414502e+01
18285.4243,1.31093383e-03,-1.45655829e+01
18285.8744,1.31240514e-03,-1.45897689e+01
18286.3245,1.31387891e-03,-1.46140083e+01
18286.7746,1.31535516e-03,-1.46383012e+01
18287.2248,1.31683390e-03,-1.46626478e+01
18287.6749,1.31831512e-03,-1.46870482e+01
18288.1250,1.31979884e-03,-1.47115026e+01
18288.5751,1.32128505e-03,-1.47360111e+01
18289.0252,1.32277377e-03,-1.47605739e+01
18289.4753,1.32426500e-03,-1.47851911e+01
18289.9254,1.32575875e-03,-1.48098629e+01
18290.3755,1.32725502e-03,-1.48345894e+01
18290.8257,1.32875382e-03,-1.48593707e+01
18291.2758,1.33025514e-03,-1.48842071e+01
18291.7259,1.33175901e-03,-1.49090987e+01
18292.1760,1.33326543e-03,-1.49340456e+01
18292.6261,1.33477439e-03,-1.49590480e+01
18293.0762,1.33628591e-03,-1.49841060e+01
18293.5263,1.33779999e-03,-1.50092198e+01
18293.9764,1.33931664e-03,-1.50343896e+01
18294.4266,1.34083586e-03,-1.50596154e+01
18294.8767,1.34235766e-03,-1.50848975e+01
18295.3268,1.34388205e-03,-1.51102361e+01
18295.7769,1.34540902e-03,-1.51356312e+01
18296.2270,1.34693860e-03,-1.51610830e+01
18296.6771,1.34847077e-03,-1.51865917e+01
18297.1272,1.35000556e-03,-1.52121575e+01
18297.5773,1.35154295e-03,-1.52377804e+01
18298.0275,1.35308297e-03,-1.52634607e+01
18298.4776,1.35462562e-03,-1.52891986e+01
18298.9277,1.35617090e-03,-1.53149941e+01
18299.3778,1.35771881e-03,-1.53408475e+01
18299.8279,1.35926937e-03,-1.53667589e+01
18300.2780,1.36082258e-03,-1.53927284e+01
18300.7281,1.36237845e-03,-1.54187563e+01
18301.1782,1.36393697e-03,-1.54448426e+01
18301.6284,1.36549817e-03,-1.54709877e+01
18302.0785,1.36706204e-03,-1.54971915e+01
18302.5286,1.36862859e-03,-1.55234543e+01
18302.9787,1.37019783e-03,-1.55497763e+01
18303.4288,1.37176976e-03,-1.55761576e+01
18303.8789,1.37334439e-03,-1.56025984e+01
18304.3290,1.37492172e-03,-1.56290988e+01
18304.7791,1.37650177e-03,-1.56556591e+01
18305.2293,1.37808453e-03,-1.56822793e+01
18305.6794,1.37967002e-03,-1.57089597e+01
18306.1295,1.38125823e-03,-1.57357005e+01
18306.5796,1.38284918e-03,-1.57625017e+01
18307.0297,1.38444288e-03,-1.57893636e+01
18307.4798,1.38603932e-03,-1.58162863e+01
18307.9299,1.38763852e-03,-1.58432700e+01
18308.3800,1.38924048e-03,-1.58703150e+01
18308.8302,1.39084521e-03,-1.58974212e+01
18309.2803,1.39245271e-03,-1.59245890e+01
18309.7304,1.39406299e-03,-1.59518185e+01
18310.1805,1.39567605e-03,-1.59791099e+01
18310.6306,1.39729192e-03,-1.60064633e+01
18311.0807,1.39891058e-03,-1.60338790e+01
18311.5308,1.40053204e-03,-1.60613570e+01
18311.9809,1.40215632e-03,-1.60888976e+01
18312.4311,1.40378342e-03,-1.61165010e+01
18312.8812,1.40541334e-03,-1.61441673e+01
18313.3313,1.40704610e-03,-1.61718968e+01
18313.7814,1.40868169e-03,-1.61996895e+01
18314.2315,1.41032013e-03,-1.62275457e+01
18314.6816,1.41196142e-03,-1.62554656e+01
18315.1317,1.41360557e-03,-1.62834493e+01
18315.5818,1.41525258e-03,-1.63114970e+01
18316.0320,1.41690247e-03,-1.63396089e+01
18316.4821,1.41855523e-03,-1.63677852e+01
18316.9322,1.42021088e-03,-1.63960261e+01
18317.3823,1.42186942e-03,-1.64243317e+01
18317.8324,1.42353086e-03,-1.64527022e+01
18318.2825,1.42519520e-03,-1.64811379e+01
18318.7326,1.42686246e-03,-1.65096389e+01
18319.1827,1.42853263e-03,-1.65382053e+01
18319.6329,1.43020573e-03,-1.65668375e+01
18320.0830,1.43188176e-03,-1.65955355e+01
18320.5331,1.43356073e-03,-1.66242996e+01
18320.9832,1.43524265e-03,-1.66531299e+01
18321.4333,1.43692752e-03,-1.66820267e+01
18321.8834,1.43861534e-03,-1.67109901e+01
18322.3335,1.44030614e-03,-1.67400203e+01
18322.7836,1.44199991e-03,-1.67691175e+01
18323.2338,1.44369666e-03,-1.67982820e+01
18323.6839,1.44539639e-03,-1.68275138e+01
18324.1340,1.44709912e-03,-1.68568132e+01
18324.5841,1.44880486e-03,-1.68861804e+01
18325.0342,1.45051360e-03,-1.69156156e+01
18325.4843,1.45222535e-03,-1.69451190e+01
18325.9344,1.45394013e-03,-1.69746907e+01
18326.3845,1.45565794e-03,-1.70043311e+01
18326.8347,1.45737878e-03,-1.70340402e+01
18327.2848,1.45910267e-03,-1.70638182e+01
18327.7349,1.46082961e-03,-1.70936654e+01
18328.1850,1.46255961e-03,-1.71235820e+01
18328.6351,1.46429268e-03,-1.71535682e+01
18329.0852,1.46602881e-03,-1.71836241e+01
18329.5353,1.46776803e-03,-1.72137500e+01
18329.9854,1.46951033e-03,-1.72439461e+01
18330.4356,1.47125573e-03,-1.72742126e+01
18330.8857,1.47300423e-03,-1.73045496e+01
18331.3358,1.47475584e-03,-1.73349575e+01
18331.7859,1.47651057e-03,-1.73654363e+01
18332.2360,1.47826842e-03,-1.73959863e+01
18332.6861,1.48002940e-03,-1.74266078e+01
18333.1362,1.48179352e-03,-1.74573008e+01
18333.5863,1.48356078e-03,-1.74880657e+01
18334.0365,1.48533120e-03,-1.75189026e+01
18334.4866,1.48710478e-03,-1.75498118e+01
18334.9367,1.48888153e-03,-1.75807934e+01
18335.3868,1.49066145e-03,-1.76118477e+01
18335.8369,1.49244456e-03,-1.76429748e+01
18336.2870,1.49423086e-03,-1.76741751e+01
18336.7371,1.49602036e-03,-1.77054487e+01
18337.1872,1.49781307e-03,-1.77367957e+01
18337.6374,1.49960899e-03,-1.77682165e+01
18338.0875,1.50140813e-03,-1.77997113e+01
18338.5376,1.50321050e-03,-1.78312802e+01
18338.9877,1.50501610e-03,-1.78629236e+01
18339.4378,1.50682496e-03,-1.78946415e+01
18339.8879,1.50863706e-03,-1.79264342e+01
18340.3380,1.51045243e-03,-1.79583020e+01
18340.7881,1.51227106e-03,-1.79902450e+01
18341.2383,1.51409297e-03,-1.80222636e+01
18341.6884,1.51591816e-03,-1.80543578e+01
18342.1385,1.51774665e-03,-1.80865280e+01
18342.5886,1.51957843e-03,-1.81187743e+01
18343.0387,1.52141352e-03,-1.81510970e+01
18343.4888,1.52325193e-03,-1.81834963e+01
18343.9389,1.52509366e-03,-1.82159725e+01
18344.3890,1.52693872e-03,-1.82485256e+01
18344.8392,1.52878713e-03,-1.82811561e+01
18345.2893,1.53063888e-03,-1.83138641e+01
18345.7394,1.53249398e-03,-1.83466498e+01
18346.1895,1.53435245e-03,-1.83795135e+01
18346.6396,1.53621429e-03,-1.84124554e+01
18347.0897,1.53807951e-03,-1.84454758e+01
18347.5398,1.53994812e-03,-1.84785748e+01
18347.9899,1.54182012e-03,-1.85117527e+01
18348.4401,1.54369553e-03,-1.85450097e+01
18348.8902,1.54557435e-03,-1.85783461e+01
18349.3403,1.54745659e-03,-1.86117621e+01
18349.7904,1.54934227e-03,-1.86452580e+01
18350.2405,1.55123137e-03,-1.86788339e+01
18350.6906,1.55312393e-03,-1.87124902e+01
18351.1407,1.55501994e-03,-1.87462270e+01
18351.5908,1.55691941e-03,-1.87800446e+01
18352.0410,1.55882235e-03,-1.88139432e+01
18352.4911,1.56072877e-03,-1.88479232e+01
18352.9412,1.56263868e-03,-1.88819846e+01
18353.3913,1.56455209e-03,-1.89161278e+01
18353.8414,1.56646900e-03,-1.89503530e+01
18354.2915,1.56838942e-03,-1.89846605e+01
18354.7416,1.57031337e-03,-1.90190505e+01
18355.1917,1.57224085e-03,-1.90535232e+01
18355.6419,1.57417186e-03,-1.90880790e+01
18356.0920,1.57610643e-03,-1.91227179e+01
18356.5421,1.57804455e-03,-1.91574404e+01
18356.9922,1.57998623e-03,-1.91922466e+01
18357.4423,1.58193149e-03,-1.92271368e+01
18357.8924,1.58388033e-03,-1.92621113e+01
18358.3425,1.58583277e-03,-1.92971703e+01
18358.7926,1.58778880e-03,-1.93323140e+01
18359.2428,1.58974844e-03,-1.93675427e+01
18359.6929,1.59171170e-03,-1.94028568e+01
18360.1430,1.59367859e-03,-1.94382563e+01
18360.5931,1.59564911e-03,-1.94737416e+01
18361.0432,1.59762328e-03,-1.95093130e+01
18361.4933,1.59960110e-03,-1.95449706e+01
18361.9434,1.60158258e-03,-1.95807148e+01
18362.3935,1.60356773e-03,-1.96165459e+01
18362.8437,1.60555657e-03,-1.96524640e+01
18363.2938,1.60754909e-03,-1.96884695e+01
18363.7439,1.60954532e-03,-1.97245626e+01
18364.1940,1.61154525e-03,-1.97607436e+01
18364.6441,1.61354890e-03,-1.97970127e+01
18365.0942,1.61555627e-03,-1.98333703e+01
18365.5443,1.61756738e-03,-1.98698165e+01
18365.9944,1.61958224e-03,-1.99063517e+01
18366.4446,1.62160085e-03,-1.99429761e+01
18366.8947,1.62362322e-03,-1.99796900e+01
18367.3448,1.62564936e-03,-2.00164936e+01
18367.7949,1.62767929e-03,-2.00533873e+01
18368.2450,1.62971301e-03,-2.00903713e+01
18368.6951,1.63175052e-03,-2.01274459e+01
18369.1452,1.63379185e-03,-2.01646114e+01
18369.5953,1.63583700e-03,-2.02018680e+01
18370.0455,1.63788598e-03,-2.02392160e+01
18370.4956,1.63993879e-03,-2.02766558e+01
18370.9457,1.64199546e-03,-2.03141875e+01
18371.3958,1.64405598e-03,-2.03518114e+01
18371.8459,1.64612037e-03,-2.03895279e+01
18372.2960,1.64818863e-03,-2.04273373e+01
18372.7461,1.65026079e-03,-2.04652397e+01
18373.1962,1.65233684e-03,-2.05032356e+01
18373.6464,1.65441679e-03,-2.05413251e+01
18374.0965,1.65650066e-03,-2.05795086e+01
18374.5466,1.65858846e-03,-2.06177863e+01
18374.9967,1.66068020e-03,-2.06561586e+01
18375.4468,1.66277587e-03,-2.06946258e+01
18375.8969,1.66487551e-03,-2.07331881e+01
18376.3470,1.66697911e-03,-2.07718458e+01
18376.7971,1.66908668e-03,-2.08105992e+01
18377.2473,1.67119824e-03,-2.08494486e+01
18377.6974,1.67331380e-03,-2.08883943e+01
18378.1475,1.67543336e-03,-2.09274367e+01
18378.5976,1.67755693e-03,-2.09665759e+01
18379.0477,1.67968453e-03,-2.10058124e+01
18379.4978,1.68181617e-03,-2.10451464e+01
18379.9479,1.68395185e-03,-2.10845781e+01
18380.3980,1.68609159e-03,-2.11241080e+01
18380.8482,1.68823539e-03,-2.11637363e+01
18381.2983,1.69038327e-03,-2.12034633e+01
18381.7484,1.69253524e-03,-2.12432893e+01
18382.1985,1.69469131e-03,-2.12832147e+01
18382.6486,1.69685148e-03,-2.13232397e+01
18383.0987,1.69901577e-03,-2.13633646e+01
18383.5488,1.70118419e-03,-2.14035898e+01
18383.9989,1.70335675e-03,-2.14439156e+01
18384.4491,1.70553345e-03,-2.14843423e+01
18384.8992,1.70771432e-03,-2.15248701e+01
18385.3493,1.70989936e-03,-2.15654995e+01
18385.7994,1.71208857e-03,-2.16062307e+01
18386.2495,1.71428198e-03,-2.16470641e+01
18386.6996,1.71647959e-03,-2.16879999e+01
18387.1497,1.71868142e-03,-2.17290385e+01
18387.5998,1.72088747e-03,-2.17701802e+01
18388.0500,1.72309775e-03,-2.18114254e+01
18388.5001,1.72531228e-03,-2.18527743e+01
18388.9502,1.72753106e-03,-2.18942272e+01
18389.4003,1.72975411e-03,-2.19357846e+01
18389.8504,1.73198144e-03,-2.19774467e+01
18390.3005,1.73421306e-03,-2.20192139e+01
18390.7506,1.73644898e-03,-2.20610865e+01
18391.2008,1.73868921e-03,-2.21030648e+01
18391.6509,1.74093376e-03,-2.21451491e+01
18392.1010,1.74318264e-03,-2.21873398e+01
18392.5511,1.74543587e-03,-2.22296373e+01
18393.0012,1.74769345e-03,-2.22720418e+01
18393.4513,1.74995540e-03,-2.23145537e+01
18393.9014,1.75222173e-03,-2.23571733e+01
18394.3515,1.75449244e-03,-2.23999010e+01
18394.8017,1.75676756e-03,-2.24427372e+01
18395.2518,1.75904709e-03,-2.24856820e+01
18395.7019,1.76133104e-03,-2.25287360e+01
18396.1520,1.76361942e-03,-2.25718994e+01
18396.6021,1.76591225e-03,-2.26151727e+01
18397.0522,1.76820954e-03,-2.26585560e+01
18397.5023,1.77051130e-03,-2.27020499e+01
18397.9524,1.77281753e-03,-2.27456545e+01
18398.4026,1.77512826e-03,-2.27893704e+01
18398.8527,1.77744349e-03,-2.28331978e+01
18399.3028,1.77976324e-03,-2.28771371e+01
18399.7529,1.78208751e-03,-2.29211887e+01
18400.2030,1.78441633e-03,-2.29653528e+01
18400.6531,1.78674969e-03,-2.30096300e+01
18401.1032,1.78908761e-03,-2.30540204e+01
18401.5533,1.79143011e-03,-2.30985246e+01
18402.0035,1.79377720e-03,-2.31431428e+01
18402.4536,1.79612888e-03,-2.31878754e+01
18402.9037,1.79848517e-03,-2.32327228e+01
18403.3538,1.80084609e-03,-2.32776853e+01
18403.8039,1.80321164e-03,-2.33227634e+01
18404.2540,1.80558183e-03,-2.33679573e+01
18404.7041,1.80795668e-03,-2.34132675e+01
18405.1542,1.81033621e-03,-2.34586943e+01
18405.6044,1.81272041e-03,-2.35042381e+01
18406.0545,1.81510931e-03,-2.35498992e+01
18406.5046,1.81750292e-03,-2.35956782e+01
18406.9547,1.81990124e-03,-2.36415752e+01
18407.4048,1.82230430e-03,-2.36875908e+01
18407.8549,1.82471210e-03,-2.37337252e+01
18408.3050,1.82712466e-03,-2.37799789e+01
18408.7551,1.82954199e-03,-2.38263523e+01
18409.2053,1.83196410e-03,-2.38728457e+01
18409.6554,1.83439100e-03,-2.39194596e+01
18410.1055,1.83682271e-03,-2.39661942e+01
18410.5556,1.83925924e-03,-2.40130500e+01
18411.0057,1.84170060e-03,-2.40600275e+01
18411.4558,1.84414680e-03,-2.41071269e+01
18411.9059,1.84659787e-03,-2.41543487e+01
18412.3560,1.84905380e-03,-2.42016933e+01
18412.8062,1.85151462e-03,-2.42491611e+01
18413.2563,1.85398033e-03,-2.42967524e+01
18413.7064,1.85645095e-03,-2.43444677e+01
18414.1565,1.85892649e-03,-2.43923074e+01
18414.6066,1.86140697e-03,-2.44402718e+01
18415.0567,1.86389240e-03,-2.44883614e+01
18415.5068,1.86638279e-03,-2.45365766e+01
18415.9569,1.86887815e-03,-2.45849179e+01
18416.4071,1.87137850e-03,-2.46333855e+01
18416.8572,1.87388385e-03,-2.46819799e+01
18417.3073,1.87639422e-03,-2.47307016e+01
18417.7574,1.87890961e-03,-2.47795509e+01
18418.2075,1.88143004e-03,-2.48285283e+01
18418.6576,1.88395553e-03,-2.48776341e+01
18419.1077,1.88648608e-03,-2.49268689e+01
18419.5578,1.88902172e-03,-2.49762329e+01
18420.0080,1.89156245e-03,-2.50257267e+01
18420.4581,1.89410829e-03,-2.50753507e+01
18420.9082,1.89665925e-03,-2.51251053e+01
18421.3583,1.89921535e-03,-2.51749908e+01
18421.8084,1.90177660e-03,-2.52250079e+01
18422.2585,1.90434301e-03,-2.52751568e+01
18422.7086,1.90691459e-03,-2.53254380e+01
18423.1587,1.90949137e-03,-2.53758520e+01
18423.6089,1.91207336e-03,-2.54263991e+01
18424.0590,1.91466056e-03,-2.54770799e+01
18424.5091,1.91725299e-03,-2.55278947e+01
18424.9592,1.91985067e-03,-2.55788440e+01
18425.4093,1.92245362e-03,-2.56299282e+01
18425.8594,1.92506183e-03,-2.56811479e+01
18426.3095,1.92767534e-03,-2.57325034e+01
18426.7596,1.93029415e-03,-2.57839951e+01
18427.2098,1.93291828e-03,-2.58356236e+01
18427.6599,1.93554774e-03,-2.58873893e+01
18428.1100,1.93818255e-03,-2.59392926e+01
18428.5601,1.94082271e-03,-2.59913340e+01
18429.0102,1.94346826e-03,-2.60435139e+01
18429.4603,1.94611919e-03,-2.60958329e+01
18429.9104,1.94877553e-03,-2.61482913e+01
18430.3605,1.95143729e-03,-2.62008896e+01
18430.8107,1.95410448e-03,-2.62536283e+01
18431.2608,1.95677712e-03,-2.63065079e+01
18431.7109,1.95945523e-03,-2.63595289e+01
18432.1610,1.96213881e-03,-2.64126916e+01
18432.6111,1.96482788e-03,-2.64659966e+01
18433.0612,1.96752247e-03,-2.65194443e+01
18433.5113,1.97022257e-03,-2.65730353e+01
18433.9614,1.97292822e-03,-2.66267699e+01
18434.4116,1.97563942e-03,-2.66806487e+01
18434.8617,1.97835618e-03,-2.67346722e+01
18435.3118,1.98107854e-03,-2.67888408e+01
18435.7619,1.98380648e-03,-2.68431550e+01
18436.2120,1.98654005e-03,-2.68976154e+01
18436.6621,1.98927924e-03,-2.69522223e+01
18437.1122,1.99202408e-03,-2.70069764e+01
18437.5623,1.99477458e-03,-2.70618780e+01
18438.0125,1.99753075e-03,-2.71169277e+01
18438.4626,2.00029262e-03,-2.71721259e+01
18438.9127,2.00306019e-03,-2.72274733e+01
18439.3628,2.00583348e-03,-2.72829702e+01
18439.8129,2.00861252e-03,-2.73386172e+01
18440.2630,2.01139730e-03,-2.73944147e+01
18440.7131,2.01418786e-03,-2.74503634e+01
18441.1632,2.01698421e-03,-2.75064636e+01
18441.6134,2.01978635e-03,-2.75627160e+01
18442.0635,2.02259431e-03,-2.76191210e+01
18442.5136,2.02540811e-03,-2.76756791e+01
18442.9637,2.02822776e-03,-2.77323908e+01
18443.4138,2.03105327e-03,-2.77892568e+01
18443.8639,2.03388466e-03,-2.78462774e+01
18444.3140,2.03672196e-03,-2.79034532e+01
18444.7641,2.03956517e-03,-2.79607848e+01
18445.2143,2.04241431e-03,-2.80182726e+01
18445.6644,2.04526939e-03,-2.80759173e+01
18446.1145,2.04813044e-03,-2.81337193e+01
18446.5646,2.05099748e-03,-2.81916791e+01
18447.0147,2.05387050e-03,-2.82497973e+01
18447.4648,2.05674955e-03,-2.83080745e+01
18447.9149,2.05963462e-03,-2.83665111e+01
18448.3650,2.06252574e-03,-2.84251078e+01
18448.8152,2.06542293e-03,-2.84838650e+01
18449.2653,2.06832619e-03,-2.85427834e+01
18449.7154,2.07123556e-03,-2.86018634e+01
18450.1655,2.07415104e-03,-2.86611056e+01
18450.6156,2.07707265e-03,-2.87205106e+01
18451.0657,2.08000041e-03,-2.87800789e+01
18451.5158,2.08293434e-03,-2.88398110e+01
18451.9659,2.08587445e-03,-2.88997077e+01
18452.4161,2.08882076e-03,-2.89597693e+01
18452.8662,2.09177329e-03,-2.90199965e+01
18453.3163,2.09473206e-03,-2.90803898e+01
18453.7664,2.09769708e-03,-2.91409499e+01
18454.2165,2.10066837e-03,-2.92016772e+01
18454.6666,2.10364595e-03,-2.92625723e+01
18455.1167,2.10662984e-03,-2.93236359e+01
18455.5668,2.10962005e-03,-2.93848685e+01
18456.0170,2.11261660e-03,-2.94462707e+01
18456.4671,2.11561951e-03,-2.95078431e+01
18456.9172,2.11862879e-03,-2.95695862e+01
18457.3673,2.12164448e-03,-2.96315007e+01
18457.8174,2.12466657e-03,-2.96935871e+01
18458.2675,2.12769510e-03,-2.97558461e+01
18458.7176,2.13073008e-03,-2.98182782e+01
18459.1677,2.13377153e-03,-2.98808840e+01
18459.6179,2.13681946e-03,-2.99436641e+01
18460.0680,2.13987390e-03,-3.00066192e+01
18460.5181,2.14293486e-03,-3.00697498e+01
18460.9682,2.14600236e-03,-3.01330566e+01
18461.4183,2.14907642e-03,-3.01965401e+01
18461.8684,2.15215706e-03,-3.02602009e+01
18462.3185,2.15524430e-03,-3.03240398e+01
18462.7686,2.15833815e-03,-3.03880573e+01
18463.2188,2.16143864e-03,-3.04522540e+01
18463.6689,2.16454578e-03,-3.05166306e+01
18464.1190,2.16765960e-03,-3.05811876e+01
18464.5691,2.17078011e-03,-3.06459257e+01
18465.0192,2.17390732e-03,-3.07108456e+01
18465.4693,2.17704127e-03,-3.07759478e+01
18465.9194,2.18018197e-03,-3.08412331e+01
18466.3695,2.18332944e-03,-3.09067020e+01
18466.8197,2.18648369e-03,-3.09723552e+01
18467.2698,2.18964476e-03,-3.10381933e+01
18467.7199,2.19281265e-03,-3.11042170e+01
18468.1700,2.19598738e-03,-3.11704269e+01
18468.6201,2.19916898e-03,-3.12368237e+01
18469.0702,2.20235747e-03,-3.13034081e+01
18469.5203,2.20555286e-03,-3.13701806e+01
18469.9704,2.20875518e-03,-3.14371421e+01
18470.4206,2.21196445e-03,-3.15042930e+01
18470.8707,2.21518068e-03,-3.15716341e+01
18471.3208,2.21840389e-03,-3.16391661e+01
18471.7709,2.22163411e-03,-3.17068896e+01
18472.2210,2.22487136e-03,-3.17748054e+01
18472.6711,2.22811566e-03,-3.18429140e+01
18473.1212,2.23136701e-03,-3.19112161e+01
18473.5713,2.23462546e-03,-3.19797126e+01
18474.0215,2.23789102e-03,-3.20484039e+01
18474.4716,2.24116370e-03,-3.21172909e+01
18474.9217,2.24444353e-03,-3.21863742e+01
18475.3718,2.24773053e-03,-3.22556545e+01
18475.8219,2.25102472e-03,-3.23251325e+01
18476.2720,2.25432612e-03,-3.23948090e+01
18476.7221,2.25763475e-03,-3.24646845e+01
18477.1722,2.26095064e-03,-3.25347599e+01
18477.6224,2.26427380e-03,-3.26050358e+01
18478.0725,2.26760426e-03,-3.26755129e+01
18478.5226,2.27094203e-03,-3.27461920e+01
18478.9727,2.27428714e-03,-3.28170738e+01
18479.4228,2.27763961e-03,-3.28881590e+01
18479.8729,2.28099946e-03,-3.29594483e+01
18480.3230,2.28436671e-03,-3.30309425e+01
18480.7731,2.28774139e-03,-3.31026423e+01
18481.2233,2.29112351e-03,-3.31745484e+01
18481.6734,2.29451310e-03,-3.32466615e+01
18482.1235,2.29791018e-03,-3.33189825e+01
18482.5736,2.30131477e-03,-3.33915120e+01
18483.0237,2.30472689e-03,-3.34642508e+01
18483.4738,2.30814657e-03,-3.35371996e+01
18483.9239,2.31157383e-03,-3.36103592e+01
18484.3740,2.31500869e-03,-3.36837304e+01
18484.8242,2.31845117e-03,-3.37573139e+01
18485.2743,2.32190129e-03,-3.38311104e+01
18485.7244,2.32535908e-03,-3.39051208e+01
18486.1745,2.32882457e-03,-3.39793459e+01
18486.6246,2.33229776e-03,-3.40537863e+01
18487.0747,2.33577869e-03,-3.41284428e+01
18487.5248,2.33926738e-03,-3.42033163e+01
18487.9749,2.34276385e-03,-3.42784076e+01
18488.4251,2.34626812e-03,-3.43537173e+01
18488.8752,2.34978022e-03,-3.44292464e+01
18489.3253,2.35330017e-03,-3.45049955e+01
18489.7754,2.35682800e-03,-3.45809655e+01
18490.2255,2.36036372e-03,-3.46571572e+01
18490.6756,2.36390737e-03,-3.47335714e+01
18491.1257,2.36745895e-03,-3.48102090e+01
18491.5758,2.37101851e-03,-3.48870706e+01
18492.0260,2.37458606e-03,-3.49641571e+01
18492.4761,2.37816162e-03,-3.50414694e+01
18492.9262,2.38174522e-03,-3.51190083e+01
18493.3763,2.38533689e-03,-3.51967746e+01
18493.8264,2.38893664e-03,-3.52747690e+01
18494.2765,2.39254450e-03,-3.53529925e+01
18494.7266,2.39616050e-03,-3.54314459e+01
18495.1767,2.39978466e-03,-3.55101301e+01
18495.6269,2.40341700e-03,-3.55890458e+01
18496.0770,2.40705756e-03,-3.56681939e+01
18496.5271,2.41070634e-03,-3.57475753e+01
18496.9772,2.41436339e-03,-3.58271907e+01
18497.4273,2.41802872e-03,-3.59070412e+01
18497.8774,2.42170235e-03,-3.59871275e+01
18498.3275,2.42538432e-03,-3.60674505e+01
18498.7776,2.42907465e-03,-3.61480111e+01
18499.2278,2.43277336e-03,-3.62288101e+01
18499.6779,2.43648048e-03,-3.63098484e+01
18500.1280,2.44019603e-03,-3.63911270e+01
18500.5781,2.44392005e-03,-3.64726466e+01
18501.0282,2.44765254e-03,-3.65544082e+01
18501.4783,2.45139355e-03,-3.66364127e+01
18501.9284,2.45514310e-03,-3.67186609e+01
18502.3785,2.45890120e-03,-3.68011537e+01
18502.8287,2.46266790e-03,-3.68838922e+01
18503.2788,2.46644320e-03,-3.69668771e+01
18503.7289,2.47022715e-03,-3.70501094e+01
18504.1790,2.47401977e-03,-3.71335900e+01
18504.6291,2.47782107e-03,-3.72173198e+01
18505.0792,2.48163110e-03,-3.73012997e+01
18505.5293,2.48544987e-03,-3.73855307e+01
18505.9794,2.48927742e-03,-3.74700138e+01
18506.4296,2.49311376e-03,-3.75547497e+01
18506.8797,2.49695893e-03,-3.76397396e+01
18507.3298,2.50081295e-03,-3.77249842e+01
18507.7799,2.50467586e-03,-3.78104846e+01
18508.2300,2.50854767e-03,-3.78962418e+01
18508.6801,2.51242841e-03,-3.79822566e+01
18509.1302,2.51631812e-03,-3.80685301e+01
18509.5803,2.52021681e-03,-3.81550632e+01
18510.0305,2.52412452e-03,-3.82418569e+01
18510.4806,2.52804128e-03,-3.83289121e+01
18510.9307,2.53196710e-03,-3.84162298e+01
18511.3808,2.53590203e-03,-3.85038111e+01
18511.8309,2.53984608e-03,-3.85916569e+01
18512.2810,2.54379930e-03,-3.86797681e+01
18512.7311,2.54776169e-03,-3.87681459e+01
18513.1812,2.55173330e-03,-3.88567911e+01
18513.6314,2.55571414e-03,-3.89457048e+01
18514.0815,2.55970426e-03,-3.90348881e+01
18514.5316,2.56370368e-03,-3.91243418e+01
18514.9817,2.56771242e-03,-3.92140671e+01
18515.4318,2.57173052e-03,-3.93040649e+01
18515.8819,2.57575800e-03,-3.93943364e+01
18516.3320,2.57979489e-03,-3.94848824e+01
18516.7821,2.58384123e-03,-3.95757041e+01
18517.2323,2.58789704e-03,-3.96668025e+01
18517.6824,2.59196235e-03,-3.97581787e+01
18518.1325,2.59603720e-03,-3.98498337e+01
18518.5826,2.60012160e-03,-3.99417685e+01
18519.0327,2.60421559e-03,-4.00339842e+01
18519.4828,2.60831920e-03,-4.01264819e+01
18519.9329,2.61243247e-03,-4.02192626e+01
18520.3830,2.61655541e-03,-4.03123275e+01
18520.8332,2.62068807e-03,-4.04056776e+01
18521.2833,2.62483046e-03,-4.04993139e+01
18521.7334,2.62898263e-03,-4.05932376e+01
18522.1835,2.63314459e-03,-4.06874499e+01
18522.6336,2.63731639e-03,-4.07819516e+01
18523.0837,2.64149806e-03,-4.08767441e+01
18523.5338,2.64568961e-03,-4.09718283e+01
18523.9839,2.64989110e-03,-4.10672055e+01
18524.4341,2.65410254e-03,-4.11628766e+01
18524.8842,2.65832396e-03,-4.12588430e+01
18525.3343,2.66255541e-03,-4.13551055e+01
18525.7844,2.66679690e-03,-4.14516655e+01
18526.2345,2.67104848e-03,-4.15485241e+01
18526.6846,2.67531017e-03,-4.16456823e+01
18527.1347,2.67958201e-03,-4.17431414e+01
18527.5848,2.68386403e-03,-4.18409025e+01
18528.0350,2.68815625e-03,-4.19389668e+01
18528.4851,2.69245872e-03,-4.20373354e+01
18528.9352,2.69677146e-03,-4.21360094e+01
18529.3853,2.70109451e-03,-4.22349902e+01
18529.8354,2.70542790e-03,-4.23342789e+01
18530.2855,2.70977166e-03,-4.24338765e+01
18530.7356,2.71412583e-03,-4.25337845e+01
18531.1857,2.71849044e-03,-4.26340038e+01
18531.6359,2.72286552e-03,-4.27345359e+01
18532.0860,2.72725110e-03,-4.28353817e+01
18532.5361,2.73164722e-03,-4.29365427e+01
18532.9862,2.73605391e-03,-4.30380199e+01
18533.4363,2.74047121e-03,-4.31398147e+01
18533.8864,2.74489915e-03,-4.32419282e+01
18534.3365,2.74933777e-03,-4.33443618e+01
18534.7866,2.75378709e-03,-4.34471165e+01
18535.2368,2.75824715e-03,-4.35501938e+01
18535.6869,2.76271799e-03,-4.36535948e+01
18536.1370,2.76719964e-03,-4.37573207e+01
18536.5871,2.77169213e-03,-4.38613730e+01
18537.0372,2.77619551e-03,-4.39657528e+01
18537.4873,2.78070980e-03,-4.40704615e+01
18537.9374,2.78523504e-03,-4.41755002e+01
18538.3875,2.78977126e-03,-4.42808703e+01
18538.8377,2.79431851e-03,-4.43865732e+01
18539.2878,2.79887681e-03,-4.44926100e+01
18539.7379,2.80344620e-03,-4.45989822e+01
18540.1880,2.80802673e-03,-4.47056909e+01
18540.6381,2.81261841e-03,-4.48127376e+01
18541.0882,2.81722130e-03,-4.49201236e+01
18541.5383,2.82183542e-03,-4.50278502e+01
18541.9884,2.82646081e-03,-4.51359188e+01
18542.4386,2.83109751e-03,-4.52443306e+01
18542.8887,2.83574556e-03,-4.53530871e+01
18543.3388,2.84040499e-03,-4.54621896e+01
18543.7889,2.84507583e-03,-4.55716394e+01
18544.2390,2.84975814e-03,-4.56814380e+01
18544.6891,2.85445194e-03,-4.57915867e+01
18545.1392,2.85915726e-03,-4.59020869e+01
18545.5893,2.86387416e-03,-4.60129401e+01
18546.0395,2.86860266e-03,-4.61241475e+01
18546.4896,2.87334281e-03,-4.62357106e+01
18546.9397,2.87809463e-03,-4.63476308e+01
18547.3898,2.88285818e-03,-4.64599095e+01
18547.8399,2.88763349e-03,-4.65725482e+01
18548.2900,2.89242059e-03,-4.66855483e+01
18548.7401,2.89721952e-03,-4.67989112e+01
18549.1902,2.90203034e-03,-4.69126383e+01
18549.6404,2.90685306e-03,-4.70267312e+01
18550.0905,2.91168773e-03,-4.71411912e+01
18550.5406,2.91653440e-03,-4.72560199e+01
18550.9907,2.92139310e-03,-4.73712187e+01
18551.4408,2.92626387e-03,-4.74867890e+01
18551.8909,2.93114674e-03,-4.76027325e+01
18552.3410,2.93604177e-03,-4.77190505e+01
18552.7911,2.94094899e-03,-4.78357446e+01
18553.2413,2.94586844e-03,-4.79528163e+01
18553.6914,2.95080015e-03,-4.80702670e+01
18554.1415,2.95574418e-03,-4.81880984e+01
18554.5916,2.96070056e-03,-4.83063119e+01
18555.0417,2.96566934e-03,-4.84249091e+01
18555.4918,2.97065054e-03,-4.85438915e+01
18555.9419,2.97564422e-03,-4.86632607e+01
18556.3920,2.98065042e-03,-4.87830182e+01
18556.8422,2.98566918e-03,-4.89031656e+01
18557.2923,2.99070053e-03,-4.90237045e+01
18557.7424,2.99574453e-03,-4.91446364e+01
18558.1925,3.00080120e-03,-4.92659630e+01
18558.6426,3.00587061e-03,-4.93876858e+01
18559.0927,3.01095278e-03,-4.95098065e+01
18559.5428,3.01604777e-03,-4.96323266e+01
18559.9929,3.02115560e-03,-4.97552478e+01
18560.4431,3.02627634e-03,-4.98785716e+01
18560.8932,3.03141001e-03,-5.00022999e+01
18561.3433,3.03655666e-03,-5.01264341e+01
18561.7934,3.04171635e-03,-5.02509759e+01
18562.2435,3.04688910e-03,-5.03759270e+01
18562.6936,3.05207496e-03,-5.05012891e+01
18563.1437,3.05727399e-03,-5.06270638e+01
18563.5938,3.06248621e-03,-5.07532529e+01
18564.0440,3.06771168e-03,-5.08798579e+01
18564.4941,3.07295045e-03,-5.10068806e+01
18564.9442,3.07820255e-03,-5.11343228e+01
18565.3943,3.08346803e-03,-5.12621861e+01
18565.8444,3.08874693e-03,-5.13904722e+01
18566.2945,3.09403931e-03,-5.15191829e+01
18566.7446,3.09934520e-03,-5.16483200e+01
18567.1947,3.10466465e-03,-5.17778851e+01
18567.6449,3.10999772e-03,-5.19078801e+01
18568.0950,3.11534444e-03,-5.20383067e+01
18568.5451,3.12070485e-03,-5.21691667e+01
18568.9952,3.12607902e-03,-5.23004618e+01
18569.4453,3.13146698e-03,-5.24321939e+01
18569.8954,3.13686878e-03,-5.25643647e+01
18570.3455,3.14228447e-03,-5.26969761e+01
18570.7956,3.14771409e-03,-5.28300299e+01
18571.2458,3.15315770e-03,-5.29635279e+01
18571.6959,3.15861533e-03,-5.30974720e+01
18572.1460,3.16408705e-03,-5.32318640e+01
18572.5961,3.16957289e-03,-5.33667057e+01
18573.0462,3.17507290e-03,-5.35019991e+01
18573.4963,3.18058714e-03,-5.36377459e+01
18573.9464,3.18611565e-03,-5.37739482e+01
18574.3965,3.19165848e-03,-5.39106077e+01
18574.8467,3.19721568e-03,-5.40477263e+01
18575.2968,3.20278729e-03,-5.41853061e+01
18575.7469,3.20837338e-03,-5.43233489e+01
18576.1970,3.21397398e-03,-5.44618566e+01
18576.6471,3.21958916e-03,-5.46008311e+01
18577.0972,3.22521895e-03,-5.47402746e+01
18577.5473,3.23086341e-03,-5.48801887e+01
18577.9974,3.23652258e-03,-5.50205757e+01
18578.4476,3.24219653e-03,-5.51614374e+01
18578.8977,3.24788530e-03,-5.53027757e+01
18579.3478,3.25358894e-03,-5.54445929e+01
18579.7979,3.25930751e-03,-5.55868907e+01
18580.2480,3.26504105e-03,-5.57296713e+01
18580.6981,3.27078962e-03,-5.58729366e+01
18581.1482,3.27655327e-03,-5.60166888e+01
18581.5983,3.28233205e-03,-5.61609298e+01
18582.0485,3.28812601e-03,-5.63056617e+01
18582.4986,3.29393521e-03,-5.64508867e+01
18582.9487,3.29975970e-03,-5.65966066e+01
18583.3988,3.30559953e-03,-5.67428238e+01
18583.8489,3.31145477e-03,-5.68895402e+01
18584.2990,3.31732545e-03,-5.70367580e+01
18584.7491,3.32321163e-03,-5.71844792e+01
18585.1992,3.32911338e-03,-5.73327061e+01
18585.6494,3.33503074e-03,-5.74814408e+01
18586.0995,3.34096376e-03,-5.76306853e+01
18586.5496,3.34691251e-03,-5.77804420e+01
18586.9997,3.35287704e-03,-5.79307129e+01
18587.4498,3.35885740e-03,-5.80815002e+01
18587.8999,3.36485365e-03,-5.82328062e+01
18588.3500,3.37086584e-03,-5.83846331e+01
18588.8002,3.37689403e-03,-5.85369830e+01
18589.2503,3.38293828e-03,-5.86898582e+01
18589.7004,3.38899865e-03,-5.88432609e+01
18590.1505,3.39507518e-03,-5.89971935e+01
18590.6006,3.40116795e-03,-5.91516581e+01
18591.0507,3.40727699e-03,-5.93066571e+01
18591.5008,3.41340238e-03,-5.94621926e+01
18591.9509,3.41954417e-03,-5.96182671e+01
18592.4011,3.42570242e-03,-5.97748829e+01
18592.8512,3.43187719e-03,-5.99320422e+01
18593.3013,3.43806853e-03,-6.00897474e+01
18593.7514,3.44427650e-03,-6.02480008e+01
18594.2015,3.45050117e-03,-6.04068049e+01
18594.6516,3.45674259e-03,-6.05661619e+01
18595.1017,3.46300083e-03,-6.07260743e+01
18595.5518,3.46927593e-03,-6.08865444e+01
18596.0020,3.47556797e-03,-6.10475747e+01
18596.4521,3.48187700e-03,-6.12091675e+01
18596.9022,3.48820308e-03,-6.13713254e+01
18597.3523,3.49454628e-03,-6.15340507e+01
18597.8024,3.50090666e-03,-6.16973460e+01
18598.2525,3.50728427e-03,-6.18612136e+01
18598.7026,3.51367918e-03,-6.20256561e+01
18599.1527,3.52009145e-03,-6.21906760e+01
18599.6029,3.52652114e-03,-6.23562757e+01
18600.0530,3.53296832e-03,-6.25224578e+01
18600.5031,3.53943305e-03,-6.26892248e+01
18600.9532,3.54591540e-03,-6.28565794e+01
18601.4033,3.55241541e-03,-6.30245239e+01
18601.8534,3.55893317e-03,-6.31930611e+01
18602.3035,3.56546873e-03,-6.33621934e+01
18602.7536,3.57202215e-03,-6.35319235e+01
18603.2038,3.57859351e-03,-6.37022541e+01
18603.6539,3.58518287e-03,-6.38731877e+01
18604.1040,3.59179029e-03,-6.40447269e+01
18604.5541,3.59841583e-03,-6.42168745e+01
18605.0042,3.60505957e-03,-6.43896331e+01
18605.4543,3.61172157e-03,-6.45630054e+01
18605.9044,3.61840189e-03,-6.47369941e+01
18606.3545,3.62510061e-03,-6.49116018e+01
18606.8047,3.63181778e-03,-6.50868314e+01
18607.2548,3.63855348e-03,-6.52626855e+01
18607.7049,3.64530778e-03,-6.54391669e+01
18608.1550,3.65208073e-03,-6.56162784e+01
18608.6051,3.65887242e-03,-6.57940228e+01
18609.0552,3.66568291e-03,-6.59724028e+01
18609.5053,3.67251226e-03,-6.61514213e+01
18609.9554,3.67936055e-03,-6.63310811e+01
18610.4056,3.68622785e-03,-6.65113850e+01
18610.8557,3.69311422e-03,-6.66923359e+01
18611.3058,3.70001973e-03,-6.68739366e+01
18611.7559,3.70694447e-03,-6.70561901e+01
18612.2060,3.71388848e-03,-6.72390992e+01
18612.6561,3.72085186e-03,-6.74226669e+01
18613.1062,3.72783467e-03,-6.76068961e+01
18613.5563,3.73483697e-03,-6.77917898e+01
18614.0065,3.74185885e-03,-6.79773508e+01
18614.4566,3.74890037e-03,-6.81635823e+01
18614.9067,3.75596161e-03,-6.83504871e+01
18615.3568,3.76304264e-03,-6.85380683e+01
18615.8069,3.77014354e-03,-6.87263289e+01
18616.2570,3.77726437e-03,-6.89152720e+01
18616.7071,3.78440521e-03,-6.91049006e+01
18617.1572,3.79156614e-03,-6.92952177e+01
18617.6074,3.79874723e-03,-6.94862266e+01
18618.0575,3.80594855e-03,-6.96779302e+01
18618.5076,3.81317018e-03,-6.98703318e+01
18618.9577,3.82041220e-03,-7.00634344e+01
18619.4078,3.82767469e-03,-7.02572413e+01
18619.8579,3.83495771e-03,-7.04517555e+01
18620.3080,3.84226134e-03,-7.06469802e+01
18620.7581,3.84958567e-03,-7.08429188e+01
18621.2083,3.85693077e-03,-7.10395744e+01
18621.6584,3.86429672e-03,-7.12369502e+01
18622.1085,3.87168359e-03,-7.14350496e+01
18622.5586,3.87909146e-03,-7.16338757e+01
18623.0087,3.88652042e-03,-7.18334319e+01
18623.4588,3.89397054e-03,-7.20337216e+01
18623.9089,3.90144191e-03,-7.22347479e+01
18624.3590,3.90893459e-03,-7.24365143e+01
18624.8092,3.91644868e-03,-7.26390242e+01
18625.2593,3.92398425e-03,-7.28422809e+01
18625.7094,3.93154139e-03,-7.30462878e+01
18626.1595,3.93912017e-03,-7.32510484e+01
18626.6096,3.94672068e-03,-7.34565661e+01
18627.0597,3.95434300e-03,-7.36628443e+01
18627.5098,3.96198721e-03,-7.38698866e+01
18627.9599,3.96965340e-03,-7.40776964e+01
18628.4101,3.97734164e-03,-7.42862772e+01
18628.8602,3.98505203e-03,-7.44956326e+01
18629.3103,3.99278465e-03,-7.47057661e+01
18629.7604,4.00053958e-03,-7.49166813e+01
18630.2105,4.00831690e-03,-7.51283818e+01
18630.6606,4.01611671e-03,-7.53408713e+01
18631.1107,4.02393908e-03,-7.55541532e+01
18631.5608,4.03178411e-03,-7.57682314e+01
18632.0110,4.03965188e-03,-7.59831094e+01
18632.4611,4.04754248e-03,-7.61987909e+01
18632.9112,4.05545599e-03,-7.64152797e+01
18633.3613,4.06339251e-03,-7.66325795e+01
18633.8114,4.07135212e-03,-7.68506940e+01
18634.2615,4.07933490e-03,-7.70696271e+01
18634.7116,4.08734096e-03,-7.72893824e+01
18635.1617,4.09537037e-03,-7.75099639e+01
18635.6119,4.10342324e-03,-7.77313753e+01
18636.0620,4.11149964e-03,-7.79536206e+01
18636.5121,4.11959967e-03,-7.81767035e+01
18636.9622,4.12772342e-03,-7.84006280e+01
18637.4123,4.13587099e-03,-7.86253980e+01
18637.8624,4.14404246e-03,-7.88510175e+01
18638.3125,4.15223792e-03,-7.90774904e+01
18638.7626,4.16045748e-03,-7.93048207e+01
18639.2128,4.16870122e-03,-7.95330124e+01
18639.6629,4.17696924e-03,-7.97620695e+01
18640.1130,4.18526164e-03,-7.99919961e+01
18640.5631,4.19357849e-03,-8.02227962e+01
18641.0132,4.20191992e-03,-8.04544741e+01
18641.4633,4.21028599e-03,-8.06870336e+01
18641.9134,4.21867683e-03,-8.09204792e+01
18642.3635,4.22709251e-03,-8.11548147e+01
18642.8137,4.23553314e-03,-8.13900446e+01
18643.2638,4.24399882e-03,-8.16261730e+01
18643.7139,4.25248964e-03,-8.18632040e+01
18644.1640,4.26100570e-03,-8.21011421e+01
18644.6141,4.26954710e-03,-8.23399914e+01
18645.0642,4.27811394e-03,-8.25797562e+01
18645.5143,4.28670633e-03,-8.28204410e+01
18645.9644,4.29532435e-03,-8.30620500e+01
18646.4146,4.30396812e-03,-8.33045877e+01
18646.8647,4.31263773e-03,-8.35480583e+01
18647.3148,4.32133328e-03,-8.37924665e+01
18647.7649,4.33005488e-03,-8.40378165e+01
18648.2150,4.33880263e-03,-8.42841130e+01
18648.6651,4.34757664e-03,-8.45313604e+01
18649.1152,4.35637700e-03,-8.47795631e+01
18649.5653,4.36520382e-03,-8.50287259e+01
18650.0155,4.37405722e-03,-8.52788532e+01
18650.4656,4.38293728e-03,-8.55299497e+01
18650.9157,4.39184412e-03,-8.57820200e+01
18651.3658,4.40077785e-03,-8.60350688e+01
18651.8159,4.40973857e-03,-8.62891007e+01
18652.2660,4.41872639e-03,-8.65441204e+01
18652.7161,4.42774142e-03,-8.68001327e+01
18653.1662,4.43678376e-03,-8.70571424e+01
18653.6164,4.44585353e-03,-8.73151543e+01
18654.0665,4.45495083e-03,-8.75741731e+01
18654.5166,4.46407578e-03,-8.78342037e+01
18654.9667,4.47322848e-03,-8.80952510e+01
18655.4168,4.48240905e-03,-8.83573199e+01
18655.8669,4.49161760e-03,-8.86204153e+01
18656.3170,4.50085424e-03,-8.88845422e+01
18656.7671,4.51011909e-03,-8.91497055e+01
18657.2173,4.51941225e-03,-8.94159103e+01
18657.6674,4.52873385e-03,-8.96831616e+01
18658.1175,4.53808399e-03,-8.99514646e+01
18658.5676,4.54746279e-03,-9.02208242e+01
18659.0177,4.55687037e-03,-9.04912456e+01
18659.4678,4.56630685e-03,-9.07627340e+01
18659.9179,4.57577233e-03,-9.10352945e+01
18660.3680,4.58526695e-03,-9.13089325e+01
18660.8182,4.59479081e-03,-9.15836531e+01
18661.2683,4.60434403e-03,-9.18594616e+01
18661.7184,4.61392674e-03,-9.21363633e+01
18662.1685,4.62353906e-03,-9.24143636e+01
18662.6186,4.63318110e-03,-9.26934678e+01
18663.0687,4.64285299e-03,-9.29736814e+01
18663.5188,4.65255484e-03,-9.32550097e+01
18663.9689,4.66228678e-03,-9.35374582e+01
18664.4191,4.67204894e-03,-9.38210325e+01
18664.8692,4.68184143e-03,-9.41057381e+01
18665.3193,4.69166439e-03,-9.43915804e+01
18665.7694,4.70151793e-03,-9.46785652e+01
18666.2195,4.71140218e-03,-9.49666980e+01
18666.6696,4.72131727e-03,-9.52559845e+01
18667.1197,4.73126332e-03,-9.55464304e+01
18667.5698,4.74124046e-03,-9.58380414e+01
18668.0200,4.75124882e-03,-9.61308232e+01
18668.4701,4.76128853e-03,-9.64247817e+01
18668.9202,4.77135972e-03,-9.67199227e+01
18669.3703,4.78146252e-03,-9.70162520e+01
18669.8204,4.79159705e-03,-9.73137755e+01
18670.2705,4.80176345e-03,-9.76124992e+01
18670.7206,4.81196185e-03,-9.79124290e+01
18671.1707,4.82219239e-03,-9.82135710e+01
18671.6209,4.83245519e-03,-9.85159310e+01
18672.0710,4.84275039e-03,-9.88195153e+01
18672.5211,4.85307813e-03,-9.91243299e+01
18672.9712,4.86343854e-03,-9.94303809e+01
18673.4213,4.87383176e-03,-9.97376746e+01
18673.8714,4.88425792e-03,-1.00046217e+02
18674.3215,4.89471716e-03,-1.00356015e+02
18674.7716,4.90520963e-03,-1.00667074e+02
18675.2218,4.91573545e-03,-1.00979400e+02
18675.6719,4.92629476e-03,-1.01293001e+02
18676.1220,4.93688772e-03,-1.01607882e+02
18676.5721,4.94751445e-03,-1.01924050e+02
18677.0222,4.95817511e-03,-1.02241512e+02
18677.4723,4.96886983e-03,-1.02560273e+02
18677.9224,4.97959875e-03,-1.02880341e+02
18678.3725,4.99036203e-03,-1.03201721e+02
18678.8227,5.00115980e-03,-1.03524422e+02
18679.2728,5.01199222e-03,-1.03848448e+02
18679.7229,5.02285942e-03,-1.04173808e+02
18680.1730,5.03376155e-03,-1.04500507e+02
18680.6231,5.04469877e-03,-1.04828553e+02
18681.0732,5.05567121e-03,-1.05157953e+02
18681.5233,5.06667904e-03,-1.05488712e+02
18681.9734,5.07772239e-03,-1.05820839e+02
18682.4236,5.08880143e-03,-1.06154340e+02
18682.8737,5.09991629e-03,-1.06489222e+02
18683.3238,5.11106715e-03,-1.06825492e+02
18683.7739,5.12225414e-03,-1.07163157e+02
18684.2240,5.13347742e-03,-1.07502224e+02
18684.6741,5.14473715e-03,-1.07842701e+02
18685.1242,5.15603348e-03,-1.08184595e+02
18685.5743,5.16736657e-03,-1.08527913e+02
18686.0245,5.17873657e-03,-1.08872662e+02
18686.4746,5.19014365e-03,-1.09218849e+02
18686.9247,5.20158796e-03,-1.09566483e+02
18687.3748,5.21306967e-03,-1.09915569e+02
18687.8249,5.22458893e-03,-1.10266117e+02
18688.2750,5.23614590e-03,-1.10618133e+02
18688.7251,5.24774075e-03,-1.10971625e+02
18689.1752,5.25937364e-03,-1.11326600e+02
18689.6254,5.27104474e-03,-1.11683067e+02
18690.0755,5.28275421e-03,-1.12041032e+02
18690.5256,5.29450221e-03,-1.12400504e+02
18690.9757,5.30628891e-03,-1.12761491e+02
18691.4258,5.31811448e-03,-1.13124000e+02
18691.8759,5.32997910e-03,-1.13488039e+02
18692.3260,5.34188291e-03,-1.13853616e+02
18692.7761,5.35382611e-03,-1.14220739e+02
18693.2263,5.36580886e-03,-1.14589416e+02
18693.6764,5.37783132e-03,-1.14959655e+02
18694.1265,5.38989368e-03,-1.15331465e+02
18694.5766,5.40199611e-03,-1.15704853e+02
18695.0267,5.41413878e-03,-1.16079828e+02
18695.4768,5.42632187e-03,-1.16456398e+02
18695.9269,5.43854555e-03,-1.16834571e+02
18696.3770,5.45081001e-03,-1.17214356e+02
18696.8272,5.46311542e-03,-1.17595761e+02
18697.2773,5.47546196e-03,-1.17978795e+02
18697.7274,5.48784981e-03,-1.18363466e+02
18698.1775,5.50027916e-03,-1.18749783e+02
18698.6276,5.51275018e-03,-1.19137754e+02
18699.0777,5.52526306e-03,-1.19527388e+02
18699.5278,5.53781798e-03,-1.19918695e+02
18699.9779,5.55041514e-03,-1.20311682e+02
18700.4281,5.56305470e-03,-1.20706358e+02
18700.8782,5.57573688e-03,-1.21102733e+02
18701.3283,5.58846184e-03,-1.21500816e+02
18701.7784,5.60122979e-03,-1.21900614e+02
18702.2285,5.61404091e-03,-1.22302139e+02
18702.6786,5.62689539e-03,-1.22705398e+02
18703.1287,5.63979343e-03,-1.23110401e+02
18703.5788,5.65273522e-03,-1.23517157e+02
18704.0290,5.66572095e-03,-1.23925676e+02
18704.4791,5.67875083e-03,-1.24335966e+02
18704.9292,5.69182504e-03,-1.24748038e+02
18705.3793,5.70494379e-03,-1.25161900e+02
18705.8294,5.71810727e-03,-1.25577563e+02
18706.2795,5.73131569e-03,-1.25995036e+02
18706.7296,5.74456925e-03,-1.26414328e+02
18707.1797,5.75786814e-03,-1.26835450e+02
18707.6299,5.77121258e-03,-1.27258410e+02
18708.0800,5.78460276e-03,-1.27683220e+02
18708.5301,5.79803889e-03,-1.28109888e+02
18708.9802,5.81152119e-03,-1.28538426e+02
18709.4303,5.82504985e-03,-1.28968842e+02
18709.8804,5.83862509e-03,-1.29401147e+02
18710.3305,5.85224711e-03,-1.29835351e+02
18710.7806,5.86591614e-03,-1.30271465e+02
18711.2308,5.87963237e-03,-1.30709498e+02
18711.6809,5.89339603e-03,-1.31149461e+02
18712.1310,5.90720733e-03,-1.31591365e+02
18712.5811,5.92106648e-03,-1.32035219e+02
18713.0312,5.93497371e-03,-1.32481035e+02
18713.4813,5.94892923e-03,-1.32928824e+02
18713.9314,5.96293327e-03,-1.33378595e+02
18714.3815,5.97698603e-03,-1.33830359e+02
18714.8317,5.99108775e-03,-1.34284128e+02
18715.2818,6.00523865e-03,-1.34739912e+02
18715.7319,6.01943896e-03,-1.35197723e+02
18716.1820,6.03368889e-03,-1.35657570e+02
18716.6321,6.04798868e-03,-1.36119466e+02
18717.0822,6.06233856e-03,-1.36583422e+02
18717.5323,6.07673875e-03,-1.37049449e+02
18717.9824,6.09118949e-03,-1.37517557e+02
18718.4326,6.10569101e-03,-1.37987759e+02
18718.8827,6.12024354e-03,-1.38460066e+02
18719.3328,6.13484732e-03,-1.38934490e+02
18719.7829,6.14950259e-03,-1.39411042e+02
18720.2330,6.16420957e-03,-1.39889733e+02
18720.6831,6.17896852e-03,-1.40370577e+02
18721.1332,6.19377967e-03,-1.40853583e+02
18721.5833,6.20864326e-03,-1.41338765e+02
18722.0335,6.22355954e-03,-1.41826135e+02
18722.4836,6.23852876e-03,-1.42315704e+02
18722.9337,6.25355115e-03,-1.42807484e+02
18723.3838,6.26862696e-03,-1.43301488e+02
18723.8339,6.28375645e-03,-1.43797728e+02
18724.2840,6.29893986e-03,-1.44296217e+02
18724.7341,6.31417745e-03,-1.44796967e+02
18725.1842,6.32946946e-03,-1.45299990e+02
18725.6344,6.34481616e-03,-1.45805299e+02
18726.0845,6.36021780e-03,-1.46312908e+02
18726.5346,6.37567464e-03,-1.46822827e+02
18726.9847,6.39118693e-03,-1.47335072e+02
18727.4348,6.40675493e-03,-1.47849653e+02
18727.8849,6.42237891e-03,-1.48366586e+02
18728.3350,6.43805914e-03,-1.48885882e+02
18728.7851,6.45379587e-03,-1.49407554e+02
18729.2353,6.46958937e-03,-1.49931617e+02
18729.6854,6.48543991e-03,-1.50458084e+02
18730.1355,6.50134776e-03,-1.50986967e+02
18730.5856,6.51731319e-03,-1.51518281e+02
18731.0357,6.53333648e-03,-1.52052040e+02
18731.4858,6.54941789e-03,-1.52588256e+02
18731.9359,6.56555770e-03,-1.53126944e+02
18732.3860,6.58175620e-03,-1.53668118e+02
18732.8362,6.59801366e-03,-1.54211792e+02
18733.2863,6.61433035e-03,-1.54757979e+02
18733.7364,6.63070657e-03,-1.55306695e+02
18734.1865,6.64714259e-03,-1.55857953e+02
18734.6366,6.66363871e-03,-1.56411768e+02
18735.0867,6.68019521e-03,-1.56968154e+02
18735.5368,6.69681237e-03,-1.57527125e+02
18735.9869,6.71349049e-03,-1.58088698e+02
18736.4371,6.73022986e-03,-1.58652885e+02
18736.8872,6.74703078e-03,-1.59219703e+02
18737.3373,6.76389353e-03,-1.59789166e+02
18737.7874,6.78081843e-03,-1.60361289e+02
18738.2375,6.79780576e-03,-1.60936087e+02
18738.6876,6.81485583e-03,-1.61513576e+02
18739.1377,6.83196894e-03,-1.62093772e+02
18739.5878,6.84914539e-03,-1.62676688e+02
18740.0380,6.86638550e-03,-1.63262342e+02
18740.4881,6.88368956e-03,-1.63850748e+02
18740.9382,6.90105790e-03,-1.64441923e+02
18741.3883,6.91849081e-03,-1.65035882e+02
18741.8384,6.93598862e-03,-1.65632642e+02
18742.2885,6.95355164e-03,-1.66232219e+02
18742.7386,6.97118018e-03,-1.66834628e+02
18743.1887,6.98887458e-03,-1.67439886e+02
18743.6389,7.00663514e-03,-1.68048010e+02
18744.0890,7.02446218e-03,-1.68659015e+02
18744.5391,7.04235605e-03,-1.69272920e+02
18744.9892,7.06031705e-03,-1.69889740e+02
18745.4393,7.07834553e-03,-1.70509492e+02
18745.8894,7.09644181e-03,-1.71132194e+02
18746.3395,7.11460622e-03,-1.71757862e+02
18746.7896,7.13283910e-03,-1.72386514e+02
18747.2398,7.15114079e-03,-1.73018167e+02
18747.6899,7.16951162e-03,-1.73652838e+02
18748.1400,7.18795193e-03,-1.74290546e+02
18748.5901,7.20646207e-03,-1.74931307e+02
18749.0402,7.22504239e-03,-1.75575140e+02
18749.4903,7.24369322e-03,-1.76222062e+02
18749.9404,7.26241492e-03,-1.76872092e+02
18750.3905,7.28120785e-03,-1.77525248e+02
18750.8407,7.30007234e-03,-1.78181548e+02
18751.2908,7.31900876e-03,-1.78841010e+02
18751.7409,7.33801747e-03,-1.79503653e+02
18752.1910,7.35709882e-03,-1.80169496e+02
18752.6411,7.37625318e-03,-1.80838558e+02
18753.0912,7.39548091e-03,-1.81510857e+02
18753.5413,7.41478237e-03,-1.82186413e+02
18753.9914,7.43415794e-03,-1.82865244e+02
18754.4416,7.45360799e-03,-1.83547371e+02
18754.8917,7.47313289e-03,-1.84232812e+02
18755.3418,7.49273301e-03,-1.84921587e+02
18755.7919,7.51240873e-03,-1.85613716e+02
18756.2420,7.53216043e-03,-1.86309219e+02
18756.6921,7.55198850e-03,-1.87008115e+02
18757.1422,7.57189331e-03,-1.87710426e+02
18757.5923,7.59187526e-03,-1.88416170e+02
18758.0425,7.61193473e-03,-1.89125369e+02
18758.4926,7.63207212e-03,-1.89838044e+02
18758.9427,7.65228781e-03,-1.90554214e+02
18759.3928,7.67258222e-03,-1.91273901e+02
18759.8429,7.69295572e-03,-1.91997125e+02
18760.2930,7.71340873e-03,-1.92723908e+02
18760.7431,7.73394165e-03,-1.93454272e+02
18761.1932,7.75455489e-03,-1.94188237e+02
18761.6434,7.77524885e-03,-1.94925825e+02
18762.0935,7.79602394e-03,-1.95667057e+02
18762.5436,7.81688058e-03,-1.96411957e+02
18762.9937,7.83781919e-03,-1.97160545e+02
18763.4438,7.85884018e-03,-1.97912844e+02
18763.8939,7.87994398e-03,-1.98668877e+02
18764.3440,7.90113100e-03,-1.99428665e+02
18764.7941,7.92240168e-03,-2.00192231e+02
18765.2443,7.94375645e-03,-2.00959599e+02
18765.6944,7.96519574e-03,-2.01730791e+02
18766.1445,7.98671997e-03,-2.02505830e+02
18766.5946,8.00832960e-03,-2.03284740e+02
18767.0447,8.03002505e-03,-2.04067544e+02
18767.4948,8.05180678e-03,-2.04854265e+02
18767.9449,8.07367523e-03,-2.05644928e+02
18768.3950,8.09563084e-03,-2.06439557e+02
18768.8452,8.11767407e-03,-2.07238174e+02
18769.2953,8.13980538e-03,-2.08040806e+02
18769.7454,8.16202521e-03,-2.08847476e+02
18770.1955,8.18433403e-03,-2.09658209e+02
18770.6456,8.20673230e-03,-2.10473029e+02
18771.0957,8.22922049e-03,-2.11291962e+02
18771.5458,8.25179906e-03,-2.12115033e+02
18771.9959,8.27446849e-03,-2.12942268e+02
18772.4461,8.29722925e-03,-2.13773690e+02
18772.8962,8.32008182e-03,-2.14609328e+02
18773.3463,8.34302668e-03,-2.15449205e+02
18773.7964,8.36606431e-03,-2.16293349e+02
18774.2465,8.38919520e-03,-2.17141785e+02
18774.6966,8.41241984e-03,-2.17994541e+02
18775.1467,8.43573872e-03,-2.18851641e+02
18775.5968,8.45915233e-03,-2.19713115e+02
18776.0470,8.48266119e-03,-2.20578988e+02
18776.4971,8.50626578e-03,-2.21449287e+02
18776.9472,8.52996661e-03,-2.22324040e+02
18777.3973,8.55376420e-03,-2.23203275e+02
18777.8474,8.57765905e-03,-2.24087019e+02
18778.2975,8.60165168e-03,-2.24975301e+02
18778.7476,8.62574260e-03,-2.25868148e+02
18779.1977,8.64993235e-03,-2.26765588e+02
18779.6479,8.67422144e-03,-2.27667652e+02
18780.0980,8.69861040e-03,-2.28574366e+02
18780.5481,8.72309977e-03,-2.29485761e+02
18780.9982,8.74769007e-03,-2.30401865e+02
18781.4483,8.77238186e-03,-2.31322708e+02
18781.8984,8.79717566e-03,-2.32248319e+02
18782.3485,8.82207203e-03,-2.33178729e+02
18782.7986,8.84707151e-03,-2.34113967e+02
18783.2488,8.87217466e-03,-2.35054063e+02
18783.6989,8.89738203e-03,-2.35999049e+02
18784.1490,8.92269419e-03,-2.36948954e+02
18784.5991,8.94811169e-03,-2.37903810e+02
18785.0492,8.97363511e-03,-2.38863647e+02
18785.4993,8.99926501e-03,-2.39828498e+02
18785.9494,9.02500197e-03,-2.40798394e+02
18786.3995,9.05084657e-03,-2.41773366e+02
18786.8497,9.07679938e-03,-2.42753447e+02
18787.2998,9.10286100e-03,-2.43738668e+02
18787.7499,9.12903201e-03,-2.44729063e+02
18788.2000,9.15531301e-03,-2.45724665e+02
18788.6501,9.18170459e-03,-2.46725505e+02
18789.1002,9.20820736e-03,-2.47731618e+02
18789.5503,9.23482192e-03,-2.48743037e+02
18790.0005,9.26154887e-03,-2.49759796e+02
18790.4506,9.28838884e-03,-2.50781928e+02
18790.9007,9.31534244e-03,-2.51809468e+02
18791.3508,9.34241028e-03,-2.52842450e+02
18791.8009,9.36959300e-03,-2.53880909e+02
18792.2510,9.39689123e-03,-2.54924880e+02
18792.7011,9.42430559e-03,-2.55974398e+02
18793.1512,9.45183672e-03,-2.57029499e+02
18793.6014,9.47948527e-03,-2.58090218e+02
18794.0515,9.50725188e-03,-2.59156592e+02
18794.5016,9.53513721e-03,-2.60228656e+02
18794.9517,9.56314190e-03,-2.61306447e+02
18795.4018,9.59126661e-03,-2.62390002e+02
18795.8519,9.61951201e-03,-2.63479358e+02
18796.3020,9.64787877e-03,-2.64574553e+02
18796.7521,9.67636755e-03,-2.65675623e+02
18797.2023,9.70497904e-03,-2.66782608e+02
18797.6524,9.73371391e-03,-2.67895544e+02
18798.1025,9.76257285e-03,-2.69014471e+02
18798.5526,9.79155654e-03,-2.70139427e+02
18799.0027,9.82066570e-03,-2.71270451e+02
18799.4528,9.84990100e-03,-2.72407582e+02
18799.9029,9.87926316e-03,-2.73550861e+02
18800.3530,9.90875288e-03,-2.74700327e+02
18800.8032,9.93837088e-03,-2.75856020e+02
18801.2533,9.96811788e-03,-2.77017980e+02
18801.7034,9.99799459e-03,-2.78186249e+02
18802.1535,1.00280017e-02,-2.79360867e+02
18802.6036,1.00581401e-02,-2.80541877e+02
18803.0537,1.00884103e-02,-2.81729318e+02
18803.5038,1.01188132e-02,-2.82923235e+02
18803.9539,1.01493495e-02,-2.84123668e+02
18804.4041,1.01800200e-02,-2.85330661e+02
18804.8542,1.02108254e-02,-2.86544256e+02
18805.3043,1.02417664e-02,-2.87764496e+02
18805.7544,1.02728439e-02,-2.88991426e+02
18806.2045,1.03040587e-02,-2.90225089e+02
18806.6546,1.03354114e-02,-2.91465530e+02
18807.1047,1.03669028e-02,-2.92712793e+02
18807.5548,1.03985339e-02,-2.93966922e+02
18808.0050,1.04303053e-02,-2.95227963e+02
18808.4551,1.04622178e-02,-2.96495962e+02
18808.9052,1.04942724e-02,-2.97770965e+02
18809.3553,1.05264697e-02,-2.99053017e+02
18809.8054,1.05588105e-02,-3.00342166e+02
18810.2555,1.05912958e-02,-3.01638458e+02
18810.7056,1.06239263e-02,-3.02941940e+02
18811.1557,1.06567029e-02,-3.04252661e+02
18811.6059,1.06896264e-02,-3.05570668e+02
18812.0560,1.07226977e-02,-3.06896010e+02
18812.5061,1.07559175e-02,-3.08228735e+02
18812.9562,1.07892868e-02,-3.09568892e+02
18813.4063,1.08228064e-02,-3.10916531e+02
18813.8564,1.08564771e-02,-3.12271702e+02
18814.3065,1.08902999e-02,-3.13634455e+02
18814.7566,1.09242757e-02,-3.15004840e+02
18815.2068,1.09584053e-02,-3.16382909e+02
18815.6569,1.09926895e-02,-3.17768713e+02
18816.1070,1.10271294e-02,-3.19162303e+02
18816.5571,1.10617258e-02,-3.20563731e+02
18817.0072,1.10964795e-02,-3.21973051e+02
18817.4573,1.11313917e-02,-3.23390314e+02
18817.9074,1.11664630e-02,-3.24815575e+02
18818.3575,1.12016945e-02,-3.26248887e+02
18818.8077,1.12370872e-02,-3.27690305e+02
18819.2578,1.12726419e-02,-3.29139881e+02
18819.7079,1.13083596e-02,-3.30597673e+02
18820.1580,1.13442412e-02,-3.32063734e+02
18820.6081,1.13802878e-02,-3.33538121e+02
18821.0582,1.14165002e-02,-3.35020890e+02
18821.5083,1.14528795e-02,-3.36512097e+02
18821.9584,1.14894267e-02,-3.38011799e+02
18822.4086,1.15261426e-02,-3.39520055e+02
18822.8587,1.15630284e-02,-3.41036922e+02
18823.3088,1.16000849e-02,-3.42562457e+02
18823.7589,1.16373133e-02,-3.44096721e+02
18824.2090,1.16747146e-02,-3.45639772e+02
18824.6591,1.17122896e-02,-3.47191669e+02
18825.1092,1.17500396e-02,-3.48752474e+02
18825.5593,1.17879655e-02,-3.50322246e+02
18826.0095,1.18260684e-02,-3.51901047e+02
18826.4596,1.18643493e-02,-3.53488938e+02
18826.9097,1.19028092e-02,-3.55085981e+02
18827.3598,1.19414493e-02,-3.56692238e+02
18827.8099,1.19802706e-02,-3.58307773e+02
18828.2600,1.20192742e-02,-3.59932649e+02
18828.7101,1.20584612e-02,-3.61566929e+02
18829.1602,1.20978326e-02,-3.63210679e+02
18829.6104,1.21373896e-02,-3.64863962e+02
18830.0605,1.21771334e-02,-3.66526844e+02
18830.5106,1.22170649e-02,-3.68199392e+02
18830.9607,1.22571853e-02,-3.69881671e+02
18831.4108,1.22974958e-02,-3.71573748e+02
18831.8609,1.23379975e-02,-3.73275691e+02
18832.3110,1.23786916e-02,-3.74987567e+02
18832.7611,1.24195792e-02,-3.76709444e+02
18833.2113,1.24606615e-02,-3.78441393e+02
18833.6614,1.25019396e-02,-3.80183481e+02
18834.1115,1.25434147e-02,-3.81935780e+02
18834.5616,1.25850881e-02,-3.83698359e+02
18835.0117,1.26269609e-02,-3.85471290e+02
18835.4618,1.26690344e-02,-3.87254644e+02
18835.9119,1.27113097e-02,-3.89048493e+02
18836.3620,1.27537881e-02,-3.90852910e+02
18836.8122,1.27964707e-02,-3.92667967e+02
18837.2623,1.28393590e-02,-3.94493740e+02
18837.7124,1.28824540e-02,-3.96330302e+02
18838.1625,1.29257571e-02,-3.98177728e+02
18838.6126,1.29692695e-02,-4.00036093e+02
18839.0627,1.30129925e-02,-4.01905474e+02
18839.5128,1.30569274e-02,-4.03785946e+02
18839.9629,1.31010755e-02,-4.05677589e+02
18840.4131,1.31454381e-02,-4.07580478e+02
18840.8632,1.31900165e-02,-4.09494692e+02
18841.3133,1.32348121e-02,-4.11420311e+02
18841.7634,1.32798261e-02,-4.13357414e+02
18842.2135,1.33250598e-02,-4.15306081e+02
18842.6636,1.33705148e-02,-4.17266394e+02
18843.1137,1.34161923e-02,-4.19238432e+02
18843.5638,1.34620936e-02,-4.21222279e+02
18844.0140,1.35082202e-02,-4.23218017e+02
18844.4641,1.35545735e-02,-4.25225729e+02
18844.9142,1.36011548e-02,-4.27245499e+02
18845.3643,1.36479656e-02,-4.29277412e+02
18845.8144,1.36950073e-02,-4.31321553e+02
18846.2645,1.37422813e-02,-4.33378007e+02
18846.7146,1.37897891e-02,-4.35446862e+02
18847.1647,1.38375321e-02,-4.37528204e+02
18847.6149,1.38855117e-02,-4.39622122e+02
18848.0650,1.39337295e-02,-4.41728703e+02
18848.5151,1.39821869e-02,-4.43848036e+02
18848.9652,1.40308854e-02,-4.45980213e+02
18849.4153,1.40798266e-02,-4.48125322e+02
18849.8654,1.41290118e-02,-4.50283456e+02
18850.3155,1.41784427e-02,-4.52454706e+02
18850.7656,1.42281209e-02,-4.54639164e+02
18851.2158,1.42780477e-02,-4.56836925e+02
18851.6659,1.43282248e-02,-4.59048081e+02
18852.1160,1.43786538e-02,-4.61272728e+02
18852.5661,1.44293363e-02,-4.63510962e+02
18853.0162,1.44802738e-02,-4.65762877e+02
18853.4663,1.45314679e-02,-4.68028571e+02
18853.9164,1.45829202e-02,-4.70308143e+02
18854.3665,1.46346325e-02,-4.72601689e+02
18854.8167,1.46866062e-02,-4.74909309e+02
18855.2668,1.47388431e-02,-4.77231102e+02
18855.7169,1.47913448e-02,-4.79567171e+02
18856.1670,1.48441130e-02,-4.81917615e+02
18856.6171,1.48971494e-02,-4.84282536e+02
18857.0672,1.49504556e-02,-4.86662039e+02
18857.5173,1.50040334e-02,-4.89056225e+02
18857.9674,1.50578845e-02,-4.91465200e+02
18858.4176,1.51120107e-02,-4.93889069e+02
18858.8677,1.51664136e-02,-4.96327938e+02
18859.3178,1.52210950e-02,-4.98781913e+02
18859.7679,1.52760567e-02,-5.01251103e+02
18860.2180,1.53313006e-02,-5.03735614e+02
18860.6681,1.53868283e-02,-5.06235558e+02
18861.1182,1.54426416e-02,-5.08751043e+02
18861.5683,1.54987425e-02,-5.11282181e+02
18862.0185,1.55551327e-02,-5.13829082e+02
18862.4686,1.56118142e-02,-5.16391860e+02
18862.9187,1.56687886e-02,-5.18970628e+02
18863.3688,1.57260580e-02,-5.21565500e+02
18863.8189,1.57836242e-02,-5.24176591e+02
18864.2690,1.58414890e-02,-5.26804017e+02
18864.7191,1.58996545e-02,-5.29447894e+02
18865.1692,1.59581226e-02,-5.32108340e+02
18865.6194,1.60168951e-02,-5.34785474e+02
18866.0695,1.60759741e-02,-5.37479415e+02
18866.5196,1.61353615e-02,-5.40190282e+02
18866.9697,1.61950592e-02,-5.42918198e+02
18867.4198,1.62550694e-02,-5.45663283e+02
18867.8699,1.63153940e-02,-5.48425661e+02
18868.3200,1.63760349e-02,-5.51205456e+02
18868.7701,1.64369944e-02,-5.54002792e+02
18869.2203,1.64982744e-02,-5.56817795e+02
18869.6704,1.65598769e-02,-5.59650591e+02
18870.1205,1.66218041e-02,-5.62501308e+02
18870.5706,1.66840581e-02,-5.65370074e+02
18871.0207,1.67466410e-02,-5.68257018e+02
18871.4708,1.68095548e-02,-5.71162270e+02
18871.9209,1.68728018e-02,-5.74085962e+02
18872.3710,1.69363842e-02,-5.77028226e+02
18872.8212,1.70003040e-02,-5.79989194e+02
18873.2713,1.70645634e-02,-5.82969001e+02
18873.7214,1.71291648e-02,-5.85967781e+02
18874.1715,1.71941102e-02,-5.88985671e+02
18874.6216,1.72594020e-02,-5.92022807e+02
18875.0717,1.73250423e-02,-5.95079327e+02
18875.5218,1.73910335e-02,-5.98155371e+02
18875.9719,1.74573778e-02,-6.01251077e+02
18876.4221,1.75240775e-02,-6.04366587e+02
18876.8722,1.75911350e-02,-6.07502042e+02
18877.3223,1.76585525e-02,-6.10657586e+02
18877.7724,1.77263325e-02,-6.13833362e+02
18878.2225,1.77944772e-02,-6.17029514e+02
18878.6726,1.78629891e-02,-6.20246190e+02
18879.1227,1.79318706e-02,-6.23483535e+02
18879.5728,1.80011240e-02,-6.26741698e+02
18880.0230,1.80707519e-02,-6.30020826e+02
18880.4731,1.81407566e-02,-6.33321072e+02
18880.9232,1.82111406e-02,-6.36642584e+02
18881.3733,1.82819063e-02,-6.39985516e+02
18881.8234,1.83530564e-02,-6.43350020e+02
18882.2735,1.84245933e-02,-6.46736250e+02
18882.7236,1.84965196e-02,-6.50144362e+02
18883.1737,1.85688377e-02,-6.53574511e+02
18883.6239,1.86415503e-02,-6.57026856e+02
18884.0740,1.87146599e-02,-6.60501553e+02
18884.5241,1.87881692e-02,-6.63998764e+02
18884.9742,1.88620807e-02,-6.67518647e+02
18885.4243,1.89363972e-02,-6.71061365e+02
18885.8744,1.90111212e-02,-6.74627080e+02
18886.3245,1.90862555e-02,-6.78215956e+02
18886.7746,1.91618027e-02,-6.81828158e+02
18887.2248,1.92377656e-02,-6.85463851e+02
18887.6749,1.93141469e-02,-6.89123202e+02
18888.1250,1.93909492e-02,-6.92806380e+02
18888.5751,1.94681755e-02,-6.96513552e+02
18889.0252,1.95458285e-02,-7.00244891e+02
18889.4753,1.96239109e-02,-7.04000566e+02
18889.9254,1.97024257e-02,-7.07780751e+02
18890.3755,1.97813756e-02,-7.11585618e+02
18890.8257,1.98607636e-02,-7.15415342e+02
18891.2758,1.99405924e-02,-7.19270099e+02
18891.7259,2.00208651e-02,-7.23150065e+02
18892.1760,2.01015845e-02,-7.27055419e+02
18892.6261,2.01827535e-02,-7.30986340e+02
18893.0762,2.02643751e-02,-7.34943006e+02
18893.5263,2.03464524e-02,-7.38925601e+02
18893.9764,2.04289882e-02,-7.42934305e+02
18894.4266,2.05119857e-02,-7.46969302e+02
18894.8767,2.05954478e-02,-7.51030777e+02
18895.3268,2.06793776e-02,-7.55118916e+02
18895.7769,2.07637782e-02,-7.59233904e+02
18896.2270,2.08486527e-02,-7.63375930e+02
18896.6771,2.09340042e-02,-7.67545182e+02
18897.1272,2.10198358e-02,-7.71741851e+02
18897.5773,2.11061507e-02,-7.75966128e+02
18898.0275,2.11929521e-02,-7.80218204e+02
18898.4776,2.12802431e-02,-7.84498273e+02
18898.9277,2.13680271e-02,-7.88806529e+02
18899.3778,2.14563071e-02,-7.93143168e+02
18899.8279,2.15450866e-02,-7.97508386e+02
18900.2780,2.16343687e-02,-8.01902380e+02
18900.7281,2.17241568e-02,-8.06325350e+02
18901.1782,2.18144541e-02,-8.10777495e+02
18901.6284,2.19052641e-02,-8.15259015e+02
18902.0785,2.19965901e-02,-8.19770113e+02
18902.5286,2.20884355e-02,-8.24310992e+02
18902.9787,2.21808036e-02,-8.28881854e+02
18903.4288,2.22736979e-02,-8.33482906e+02
18903.8789,2.23671219e-02,-8.38114353e+02
18904.3290,2.24610790e-02,-8.42776402e+02
18904.7791,2.25555727e-02,-8.47469261e+02
18905.2293,2.26506065e-02,-8.52193139e+02
18905.6794,2.27461839e-02,-8.56948247e+02
18906.1295,2.28423085e-02,-8.61734795e+02
18906.5796,2.29389839e-02,-8.66552995e+02
18907.0297,2.30362136e-02,-8.71403060e+02
18907.4798,2.31340013e-02,-8.76285204e+02
18907.9299,2.32323507e-02,-8.81199642e+02
18908.3800,2.33312652e-02,-8.86146590e+02
18908.8302,2.34307487e-02,-8.91126265e+02
18909.2803,2.35308048e-02,-8.96138883e+02
18909.7304,2.36314373e-02,-9.01184664e+02
18910.1805,2.37326498e-02,-9.06263827e+02
18910.6306,2.38344462e-02,-9.11376593e+02
18911.0807,2.39368302e-02,-9.16523181e+02
18911.5308,2.40398057e-02,-9.21703816e+02
18911.9809,2.41433764e-02,-9.26918718e+02
18912.4311,2.42475462e-02,-9.32168113e+02
18912.8812,2.43523189e-02,-9.37452223e+02
18913.3313,2.44576985e-02,-9.42771275e+02
18913.7814,2.45636889e-02,-9.48125494e+02
18914.2315,2.46702939e-02,-9.53515108e+02
18914.6816,2.47775175e-02,-9.58940342e+02
18915.1317,2.48853637e-02,-9.64401425e+02
18915.5818,2.49938365e-02,-9.69898587e+02
18916.0320,2.51029399e-02,-9.75432056e+02
18916.4821,2.52126779e-02,-9.81002061e+02
18916.9322,2.53230545e-02,-9.86608835e+02
18917.3823,2.54340739e-02,-9.92252607e+02
18917.8324,2.55457401e-02,-9.97933610e+02
18918.2825,2.56580571e-02,-1.00365207e+03
18918.7326,2.57710293e-02,-1.00940823e+03
18919.1827,2.58846606e-02,-1.01520232e+03
18919.6329,2.59989552e-02,-1.02103457e+03
18920.0830,2.61139174e-02,-1.02690522e+03
18920.5331,2.62295514e-02,-1.03281449e+03
18920.9832,2.63458613e-02,-1.03876263e+03
18921.4333,2.64628513e-02,-1.04474987e+03
18921.8834,2.65805259e-02,-1.05077644e+03
18922.3335,2.66988891e-02,-1.05684258e+03
18922.7836,2.68179454e-02,-1.06294852e+03
18923.2338,2.69376990e-02,-1.06909451e+03
18923.6839,2.70581543e-02,-1.07528077e+03
18924.1340,2.71793156e-02,-1.08150754e+03
18924.5841,2.73011873e-02,-1.08777506e+03
18925.0342,2.74237737e-02,-1.09408356e+03
18925.4843,2.75470792e-02,-1.10043327e+03
18925.9344,2.76711083e-02,-1.10682445e+03
18926.3845,2.77958654e-02,-1.11325731e+03
18926.8347,2.79213549e-02,-1.11973209e+03
18927.2848,2.80475813e-02,-1.12624903e+03
18927.7349,2.81745491e-02,-1.13280836e+03
18928.1850,2.83022627e-02,-1.13941032e+03
18928.6351,2.84307266e-02,-1.14605514e+03
18929.0852,2.85599454e-02,-1.15274305e+03
18929.5353,2.86899236e-02,-1.15947429e+03
18929.9854,2.88206657e-02,-1.16624908e+03
18930.4356,2.89521762e-02,-1.17306766e+03
18930.8857,2.90844599e-02,-1.17993026e+03
18931.3358,2.92175211e-02,-1.18683710e+03
18931.7859,2.93513646e-02,-1.19378842e+03
18932.2360,2.94859948e-02,-1.20078444e+03
18932.6861,2.96214165e-02,-1.20782539e+03
18933.1362,2.97576342e-02,-1.21491149e+03
18933.5863,2.98946525e-02,-1.22204297e+03
18934.0365,3.00324762e-02,-1.22922006e+03
18934.4866,3.01711097e-02,-1.23644296e+03
18934.9367,3.03105579e-02,-1.24371191e+03
18935.3868,3.04508253e-02,-1.25102711e+03
18935.8369,3.05919166e-02,-1.25838880e+03
18936.2870,3.07338365e-02,-1.26579717e+03
18936.7371,3.08765896e-02,-1.27325245e+03
18937.1872,3.10201807e-02,-1.28075484e+03
18937.6374,3.11646143e-02,-1.28830457e+03
18938.0875,3.13098953e-02,-1.29590182e+03
18938.5376,3.14560282e-02,-1.30354681e+03
18938.9877,3.16030177e-02,-1.31123974e+03
18939.4378,3.17508687e-02,-1.31898081e+03
18939.8879,3.18995856e-02,-1.32677022e+03
18940.3380,3.20491732e-02,-1.33460816e+03
18940.7881,3.21996363e-02,-1.34249482e+03
18941.2383,3.23509794e-02,-1.35043040e+03
18941.6884,3.25032072e-02,-1.35841508e+03
18942.1385,3.26563245e-02,-1.36644904e+03
18942.5886,3.28103359e-02,-1.37453247e+03
18943.0387,3.29652460e-02,-1.38266553e+03
18943.4888,3.31210595e-02,-1.39084841e+03
18943.9389,3.32777810e-02,-1.39908127e+03
18944.3890,3.34354151e-02,-1.40736427e+03
18944.8392,3.35939666e-02,-1.41569759e+03
18945.2893,3.37534399e-02,-1.42408137e+03
18945.7394,3.39138397e-02,-1.43251576e+03
18946.1895,3.40751705e-02,-1.44100093e+03
18946.6396,3.42374370e-02,-1.44953701e+03
18947.0897,3.44006436e-02,-1.45812414e+03
18947.5398,3.45647949e-02,-1.46676246e+03
18947.9899,3.47298954e-02,-1.47545209e+03
18948.4401,3.48959496e-02,-1.48419316e+03
18948.8902,3.50629619e-02,-1.49298579e+03
18949.3403,3.52309368e-02,-1.50183009e+03
18949.7904,3.53998787e-02,-1.51072617e+03
18950.2405,3.55697920e-02,-1.51967413e+03
18950.6906,3.57406810e-02,-1.52867407e+03
18951.1407,3.59125501e-02,-1.53772607e+03
18951.5908,3.60854036e-02,-1.54683022e+03
18952.0410,3.62592457e-02,-1.55598659e+03
18952.4911,3.64340807e-02,-1.56519526e+03
18952.9412,3.66099127e-02,-1.57445628e+03
18953.3913,3.67867459e-02,-1.58376971e+03
18953.8414,3.69645845e-02,-1.59313559e+03
18954.2915,3.71434324e-02,-1.60255397e+03
18954.7416,3.73232938e-02,-1.61202487e+03
18955.1917,3.75041726e-02,-1.62154831e+03
18955.6419,3.76860728e-02,-1.63112432e+03
18956.0920,3.78689982e-02,-1.64075290e+03
18956.5421,3.80529526e-02,-1.65043403e+03
18956.9922,3.82379400e-02,-1.66016772e+03
18957.4423,3.84239639e-02,-1.66995393e+03
18957.8924,3.86110280e-02,-1.67979263e+03
18958.3425,3.87991361e-02,-1.68968378e+03
18958.7926,3.89882915e-02,-1.69962734e+03
18959.2428,3.91784978e-02,-1.70962322e+03
18959.6929,3.93697585e-02,-1.71967137e+03
18960.1430,3.95620767e-02,-1.72977169e+03
18960.5931,3.97554559e-02,-1.73992409e+03
18961.0432,3.99498993e-02,-1.75012845e+03
18961.4933,4.01454098e-02,-1.76038466e+03
18961.9434,4.03419907e-02,-1.77069259e+03
18962.3935,4.05396448e-02,-1.78105208e+03
18962.8437,4.07383751e-02,-1.79146298e+03
18963.2938,4.09381843e-02,-1.80192512e+03
18963.7439,4.11390751e-02,-1.81243830e+03
18964.1940,4.13410501e-02,-1.82300234e+03
18964.6441,4.15441119e-02,-1.83361700e+03
18965.0942,4.17482628e-02,-1.84428208e+03
18965.5443,4.19535052e-02,-1.85499731e+03
18965.9944,4.21598413e-02,-1.86576244e+03
18966.4446,4.23672731e-02,-1.87657720e+03
18966.8947,4.25758028e-02,-1.88744129e+03
18967.3448,4.27854320e-02,-1.89835440e+03
18967.7949,4.29961626e-02,-1.90931621e+03
18968.2450,4.32079963e-02,-1.92032638e+03
18968.6951,4.34209345e-02,-1.93138454e+03
18969.1452,4.36349787e-02,-1.94249032e+03
18969.5953,4.38501300e-02,-1.95364332e+03
18970.0455,4.40663897e-02,-1.96484313e+03
18970.4956,4.42837586e-02,-1.97608930e+03
18970.9457,4.45022377e-02,-1.98738139e+03
18971.3958,4.47218276e-02,-1.99871892e+03
18971.8459,4.49425289e-02,-2.01010139e+03
18972.2960,4.51643420e-02,-2.02152829e+03
18972.7461,4.53872671e-02,-2.03299907e+03
18973.1962,4.56113043e-02,-2.04451319e+03
18973.6464,4.58364535e-02,-2.05607005e+03
18974.0965,4.60627145e-02,-2.06766905e+03
18974.5466,4.62900868e-02,-2.07930956e+03
18974.9967,4.65185699e-02,-2.09099094e+03
18975.4468,4.67481630e-02,-2.10271250e+03
18975.8969,4.69788651e-02,-2.11447354e+03
18976.3470,4.72106751e-02,-2.12627334e+03
18976.7971,4.74435916e-02,-2.13811114e+03
18977.2473,4.76776132e-02,-2.14998617e+03
18977.6974,4.79127379e-02,-2.16189762e+03
18978.1475,4.81489640e-02,-2.17384467e+03
18978.5976,4.83862893e-02,-2.18582644e+03
18979.0477,4.86247113e-02,-2.19784206e+03
18979.4978,4.88642276e-02,-2.20989061e+03
18979.9479,4.91048353e-02,-2.22197113e+03
18980.3980,4.93465313e-02,-2.23408267e+03
18980.8482,4.95893125e-02,-2.24622421e+03
18981.2983,4.98331753e-02,-2.25839472e+03
18981.7484,5.00781160e-02,-2.27059314e+03
18982.1985,5.03241305e-02,-2.28281835e+03
18982.6486,5.05712147e-02,-2.29506924e+03
18983.0987,5.08193641e-02,-2.30734464e+03
18983.5488,5.10685738e-02,-2.31964335e+03
18983.9989,5.13188389e-02,-2.33196415e+03
18984.4491,5.15701541e-02,-2.34430577e+03
18984.8992,5.18225139e-02,-2.35666691e+03
18985.3493,5.20759124e-02,-2.36904623e+03
18985.7994,5.23303434e-02,-2.38144237e+03
18986.2495,5.25858006e-02,-2.39385392e+03
18986.6996,5.28422773e-02,-2.40627944e+03
18987.1497,5.30997665e-02,-2.41871744e+03
18987.5998,5.33582608e-02,-2.43116640e+03
18988.0500,5.36177526e-02,-2.44362478e+03
18988.5001,5.38782342e-02,-2.45609097e+03
18988.9502,5.41396971e-02,-2.46856334e+03
18989.4003,5.44021328e-02,-2.48104021e+03
18989.8504,5.46655325e-02,-2.49351986e+03
18990.3005,5.49298870e-02,-2.50600055e+03
18990.7506,5.51951866e-02,-2.51848047e+03
18991.2008,5.54614215e-02,-2.53095778e+03
18991.6509,5.57285815e-02,-2.54343059e+03
18992.1010,5.59966560e-02,-2.55589700e+03
18992.5511,5.62656340e-02,-2.56835502e+03
18993.0012,5.65355042e-02,-2.58080264e+03
18993.4513,5.68062551e-02,-2.59323781e+03
18993.9014,5.70778745e-02,-2.60565842e+03
18994.3515,5.73503501e-02,-2.61806234e+03
18994.8017,5.76236691e-02,-2.63044737e+03
18995.2518,5.78978183e-02,-2.64281127e+03
18995.7019,5.81727843e-02,-2.65515175e+03
18996.1520,5.84485531e-02,-2.66746650e+03
18996.6021,5.87251103e-02,-2.67975314e+03
18997.0522,5.90024414e-02,-2.69200923e+03
18997.5023,5.92805312e-02,-2.70423231e+03
18997.9524,5.95593642e-02,-2.71641986e+03
18998.4026,5.98389244e-02,-2.72856931e+03
18998.8527,6.01191957e-02,-2.74067805e+03
18999.3028,6.04001612e-02,-2.75274341e+03
18999.7529,6.06818038e-02,-2.76476268e+03
19000.2030,6.09641061e-02,-2.77673309e+03
19000.6531,6.12470499e-02,-2.78865185e+03
19001.1032,6.15306169e-02,-2.80051607e+03
19001.5533,6.18147883e-02,-2.81232286e+03
19002.0035,6.20995448e-02,-2.82406926e+03
19002.4536,6.23848668e-02,-2.83575225e+03
19002.9037,6.26707342e-02,-2.84736877e+03
19003.3538,6.29571264e-02,-2.85891572e+03
19003.8039,6.32440225e-02,-2.87038993e+03
19004.2540,6.35314011e-02,-2.88178820e+03
19004.7041,6.38192403e-02,-2.89310727e+03
19005.1542,6.41075179e-02,-2.90434383e+03
19005.6044,6.43962112e-02,-2.91549451e+03
19006.0545,6.46852971e-02,-2.92655592e+03
19006.5046,6.49747519e-02,-2.93752459e+03
19006.9547,6.52645516e-02,-2.94839702e+03
19007.4048,6.55546719e-02,-2.95916965e+03
19007.8549,6.58450878e-02,-2.96983889e+03
19008.3050,6.61357740e-02,-2.98040107e+03
19008.7551,6.64267048e-02,-2.99085250e+03
19009.2053,6.67178540e-02,-3.00118943e+03
19009.6554,6.70091951e-02,-3.01140808e+03
19010.1055,6.73007009e-02,-3.02150459e+03
19010.5556,6.75923440e-02,-3.03147508e+03
19011.0057,6.78840967e-02,-3.04131562e+03
19011.4558,6.81759305e-02,-3.05102224e+03
19011.9059,6.84678168e-02,-3.06059090e+03
19012.3560,6.87597265e-02,-3.07001756e+03
19012.8062,6.90516301e-02,-3.07929810e+03
19013.2563,6.93434976e-02,-3.08842838e+03
19013.7064,6.96352988e-02,-3.09740420e+03
19014.1565,6.99270030e-02,-3.10622134e+03
19014.6066,7.02185791e-02,-3.11487552e+03
19015.0567,7.05099955e-02,-3.12336245e+03
19015.5068,7.08012206e-02,-3.13167777e+03
19015.9569,7.10922221e-02,-3.13981712e+03
19016.4071,7.13829674e-02,-3.14777606e+03
19016.8572,7.16734237e-02,-3.15555016e+03
19017.3073,7.19635577e-02,-3.16313494e+03
19017.7574,7.22533358e-02,-3.17052588e+03
19018.2075,7.25427242e-02,-3.17771845e+03
19018.6576,7.28316885e-02,-3.18470806e+03
19019.1077,7.31201944e-02,-3.19149014e+03
19019.5578,7.34082069e-02,-3.19806005e+03
19020.0080,7.36956910e-02,-3.20441315e+03
19020.4581,7.39826112e-02,-3.21054477e+03
19020.9082,7.42689320e-02,-3.21645023e+03
19021.3583,7.45546174e-02,-3.22212482e+03
19021.8084,7.48396313e-02,-3.22756381e+03
19022.2585,7.51239374e-02,-3.23276247e+03
19022.7086,7.54074989e-02,-3.23771605e+03
19023.1587,7.56902793e-02,-3.24241979e+03
19023.6089,7.59722414e-02,-3.24686890e+03
19024.0590,7.62533481e-02,-3.25105863e+03
19024.5091,7.65335621e-02,-3.25498417e+03
19024.9592,7.68128460e-02,-3.25864074e+03
19025.4093,7.70911622e-02,-3.26202357e+03
19025.8594,7.73684728e-02,-3.26512785e+03
19026.3095,7.76447402e-02,-3.26794882e+03
19026.7596,7.79199264e-02,-3.27048169e+03
19027.2098,7.81939935e-02,-3.27272170e+03
19027.6599,7.84669034e-02,-3.27466409e+03
19028.1100,7.87386180e-02,-3.27630413e+03
19028.5601,7.90090993e-02,-3.27763708e+03
19029.0102,7.92783092e-02,-3.27865824e+03
19029.4603,7.95462096e-02,-3.27936293e+03
19029.9104,7.98127625e-02,-3.27974647e+03
19030.3605,8.00779299e-02,-3.27980425e+03
19030.8107,8.03416738e-02,-3.27953165e+03
19031.2608,8.06039565e-02,-3.27892410e+03
19031.7109,8.08647402e-02,-3.27797706e+03
19032.1610,8.11239872e-02,-3.27668603e+03
19032.6111,8.13816602e-02,-3.27504655e+03
19033.0612,8.16377218e-02,-3.27305420e+03
19033.5113,8.18921349e-02,-3.27070462e+03
19033.9614,8.21448625e-02,-3.26799349e+03
19034.4116,8.23958680e-02,-3.26491652e+03
19034.8617,8.26451149e-02,-3.26146952e+03
19035.3118,8.28925670e-02,-3.25764833e+03
19035.7619,8.31381883e-02,-3.25344884e+03
19036.2120,8.33819433e-02,-3.24886704e+03
19036.6621,8.36237965e-02,-3.24389895e+03
19037.1122,8.38637129e-02,-3.23854069e+03
19037.5623,8.41016580e-02,-3.23278843e+03
19038.0125,8.43375975e-02,-3.22663842e+03
19038.4626,8.45714975e-02,-3.22008701e+03
19038.9127,8.48033245e-02,-3.21313061e+03
19039.3628,8.50330454e-02,-3.20576571e+03
19039.8129,8.52606277e-02,-3.19798891e+03
19040.2630,8.54860393e-02,-3.18979689e+03
19040.7131,8.57092484e-02,-3.18118641e+03
19041.1632,8.59302240e-02,-3.17215435e+03
19041.6134,8.61489353e-02,-3.16269768e+03
19042.0635,8.63653523e-02,-3.15281346e+03
19042.5136,8.65794454e-02,-3.14249888e+03
19042.9637,8.67911857e-02,-3.13175121e+03
19043.4138,8.70005446e-02,-3.12056784e+03
19043.8639,8.72074944e-02,-3.10894628e+03
19044.3140,8.74120078e-02,-3.09688416e+03
19044.7641,8.76140584e-02,-3.08437922e+03
19045.2143,8.78136201e-02,-3.07142931e+03
19045.6644,8.80106676e-02,-3.05803241e+03
19046.1145,8.82051764e-02,-3.04418665e+03
19046.5646,8.83971224e-02,-3.02989025e+03
19047.0147,8.85864825e-02,-3.01514158e+03
19047.4648,8.87732340e-02,-2.99993914e+03
19047.9149,8.89573551e-02,-2.98428157e+03
19048.3650,8.91388247e-02,-2.96816765e+03
19048.8152,8.93176223e-02,-2.95159627e+03
19049.2653,8.94937284e-02,-2.93456649e+03
19049.7154,8.96671240e-02,-2.91707751e+03
19050.1655,8.98377910e-02,-2.89912866e+03
19050.6156,9.00057120e-02,-2.88071943e+03
19051.0657,9.01708703e-02,-2.86184945e+03
19051.5158,9.03332501e-02,-2.84251851e+03
19051.9659,9.04928363e-02,-2.82272653e+03
19052.4161,9.06496146e-02,-2.80247360e+03
19052.8662,9.08035716e-02,-2.78175997e+03
19053.3163,9.09546944e-02,-2.76058602e+03
19053.7664,9.11029712e-02,-2.73895230e+03
19054.2165,9.12483908e-02,-2.71685952e+03
19054.6666,9.13909429e-02,-2.69430855e+03
19055.1167,9.15306178e-02,-2.67130041e+03
19055.5668,9.16674068e-02,-2.64783628e+03
19056.0170,9.18013019e-02,-2.62391750e+03
19056.4671,9.19322959e-02,-2.59954558e+03
19056.9172,9.20603823e-02,-2.57472218e+03
19057.3673,9.21855555e-02,-2.54944913e+03
19057.8174,9.23078105e-02,-2.52372841e+03
19058.2675,9.24271433e-02,-2.49756218e+03
19058.7176,9.25435504e-02,-2.47095275e+03
19059.1677,9.26570292e-02,-2.44390259e+03
19059.6179,9.27675779e-02,-2.41641434e+03
19060.0680,9.28751952e-02,-2.38849078e+03
19060.5181,9.29798807e-02,-2.36013489e+03
19060.9682,9.30816347e-02,-2.33134977e+03
19061.4183,9.31804581e-02,-2.30213872e+03
19061.8684,9.32763527e-02,-2.27250515e+03
19062.3185,9.33693207e-02,-2.24245268e+03
19062.7686,9.34593651e-02,-2.21198506e+03
19063.2188,9.35464896e-02,-2.18110619e+03
19063.6689,9.36306985e-02,-2.14982015e+03
19064.1190,9.37119967e-02,-2.11813116e+03
19064.5691,9.37903897e-02,-2.08604360e+03
19065.0192,9.38658835e-02,-2.05356198e+03
19065.4693,9.39384850e-02,-2.02069101e+03
19065.9194,9.40082013e-02,-1.98743550e+03
19066.3695,9.40750402e-02,-1.95380042e+03
19066.8197,9.41390101e-02,-1.91979092e+03
19067.2698,9.42001196e-02,-1.88541224e+03
19067.7199,9.42583783e-02,-1.85066982e+03
19068.1700,9.43137957e-02,-1.81556919e+03
19068.6201,9.43663823e-02,-1.78011605e+03
19069.0702,9.44161486e-02,-1.74431622e+03
19069.5203,9.44631057e-02,-1.70817568e+03
19069.9704,9.45072650e-02,-1.67170052e+03
19070.4206,9.45486386e-02,-1.63489696e+03
19070.8707,9.45872385e-02,-1.59777136e+03
19071.3208,9.46230773e-02,-1.56033020e+03
19071.7709,9.46561678e-02,-1.52258008e+03
19072.2210,9.46865233e-02,-1.48452774e+03
19072.6711,9.47141572e-02,-1.44618000e+03
19073.1212,9.47390831e-02,-1.40754384e+03
19073.5713,9.47613151e-02,-1.36862632e+03
19074.0215,9.47808672e-02,-1.32943463e+03
19074.4716,9.47977537e-02,-1.28997606e+03
19074.9217,9.48119893e-02,-1.25025800e+03
19075.3718,9.48235886e-02,-1.21028795e+03
19075.8219,9.48325665e-02,-1.17007350e+03
19076.2720,9.48389377e-02,-1.12962234e+03
19076.7221,9.48427175e-02,-1.08894227e+03
19077.1722,9.48439210e-02,-1.04804115e+03
19077.6224,9.48425632e-02,-1.00692695e+03
19078.0725,9.48386595e-02,-9.65607705e+02
19078.5226,9.48322251e-02,-9.24091546e+02
19078.9727,9.48232753e-02,-8.82386676e+02
19079.4228,9.48118253e-02,-8.40501370e+02
19079.8729,9.47978904e-02,-7.98443977e+02
19080.3230,9.47814858e-02,-7.56222910e+02
19080.7731,9.47626266e-02,-7.13846650e+02
19081.2233,9.47413279e-02,-6.71323737e+02
19081.6734,9.47176046e-02,-6.28662768e+02
19082.1235,9.46914717e-02,-5.85872395e+02
19082.5736,9.46629439e-02,-5.42961321e+02
19083.0237,9.46320359e-02,-4.99938296e+02
19083.4738,9.45987621e-02,-4.56812113e+02
19083.9239,9.45631369e-02,-4.13591608e+02
19084.3740,9.45251745e-02,-3.70285651e+02
19084.8242,9.44848889e-02,-3.26903147e+02
19085.2743,9.44422939e-02,-2.83453031e+02
19085.7244,9.43974031e-02,-2.39944264e+02
19086.1745,9.43502299e-02,-1.96385830e+02
19086.6246,9.43007876e-02,-1.52786734e+02
19087.0747,9.42490891e-02,-1.09155994e+02
19087.5248,9.41951472e-02,-6.55026434e+01
19087.9749,9.41389744e-02,-2.18357225e+01
19088.4251,9.40805829e-02,2.18357225e+01
19088.8752,9.40199848e-02,6.55026434e+01
19089.3253,9.39571919e-02,1.09155994e+02
19089.7754,9.38922157e-02,1.52786734e+02
19090.2255,9.38250673e-02,1.96385830e+02
19090.6756,9.37557579e-02,2.39944264e+02
19091.1257,9.36842982e-02,2.83453031e+02
19091.5758,9.36106986e-02,3.26903147e+02
19092.0260,9.35349693e-02,3.70285651e+02
19092.4761,9.34571203e-02,4.13591608e+02
19092.9262,9.33771612e-02,4.56812113e+02
19093.3763,9.32951014e-02,4.99938296e+02
19093.8264,9.32109501e-02,5.42961321e+02
19094.2765,9.31247162e-02,5.85872395e+02
19094.7266,9.30364083e-02,6.28662768e+02
19095.1767,9.29460347e-02,6.71323737e+02
19095.6269,9.28536037e-02,7.13846650e+02
19096.0770,9.27591230e-02,7.56222910e+02
19096.5271,9.26626003e-02,7.98443977e+02
19096.9772,9.25640431e-02,8.40501370e+02
19097.4273,9.24634585e-02,8.82386676e+02
19097.8774,9.23608536e-02,9.24091546e+02
19098.3275,9.22562350e-02,9.65607705e+02
19098.7776,9.21496093e-02,1.00692695e+03
19099.2278,9.20409829e-02,1.04804115e+03
19099.6779,9.19303620e-02,1.08894227e+03
19100.1280,9.18177525e-02,1.12962234e+03
19100.5781,9.17031604e-02,1.17007350e+03
19101.0282,9.15865913e-02,1.21028795e+03
19101.4783,9.14680508e-02,1.25025800e+03
19101.9284,9.13475442e-02,1.28997606e+03
19102.3785,9.12250769e-02,1.32943463e+03
19102.8287,9.11006540e-02,1.36862632e+03
19103.2788,9.09742807e-02,1.40754384e+03
19103.7289,9.08459618e-02,1.44618000e+03
19104.1790,9.07157024e-02,1.48452774e+03
19104.6291,9.05835073e-02,1.52258008e+03
19105.0792,9.04493813e-02,1.56033020e+03
19105.5293,9.03133292e-02,1.59777136e+03
19105.9794,9.01753557e-02,1.63489696e+03
19106.4296,9.00354656e-02,1.67170052e+03
19106.8797,8.98936637e-02,1.70817568e+03
19107.3298,8.97499547e-02,1.74431622e+03
19107.7799,8.96043434e-02,1.78011605e+03
19108.2300,8.94568347e-02,1.81556919e+03
19108.6801,8.93074335e-02,1.85066982e+03
19109.1302,8.91561447e-02,1.88541224e+03
19109.5803,8.90029735e-02,1.91979092e+03
19110.0305,8.88479250e-02,1.95380042e+03
19110.4806,8.86910044e-02,1.98743550e+03
19110.9307,8.85322173e-02,2.02069101e+03
19111.3808,8.83715690e-02,2.05356198e+03
19111.8309,8.82090654e-02,2.08604360e+03
19112.2810,8.80447123e-02,2.11813116e+03
19112.7311,8.78785156e-02,2.14982015e+03
19113.1812,8.77104817e-02,2.18110619e+03
19113.6314,8.75406170e-02,2.21198506e+03
19114.0815,8.73689281e-02,2.24245268e+03
19114.5316,8.71954218e-02,2.27250515e+03
19114.9817,8.70201053e-02,2.30213872e+03
19115.4318,8.68429858e-02,2.33134977e+03
19115.8819,8.66640711e-02,2.36013489e+03
19116.3320,8.64833689e-02,2.38849078e+03
19116.7821,8.63008874e-02,2.41641434e+03
19117.2323,8.61166350e-02,2.44390259e+03
19117.6824,8.59306205e-02,2.47095275e+03
19118.1325,8.57428528e-02,2.49756218e+03
19118.5826,8.55533413e-02,2.52372841e+03
19119.0327,8.53620957e-02,2.54944913e+03
19119.4828,8.51691258e-02,2.57472218e+03
19119.9329,8.49744421e-02,2.59954558e+03
19120.3830,8.47780552e-02,2.62391750e+03
19120.8332,8.45799760e-02,2.64783628e+03
19121.2833,8.43802159e-02,2.67130041e+03
19121.7334,8.41787866e-02,2.69430855e+03
19122.1835,8.39757001e-02,2.71685952e+03
19122.6336,8.37709689e-02,2.73895230e+03
19123.0837,8.35646057e-02,2.76058602e+03
19123.5338,8.33566237e-02,2.78175997e+03
19123.9839,8.31470364e-02,2.80247360e+03
19124.4341,8.29358577e-02,2.82272653e+03
19124.8842,8.27231019e-02,2.84251851e+03
19125.3343,8.25087836e-02,2.86184945e+03
19125.7844,8.22929178e-02,2.88071943e+03
19126.2345,8.20755199e-02,2.89912866e+03
19126.6846,8.18566057e-02,2.91707751e+03
19127.1347,8.16361913e-02,2.93456649e+03
19127.5848,8.14142932e-02,2.95159627e+03
19128.0350,8.11909283e-02,2.96816765e+03
19128.4851,8.09661139e-02,2.98428157e+03
19128.9352,8.07398675e-02,2.99993914e+03
19129.3853,8.05122071e-02,3.01514158e+03
19129.8354,8.02831511e-02,3.02989025e+03
19130.2855,8.00527180e-02,3.04418665e+03
19130.7356,7.98209270e-02,3.05803241e+03
19131.1857,7.95877974e-02,3.07142931e+03
19131.6359,7.93533488e-02,3.08437922e+03
19132.0860,7.91176014e-02,3.09688416e+03
19132.5361,7.88805754e-02,3.10894628e+03
19132.9862,7.86422915e-02,3.12056784e+03
19133.4363,7.84027707e-02,3.13175121e+03
19133.8864,7.81620342e-02,3.14249888e+03
19134.3365,7.79201036e-02,3.15281346e+03
19134.7866,7.76770008e-02,3.16269768e+03
19135.2368,7.74327479e-02,3.17215435e+03
19135.6869,7.71873672e-02,3.18118641e+03
19136.1370,7.69408814e-02,3.18979689e+03
19136.5871,7.66933134e-02,3.19798891e+03
19137.0372,7.64446864e-02,3.20576571e+03
19137.4873,7.61950236e-02,3.21313061e+03
19137.9374,7.59443488e-02,3.22008701e+03
19138.3875,7.56926856e-02,3.22663842e+03
19138.8377,7.54400580e-02,3.23278843e+03
19139.2878,7.51864903e-02,3.23854069e+03
19139.7379,7.49320068e-02,3.24389895e+03
19140.1880,7.46766320e-02,3.24886704e+03
19140.6381,7.44203905e-02,3.25344884e+03
19141.0882,7.41633072e-02,3.25764833e+03
19141.5383,7.39054071e-02,3.26146952e+03
19141.9884,7.36467152e-02,3.26491652e+03
19142.4386,7.33872567e-02,3.26799349e+03
19142.8887,7.31270569e-02,3.27070462e+03
19143.3388,7.28661411e-02,3.27305420e+03
19143.7889,7.26045348e-02,3.27504655e+03
19144.2390,7.23422635e-02,3.27668603e+03
19144.6891,7.20793527e-02,3.27797706e+03
19145.1392,7.18158281e-02,3.27892410e+03
19145.5893,7.15517154e-02,3.27953165e+03
19146.0395,7.12870400e-02,3.27980425e+03
19146.4896,7.10218279e-02,3.27974647e+03
19146.9397,7.07561044e-02,3.27936293e+03
19147.3898,7.04898955e-02,3.27865824e+03
19147.8399,7.02232266e-02,3.27763708e+03
19148.2900,6.99561233e-02,3.27630413e+03
19148.7401,6.96886113e-02,3.27466409e+03
19149.1902,6.94207159e-02,3.27272170e+03
19149.6404,6.91524626e-02,3.27048169e+03
19150.0905,6.88838768e-02,3.26794882e+03
19150.5406,6.86149837e-02,3.26512785e+03
19150.9907,6.83458085e-02,3.26202357e+03
19151.4408,6.80763762e-02,3.25864074e+03
19151.8909,6.78067118e-02,3.25498417e+03
19152.3410,6.75368401e-02,3.25105863e+03
19152.7911,6.72667857e-02,3.24686890e+03
19153.2413,6.69965733e-02,3.24241979e+03
19153.6914,6.67262272e-02,3.23771605e+03
19154.1415,6.64557717e-02,3.23276247e+03
19154.5916,6.61852308e-02,3.22756381e+03
19155.0417,6.59146283e-02,3.22212482e+03
19155.4918,6.56439881e-02,3.21645023e+03
19155.9419,6.53733336e-02,3.21054477e+03
19156.3920,6.51026881e-02,3.20441315e+03
19156.8422,6.48320748e-02,3.19806005e+03
19157.2923,6.45615165e-02,3.19149014e+03
19157.7424,6.42910360e-02,3.18470806e+03
19158.1925,6.40206556e-02,3.17771845e+03
19158.6426,6.37503977e-02,3.17052588e+03
19159.0927,6.34802842e-02,3.16313494e+03
19159.5428,6.32103368e-02,3.15555016e+03
19159.9929,6.29405770e-02,3.14777606e+03
19160.4431,6.26710262e-02,3.13981712e+03
19160.8932,6.24017053e-02,3.13167777e+03
19161.3433,6.21326349e-02,3.12336245e+03
19161.7934,6.18638357e-02,3.11487552e+03
19162.2435,6.15953277e-02,3.10622134e+03
19162.6936,6.13271309e-02,3.09740420e+03
19163.1437,6.10592650e-02,3.08842838e+03
19163.5938,6.07917493e-02,3.07929810e+03
19164.0440,6.05246028e-02,3.07001756e+03
19164.4941,6.02578444e-02,3.06059090e+03
19164.9442,5.99914926e-02,3.05102224e+03
19165.3943,5.97255655e-02,3.04131562e+03
19165.8444,5.94600812e-02,3.03147508e+03
19166.2945,5.91950571e-02,3.02150459e+03
19166.7446,5.89305107e-02,3.01140808e+03
19167.1947,5.86664589e-02,3.00118943e+03
19167.6449,5.84029185e-02,2.99085250e+03
19168.0950,5.81399059e-02,2.98040107e+03
19168.5451,5.78774373e-02,2.96983889e+03
19168.9952,5.76155283e-02,2.95916965e+03
19169.4453,5.73541945e-02,2.94839702e+03
19169.8954,5.70934512e-02,2.93752459e+03
19170.3455,5.68333132e-02,2.92655592e+03
19170.7956,5.65737952e-02,2.91549451e+03
19171.2458,5.63149113e-02,2.90434383e+03
19171.6959,5.60566757e-02,2.89310727e+03
19172.1460,5.57991019e-02,2.88178820e+03
19172.5961,5.55422034e-02,2.87038993e+03
19173.0462,5.52859932e-02,2.85891572e+03
19173.4963,5.50304841e-02,2.84736877e+03
19173.9464,5.47756886e-02,2.83575225e+03
19174.3965,5.45216188e-02,2.82406926e+03
19174.8467,5.42682867e-02,2.81232286e+03
19175.2968,5.40157037e-02,2.80051607e+03
19175.7469,5.37638813e-02,2.78865185e+03
19176.1970,5.35128303e-02,2.77673309e+03
19176.6471,5.32625615e-02,2.76476268e+03
19177.0972,5.30130853e-02,2.75274341e+03
19177.5473,5.27644118e-02,2.74067805e+03
19177.9974,5.25165509e-02,2.72856931e+03
19178.4476,5.22695120e-02,2.71641986e+03
19178.8977,5.20233046e-02,2.70423231e+03
19179.3478,5.17779375e-02,2.69200923e+03
19179.7979,5.15334195e-02,2.67975314e+03
19180.2480,5.12897590e-02,2.66746650e+03
19180.6981,5.10469643e-02,2.65515175e+03
19181.1482,5.08050432e-02,2.64281127e+03
19181.5983,5.05640033e-02,2.63044737e+03
19182.0485,5.03238522e-02,2.61806234e+03
19182.4986,5.00845968e-02,2.60565842e+03
19182.9487,4.98462440e-02,2.59323781e+03
19183.3988,4.96088005e-02,2.58080264e+03
19183.8489,4.93722726e-02,2.56835502e+03
19184.2990,4.91366665e-02,2.55589700e+03
19184.7491,4.89019880e-02,2.54343059e+03
19185.1992,4.86682427e-02,2.53095778e+03
19185.6494,4.84354361e-02,2.51848047e+03
19186.0995,4.82035733e-02,2.50600055e+03
19186.5496,4.79726592e-02,2.49351986e+03
19186.9997,4.77426985e-02,2.48104021e+03
19187.4498,4.75136958e-02,2.46856334e+03
19187.8999,4.72856552e-02,2.45609097e+03
19188.3500,4.70585809e-02,2.44362478e+03
19188.8002,4.68324766e-02,2.43116640e+03
19189.2503,4.66073459e-02,2.41871744e+03
19189.7004,4.63831923e-02,2.40627944e+03
19190.1505,4.61600190e-02,2.39385392e+03
19190.6006,4.59378290e-02,2.38144237e+03
19191.0507,4.57166250e-02,2.36904623e+03
19191.5008,4.54964098e-02,2.35666691e+03
19191.9509,4.52771856e-02,2.34430577e+03
19192.4011,4.50589548e-02,2.33196415e+03
19192.8512,4.48417194e-02,2.31964335e+03
19193.3013,4.46254813e-02,2.30734464e+03
19193.7514,4.44102422e-02,2.29506924e+03
19194.2015,4.41960035e-02,2.28281835e+03
19194.6516,4.39827667e-02,2.27059314e+03
19195.1017,4.37705329e-02,2.25839472e+03
19195.5518,4.35593032e-02,2.24622421e+03
19196.0020,4.33490783e-02,2.23408267e+03
19196.4521,4.31398591e-02,2.22197113e+03
19196.9022,4.29316460e-02,2.20989061e+03
19197.3523,4.27244395e-02,2.19784206e+03
19197.8024,4.25182398e-02,2.18582644e+03
19198.2525,4.23130470e-02,2.17384467e+03
19198.7026,4.21088610e-02,2.16189762e+03
19199.1527,4.19056818e-02,2.14998617e+03
19199.6029,4.17035090e-02,2.13811114e+03
19200.0530,4.15023421e-02,2.12627334e+03
19200.5031,4.13021806e-02,2.11447354e+03
19200.9532,4.11030238e-02,2.10271250e+03
19201.4033,4.09048709e-02,2.09099094e+03
19201.8534,4.07077209e-02,2.07930956e+03
19202.3035,4.05115728e-02,2.06766905e+03
19202.7536,4.03164253e-02,2.05607005e+03
19203.2038,4.01222773e-02,2.04451319e+03
19203.6539,3.99291274e-02,2.03299907e+03
19204.1040,3.97369739e-02,2.02152829e+03
19204.5541,3.95458154e-02,2.01010139e+03
19205.0042,3.93556501e-02,1.99871892e+03
19205.4543,3.91664763e-02,1.98738139e+03
19205.9044,3.89782920e-02,1.97608930e+03
19206.3545,3.87910952e-02,1.96484313e+03
19206.8047,3.86048839e-02,1.95364332e+03
19207.2548,3.84196559e-02,1.94249032e+03
19207.7049,3.82354090e-02,1.93138454e+03
19208.1550,3.80521408e-02,1.92032638e+03
19208.6051,3.78698488e-02,1.90931621e+03
19209.0552,3.76885307e-02,1.89835440e+03
19209.5053,3.75081838e-02,1.88744129e+03
19209.9554,3.73288055e-02,1.87657720e+03
19210.4056,3.71503931e-02,1.86576244e+03
19210.8557,3.69729438e-02,1.85499731e+03
19211.3058,3.67964547e-02,1.84428208e+03
19211.7559,3.66209229e-02,1.83361700e+03
19212.2060,3.64463455e-02,1.82300234e+03
19212.6561,3.62727193e-02,1.81243830e+03
19213.1062,3.61000414e-02,1.80192512e+03
19213.5563,3.59283085e-02,1.79146298e+03
19214.0065,3.57575174e-02,1.78105208e+03
19214.4566,3.55876650e-02,1.77069259e+03
19214.9067,3.54187477e-02,1.76038466e+03
19215.3568,3.52507624e-02,1.75012845e+03
19215.8069,3.50837055e-02,1.73992409e+03
19216.2570,3.49175736e-02,1.72977169e+03
19216.7071,3.47523633e-02,1.71967137e+03
19217.1572,3.45880709e-02,1.70962322e+03
19217.6074,3.44246929e-02,1.69962734e+03
19218.0575,3.42622257e-02,1.68968378e+03
19218.5076,3.41006655e-02,1.67979263e+03
19218.9577,3.39400088e-02,1.66995393e+03
19219.4078,3.37802517e-02,1.66016772e+03
19219.8579,3.36213905e-02,1.65043403e+03
19220.3080,3.34634215e-02,1.64075290e+03
19220.7581,3.33063407e-02,1.63112432e+03
19221.2083,3.31501443e-02,1.62154831e+03
19221.6584,3.29948285e-02,1.61202487e+03
19222.1085,3.28403893e-02,1.60255397e+03
19222.5586,3.26868228e-02,1.59313559e+03
19223.0087,3.25341251e-02,1.58376971e+03
19223.4588,3.23822921e-02,1.57445628e+03
19223.9089,3.22313199e-02,1.56519526e+03
19224.3590,3.20812045e-02,1.55598659e+03
19224.8092,3.19319418e-02,1.54683022e+03
19225.2593,3.17835278e-02,1.53772607e+03
19225.7094,3.16359583e-02,1.52867407e+03
19226.1595,3.14892294e-02,1.51967413e+03
19226.6096,3.13433369e-02,1.51072617e+03
19227.0597,3.11982768e-02,1.50183009e+03
19227.5098,3.10540448e-02,1.49298579e+03
19227.9599,3.09106369e-02,1.48419316e+03
19228.4101,3.07680489e-02,1.47545209e+03
19228.8602,3.06262767e-02,1.46676246e+03
19229.3103,3.04853161e-02,1.45812414e+03
19229.7604,3.03451629e-02,1.44953701e+03
19230.2105,3.02058130e-02,1.44100093e+03
19230.6606,3.00672622e-02,1.43251576e+03
19231.1107,2.99295064e-02,1.42408137e+03
19231.5608,2.97925413e-02,1.41569759e+03
19232.0110,2.96563627e-02,1.40736427e+03
19232.4611,2.95209665e-02,1.39908127e+03
19232.9112,2.93863485e-02,1.39084841e+03
19233.3613,2.92525044e-02,1.38266553e+03
19233.8114,2.91194302e-02,1.37453247e+03
19234.2615,2.89871215e-02,1.36644904e+03
19234.7116,2.88555743e-02,1.35841508e+03
19235.1617,2.87247842e-02,1.35043040e+03
19235.6119,2.85947473e-02,1.34249482e+03
19236.0620,2.84654592e-02,1.33460816e+03
19236.5121,2.83369158e-02,1.32677022e+03
19236.9622,2.82091129e-02,1.31898081e+03
19237.4123,2.80820464e-02,1.31123974e+03
19237.8624,2.79557121e-02,1.30354681e+03
19238.3125,2.78301059e-02,1.29590182e+03
19238.7626,2.77052235e-02,1.28830457e+03
19239.2128,2.75810609e-02,1.28075484e+03
19239.6629,2.74576140e-02,1.27325245e+03
19240.1130,2.73348785e-02,1.26579717e+03
19240.5631,2.72128505e-02,1.25838880e+03
19241.0132,2.70915258e-02,1.25102711e+03
19241.4633,2.69709002e-02,1.24371191e+03
19241.9134,2.68509698e-02,1.23644296e+03
19242.3635,2.67317304e-02,1.22922006e+03
19242.8137,2.66131780e-02,1.22204297e+03
19243.2638,2.64953086e-02,1.21491149e+03
19243.7139,2.63781180e-02,1.20782539e+03
19244.1640,2.62616023e-02,1.20078444e+03
19244.6141,2.61457575e-02,1.19378842e+03
19245.0642,2.60305795e-02,1.18683710e+03
19245.5143,2.59160643e-02,1.17993026e+03
19245.9644,2.58022080e-02,1.17306766e+03
19246.4146,2.56890067e-02,1.16624908e+03
19246.8647,2.55764563e-02,1.15947429e+03
19247.3148,2.54645529e-02,1.15274305e+03
19247.7649,2.53532927e-02,1.14605514e+03
19248.2150,2.52426716e-02,1.13941032e+03
19248.6651,2.51326859e-02,1.13280836e+03
19249.1152,2.50233316e-02,1.12624903e+03
19249.5653,2.49146049e-02,1.11973209e+03
19250.0155,2.48065019e-02,1.11325731e+03
19250.4656,2.46990189e-02,1.10682445e+03
19250.9157,2.45921519e-02,1.10043327e+03
19251.3658,2.44858972e-02,1.09408356e+03
19251.8159,2.43802510e-02,1.08777506e+03
19252.2660,2.42752096e-02,1.08150754e+03
19252.7161,2.41707691e-02,1.07528077e+03
19253.1662,2.40669259e-02,1.06909451e+03
19253.6164,2.39636763e-02,1.06294852e+03
19254.0665,2.38610165e-02,1.05684258e+03
19254.5166,2.37589429e-02,1.05077644e+03
19254.9667,2.36574519e-02,1.04474987e+03
19255.4168,2.35565396e-02,1.03876263e+03
19255.8669,2.34562027e-02,1.03281449e+03
19256.3170,2.33564373e-02,1.02690522e+03
19256.7671,2.32572400e-02,1.02103457e+03
19257.2173,2.31586071e-02,1.01520232e+03
19257.6674,2.30605352e-02,1.00940823e+03
19258.1175,2.29630206e-02,1.00365207e+03
19258.5676,2.28660599e-02,9.97933610e+02
19259.0177,2.27696495e-02,9.92252607e+02
19259.4678,2.26737859e-02,9.86608835e+02
19259.9179,2.25784658e-02,9.81002061e+02
19260.3680,2.24836856e-02,9.75432056e+02
19260.8182,2.23894419e-02,9.69898587e+02
19261.2683,2.22957313e-02,9.64401425e+02
19261.7184,2.22025504e-02,9.58940342e+02
19262.1685,2.21098959e-02,9.53515108e+02
19262.6186,2.20177644e-02,9.48125494e+02
19263.0687,2.19261525e-02,9.42771275e+02
19263.5188,2.18350569e-02,9.37452223e+02
19263.9689,2.17444744e-02,9.32168113e+02
19264.4191,2.16544016e-02,9.26918718e+02
19264.8692,2.15648353e-02,9.21703816e+02
19265.3193,2.14757722e-02,9.16523181e+02
19265.7694,2.13872092e-02,9.11376593e+02
19266.2195,2.12991429e-02,9.06263827e+02
19266.6696,2.12115703e-02,9.01184664e+02
19267.1197,2.11244882e-02,8.96138883e+02
19267.5698,2.10378933e-02,8.91126265e+02
19268.0200,2.09517827e-02,8.86146590e+02
19268.4701,2.08661531e-02,8.81199642e+02
19268.9202,2.07810014e-02,8.76285204e+02
19269.3703,2.06963246e-02,8.71403060e+02
19269.8204,2.06121197e-02,8.66552995e+02
19270.2705,2.05283836e-02,8.61734795e+02
19270.7206,2.04451132e-02,8.56948247e+02
19271.1707,2.03623056e-02,8.52193139e+02
19271.6209,2.02799577e-02,8.47469261e+02
19272.0710,2.01980667e-02,8.42776402e+02
19272.5211,2.01166296e-02,8.38114353e+02
19272.9712,2.00356434e-02,8.33482906e+02
19273.4213,1.99551052e-02,8.28881854e+02
19273.8714,1.98750122e-02,8.24310992e+02
19274.3215,1.97953614e-02,8.19770113e+02
19274.7716,1.97161500e-02,8.15259015e+02
19275.2218,1.96373752e-02,8.10777495e+02
19275.6719,1.95590341e-02,8.06325350e+02
19276.1220,1.94811240e-02,8.01902380e+02
19276.5721,1.94036421e-02,7.97508386e+02
19277.0222,1.93265855e-02,7.93143168e+02
19277.4723,1.92499515e-02,7.88806529e+02
19277.9224,1.91737375e-02,7.84498273e+02
19278.3725,1.90979407e-02,7.80218204e+02
19278.8227,1.90225583e-02,7.75966128e+02
19279.2728,1.89475878e-02,7.71741851e+02
19279.7229,1.88730265e-02,7.67545182e+02
19280.1730,1.87988716e-02,7.63375930e+02
19280.6231,1.87251206e-02,7.59233904e+02
19281.0732,1.86517709e-02,7.55118916e+02
19281.5233,1.85788199e-02,7.51030777e+02
19281.9734,1.85062650e-02,7.46969302e+02
19282.4236,1.84341037e-02,7.42934305e+02
19282.8737,1.83623333e-02,7.38925601e+02
19283.3238,1.82909514e-02,7.34943006e+02
19283.7739,1.82199555e-02,7.30986340e+02
19284.2240,1.81493431e-02,7.27055419e+02
19284.6741,1.80791116e-02,7.23150065e+02
19285.1242,1.80092587e-02,7.19270099e+02
19285.5743,1.79397819e-02,7.15415342e+02
19286.0245,1.78706788e-02,7.11585618e+02
19286.4746,1.78019470e-02,7.07780751e+02
19286.9247,1.77335840e-02,7.04000566e+02
19287.3748,1.76655875e-02,7.00244891e+02
19287.8249,1.75979551e-02,6.96513552e+02
19288.2750,1.75306846e-02,6.92806380e+02
19288.7251,1.74637735e-02,6.89123202e+02
19289.1752,1.73972195e-02,6.85463851e+02
19289.6254,1.73310204e-02,6.81828158e+02
19290.0755,1.72651738e-02,6.78215956e+02
19290.5256,1.71996776e-02,6.74627080e+02
19290.9757,1.71345293e-02,6.71061365e+02
19291.4258,1.70697269e-02,6.67518647e+02
19291.8759,1.70052681e-02,6.63998764e+02
19292.3260,1.69411506e-02,6.60501553e+02
19292.7761,1.68773724e-02,6.57026856e+02
19293.2263,1.68139311e-02,6.53574511e+02
19293.6764,1.67508248e-02,6.50144362e+02
19294.1265,1.66880511e-02,6.46736250e+02
19294.5766,1.66256080e-02,6.43350020e+02
19295.0267,1.65634933e-02,6.39985516e+02
19295.4768,1.65017050e-02,6.36642584e+02
19295.9269,1.64402410e-02,6.33321072e+02
19296.3770,1.63790992e-02,6.30020826e+02
19296.8272,1.63182775e-02,6.26741698e+02
19297.2773,1.62577739e-02,6.23483535e+02
19297.7274,1.61975863e-02,6.20246190e+02
19298.1775,1.61377129e-02,6.17029514e+02
19298.6276,1.60781514e-02,6.13833362e+02
19299.0777,1.60189000e-02,6.10657586e+02
19299.5278,1.59599567e-02,6.07502042e+02
19299.9779,1.59013195e-02,6.04366587e+02
19300.4281,1.58429865e-02,6.01251077e+02
19300.8782,1.57849557e-02,5.98155371e+02
19301.3283,1.57272253e-02,5.95079327e+02
19301.7784,1.56697932e-02,5.92022807e+02
19302.2285,1.56126577e-02,5.88985671e+02
19302.6786,1.55558168e-02,5.85967781e+02
19303.1287,1.54992686e-02,5.82969001e+02
19303.5788,1.54430114e-02,5.79989194e+02
19304.0290,1.53870433e-02,5.77028226e+02
19304.4791,1.53313624e-02,5.74085962e+02
19304.9292,1.52759669e-02,5.71162270e+02
19305.3793,1.52208551e-02,5.68257018e+02
19305.8294,1.51660251e-02,5.65370074e+02
19306.2795,1.51114751e-02,5.62501308e+02
19306.7296,1.50572034e-02,5.59650591e+02
19307.1797,1.50032083e-02,5.56817795e+02
19307.6299,1.49494880e-02,5.54002792e+02
19308.0800,1.48960407e-02,5.51205456e+02
19308.5301,1.48428648e-02,5.48425661e+02
19308.9802,1.47899585e-02,5.45663283e+02
19309.4303,1.47373202e-02,5.42918198e+02
19309.8804,1.46849482e-02,5.40190282e+02
19310.3305,1.46328408e-02,5.37479415e+02
19310.7806,1.45809963e-02,5.34785474e+02
19311.2308,1.45294131e-02,5.32108340e+02
19311.6809,1.44780896e-02,5.29447894e+02
19312.1310,1.44270241e-02,5.26804017e+02
19312.5811,1.43762151e-02,5.24176591e+02
19313.0312,1.43256609e-02,5.21565500e+02
19313.4813,1.42753599e-02,5.18970628e+02
19313.9314,1.42253106e-02,5.16391860e+02
19314.3815,1.41755114e-02,5.13829082e+02
19314.8317,1.41259608e-02,5.11282181e+02
19315.2818,1.40766571e-02,5.08751043e+02
19315.7319,1.40275990e-02,5.06235558e+02
19316.1820,1.39787847e-02,5.03735614e+02
19316.6321,1.39302129e-02,5.01251103e+02
19317.0822,1.38818820e-02,4.98781913e+02
19317.5323,1.38337906e-02,4.96327938e+02
19317.9824,1.37859371e-02,4.93889069e+02
19318.4326,1.37383201e-02,4.91465200e+02
19318.8827,1.36909381e-02,4.89056225e+02
19319.3328,1.36437897e-02,4.86662039e+02
19319.7829,1.35968735e-02,4.84282536e+02
19320.2330,1.35501879e-02,4.81917615e+02
19320.6831,1.35037317e-02,4.79567171e+02
19321.1332,1.34575033e-02,4.77231102e+02
19321.5833,1.34115014e-02,4.74909309e+02
19322.0335,1.33657246e-02,4.72601689e+02
19322.4836,1.33201715e-02,4.70308143e+02
19322.9337,1.32748407e-02,4.68028571e+02
19323.3838,1.32297309e-02,4.65762877e+02
19323.8339,1.31848407e-02,4.63510962e+02
19324.2840,1.31401689e-02,4.61272728e+02
19324.7341,1.30957139e-02,4.59048081e+02
19325.1842,1.30514746e-02,4.56836925e+02
19325.6344,1.30074497e-02,4.54639164e+02
19326.0845,1.29636377e-02,4.52454706e+02
19326.5346,1.29200374e-02,4.50283456e+02
19326.9847,1.28766476e-02,4.48125322e+02
19327.4348,1.28334669e-02,4.45980213e+02
19327.8849,1.27904941e-02,4.43848036e+02
19328.3350,1.27477279e-02,4.41728703e+02
19328.7851,1.27051671e-02,4.39622122e+02
19329.2353,1.26628104e-02,4.37528204e+02
19329.6854,1.26206567e-02,4.35446862e+02
19330.1355,1.25787045e-02,4.33378007e+02
19330.5856,1.25369529e-02,4.31321553e+02
19331.0357,1.24954005e-02,4.29277412e+02
19331.4858,1.24540461e-02,4.27245499e+02
19331.9359,1.24128886e-02,4.25225729e+02
19332.3860,1.23719268e-02,4.23218017e+02
19332.8362,1.23311594e-02,4.21222279e+02
19333.2863,1.22905854e-02,4.19238432e+02
19333.7364,1.22502036e-02,4.17266394e+02
19334.1865,1.22100127e-02,4.15306081e+02
19334.6366,1.21700118e-02,4.13357414e+02
19335.0867,1.21301996e-02,4.11420311e+02
19335.5368,1.20905750e-02,4.09494692e+02
19335.9869,1.20511370e-02,4.07580478e+02
19336.4371,1.20118843e-02,4.05677589e+02
19336.8872,1.19728159e-02,4.03785946e+02
19337.3373,1.19339307e-02,4.01905474e+02
19337.7874,1.18952275e-02,4.00036093e+02
19338.2375,1.18567055e-02,3.98177728e+02
19338.6876,1.18183633e-02,3.96330302e+02
19339.1377,1.17802000e-02,3.94493740e+02
19339.5878,1.17422146e-02,3.92667967e+02
19340.0380,1.17044059e-02,3.90852910e+02
19340.4881,1.16667730e-02,3.89048493e+02
19340.9382,1.16293148e-02,3.87254644e+02
19341.3883,1.15920302e-02,3.85471290e+02
19341.8384,1.15549182e-02,3.83698359e+02
19342.2885,1.15179779e-02,3.81935780e+02
19342.7386,1.14812082e-02,3.80183481e+02
19343.1887,1.14446082e-02,3.78441393e+02
19343.6389,1.14081767e-02,3.76709444e+02
19344.0890,1.13719129e-02,3.74987567e+02
19344.5391,1.13358157e-02,3.73275691e+02
19344.9892,1.12998842e-02,3.71573748e+02
19345.4393,1.12641174e-02,3.69881671e+02
19345.8894,1.12285144e-02,3.68199392e+02
19346.3395,1.11930741e-02,3.66526844e+02
19346.7896,1.11577957e-02,3.64863962e+02
19347.2398,1.11226782e-02,3.63210679e+02
19347.6899,1.10877207e-02,3.61566929e+02
19348.1400,1.10529222e-02,3.59932649e+02
19348.5901,1.10182819e-02,3.58307773e+02
19349.0402,1.09837987e-02,3.56692238e+02
19349.4903,1.09494719e-02,3.55085981e+02
19349.9404,1.09153004e-02,3.53488938e+02
19350.3905,1.08812834e-02,3.51901047e+02
19350.8407,1.08474201e-02,3.50322246e+02
19351.2908,1.08137094e-02,3.48752474e+02
19351.7409,1.07801506e-02,3.47191669e+02
19352.1910,1.07467427e-02,3.45639772e+02
19352.6411,1.07134850e-02,3.44096721e+02
19353.0912,1.06803765e-02,3.42562457e+02
19353.5413,1.06474163e-02,3.41036922e+02
19353.9914,1.06146037e-02,3.39520055e+02
19354.4416,1.05819378e-02,3.38011799e+02
19354.8917,1.05494178e-02,3.36512097e+02
19355.3418,1.05170427e-02,3.35020890e+02
19355.7919,1.04848119e-02,3.33538121e+02
19356.2420,1.04527244e-02,3.32063734e+02
19356.6921,1.04207794e-02,3.30597673e+02
19357.1422,1.03889762e-02,3.29139881e+02
19357.5923,1.03573140e-02,3.27690305e+02
19358.0425,1.03257919e-02,3.26248887e+02
19358.4926,1.02944091e-02,3.24815575e+02
19358.9427,1.02631649e-02,3.23390314e+02
19359.3928,1.02320584e-02,3.21973051e+02
19359.8429,1.02010890e-02,3.20563731e+02
19360.2930,1.01702557e-02,3.19162303e+02
19360.7431,1.01395579e-02,3.17768713e+02
19361.1932,1.01089948e-02,3.16382909e+02
19361.6434,1.00785657e-02,3.15004840e+02
19362.0935,1.00482697e-02,3.13634455e+02
19362.5436,1.00181061e-02,3.12271702e+02
19362.9937,9.98807424e-03,3.10916531e+02
19363.4438,9.95817331e-03,3.09568892e+02
19363.8939,9.92840261e-03,3.08228735e+02
19364.3440,9.89876140e-03,3.06896010e+02
19364.7941,9.86924895e-03,3.05570668e+02
19365.2443,9.83986455e-03,3.04252661e+02
19365.6944,9.81060749e-03,3.02941940e+02
19366.1445,9.78147705e-03,3.01638458e+02
19366.5946,9.75247254e-03,3.00342166e+02
19367.0447,9.72359325e-03,2.99053017e+02
19367.4948,9.69483848e-03,2.97770965e+02
19367.9449,9.66620756e-03,2.96495962e+02
19368.3950,9.63769979e-03,2.95227963e+02
19368.8452,9.60931449e-03,2.93966922e+02
19369.2953,9.58105098e-03,2.92712793e+02
19369.7454,9.55290860e-03,2.91465530e+02
19370.1955,9.52488667e-03,2.90225089e+02
19370.6456,9.49698453e-03,2.88991426e+02
19371.0957,9.46920153e-03,2.87764496e+02
19371.5458,9.44153700e-03,2.86544256e+02
19371.9959,9.41399030e-03,2.85330661e+02
19372.4461,9.38656078e-03,2.84123668e+02
19372.8962,9.35924781e-03,2.82923235e+02
19373.3463,9.33205073e-03,2.81729318e+02
19373.7964,9.30496893e-03,2.80541877e+02
19374.2465,9.27800176e-03,2.79360867e+02
19374.6966,9.25114861e-03,2.78186249e+02
19375.1467,9.22440885e-03,2.77017980e+02
19375.5968,9.19778186e-03,2.75856020e+02
19376.0470,9.17126704e-03,2.74700327e+02
19376.4971,9.14486377e-03,2.73550861e+02
19376.9472,9.11857146e-03,2.72407582e+02
19377.3973,9.09238948e-03,2.71270451e+02
19377.8474,9.06631726e-03,2.70139427e+02
19378.2975,9.04035420e-03,2.69014471e+02
19378.7476,9.01449970e-03,2.67895544e+02
19379.1977,8.98875318e-03,2.66782608e+02
19379.6479,8.96311407e-03,2.65675623e+02
19380.0980,8.93758177e-03,2.64574553e+02
19380.5481,8.91215572e-03,2.63479358e+02
19380.9982,8.88683535e-03,2.62390002e+02
19381.4483,8.86162009e-03,2.61306447e+02
19381.8984,8.83650937e-03,2.60228656e+02
19382.3485,8.81150263e-03,2.59156592e+02
19382.7986,8.78659933e-03,2.58090218e+02
19383.2488,8.76179890e-03,2.57029499e+02
19383.6989,8.73710080e-03,2.55974398e+02
19384.1490,8.71250448e-03,2.54924880e+02
19384.5991,8.68800940e-03,2.53880909e+02
19385.0492,8.66361503e-03,2.52842450e+02
19385.4993,8.63932082e-03,2.51809468e+02
19385.9494,8.61512624e-03,2.50781928e+02
19386.3995,8.59103077e-03,2.49759796e+02
19386.8497,8.56703388e-03,2.48743037e+02
19387.2998,8.54313505e-03,2.47731618e+02
19387.7499,8.51933376e-03,2.46725505e+02
19388.2000,8.49562949e-03,2.45724665e+02
19388.6501,8.47202174e-03,2.44729063e+02
19389.1002,8.44851000e-03,2.43738668e+02
19389.5503,8.42509375e-03,2.42753447e+02
19390.0005,8.40177250e-03,2.41773366e+02
19390.4506,8.37854576e-03,2.40798394e+02
19390.9007,8.35541301e-03,2.39828498e+02
19391.3508,8.33237378e-03,2.38863647e+02
19391.8009,8.30942757e-03,2.37903810e+02
19392.2510,8.28657389e-03,2.36948954e+02
19392.7011,8.26381227e-03,2.35999049e+02
19393.1512,8.24114221e-03,2.35054063e+02
19393.6014,8.21856325e-03,2.34113967e+02
19394.0515,8.19607491e-03,2.33178729e+02
19394.5016,8.17367672e-03,2.32248319e+02
19394.9517,8.15136821e-03,2.31322708e+02
19395.4018,8.12914891e-03,2.30401865e+02
19395.8519,8.10701837e-03,2.29485761e+02
19396.3020,8.08497611e-03,2.28574366e+02
19396.7521,8.06302170e-03,2.27667652e+02
19397.2023,8.04115466e-03,2.26765588e+02
19397.6524,8.01937456e-03,2.25868148e+02
19398.1025,7.99768093e-03,2.24975301e+02
19398.5526,7.97607335e-03,2.24087019e+02
19399.0027,7.95455136e-03,2.23203275e+02
19399.4528,7.93311452e-03,2.22324040e+02
19399.9029,7.91176240e-03,2.21449287e+02
19400.3530,7.89049456e-03,2.20578988e+02
19400.8032,7.86931058e-03,2.19713115e+02
19401.2533,7.84821001e-03,2.18851641e+02
19401.7034,7.82719244e-03,2.17994541e+02
19402.1535,7.80625745e-03,2.17141785e+02
19402.6036,7.78540460e-03,2.16293349e+02
19403.0537,7.76463348e-03,2.15449205e+02
19403.5038,7.74394368e-03,2.14609328e+02
19403.9539,7.72333479e-03,2.13773690e+02
19404.4041,7.70280638e-03,2.12942268e+02
19404.8542,7.68235806e-03,2.12115033e+02
19405.3043,7.66198941e-03,2.11291962e+02
19405.7544,7.64170004e-03,2.10473029e+02
19406.2045,7.62148953e-03,2.09658209e+02
19406.6546,7.60135751e-03,2.08847476e+02
19407.1047,7.58130356e-03,2.08040806e+02
19407.5548,7.56132730e-03,2.07238174e+02
19408.0050,7.54142832e-03,2.06439557e+02
19408.4551,7.52160626e-03,2.05644928e+02
19408.9052,7.50186071e-03,2.04854265e+02
19409.3553,7.48219129e-03,2.04067544e+02
19409.8054,7.46259763e-03,2.03284740e+02
19410.2555,7.44307934e-03,2.02505830e+02
19410.7056,7.42363605e-03,2.01730791e+02
19411.1557,7.40426737e-03,2.00959599e+02
19411.6059,7.38497295e-03,2.00192231e+02
19412.0560,7.36575240e-03,1.99428665e+02
19412.5061,7.34660536e-03,1.98668877e+02
19412.9562,7.32753147e-03,1.97912844e+02
19413.4063,7.30853035e-03,1.97160545e+02
19413.8564,7.28960166e-03,1.96411957e+02
19414.3065,7.27074502e-03,1.95667057e+02
19414.7566,7.25196009e-03,1.94925825e+02
19415.2068,7.23324650e-03,1.94188237e+02
19415.6569,7.21460391e-03,1.93454272e+02
19416.1070,7.19603196e-03,1.92723908e+02
19416.5571,7.17753031e-03,1.91997125e+02
19417.0072,7.15909861e-03,1.91273901e+02
19417.4573,7.14073651e-03,1.90554214e+02
19417.9074,7.12244367e-03,1.89838044e+02
19418.3575,7.10421975e-03,1.89125369e+02
19418.8077,7.08606442e-03,1.88416170e+02
19419.2578,7.06797733e-03,1.87710426e+02
19419.7079,7.04995816e-03,1.87008115e+02
19420.1580,7.03200657e-03,1.86309219e+02
19420.6081,7.01412222e-03,1.85613716e+02
19421.0582,6.99630480e-03,1.84921587e+02
19421.5083,6.97855397e-03,1.84232812e+02
19421.9584,6.96086942e-03,1.83547371e+02
19422.4086,6.94325081e-03,1.82865244e+02
19422.8587,6.92569783e-03,1.82186413e+02
19423.3088,6.90821016e-03,1.81510857e+02
19423.7589,6.89078748e-03,1.80838558e+02
19424.2090,6.87342948e-03,1.80169496e+02
19424.6591,6.85613585e-03,1.79503653e+02
19425.1092,6.83890626e-03,1.78841010e+02
19425.5593,6.82174042e-03,1.78181548e+02
19426.0095,6.80463801e-03,1.77525248e+02
19426.4596,6.78759874e-03,1.76872092e+02
19426.9097,6.77062229e-03,1.76222062e+02
19427.3598,6.75370836e-03,1.75575140e+02
19427.8099,6.73685665e-03,1.74931307e+02
19428.2600,6.72006688e-03,1.74290546e+02
19428.7101,6.70333872e-03,1.73652838e+02
19429.1602,6.68667190e-03,1.73018167e+02
19429.6104,6.67006612e-03,1.72386514e+02
19430.0605,6.65352109e-03,1.71757862e+02
19430.5106,6.63703651e-03,1.71132194e+02
19430.9607,6.62061210e-03,1.70509492e+02
19431.4108,6.60424757e-03,1.69889740e+02
19431.8609,6.58794264e-03,1.69272920e+02
19432.3110,6.57169702e-03,1.68659015e+02
19432.7611,6.55551043e-03,1.68048010e+02
19433.2113,6.53938259e-03,1.67439886e+02
19433.6614,6.52331323e-03,1.66834628e+02
19434.1115,6.50730206e-03,1.66232219e+02
19434.5616,6.49134881e-03,1.65632642e+02
19435.0117,6.47545321e-03,1.65035882e+02
19435.4618,6.45961498e-03,1.64441923e+02
19435.9119,6.44383386e-03,1.63850748e+02
19436.3620,6.42810957e-03,1.63262342e+02
19436.8122,6.41244185e-03,1.62676688e+02
19437.2623,6.39683043e-03,1.62093772e+02
19437.7124,6.38127505e-03,1.61513576e+02
19438.1625,6.36577544e-03,1.60936087e+02
19438.6126,6.35033134e-03,1.60361289e+02
19439.0627,6.33494250e-03,1.59789166e+02
19439.5128,6.31960865e-03,1.59219703e+02
19439.9629,6.30432954e-03,1.58652885e+02
19440.4131,6.28910491e-03,1.58088698e+02
19440.8632,6.27393451e-03,1.57527125e+02
19441.3133,6.25881809e-03,1.56968154e+02
19441.7634,6.24375539e-03,1.56411768e+02
19442.2135,6.22874616e-03,1.55857953e+02
19442.6636,6.21379016e-03,1.55306695e+02
19443.1137,6.19888714e-03,1.54757979e+02
19443.5638,6.18403686e-03,1.54211792e+02
19444.0140,6.16923906e-03,1.53668118e+02
19444.4641,6.15449351e-03,1.53126944e+02
19444.9142,6.13979997e-03,1.52588256e+02
19445.3643,6.12515819e-03,1.52052040e+02
19445.8144,6.11056794e-03,1.51518281e+02
19446.2645,6.09602898e-03,1.50986967e+02
19446.7146,6.08154107e-03,1.50458084e+02
19447.1647,6.06710399e-03,1.49931617e+02
19447.6149,6.05271749e-03,1.49407554e+02
19448.0650,6.03838134e-03,1.48885882e+02
19448.5151,6.02409532e-03,1.48366586e+02
19448.9652,6.00985919e-03,1.47849653e+02
19449.4153,5.99567273e-03,1.47335072e+02
19449.8654,5.98153570e-03,1.46822827e+02
19450.3155,5.96744789e-03,1.46312908e+02
19450.7656,5.95340907e-03,1.45805299e+02
19451.2158,5.93941902e-03,1.45299990e+02
19451.6659,5.92547751e-03,1.44796967e+02
19452.1160,5.91158432e-03,1.44296217e+02
19452.5661,5.89773924e-03,1.43797728e+02
19453.0162,5.88394204e-03,1.43301488e+02
19453.4663,5.87019252e-03,1.42807484e+02
19453.9164,5.85649045e-03,1.42315704e+02
19454.3665,5.84283561e-03,1.41826135e+02
19454.8167,5.82922780e-03,1.41338765e+02
19455.2668,5.81566681e-03,1.40853583e+02
19455.7169,5.80215242e-03,1.40370577e+02
19456.1670,5.78868442e-03,1.39889733e+02
19456.6171,5.77526261e-03,1.39411042e+02
19457.0672,5.76188677e-03,1.38934490e+02
19457.5173,5.74855670e-03,1.38460066e+02
19457.9674,5.73527220e-03,1.37987759e+02
19458.4176,5.72203306e-03,1.37517557e+02
19458.8677,5.70883907e-03,1.37049449e+02
19459.3178,5.69569005e-03,1.36583422e+02
19459.7679,5.68258577e-03,1.36119466e+02
19460.2180,5.66952606e-03,1.35657570e+02
19460.6681,5.65651070e-03,1.35197723e+02
19461.1182,5.64353950e-03,1.34739912e+02
19461.5683,5.63061226e-03,1.34284128e+02
19462.0185,5.61772879e-03,1.33830359e+02
19462.4686,5.60488889e-03,1.33378595e+02
19462.9187,5.59209238e-03,1.32928824e+02
19463.3688,5.57933905e-03,1.32481035e+02
19463.8189,5.56662872e-03,1.32035219e+02
19464.2690,5.55396119e-03,1.31591365e+02
19464.7191,5.54133629e-03,1.31149461e+02
19465.1692,5.52875381e-03,1.30709498e+02
19465.6194,5.51621357e-03,1.30271465e+02
19466.0695,5.50371540e-03,1.29835351e+02
19466.5196,5.49125909e-03,1.29401147e+02
19466.9697,5.47884447e-03,1.28968842e+02
19467.4198,5.46647136e-03,1.28538426e+02
19467.8699,5.45413957e-03,1.28109888e+02
19468.3200,5.44184892e-03,1.27683220e+02
19468.7701,5.42959923e-03,1.27258410e+02
19469.2203,5.41739032e-03,1.26835450e+02
19469.6704,5.40522202e-03,1.26414328e+02
19470.1205,5.39309414e-03,1.25995036e+02
19470.5706,5.38100652e-03,1.25577563e+02
19471.0207,5.36895897e-03,1.25161900e+02
19471.4708,5.35695132e-03,1.24748038e+02
19471.9209,5.34498340e-03,1.24335966e+02
19472.3710,5.33305503e-03,1.23925676e+02
19472.8212,5.32116605e-03,1.23517157e+02
19473.2713,5.30931628e-03,1.23110401e+02
19473.7214,5.29750555e-03,1.22705398e+02
19474.1715,5.28573369e-03,1.22302139e+02
19474.6216,5.27400055e-03,1.21900614e+02
19475.0717,5.26230594e-03,1.21500816e+02
19475.5218,5.25064970e-03,1.21102733e+02
19475.9719,5.23903167e-03,1.20706358e+02
19476.4221,5.22745169e-03,1.20311682e+02
19476.8722,5.21590958e-03,1.19918695e+02
19477.3223,5.20440519e-03,1.19527388e+02
19477.7724,5.19293836e-03,1.19137754e+02
19478.2225,5.18150892e-03,1.18749783e+02
19478.6726,5.17011671e-03,1.18363466e+02
19479.1227,5.15876158e-03,1.17978795e+02
19479.5728,5.14744336e-03,1.17595761e+02
19480.0230,5.13616190e-03,1.17214356e+02
19480.4731,5.12491705e-03,1.16834571e+02
19480.9232,5.11370863e-03,1.16456398e+02
19481.3733,5.10253651e-03,1.16079828e+02
19481.8234,5.09140053e-03,1.15704853e+02
19482.2735,5.08030052e-03,1.15331465e+02
19482.7236,5.06923635e-03,1.14959655e+02
19483.1737,5.05820785e-03,1.14589416e+02
19483.6239,5.04721489e-03,1.14220739e+02
19484.0740,5.03625729e-03,1.13853616e+02
19484.5241,5.02533493e-03,1.13488039e+02
19484.9742,5.01444764e-03,1.13124000e+02
19485.4243,5.00359528e-03,1.12761491e+02
19485.8744,4.99277770e-03,1.12400504e+02
19486.3245,4.98199476e-03,1.12041032e+02
19486.7746,4.97124631e-03,1.11683067e+02
19487.2248,4.96053220e-03,1.11326600e+02
19487.6749,4.94985229e-03,1.10971625e+02
19488.1250,4.93920645e-03,1.10618133e+02
19488.5751,4.92859451e-03,1.10266117e+02
19489.0252,4.91801635e-03,1.09915569e+02
19489.4753,4.90747182e-03,1.09566483e+02
19489.9254,4.89696078e-03,1.09218849e+02
19490.3755,4.88648309e-03,1.08872662e+02
19490.8257,4.87603862e-03,1.08527913e+02
19491.2758,4.86562721e-03,1.08184595e+02
19491.7259,4.85524874e-03,1.07842701e+02
19492.1760,4.84490307e-03,1.07502224e+02
19492.6261,4.83459007e-03,1.07163157e+02
19493.0762,4.82430959e-03,1.06825492e+02
19493.5263,4.81406150e-03,1.06489222e+02
19493.9764,4.80384567e-03,1.06154340e+02
19494.4266,4.79366196e-03,1.05820839e+02
19494.8767,4.78351024e-03,1.05488712e+02
19495.3268,4.77339038e-03,1.05157953e+02
19495.7769,4.76330225e-03,1.04828553e+02
19496.2270,4.75324572e-03,1.04500507e+02
19496.6771,4.74322065e-03,1.04173808e+02
19497.1272,4.73322692e-03,1.03848448e+02
19497.5773,4.72326440e-03,1.03524422e+02
19498.0275,4.71333295e-03,1.03201721e+02
19498.4776,4.70343246e-03,1.02880341e+02
19498.9277,4.69356280e-03,1.02560273e+02
19499.3778,4.68372383e-03,1.02241512e+02
19499.8279,4.67391544e-03,1.01924050e+02
19500.2780,4.66413749e-03,1.01607882e+02
19500.7281,4.65438987e-03,1.01293001e+02
19501.1782,4.64467245e-03,1.00979400e+02
19501.6284,4.63498511e-03,1.00667074e+02
19502.0785,4.62532772e-03,1.00356015e+02
19502.5286,4.61570016e-03,1.00046217e+02
19502.9787,4.60610232e-03,9.97376746e+01
19503.4288,4.59653406e-03,9.94303809e+01
19503.8789,4.58699528e-03,9.91243299e+01
19504.3290,4.57748585e-03,9.88195153e+01
19504.7791,4.56800564e-03,9.85159310e+01
19505.2293,4.55855456e-03,9.82135710e+01
19505.6794,4.54913247e-03,9.79124290e+01
19506.1295,4.53973926e-03,9.76124992e+01
19506.5796,4.53037481e-03,9.73137755e+01
19507.0297,4.52103901e-03,9.70162520e+01
19507.4798,4.51173174e-03,9.67199227e+01
19507.9299,4.50245288e-03,9.64247817e+01
19508.3800,4.49320233e-03,9.61308232e+01
19508.8302,4.48397997e-03,9.58380414e+01
19509.2803,4.47478568e-03,9.55464304e+01
19509.7304,4.46561936e-03,9.52559845e+01
19510.1805,4.45648089e-03,9.49666980e+01
19510.6306,4.44737015e-03,9.46785652e+01
19511.0807,4.43828705e-03,9.43915804e+01
19511.5308,4.42923146e-03,9.41057381e+01
19511.9809,4.42020329e-03,9.38210325e+01
19512.4311,4.41120241e-03,9.35374582e+01
19512.8812,4.40222872e-03,9.32550097e+01
19513.3313,4.39328211e-03,9.29736814e+01
19513.7814,4.38436248e-03,9.26934678e+01
19514.2315,4.37546972e-03,9.24143636e+01
19514.6816,4.36660372e-03,9.21363633e+01
19515.1317,4.35776437e-03,9.18594616e+01
19515.5818,4.34895157e-03,9.15836531e+01
19516.0320,4.34016522e-03,9.13089325e+01
19516.4821,4.33140521e-03,9.10352945e+01
19516.9322,4.32267143e-03,9.07627340e+01
19517.3823,4.31396378e-03,9.04912456e+01
19517.8324,4.30528217e-03,9.02208242e+01
19518.2825,4.29662648e-03,8.99514646e+01
19518.7326,4.28799661e-03,8.96831616e+01
19519.1827,4.27939247e-03,8.94159103e+01
19519.6329,4.27081395e-03,8.91497055e+01
19520.0830,4.26226095e-03,8.88845422e+01
19520.5331,4.25373338e-03,8.86204153e+01
19520.9832,4.24523112e-03,8.83573199e+01
19521.4333,4.23675409e-03,8.80952510e+01
19521.8834,4.22830218e-03,8.78342037e+01
19522.3335,4.21987530e-03,8.75741731e+01
19522.7836,4.21147335e-03,8.73151543e+01
19523.2338,4.20309623e-03,8.70571424e+01
19523.6839,4.19474384e-03,8.68001327e+01
19524.1340,4.18641609e-03,8.65441204e+01
19524.5841,4.17811289e-03,8.62891007e+01
19525.0342,4.16983413e-03,8.60350688e+01
19525.4843,4.16157972e-03,8.57820200e+01
19525.9344,4.15334957e-03,8.55299497e+01
19526.3845,4.14514359e-03,8.52788532e+01
19526.8347,4.13696167e-03,8.50287259e+01
19527.2848,4.12880374e-03,8.47795631e+01
19527.7349,4.12066969e-03,8.45313604e+01
19528.1850,4.11255943e-03,8.42841130e+01
19528.6351,4.10447287e-03,8.40378165e+01
19529.0852,4.09640992e-03,8.37924665e+01
19529.5353,4.08837049e-03,8.35480583e+01
19529.9854,4.08035448e-03,8.33045877e+01
19530.4356,4.07236182e-03,8.30620500e+01
19530.8857,4.06439240e-03,8.28204410e+01
19531.3358,4.05644615e-03,8.25797562e+01
19531.7859,4.04852296e-03,8.23399914e+01
19532.2360,4.04062276e-03,8.21011421e+01
19532.6861,4.03274545e-03,8.18632040e+01
19533.1362,4.02489094e-03,8.16261730e+01
19533.5863,4.01705916e-03,8.13900446e+01
19534.0365,4.00925001e-03,8.11548147e+01
19534.4866,4.00146341e-03,8.09204792e+01
19534.9367,3.99369926e-03,8.06870336e+01
19535.3868,3.98595750e-03,8.04544741e+01
19535.8369,3.97823802e-03,8.02227962e+01
19536.2870,3.97054075e-03,7.99919961e+01
19536.7371,3.96286560e-03,7.97620695e+01
19537.1872,3.95521249e-03,7.95330124e+01
19537.6374,3.94758133e-03,7.93048207e+01
19538.0875,3.93997205e-03,7.90774904e+01
19538.5376,3.93238455e-03,7.88510175e+01
19538.9877,3.92481876e-03,7.86253980e+01
19539.4378,3.91727459e-03,7.84006280e+01
19539.8879,3.90975196e-03,7.81767035e+01
19540.3380,3.90225080e-03,7.79536206e+01
19540.7881,3.89477102e-03,7.77313753e+01
19541.2383,3.88731254e-03,7.75099639e+01
19541.6884,3.87987528e-03,7.72893824e+01
19542.1385,3.87245915e-03,7.70696271e+01
19542.5886,3.86506409e-03,7.68506940e+01
19543.0387,3.85769002e-03,7.66325795e+01
19543.4888,3.85033684e-03,7.64152797e+01
19543.9389,3.84300450e-03,7.61987909e+01
19544.3890,3.83569290e-03,7.59831094e+01
19544.8392,3.82840197e-03,7.57682314e+01
19545.2893,3.82113163e-03,7.55541532e+01
19545.7394,3.81388181e-03,7.53408713e+01
19546.1895,3.80665243e-03,7.51283818e+01
19546.6396,3.79944342e-03,7.49166813e+01
19547.0897,3.79225469e-03,7.47057661e+01
19547.5398,3.78508618e-03,7.44956326e+01
19547.9899,3.77793780e-03,7.42862772e+01
19548.4401,3.77080949e-03,7.40776964e+01
19548.8902,3.76370116e-03,7.38698866e+01
19549.3403,3.75661275e-03,7.36628443e+01
19549.7904,3.74954419e-03,7.34565661e+01
19550.2405,3.74249539e-03,7.32510484e+01
19550.6906,3.73546628e-03,7.30462878e+01
19551.1407,3.72845680e-03,7.28422809e+01
19551.5908,3.72146687e-03,7.26390242e+01
19552.0410,3.71449642e-03,7.24365143e+01
19552.4911,3.70754537e-03,7.22347479e+01
19552.9412,3.70061366e-03,7.20337216e+01
19553.3913,3.69370121e-03,7.18334319e+01
19553.8414,3.68680795e-03,7.16338757e+01
19554.2915,3.67993382e-03,7.14350496e+01
19554.7416,3.67307874e-03,7.12369502e+01
19555.1917,3.66624265e-03,7.10395744e+01
19555.6419,3.65942547e-03,7.08429188e+01
19556.0920,3.65262713e-03,7.06469802e+01
19556.5421,3.64584757e-03,7.04517555e+01
19556.9922,3.63908672e-03,7.02572413e+01
19557.4423,3.63234451e-03,7.00634344e+01
19557.8924,3.62562087e-03,6.98703318e+01
19558.3425,3.61891573e-03,6.96779302e+01
19558.7926,3.61222903e-03,6.94862266e+01
19559.2428,3.60556070e-03,6.92952177e+01
19559.6929,3.59891067e-03,6.91049006e+01
19560.1430,3.59227888e-03,6.89152720e+01
19560.5931,3.58566526e-03,6.87263289e+01
19561.0432,3.57906974e-03,6.85380683e+01
19561.4933,3.57249227e-03,6.83504871e+01
19561.9434,3.56593277e-03,6.81635823e+01
19562.3935,3.55939117e-03,6.79773508e+01
19562.8437,3.55286743e-03,6.77917898e+01
19563.2938,3.54636146e-03,6.76068961e+01
19563.7439,3.53987321e-03,6.74226669e+01
19564.1940,3.53340262e-03,6.72390992e+01
19564.6441,3.52694961e-03,6.70561901e+01
19565.0942,3.52051413e-03,6.68739366e+01
19565.5443,3.51409611e-03,6.66923359e+01
19565.9944,3.50769550e-03,6.65113850e+01
19566.4446,3.50131222e-03,6.63310811e+01
19566.8947,3.49494622e-03,6.61514213e+01
19567.3448,3.48859743e-03,6.59724028e+01
19567.7949,3.48226580e-03,6.57940228e+01
19568.2450,3.47595125e-03,6.56162784e+01
19568.6951,3.46965374e-03,6.54391669e+01
19569.1452,3.46337320e-03,6.52626855e+01
19569.5953,3.45710957e-03,6.50868314e+01
19570.0455,3.45086279e-03,6.49116018e+01
19570.4956,3.44463280e-03,6.47369941e+01
19570.9457,3.43841954e-03,6.45630054e+01
19571.3958,3.43222295e-03,6.43896331e+01
19571.8459,3.42604297e-03,6.42168745e+01
19572.2960,3.41987955e-03,6.40447269e+01
19572.7461,3.41373262e-03,6.38731877e+01
19573.1962,3.40760212e-03,6.37022541e+01
19573.6464,3.40148801e-03,6.35319235e+01
19574.0965,3.39539021e-03,6.33621934e+01
19574.5466,3.38930868e-03,6.31930611e+01
19574.9967,3.38324335e-03,6.30245239e+01
19575.4468,3.37719417e-03,6.28565794e+01
19575.8969,3.37116108e-03,6.26892248e+01
19576.3470,3.36514403e-03,6.25224578e+01
19576.7971,3.35914295e-03,6.23562757e+01
19577.2473,3.35315780e-03,6.21906760e+01
19577.6974,3.34718851e-03,6.20256561e+01
19578.1475,3.34123503e-03,6.18612136e+01
19578.5976,3.33529731e-03,6.16973460e+01
19579.0477,3.32937529e-03,6.15340507e+01
19579.4978,3.32346892e-03,6.13713254e+01
19579.9479,3.31757814e-03,6.12091675e+01
19580.3980,3.31170289e-03,6.10475747e+01
19580.8482,3.30584313e-03,6.08865444e+01
19581.2983,3.29999879e-03,6.07260743e+01
19581.7484,3.29416983e-03,6.05661619e+01
19582.1985,3.28835619e-03,6.04068049e+01
19582.6486,3.28255782e-03,6.02480008e+01
19583.0987,3.27677466e-03,6.00897474e+01
19583.5488,3.27100667e-03,5.99320422e+01
19583.9989,3.26525379e-03,5.97748829e+01
19584.4491,3.25951596e-03,5.96182671e+01
19584.8992,3.25379314e-03,5.94621926e+01
19585.3493,3.24808527e-03,5.93066571e+01
19585.7994,3.24239230e-03,5.91516581e+01
19586.2495,3.23671419e-03,5.89971935e+01
19586.6996,3.23105087e-03,5.88432609e+01
19587.1497,3.22540230e-03,5.86898582e+01
19587.5998,3.21976843e-03,5.85369830e+01
19588.0500,3.21414921e-03,5.83846331e+01
19588.5001,3.20854458e-03,5.82328062e+01
19588.9502,3.20295450e-03,5.80815002e+01
19589.4003,3.19737892e-03,5.79307129e+01
19589.8504,3.19181778e-03,5.77804420e+01
19590.3005,3.18627104e-03,5.76306853e+01
19590.7506,3.18073864e-03,5.74814408e+01
19591.2008,3.17522055e-03,5.73327061e+01
19591.6509,3.16971671e-03,5.71844792e+01
19592.1010,3.16422706e-03,5.70367580e+01
19592.5511,3.15875157e-03,5.68895402e+01
19593.0012,3.15329019e-03,5.67428238e+01
19593.4513,3.14784286e-03,5.65966066e+01
19593.9014,3.14240954e-03,5.64508867e+01
19594.3515,3.13699018e-03,5.63056617e+01
19594.8017,3.13158474e-03,5.61609298e+01
19595.2518,3.12619316e-03,5.60166888e+01
19595.7019,3.12081540e-03,5.58729366e+01
19596.1520,3.11545141e-03,5.57296713e+01
19596.6021,3.11010115e-03,5.55868907e+01
19597.0522,3.10476457e-03,5.54445929e+01
19597.5023,3.09944162e-03,5.53027757e+01
19597.9524,3.09413226e-03,5.51614374e+01
19598.4026,3.08883644e-03,5.50205757e+01
19598.8527,3.08355411e-03,5.48801887e+01
19599.3028,3.07828524e-03,5.47402746e+01
19599.7529,3.07302977e-03,5.46008311e+01
19600.2030,3.06778766e-03,5.44618566e+01
19600.6531,3.06255886e-03,5.43233489e+01
19601.1032,3.05734334e-03,5.41853061e+01
19601.5533,3.05214104e-03,5.40477263e+01
19602.0035,3.04695192e-03,5.39106077e+01
19602.4536,3.04177593e-03,5.37739482e+01
19602.9037,3.03661304e-03,5.36377459e+01
19603.3538,3.03146320e-03,5.35019991e+01
19603.8039,3.02632637e-03,5.33667057e+01
19604.2540,3.02120249e-03,5.32318640e+01
19604.7041,3.01609154e-03,5.30974720e+01
19605.1542,3.01099346e-03,5.29635279e+01
19605.6044,3.00590822e-03,5.28300299e+01
19606.0545,3.00083576e-03,5.26969761e+01
19606.5046,2.99577605e-03,5.25643647e+01
19606.9547,2.99072905e-03,5.24321939e+01
19607.4048,2.98569471e-03,5.23004618e+01
19607.8549,2.98067299e-03,5.21691667e+01
19608.3050,2.97566384e-03,5.20383067e+01
19608.7551,2.97066724e-03,5.19078801e+01
19609.2053,2.96568313e-03,5.17778851e+01
19609.6554,2.96071148e-03,5.16483200e+01
19610.1055,2.95575224e-03,5.15191829e+01
19610.5556,2.95080537e-03,5.13904722e+01
19611.0057,2.94587083e-03,5.12621861e+01
19611.4558,2.94094858e-03,5.11343228e+01
19611.9059,2.93603859e-03,5.10068806e+01
19612.3560,2.93114080e-03,5.08798579e+01
19612.8062,2.92625518e-03,5.07532529e+01
19613.2563,2.92138170e-03,5.06270638e+01
19613.7064,2.91652030e-03,5.05012891e+01
19614.1565,2.91167095e-03,5.03759270e+01
19614.6066,2.90683361e-03,5.02509759e+01
19615.0567,2.90200825e-03,5.01264341e+01
19615.5068,2.89719481e-03,5.00022999e+01
19615.9569,2.89239327e-03,4.98785716e+01
19616.4071,2.88760358e-03,4.97552478e+01
19616.8572,2.88282571e-03,4.96323266e+01
19617.3073,2.87805962e-03,4.95098065e+01
19617.7574,2.87330526e-03,4.93876858e+01
19618.2075,2.86856260e-03,4.92659630e+01
19618.6576,2.86383161e-03,4.91446364e+01
19619.1077,2.85911224e-03,4.90237045e+01
19619.5578,2.85440445e-03,4.89031656e+01
19620.0080,2.84970822e-03,4.87830182e+01
19620.4581,2.84502349e-03,4.86632607e+01
19620.9082,2.84035024e-03,4.85438915e+01
19621.3583,2.83568842e-03,4.84249091e+01
19621.8084,2.83103801e-03,4.83063119e+01
19622.2585,2.82639895e-03,4.81880984e+01
19622.7086,2.82177123e-03,4.80702670e+01
19623.1587,2.81715479e-03,4.79528163e+01
19623.6089,2.81254960e-03,4.78357446e+01
19624.0590,2.80795563e-03,4.77190505e+01
19624.5091,2.80337284e-03,4.76027325e+01
19624.9592,2.79880120e-03,4.74867890e+01
19625.4093,2.79424066e-03,4.73712187e+01
19625.8594,2.78969120e-03,4.72560199e+01
19626.3095,2.78515277e-03,4.71411912e+01
19626.7596,2.78062535e-03,4.70267312e+01
19627.2098,2.77610889e-03,4.69126383e+01
19627.6599,2.77160336e-03,4.67989112e+01
19628.1100,2.76710873e-03,4.66855483e+01
19628.5601,2.76262496e-03,4.65725482e+01
19629.0102,2.75815201e-03,4.64599095e+01
19629.4603,2.75368986e-03,4.63476308e+01
19629.9104,2.74923846e-03,4.62357106e+01
19630.3605,2.74479779e-03,4.61241475e+01
19630.8107,2.74036781e-03,4.60129401e+01
19631.2608,2.73594848e-03,4.59020869e+01
19631.7109,2.73153977e-03,4.57915867e+01
19632.1610,2.72714165e-03,4.56814380e+01
19632.6111,2.72275409e-03,4.55716394e+01
19633.0612,2.71837704e-03,4.54621896e+01
19633.5113,2.71401048e-03,4.53530871e+01
19633.9614,2.70965437e-03,4.52443306e+01
19634.4116,2.70530868e-03,4.51359188e+01
19634.8617,2.70097338e-03,4.50278502e+01
19635.3118,2.69664843e-03,4.49201236e+01
19635.7619,2.69233381e-03,4.48127376e+01
19636.2120,2.68802947e-03,4.47056909e+01
19636.6621,2.68373539e-03,4.45989822e+01
19637.1122,2.67945154e-03,4.44926100e+01
19637.5623,2.67517787e-03,4.43865732e+01
19638.0125,2.67091437e-03,4.42808703e+01
19638.4626,2.66666099e-03,4.41755002e+01
19638.9127,2.66241771e-03,4.40704615e+01
19639.3628,2.65818449e-03,4.39657528e+01
19639.8129,2.65396130e-03,4.38613730e+01
19640.2630,2.64974812e-03,4.37573207e+01
19640.7131,2.64554490e-03,4.36535948e+01
19641.1632,2.64135163e-03,4.35501938e+01
19641.6134,2.63716826e-03,4.34471165e+01
19642.0635,2.63299477e-03,4.33443618e+01
19642.5136,2.62883112e-03,4.32419282e+01
19642.9637,2.62467728e-03,4.31398147e+01
19643.4138,2.62053323e-03,4.30380199e+01
19643.8639,2.61639894e-03,4.29365427e+01
19644.3140,2.61227437e-03,4.28353817e+01
19644.7641,2.60815948e-03,4.27345359e+01
19645.2143,2.60405427e-03,4.26340038e+01
19645.6644,2.59995868e-03,4.25337845e+01
19646.1145,2.59587270e-03,4.24338765e+01
19646.5646,2.59179629e-03,4.23342789e+01
19647.0147,2.58772942e-03,4.22349902e+01
19647.4648,2.58367207e-03,4.21360094e+01
19647.9149,2.57962420e-03,4.20373354e+01
19648.3650,2.57558578e-03,4.19389668e+01
19648.8152,2.57155679e-03,4.18409025e+01
19649.2653,2.56753720e-03,4.17431414e+01
19649.7154,2.56352697e-03,4.16456823e+01
19650.1655,2.55952608e-03,4.15485241e+01
19650.6156,2.55553450e-03,4.14516655e+01
19651.0657,2.55155220e-03,4.13551055e+01
19651.5158,2.54757916e-03,4.12588430e+01
19651.9659,2.54361533e-03,4.11628766e+01
19652.4161,2.53966070e-03,4.10672055e+01
19652.8662,2.53571524e-03,4.09718283e+01
19653.3163,2.53177892e-03,4.08767441e+01
19653.7664,2.52785171e-03,4.07819516e+01
19654.2165,2.52393358e-03,4.06874499e+01
19654.6666,2.52002451e-03,4.05932376e+01
19655.1167,2.51612446e-03,4.04993139e+01
19655.5668,2.51223342e-03,4.04056776e+01
19656.0170,2.50835134e-03,4.03123275e+01
19656.4671,2.50447822e-03,4.02192626e+01
19656.9172,2.50061400e-03,4.01264819e+01
19657.3673,2.49675868e-03,4.00339842e+01
19657.8174,2.49291222e-03,3.99417685e+01
19658.2675,2.48907460e-03,3.98498337e+01
19658.7176,2.48524579e-03,3.97581787e+01
19659.1677,2.48142576e-03,3.96668025e+01
19659.6179,2.47761448e-03,3.95757041e+01
19660.0680,2.47381194e-03,3.94848824e+01
19660.5181,2.47001810e-03,3.93943364e+01
19660.9682,2.46623293e-03,3.93040649e+01
19661.4183,2.46245641e-03,3.92140671e+01
19661.8684,2.45868852e-03,3.91243418e+01
19662.3185,2.45492923e-03,3.90348881e+01
19662.7686,2.45117850e-03,3.89457048e+01
19663.2188,2.44743633e-03,3.88567911e+01
19663.6689,2.44370267e-03,3.87681459e+01
19664.1190,2.43997751e-03,3.86797681e+01
19664.5691,2.43626081e-03,3.85916569e+01
19665.0192,2.43255256e-03,3.85038111e+01
19665.4693,2.42885273e-03,3.84162298e+01
19665.9194,2.42516129e-03,3.83289121e+01
19666.3695,2.42147821e-03,3.82418569e+01
19666.8197,2.41780348e-03,3.81550632e+01
19667.2698,2.41413707e-03,3.80685301e+01
19667.7199,2.41047895e-03,3.79822566e+01
19668.1700,2.40682909e-03,3.78962418e+01
19668.6201,2.40318748e-03,3.78104846e+01
19669.0702,2.39955408e-03,3.77249842e+01
19669.5203,2.39592888e-03,3.76397396e+01
19669.9704,2.39231185e-03,3.75547497e+01
19670.4206,2.38870296e-03,3.74700138e+01
19670.8707,2.38510219e-03,3.73855307e+01
19671.3208,2.38150952e-03,3.73012997e+01
19671.7709,2.37792492e-03,3.72173198e+01
19672.2210,2.37434837e-03,3.71335900e+01
19672.6711,2.37077984e-03,3.70501094e+01
19673.1212,2.36721931e-03,3.69668771e+01
19673.5713,2.36366675e-03,3.68838922e+01
19674.0215,2.36012215e-03,3.68011537e+01
19674.4716,2.35658548e-03,3.67186609e+01
19674.9217,2.35305672e-03,3.66364127e+01
19675.3718,2.34953583e-03,3.65544082e+01
19675.8219,2.34602280e-03,3.64726466e+01
19676.2720,2.34251761e-03,3.63911270e+01
19676.7221,2.33902023e-03,3.63098484e+01
19677.1722,2.33553064e-03,3.62288101e+01
19677.6224,2.33204882e-03,3.61480111e+01
19678.0725,2.32857474e-03,3.60674505e+01
19678.5226,2.32510838e-03,3.59871275e+01
19678.9727,2.32164972e-03,3.59070412e+01
19679.4228,2.31819873e-03,3.58271907e+01
19679.8729,2.31475539e-03,3.57475753e+01
19680.3230,2.31131969e-03,3.56681939e+01
19680.7731,2.30789159e-03,3.55890458e+01
19681.2233,2.30447108e-03,3.55101301e+01
19681.6734,2.30105813e-03,3.54314459e+01
19682.1235,2.29765272e-03,3.53529925e+01
19682.5736,2.29425483e-03,3.52747690e+01
19683.0237,2.29086443e-03,3.51967746e+01
19683.4738,2.28748152e-03,3.51190083e+01
19683.9239,2.28410605e-03,3.50414694e+01
19684.3740,2.28073801e-03,3.49641571e+01
19684.8242,2.27737739e-03,3.48870706e+01
19685.2743,2.27402415e-03,3.48102090e+01
19685.7244,2.27067828e-03,3.47335714e+01
19686.1745,2.26733975e-03,3.46571572e+01
19686.6246,2.26400855e-03,3.45809655e+01
19687.0747,2.26068464e-03,3.45049955e+01
19687.5248,2.25736802e-03,3.44292464e+01
19687.9749,2.25405866e-03,3.43537173e+01
19688.4251,2.25075654e-03,3.42784076e+01
19688.8752,2.24746164e-03,3.42033163e+01
19689.3253,2.24417393e-03,3.41284428e+01
19689.7754,2.24089340e-03,3.40537863e+01
19690.2255,2.23762002e-03,3.39793459e+01
19690.6756,2.23435378e-03,3.39051208e+01
19691.1257,2.23109465e-03,3.38311104e+01
19691.5758,2.22784261e-03,3.37573139e+01
19692.0260,2.22459765e-03,3.36837304e+01
19692.4761,2.22135974e-03,3.36103592e+01
19692.9262,2.21812886e-03,3.35371996e+01
19693.3763,2.21490500e-03,3.34642508e+01
19693.8264,2.21168812e-03,3.33915120e+01
19694.2765,2.20847822e-03,3.33189825e+01
19694.7266,2.20527527e-03,3.32466615e+01
19695.1767,2.20207925e-03,3.31745484e+01
19695.6269,2.19889014e-03,3.31026423e+01
19696.0770,2.19570792e-03,3.30309425e+01
19696.5271,2.19253258e-03,3.29594483e+01
19696.9772,2.18936409e-03,3.28881590e+01
19697.4273,2.18620243e-03,3.28170738e+01
19697.8774,2.18304758e-03,3.27461920e+01
19698.3275,2.17989953e-03,3.26755129e+01
19698.7776,2.17675825e-03,3.26050358e+01
19699.2278,2.17362373e-03,3.25347599e+01
19699.6779,2.17049595e-03,3.24646845e+01
19700.1280,2.16737488e-03,3.23948090e+01
19700.5781,2.16426050e-03,3.23251325e+01
19701.0282,2.16115281e-03,3.22556545e+01
19701.4783,2.15805178e-03,3.21863742e+01
19701.9284,2.15495738e-03,3.21172909e+01
19702.3785,2.15186961e-03,3.20484039e+01
19702.8287,2.14878844e-03,3.19797126e+01
19703.2788,2.14571386e-03,3.19112161e+01
19703.7289,2.14264584e-03,3.18429140e+01
19704.1790,2.13958436e-03,3.17748054e+01
19704.6291,2.13652942e-03,3.17068896e+01
19705.0792,2.13348098e-03,3.16391661e+01
19705.5293,2.13043904e-03,3.15716341e+01
19705.9794,2.12740357e-03,3.15042930e+01
19706.4296,2.12437456e-03,3.14371421e+01
19706.8797,2.12135198e-03,3.13701806e+01
19707.3298,2.11833582e-03,3.13034081e+01
19707.7799,2.11532606e-03,3.12368237e+01
19708.2300,2.11232268e-03,3.11704269e+01
19708.6801,2.10932567e-03,3.11042170e+01
19709.1302,2.10633500e-03,3.10381933e+01
19709.5803,2.10335067e-03,3.09723552e+01
19710.0305,2.10037264e-03,3.09067020e+01
19710.4806,2.09740091e-03,3.08412331e+01
19710.9307,2.09443545e-03,3.07759478e+01
19711.3808,2.09147625e-03,3.07108456e+01
19711.8309,2.08852329e-03,3.06459257e+01
19712.2810,2.08557656e-03,3.05811876e+01
19712.7311,2.08263603e-03,3.05166306e+01
19713.1812,2.07970169e-03,3.04522540e+01
19713.6314,2.07677352e-03,3.03880573e+01
19714.0815,2.07385150e-03,3.03240398e+01
19714.5316,2.07093562e-03,3.02602009e+01
19714.9817,2.06802586e-03,3.01965401e+01
19715.4318,2.06512221e-03,3.01330566e+01
19715.8819,2.06222464e-03,3.00697498e+01
19716.3320,2.05933313e-03,3.00066192e+01
19716.7821,2.05644768e-03,2.99436641e+01
19717.2323,2.05356827e-03,2.98808840e+01
19717.6824,2.05069487e-03,2.98182782e+01
19718.1325,2.04782747e-03,2.97558461e+01
19718.5826,2.04496606e-03,2.96935871e+01
19719.0327,2.04211062e-03,2.96315007e+01
19719.4828,2.03926113e-03,2.95695862e+01
19719.9329,2.03641758e-03,2.95078431e+01
19720.3830,2.03357994e-03,2.94462707e+01
19720.8332,2.03074821e-03,2.93848685e+01
19721.2833,2.02792236e-03,2.93236359e+01
19721.7334,2.02510238e-03,2.92625723e+01
19722.1835,2.02228826e-03,2.92016772e+01
19722.6336,2.01947998e-03,2.91409499e+01
19723.0837,2.01667751e-03,2.90803898e+01
19723.5338,2.01388086e-03,2.90199965e+01
19723.9839,2.01108999e-03,2.89597693e+01
19724.4341,2.00830490e-03,2.88997077e+01
19724.8842,2.00552556e-03,2.88398110e+01
19725.3343,2.00275197e-03,2.87800789e+01
19725.7844,1.99998410e-03,2.87205106e+01
19726.2345,1.99722195e-03,2.86611056e+01
19726.6846,1.99446548e-03,2.86018634e+01
19727.1347,1.99171470e-03,2.85427834e+01
19727.5848,1.98896959e-03,2.84838650e+01
19728.0350,1.98623012e-03,2.84251078e+01
19728.4851,1.98349628e-03,2.83665111e+01
19728.9352,1.98076807e-03,2.83080745e+01
19729.3853,1.97804545e-03,2.82497973e+01
19729.8354,1.97532843e-03,2.81916791e+01
19730.2855,1.97261697e-03,2.81337193e+01
19730.7356,1.96991107e-03,2.80759173e+01
19731.1857,1.96721072e-03,2.80182726e+01
19731.6359,1.96451589e-03,2.79607848e+01
19732.0860,1.96182657e-03,2.79034532e+01
19732.5361,1.95914275e-03,2.78462774e+01
19732.9862,1.95646441e-03,2.77892568e+01
19733.4363,1.95379154e-03,2.77323908e+01
19733.8864,1.95112412e-03,2.76756791e+01
19734.3365,1.94846214e-03,2.76191210e+01
19734.7866,1.94580558e-03,2.75627160e+01
19735.2368,1.94315442e-03,2.75064636e+01
19735.6869,1.94050867e-03,2.74503634e+01
19736.1370,1.93786829e-03,2.73944147e+01
19736.5871,1.93523327e-03,2.73386172e+01
19737.0372,1.93260361e-03,2.72829702e+01
19737.4873,1.92997928e-03,2.72274733e+01
19737.9374,1.92736027e-03,2.71721259e+01
19738.3875,1.92474657e-03,2.71169277e+01
19738.8377,1.92213816e-03,2.70618780e+01
19739.2878,1.91953503e-03,2.70069764e+01
19739.7379,1.91693716e-03,2.69522223e+01
19740.1880,1.91434455e-03,2.68976154e+01
19740.6381,1.91175717e-03,2.68431550e+01
19741.0882,1.90917501e-03,2.67888408e+01
19741.5383,1.90659806e-03,2.67346722e+01
19741.9884,1.90402630e-03,2.66806487e+01
19742.4386,1.90145972e-03,2.66267699e+01
19742.8887,1.89889831e-03,2.65730353e+01
19743.3388,1.89634206e-03,2.65194443e+01
19743.7889,1.89379094e-03,2.64659966e+01
19744.2390,1.89124494e-03,2.64126916e+01
19744.6891,1.88870406e-03,2.63595289e+01
19745.1392,1.88616827e-03,2.63065079e+01
19745.5893,1.88363757e-03,2.62536283e+01
19746.0395,1.88111194e-03,2.62008896e+01
19746.4896,1.87859137e-03,2.61482913e+01
19746.9397,1.87607584e-03,2.60958329e+01
19747.3898,1.87356534e-03,2.60435139e+01
19747.8399,1.87105986e-03,2.59913340e+01
19748.2900,1.86855938e-03,2.59392926e+01
19748.7401,1.86606389e-03,2.58873893e+01
19749.1902,1.86357338e-03,2.58356236e+01
19749.6404,1.86108784e-03,2.57839951e+01
19750.0905,1.85860724e-03,2.57325034e+01
19750.5406,1.85613158e-03,2.56811479e+01
19750.9907,1.85366085e-03,2.56299282e+01
19751.4408,1.85119503e-03,2.55788440e+01
19751.8909,1.84873410e-03,2.55278947e+01
19752.3410,1.84627807e-03,2.54770799e+01
19752.7911,1.84382690e-03,2.54263991e+01
19753.2413,1.84138060e-03,2.53758520e+01
19753.6914,1.83893914e-03,2.53254380e+01
19754.1415,1.83650252e-03,2.52751568e+01
19754.5916,1.83407072e-03,2.52250079e+01
19755.0417,1.83164373e-03,2.51749908e+01
19755.4918,1.82922153e-03,2.51251053e+01
19755.9419,1.82680412e-03,2.50753507e+01
19756.3920,1.82439148e-03,2.50257267e+01
19756.8422,1.82198360e-03,2.49762329e+01
19757.2923,1.81958047e-03,2.49268689e+01
19757.7424,1.81718207e-03,2.48776341e+01
19758.1925,1.81478839e-03,2.48285283e+01
19758.6426,1.81239942e-03,2.47795509e+01
19759.0927,1.81001515e-03,2.47307016e+01
19759.5428,1.80763556e-03,2.46819799e+01
19759.9929,1.80526065e-03,2.46333855e+01
19760.4431,1.80289040e-03,2.45849179e+01
19760.8932,1.80052479e-03,2.45365766e+01
19761.3433,1.79816382e-03,2.44883614e+01
19761.7934,1.79580748e-03,2.44402718e+01
19762.2435,1.79345574e-03,2.43923074e+01
19762.6936,1.79110861e-03,2.43444677e+01
19763.1437,1.78876607e-03,2.42967524e+01
19763.5938,1.78642810e-03,2.42491611e+01
19764.0440,1.78409469e-03,2.42016933e+01
19764.4941,1.78176584e-03,2.41543487e+01
19764.9442,1.77944153e-03,2.41071269e+01
19765.3943,1.77712175e-03,2.40600275e+01
19765.8444,1.77480649e-03,2.40130500e+01
19766.2945,1.77249573e-03,2.39661942e+01
19766.7446,1.77018946e-03,2.39194596e+01
19767.1947,1.76788768e-03,2.38728457e+01
19767.6449,1.76559037e-03,2.38263523e+01
19768.0950,1.76329752e-03,2.37799789e+01
19768.5451,1.76100911e-03,2.37337252e+01
19768.9952,1.75872514e-03,2.36875908e+01
19769.4453,1.75644560e-03,2.36415752e+01
19769.8954,1.75417047e-03,2.35956782e+01
19770.3455,1.75189974e-03,2.35498992e+01
19770.7956,1.74963341e-03,2.35042381e+01
19771.2458,1.74737145e-03,2.34586943e+01
19771.6959,1.74511386e-03,2.34132675e+01
19772.1460,1.74286063e-03,2.33679573e+01
19772.5961,1.74061174e-03,2.33227634e+01
19773.0462,1.73836719e-03,2.32776853e+01
19773.4963,1.73612697e-03,2.32327228e+01
19773.9464,1.73389105e-03,2.31878754e+01
19774.3965,1.73165944e-03,2.31431428e+01
19774.8467,1.72943212e-03,2.30985246e+01
19775.2968,1.72720908e-03,2.30540204e+01
19775.7469,1.72499030e-03,2.30096300e+01
19776.1970,1.72277579e-03,2.29653528e+01
19776.6471,1.72056552e-03,2.29211887e+01
19777.0972,1.71835949e-03,2.28771371e+01
19777.5473,1.71615768e-03,2.28331978e+01
19777.9974,1.71396009e-03,2.27893704e+01
19778.4476,1.71176671e-03,2.27456545e+01
19778.8977,1.70957751e-03,2.27020499e+01
19779.3478,1.70739250e-03,2.26585560e+01
19779.7979,1.70521166e-03,2.26151727e+01
19780.2480,1.70303498e-03,2.25718994e+01
19780.6981,1.70086246e-03,2.25287360e+01
19781.1482,1.69869407e-03,2.24856820e+01
19781.5983,1.69652982e-03,2.24427372e+01
19782.0485,1.69436968e-03,2.23999010e+01
19782.4986,1.69221365e-03,2.23571733e+01
19782.9487,1.69006172e-03,2.23145537e+01
19783.3988,1.68791388e-03,2.22720418e+01
19783.8489,1.68577012e-03,2.22296373e+01
19784.2990,1.68363043e-03,2.21873398e+01
19784.7491,1.68149479e-03,2.21451491e+01
19785.1992,1.67936320e-03,2.21030648e+01
19785.6494,1.67723565e-03,2.20610865e+01
19786.0995,1.67511213e-03,2.20192139e+01
19786.5496,1.67299262e-03,2.19774467e+01
19786.9997,1.67087712e-03,2.19357846e+01
19787.4498,1.66876561e-03,2.18942272e+01
19787.8999,1.66665810e-03,2.18527743e+01
19788.3500,1.66455456e-03,2.18114254e+01
19788.8002,1.66245498e-03,2.17701802e+01
19789.2503,1.66035937e-03,2.17290385e+01
19789.7004,1.65826770e-03,2.16879999e+01
19790.1505,1.65617996e-03,2.16470641e+01
19790.6006,1.65409616e-03,2.16062307e+01
19791.0507,1.65201627e-03,2.15654995e+01
19791.5008,1.64994029e-03,2.15248701e+01
19791.9509,1.64786820e-03,2.14843423e+01
19792.4011,1.64580001e-03,2.14439156e+01
19792.8512,1.64373569e-03,2.14035898e+01
19793.3013,1.64167525e-03,2.13633646e+01
19793.7514,1.63961866e-03,2.13232397e+01
19794.2015,1.63756592e-03,2.12832147e+01
19794.6516,1.63551702e-03,2.12432893e+01
19795.1017,1.63347195e-03,2.12034633e+01
19795.5518,1.63143071e-03,2.11637363e+01
19796.0020,1.62939327e-03,2.11241080e+01
19796.4521,1.62735964e-03,2.10845781e+01
19796.9022,1.62532980e-03,2.10451464e+01
19797.3523,1.62330374e-03,2.10058124e+01
19797.8024,1.62128146e-03,2.09665759e+01
19798.2525,1.61926294e-03,2.09274367e+01
19798.7026,1.61724817e-03,2.08883943e+01
19799.1527,1.61523715e-03,2.08494486e+01
19799.6029,1.61322987e-03,2.08105992e+01
19800.0530,1.61122632e-03,2.07718458e+01
19800.5031,1.60922648e-03,2.07331881e+01
19800.9532,1.60723036e-03,2.06946258e+01
19801.4033,1.60523793e-03,2.06561586e+01
19801.8534,1.60324919e-03,2.06177863e+01
19802.3035,1.60126414e-03,2.05795086e+01
19802.7536,1.59928276e-03,2.05413251e+01
19803.2038,1.59730504e-03,2.05032356e+01
19803.6539,1.59533098e-03,2.04652397e+01
19804.1040,1.59336056e-03,2.04273373e+01
19804.5541,1.59139378e-03,2.03895279e+01
19805.0042,1.58943063e-03,2.03518114e+01
19805.4543,1.58747110e-03,2.03141875e+01
19805.9044,1.58551517e-03,2.02766558e+01
19806.3545,1.58356285e-03,2.02392160e+01
19806.8047,1.58161412e-03,2.02018680e+01
19807.2548,1.57966898e-03,2.01646114e+01
19807.7049,1.57772741e-03,2.01274459e+01
19808.1550,1.57578940e-03,2.00903713e+01
19808.6051,1.57385496e-03,2.00533873e+01
19809.0552,1.57192406e-03,2.00164936e+01
19809.5053,1.56999670e-03,1.99796900e+01
19809.9554,1.56807287e-03,1.99429761e+01
19810.4056,1.56615257e-03,1.99063517e+01
19810.8557,1.56423578e-03,1.98698165e+01
19811.3058,1.56232250e-03,1.98333703e+01
19811.7559,1.56041272e-03,1.97970127e+01
19812.2060,1.55850642e-03,1.97607436e+01
19812.6561,1.55660360e-03,1.97245626e+01
19813.1062,1.55470426e-03,1.96884695e+01
19813.5563,1.55280838e-03,1.96524640e+01
19814.0065,1.55091595e-03,1.96165459e+01
19814.4566,1.54902697e-03,1.95807148e+01
19814.9067,1.54714143e-03,1.95449706e+01
19815.3568,1.54525932e-03,1.95093130e+01
19815.8069,1.54338064e-03,1.94737416e+01
19816.2570,1.54150536e-03,1.94382563e+01
19816.7071,1.53963349e-03,1.94028568e+01
19817.1572,1.53776502e-03,1.93675427e+01
19817.6074,1.53589994e-03,1.93323140e+01
19818.0575,1.53403824e-03,1.92971703e+01
19818.5076,1.53217991e-03,1.92621113e+01
19818.9577,1.53032494e-03,1.92271368e+01
19819.4078,1.52847333e-03,1.91922466e+01
19819.8579,1.52662507e-03,1.91574404e+01
19820.3080,1.52478015e-03,1.91227179e+01
19820.7581,1.52293857e-03,1.90880790e+01
19821.2083,1.52110030e-03,1.90535232e+01
19821.6584,1.51926536e-03,1.90190505e+01
19822.1085,1.51743372e-03,1.89846605e+01
19822.5586,1.51560538e-03,1.89503530e+01
19823.0087,1.51378033e-03,1.89161278e+01
19823.4588,1.51195857e-03,1.88819846e+01
19823.9089,1.51014009e-03,1.88479232e+01
19824.3590,1.50832488e-03,1.88139432e+01
19824.8092,1.50651292e-03,1.87800446e+01
19825.2593,1.50470422e-03,1.87462270e+01
19825.7094,1.50289877e-03,1.87124902e+01
19826.1595,1.50109655e-03,1.86788339e+01
19826.6096,1.49929757e-03,1.86452580e+01
19827.0597,1.49750180e-03,1.86117621e+01
19827.5098,1.49570925e-03,1.85783461e+01
19827.9599,1.49391991e-03,1.85450097e+01
19828.4101,1.49213377e-03,1.85117527e+01
19828.8602,1.49035082e-03,1.84785748e+01
19829.3103,1.48857105e-03,1.84454758e+01
19829.7604,1.48679446e-03,1.84124554e+01
19830.2105,1.48502104e-03,1.83795135e+01
19830.6606,1.48325079e-03,1.83466498e+01
19831.1107,1.48148368e-03,1.83138641e+01
19831.5608,1.47971973e-03,1.82811561e+01
19832.0110,1.47795891e-03,1.82485256e+01
19832.4611,1.47620123e-03,1.82159725e+01
19832.9112,1.47444666e-03,1.81834963e+01
19833.3613,1.47269522e-03,1.81510970e+01
19833.8114,1.47094689e-03,1.81187743e+01
19834.2615,1.46920166e-03,1.80865280e+01
19834.7116,1.46745952e-03,1.80543578e+01
19835.1617,1.46572047e-03,1.80222636e+01
19835.6119,1.46398451e-03,1.79902450e+01
19836.0620,1.46225161e-03,1.79583020e+01
19836.5121,1.46052178e-03,1.79264342e+01
19836.9622,1.45879502e-03,1.78946415e+01
19837.4123,1.45707130e-03,1.78629236e+01
19837.8624,1.45535063e-03,1.78312802e+01
19838.3125,1.45363299e-03,1.77997113e+01
19838.7626,1.45191839e-03,1.77682165e+01
19839.2128,1.45020681e-03,1.77367957e+01
19839.6629,1.44849824e-03,1.77054487e+01
19840.1130,1.44679268e-03,1.76741751e+01
19840.5631,1.44509013e-03,1.76429748e+01
19841.0132,1.44339057e-03,1.76118477e+01
19841.4633,1.44169400e-03,1.75807934e+01
19841.9134,1.44000041e-03,1.75498118e+01
19842.3635,1.43830979e-03,1.75189026e+01
19842.8137,1.43662215e-03,1.74880657e+01
19843.2638,1.43493746e-03,1.74573008e+01
19843.7139,1.43325572e-03,1.74266078e+01
19844.1640,1.43157693e-03,1.73959863e+01
19844.6141,1.42990108e-03,1.73654363e+01
19845.0642,1.42822817e-03,1.73349575e+01
19845.5143,1.42655818e-03,1.73045496e+01
19845.9644,1.42489111e-03,1.72742126e+01
19846.4146,1.42322695e-03,1.72439461e+01
19846.8647,1.42156569e-03,1.72137500e+01
19847.3148,1.41990734e-03,1.71836241e+01
19847.7649,1.41825188e-03,1.71535682e+01
19848.2150,1.41659930e-03,1.71235820e+01
19848.6651,1.41494960e-03,1.70936654e+01
19849.1152,1.41330277e-03,1.70638182e+01
19849.5653,1.41165881e-03,1.70340402e+01
19850.0155,1.41001771e-03,1.70043311e+01
19850.4656,1.40837946e-03,1.69746907e+01
19850.9157,1.40674406e-03,1.69451190e+01
19851.3658,1.40511149e-03,1.69156156e+01
19851.8159,1.40348176e-03,1.68861804e+01
19852.2660,1.40185485e-03,1.68568132e+01
19852.7161,1.40023077e-03,1.68275138e+01
19853.1662,1.39860949e-03,1.67982820e+01
19853.6164,1.39699102e-03,1.67691175e+01
19854.0665,1.39537536e-03,1.67400203e+01
19854.5166,1.39376248e-03,1.67109901e+01
19854.9667,1.39215239e-03,1.66820267e+01
19855.4168,1.39054509e-03,1.66531299e+01
19855.8669,1.38894056e-03,1.66242996e+01
19856.3170,1.38733879e-03,1.65955355e+01
19856.7671,1.38573979e-03,1.65668375e+01
19857.2173,1.38414354e-03,1.65382053e+01
19857.6674,1.38255005e-03,1.65096389e+01
19858.1175,1.38095929e-03,1.64811379e+01
19858.5676,1.37937127e-03,1.64527022e+01
19859.0177,1.37778598e-03,1.64243317e+01
19859.4678,1.37620342e-03,1.63960261e+01
19859.9179,1.37462357e-03,1.63677852e+01
19860.3680,1.37304644e-03,1.63396089e+01
19860.8182,1.37147201e-03,1.63114970e+01
19861.2683,1.36990028e-03,1.62834493e+01
19861.7184,1.36833124e-03,1.62554656e+01
19862.1685,1.36676489e-03,1.62275457e+01
19862.6186,1.36520122e-03,1.61996895e+01
19863.0687,1.36364023e-03,1.61718968e+01
19863.5188,1.36208190e-03,1.61441673e+01
19863.9689,1.36052624e-03,1.61165010e+01
19864.4191,1.35897323e-03,1.60888976e+01
19864.8692,1.35742288e-03,1.60613570e+01
19865.3193,1.35587516e-03,1.60338790e+01
19865.7694,1.35433009e-03,1.60064633e+01
19866.2195,1.35278765e-03,1.59791099e+01
19866.6696,1.35124783e-03,1.59518185e+01
19867.1197,1.34971064e-03,1.59245890e+01
19867.5698,1.34817606e-03,1.58974212e+01
19868.0200,1.34664409e-03,1.58703150e+01
19868.4701,1.34511472e-03,1.58432700e+01
19868.9202,1.34358795e-03,1.58162863e+01
19869.3703,1.34206378e-03,1.57893636e+01
19869.8204,1.34054218e-03,1.57625017e+01
19870.2705,1.33902317e-03,1.57357005e+01
19870.7206,1.33750673e-03,1.57089597e+01
19871.1707,1.33599285e-03,1.56822793e+01
19871.6209,1.33448154e-03,1.56556591e+01
19872.0710,1.33297279e-03,1.56290988e+01
19872.5211,1.33146658e-03,1.56025984e+01
19872.9712,1.32996293e-03,1.55761576e+01
19873.4213,1.32846181e-03,1.55497763e+01
19873.8714,1.32696322e-03,1.55234543e+01
19874.3215,1.32546716e-03,1.54971915e+01
19874.7716,1.32397362e-03,1.54709877e+01
19875.2218,1.32248260e-03,1.54448426e+01
19875.6719,1.32099410e-03,1.54187563e+01
19876.1220,1.31950809e-03,1.53927284e+01
19876.5721,1.31802459e-03,1.53667589e+01
19877.0222,1.31654358e-03,1.53408475e+01
19877.4723,1.31506505e-03,1.53149941e+01
19877.9224,1.31358902e-03,1.52891986e+01
19878.3725,1.31211545e-03,1.52634607e+01
19878.8227,1.31064436e-03,1.52377804e+01
19879.2728,1.30917574e-03,1.52121575e+01
19879.7229,1.30770958e-03,1.51865917e+01
19880.1730,1.30624587e-03,1.51610830e+01
19880.6231,1.30478461e-03,1.51356312e+01
19881.0732,1.30332580e-03,1.51102361e+01
19881.5233,1.30186942e-03,1.50848975e+01
19881.9734,1.30041548e-03,1.50596154e+01
19882.4236,1.29896397e-03,1.50343896e+01
19882.8737,1.29751488e-03,1.50092198e+01
19883.3238,1.29606821e-03,1.49841060e+01
19883.7739,1.29462395e-03,1.49590480e+01
19884.2240,1.29318209e-03,1.49340456e+01
19884.6741,1.29174264e-03,1.49090987e+01
19885.1242,1.29030558e-03,1.48842071e+01
19885.5743,1.28887092e-03,1.48593707e+01
19886.0245,1.28743864e-03,1.48345894e+01
19886.4746,1.28600874e-03,1.48098629e+01
19886.9247,1.28458121e-03,1.47851911e+01
19887.3748,1.28315606e-03,1.47605739e+01
19887.8249,1.28173327e-03,1.47360111e+01
19888.2750,1.28031283e-03,1.47115026e+01
19888.7251,1.27889476e-03,1.46870482e+01
19889.1752,1.27747903e-03,1.46626478e+01
19889.6254,1.27606564e-03,1.46383012e+01
19890.0755,1.27465459e-03,1.46140083e+01
19890.5256,1.27324588e-03,1.45897689e+01
19890.9757,1.27183950e-03,1.45655829e+01
19891.4258,1.27043543e-03,1.45414502e+01
19891.8759,1.26903369e-03,1.45173705e+01
19892.3260,1.26763426e-03,1.44933438e+01
19892.7761,1.26623713e-03,1.44693698e+01
19893.2263,1.26484231e-03,1.44454486e+01
19893.6764,1.26344979e-03,1.44215798e+01
19894.1265,1.26205956e-03,1.43977634e+01
19894.5766,1.26067162e-03,1.43739993e+01
19895.0267,1.25928596e-03,1.43502872e+01
19895.4768,1.25790258e-03,1.43266271e+01
19895.9269,1.25652147e-03,1.43030187e+01
19896.3770,1.25514263e-03,1.42794620e+01
19896.8272,1.25376605e-03,1.42559569e+01
19897.2773,1.25239173e-03,1.42325031e+01
19897.7274,1.25101966e-03,1.42091005e+01
19898.1775,1.24964984e-03,1.41857491e+01
19898.6276,1.24828226e-03,1.41624486e+01
19899.0777,1.24691693e-03,1.41391989e+01
19899.5278,1.24555382e-03,1.41160000e+01
19899.9779,1.24419294e-03,1.40928515e+01
19900.4281,1.24283429e-03,1.40697535e+01
19900.8782,1.24147786e-03,1.40467057e+01
19901.3283,1.24012364e-03,1.40237081e+01
19901.7784,1.23877163e-03,1.40007605e+01
19902.2285,1.23742182e-03,1.39778627e+01
19902.6786,1.23607422e-03,1.39550147e+01
19903.1287,1.23472880e-03,1.39322162e+01
19903.5788,1.23338558e-03,1.39094673e+01
19904.0290,1.23204455e-03,1.38867676e+01
19904.4791,1.23070569e-03,1.38641172e+01
19904.9292,1.22936901e-03,1.38415158e+01
19905.3793,1.22803451e-03,1.38189633e+01
19905.8294,1.22670217e-03,1.37964596e+01
19906.2795,1.22537199e-03,1.37740046e+01
19906.7296,1.22404396e-03,1.37515982e+01
19907.1797,1.22271810e-03,1.37292401e+01
19907.6299,1.22139437e-03,1.37069303e+01
19908.0800,1.22007280e-03,1.36846687e+01
19908.5301,1.21875336e-03,1.36624551e+01
19908.9802,1.21743605e-03,1.36402893e+01
19909.4303,1.21612088e-03,1.36181713e+01
19909.8804,1.21480783e-03,1.35961010e+01
19910.3305,1.21349690e-03,1.35740781e+01
19910.7806,1.21218808e-03,1.35521027e+01
19911.2308,1.21088138e-03,1.35301744e+01
19911.6809,1.20957678e-03,1.35082933e+01
19912.1310,1.20827429e-03,1.34864592e+01
19912.5811,1.20697389e-03,1.34646720e+01
19913.0312,1.20567559e-03,1.34429315e+01
19913.4813,1.20437938e-03,1.34212376e+01
19913.9314,1.20308525e-03,1.33995902e+01
19914.3815,1.20179320e-03,1.33779892e+01
19914.8317,1.20050322e-03,1.33564344e+01
19915.2818,1.19921532e-03,1.33349258e+01
19915.7319,1.19792948e-03,1.33134632e+01
19916.1820,1.19664571e-03,1.32920464e+01
19916.6321,1.19536399e-03,1.32706754e+01
19917.0822,1.19408433e-03,1.32493500e+01
19917.5323,1.19280671e-03,1.32280702e+01
19917.9824,1.19153114e-03,1.32068357e+01
19918.4326,1.19025761e-03,1.31856465e+01
19918.8827,1.18898612e-03,1.31645025e+01
19919.3328,1.18771666e-03,1.31434034e+01
19919.7829,1.18644922e-03,1.31223493e+01
19920.2330,1.18518381e-03,1.31013400e+01
19920.6831,1.18392042e-03,1.30803754e+01
19921.1332,1.18265904e-03,1.30594553e+01
19921.5833,1.18139967e-03,1.30385797e+01
19922.0335,1.18014231e-03,1.30177484e+01
19922.4836,1.17888695e-03,1.29969613e+01
19922.9337,1.17763358e-03,1.29762183e+01
19923.3838,1.17638221e-03,1.29555192e+01
19923.8339,1.17513283e-03,1.29348640e+01
19924.2840,1.17388544e-03,1.29142526e+01
19924.7341,1.17264002e-03,1.28936847e+01
19925.1842,1.17139658e-03,1.28731604e+01
19925.6344,1.17015511e-03,1.28526795e+01
19926.0845,1.16891561e-03,1.28322418e+01
19926.5346,1.16767808e-03,1.28118474e+01
19926.9847,1.16644250e-03,1.27914959e+01
19927.4348,1.16520888e-03,1.27711874e+01
19927.8849,1.16397722e-03,1.27509218e+01
19928.3350,1.16274750e-03,1.27306988e+01
19928.7851,1.16151972e-03,1.27105185e+01
19929.2353,1.16029388e-03,1.26903806e+01
19929.6854,1.15906998e-03,1.26702851e+01
19930.1355,1.15784801e-03,1.26502319e+01
19930.5856,1.15662796e-03,1.26302209e+01
19931.0357,1.15540984e-03,1.26102519e+01
19931.4858,1.15419364e-03,1.25903248e+01
19931.9359,1.15297935e-03,1.25704395e+01
19932.3860,1.15176697e-03,1.25505960e+01
19932.8362,1.15055650e-03,1.25307941e+01
19933.2863,1.14934794e-03,1.25110337e+01
19933.7364,1.14814127e-03,1.24913147e+01
19934.1865,1.14693650e-03,1.24716369e+01
19934.6366,1.14573362e-03,1.24520003e+01
19935.0867,1.14453262e-03,1.24324048e+01
19935.5368,1.14333351e-03,1.24128503e+01
19935.9869,1.14213628e-03,1.23933366e+01
19936.4371,1.14094092e-03,1.23738637e+01
19936.8872,1.13974744e-03,1.23544314e+01
19937.3373,1.13855582e-03,1.23350397e+01
19937.7874,1.13736607e-03,1.23156884e+01
19938.2375,1.13617817e-03,1.22963774e+01
19938.6876,1.13499214e-03,1.22771066e+01
19939.1377,1.13380795e-03,1.22578759e+01
19939.5878,1.13262561e-03,1.22386853e+01
19940.0380,1.13144512e-03,1.22195346e+01
19940.4881,1.13026647e-03,1.22004237e+01
19940.9382,1.12908965e-03,1.21813525e+01
19941.3883,1.12791467e-03,1.21623208e+01
19941.8384,1.12674151e-03,1.21433287e+01
19942.2885,1.12557019e-03,1.21243760e+01
19942.7386,1.12440068e-03,1.21054626e+01
19943.1887,1.12323299e-03,1.20865884e+01
19943.6389,1.12206712e-03,1.20677532e+01
19944.0890,1.12090305e-03,1.20489571e+01
19944.5391,1.11974079e-03,1.20301998e+01
19944.9892,1.11858034e-03,1.20114814e+01
19945.4393,1.11742168e-03,1.19928016e+01
19945.8894,1.11626482e-03,1.19741604e+01
19946.3395,1.11510975e-03,1.19555578e+01
19946.7896,1.11395647e-03,1.19369935e+01
19947.2398,1.11280498e-03,1.19184675e+01
19947.6899,1.11165526e-03,1.18999797e+01
19948.1400,1.11050732e-03,1.18815300e+01
19948.5901,1.10936116e-03,1.18631183e+01
19949.0402,1.10821676e-03,1.18447445e+01
19949.4903,1.10707413e-03,1.18264085e+01
19949.9404,1.10593327e-03,1.18081102e+01
19950.3905,1.10479416e-03,1.17898495e+01
19950.8407,1.10365681e-03,1.17716263e+01
19951.2908,1.10252120e-03,1.17534406e+01
19951.7409,1.10138735e-03,1.17352922e+01
19952.1910,1.10025524e-03,1.17171810e+01
19952.6411,1.09912488e-03,1.16991070e+01
19953.0912,1.09799625e-03,1.16810699e+01
19953.5413,1.09686935e-03,1.16630699e+01
19953.9914,1.09574418e-03,1.16451067e+01
19954.4416,1.09462074e-03,1.16271802e+01
19954.8917,1.09349903e-03,1.16092904e+01
19955.3418,1.09237903e-03,1.15914372e+01
19955.7919,1.09126075e-03,1.15736204e+01
19956.2420,1.09014418e-03,1.15558401e+01
19956.6921,1.08902933e-03,1.15380960e+01
19957.1422,1.08791617e-03,1.15203881e+01
19957.5923,1.08680472e-03,1.15027163e+01
19958.0425,1.08569497e-03,1.14850806e+01
19958.4926,1.08458692e-03,1.14674807e+01
19958.9427,1.08348055e-03,1.14499167e+01
19959.3928,1.08237588e-03,1.14323885e+01
19959.8429,1.08127289e-03,1.14148958e+01
19960.2930,1.08017158e-03,1.13974388e+01
19960.7431,1.07907195e-03,1.13800172e+01
19961.1932,1.07797399e-03,1.13626310e+01
19961.6434,1.07687771e-03,1.13452801e+01
19962.0935,1.07578309e-03,1.13279644e+01
19962.5436,1.07469014e-03,1.13106838e+01
19962.9937,1.07359885e-03,1.12934382e+01
19963.4438,1.07250921e-03,1.12762276e+01
19963.8939,1.07142124e-03,1.12590518e+01
19964.3440,1.07033491e-03,1.12419108e+01
19964.7941,1.06925023e-03,1.12248044e+01
19965.2443,1.06816720e-03,1.12077327e+01
19965.6944,1.06708580e-03,1.11906954e+01
19966.1445,1.06600605e-03,1.11736925e+01
19966.5946,1.06492793e-03,1.11567240e+01
19967.0447,1.06385144e-03,1.11397897e+01
19967.4948,1.06277658e-03,1.11228895e+01
19967.9449,1.06170334e-03,1.11060235e+01
19968.3950,1.06063173e-03,1.10891914e+01
19968.8452,1.05956173e-03,1.10723932e+01
19969.2953,1.05849335e-03,1.10556288e+01
19969.7454,1.05742658e-03,1.10388981e+01
19970.1955,1.05636142e-03,1.10222011e+01
19970.6456,1.05529786e-03,1.10055376e+01
19971.0957,1.05423591e-03,1.09889076e+01
19971.5458,1.05317556e-03,1.09723110e+01
19971.9959,1.05211680e-03,1.09557477e+01
19972.4461,1.05105963e-03,1.09392176e+01
19972.8962,1.05000406e-03,1.09227207e+01
19973.3463,1.04895006e-03,1.09062568e+01
19973.7964,1.04789766e-03,1.08898259e+01
19974.2465,1.04684683e-03,1.08734279e+01
19974.6966,1.04579758e-03,1.08570627e+01
19975.1467,1.04474990e-03,1.08407302e+01
19975.5968,1.04370379e-03,1.08244303e+01
19976.0470,1.04265925e-03,1.08081631e+01
19976.4971,1.04161628e-03,1.07919283e+01
19976.9472,1.04057486e-03,1.07757259e+01
19977.3973,1.03953501e-03,1.07595559e+01
19977.8474,1.03849670e-03,1.07434180e+01
19978.2975,1.03745995e-03,1.07273124e+01
19978.7476,1.03642475e-03,1.07112388e+01
19979.1977,1.03539110e-03,1.06951973e+01
19979.6479,1.03435898e-03,1.06791876e+01
19980.0980,1.03332841e-03,1.06632098e+01
19980.5481,1.03229937e-03,1.06472638e+01
19980.9982,1.03127187e-03,1.06313494e+01
19981.4483,1.03024589e-03,1.06154667e+01
19981.8984,1.02922144e-03,1.05996155e+01
19982.3485,1.02819852e-03,1.05837957e+01
19982.7986,1.02717712e-03,1.05680073e+01
19983.2488,1.02615724e-03,1.05522503e+01
19983.6989,1.02513887e-03,1.05365244e+01
19984.1490,1.02412201e-03,1.05208297e+01
19984.5991,1.02310667e-03,1.05051660e+01
19985.0492,1.02209283e-03,1.04895334e+01
19985.4993,1.02108049e-03,1.04739316e+01
19985.9494,1.02006965e-03,1.04583607e+01
19986.3995,1.01906031e-03,1.04428205e+01
19986.8497,1.01805247e-03,1.04273111e+01
19987.2998,1.01704611e-03,1.04118322e+01
19987.7499,1.01604125e-03,1.03963839e+01
19988.2000,1.01503787e-03,1.03809660e+01
