time_ps,phase,k_pull,r0_pull_ang,alpha_deg,cos_alpha,linker_e2e_ang,cr2_sep_ang,triple_product_ang,potential_kj_mol,temperature_k
36510.0,control,0.0,0.0,99.69087045231828,-0.16833231477923788,53.697495004754934,26.054566924523986,-2.7968664333606865,-1173774.9790177085,302.9905523152921
36520.0,control,0.0,0.0,100.82595254396193,-0.18782622956955047,53.423791067634994,26.283100759205304,-2.349482694099873,-1173848.4963487573,300.3025131629493
36530.0,control,0.0,0.0,104.10801454434687,-0.24375067528100458,53.27013241277267,26.087951432738645,-4.844164726537574,-1174551.0371456835,299.7374703254869
36540.0,control,0.0,0.0,105.49031508556803,-0.26707548629365047,53.093073292169784,26.48833692373493,-2.9124869106693017,-1173670.99734113,299.79719208015956
36550.0,control,0.0,0.0,104.35874880420532,-0.2479924727391401,53.2966593407877,26.45236416991889,-4.328421316363011,-1173379.0516908262,299.5504153008854
36560.0,control,0.0,0.0,101.26243635076722,-0.1953032020305252,53.379771697379,26.337628830983654,-3.6068068417000405,-1174669.56155047,301.5778346580938
36570.0,control,0.0,0.0,104.34709461649594,-0.24779541760402213,53.290384381087115,25.966534007726214,-5.340937794276897,-1174857.5814198963,298.28524991781086
36580.0,control,0.0,0.0,102.21286276619857,-0.2115442186713193,51.693633553646485,26.28482792699235,-4.111685449949235,-1174470.9114691392,297.9463888848441
36590.0,control,0.0,0.0,104.36890357304318,-0.2481641665466262,52.95334631938533,26.318966643131866,-3.5069731515100053,-1174541.293415714,302.4401040869071
36600.0,control,0.0,0.0,104.45692999125792,-0.24965216376757263,55.38909747761139,25.69037149974219,-3.3713647904701043,-1173113.019444909,298.65546110744975
36610.0,control,0.0,0.0,96.01811565924176,-0.1048429038819593,53.12442101929498,26.01405547959984,-3.3061567670682708,-1175273.3999461215,301.52142933740436
36620.0,control,0.0,0.0,100.27726097469501,-0.17841172574393863,52.94401938943197,26.30709758327934,-4.469376170594726,-1173303.165584717,300.5092256036158
36630.0,control,0.0,0.0,94.9644428904567,-0.0865374988972754,52.44617258688179,26.369693966884206,-2.5585083689215358,-1174338.6717621777,301.1690917703206
36640.0,control,0.0,0.0,107.76407610890556,-0.3050982691361809,52.5654100934368,26.69650312627278,-2.702200633532676,-1174786.1027223896,301.9975436359345
36650.0,control,0.0,0.0,101.79620079195317,-0.20443114397863843,53.04382503203927,26.681660857287785,-4.223488827090567,-1175389.8389290683,299.0417798183219
36660.0,control,0.0,0.0,107.50637289215808,-0.30081187762623696,53.63835827096593,26.074086762170555,-4.387971038732466,-1174256.6198961362,300.80089267311473
36670.0,control,0.0,0.0,99.77584736595645,-0.16979409226632164,53.087106265769634,26.20055305293828,-4.781682451383321,-1174039.2720501758,301.24255530853384
36680.0,control,0.0,0.0,103.97038867316061,-0.24142039978300278,52.24694026404133,26.461972912323635,-5.456827839923262,-1172834.8528646845,301.8381325683943
36690.0,control,0.0,0.0,104.08390785503056,-0.243342603040962,52.3800213711765,26.482021194348373,-4.8672704449916555,-1174654.508412011,302.61864223989653
36700.0,control,0.0,0.0,102.9983265891103,-0.22492259627962669,53.78415417686316,26.50626784390523,-5.687695006218085,-1173749.0761781856,301.32681203035366
36710.0,control,0.0,0.0,103.7196287221327,-0.237170971121706,52.95676658534274,26.54175852591236,-3.664571578189462,-1173967.5722748395,300.4128969126005
36720.0,control,0.0,0.0,108.1279434232722,-0.3111399636923613,53.07668834884793,26.382976648293173,-5.5339400531090615,-1175008.46632733,299.89410559982497
36730.0,control,0.0,0.0,105.4725151160559,-0.2667760901631499,52.56189533184345,26.848777122765853,-2.7027924408399167,-1174987.6661230102,301.5963712181979
36740.0,control,0.0,0.0,103.6099434148337,-0.23531078885113585,54.103965835245454,26.71786490312434,-4.728876278629217,-1174612.3501050156,297.6823187648722
36750.0,control,0.0,0.0,109.75019532304329,-0.3379199264988326,53.93448893792792,26.511411582318,-3.942385045438829,-1175609.4832173102,299.3661789492452
36760.0,control,0.0,0.0,108.09224949720165,-0.31054784882184205,53.05544796165011,26.96222949527094,-3.8456155248165658,-1173070.2346765287,300.21719721681956
36770.0,control,0.0,0.0,106.4767408016043,-0.28362608883095475,53.14845197375479,27.151828485731503,-4.306386971313387,-1174634.390874464,299.29277539872237
36780.0,control,0.0,0.0,102.41330920035719,-0.21496219195698135,52.7111590417414,26.932535157139007,-2.3141848817087163,-1174094.3875653297,300.2241387437993
36790.0,control,0.0,0.0,104.95838007185091,-0.2581173237415309,53.05684057578014,27.010497559642907,-3.671715100313298,-1175279.9861698952,299.2784587739749
36800.0,control,0.0,0.0,107.36786667476038,-0.29850557643296516,52.37085812439962,27.0145841709828,-3.6325667000171644,-1173690.8046676256,299.95353287926514
36810.0,control,0.0,0.0,105.7934123359618,-0.2721696128537483,53.36948946539875,26.540162612639584,-4.708539005134625,-1173660.3924130239,301.06286223669406
36820.0,control,0.0,0.0,111.83227310365743,-0.3718907666028241,53.35982355513709,27.308043078695015,-4.556002226934734,-1173942.2437708974,300.5629879498405
36830.0,control,0.0,0.0,102.053229464624,-0.2088203288582247,53.301318031254546,26.694520147935098,-2.864874849503939,-1173303.381577408,301.6678044444523
36840.0,control,0.0,0.0,105.66625842745611,-0.2700334684379697,53.55539008280662,26.53717186893136,-3.9735581202627324,-1173911.9369938727,299.2642516639826
36850.0,control,0.0,0.0,103.1710582590691,-0.22785905838230108,52.99145376613887,26.946372003189897,-2.089019343171469,-1173443.8669264335,301.8753053696599
36860.0,control,0.0,0.0,103.99883402122458,-0.2419021498679157,52.86589704288995,26.277655012014886,-2.8088985122062327,-1173786.2171245627,299.6135837176837
36870.0,control,0.0,0.0,107.09398151678032,-0.29393992486765486,52.89751612973271,26.456704116462912,-2.5831271034420706,-1173090.7228716426,301.80199529738127
36880.0,control,0.0,0.0,111.91073068481123,-0.37316154657074485,52.72819589607427,26.266341207837385,-3.5599351149052367,-1176564.362321768,298.42877934660055
36890.0,control,0.0,0.0,111.31716622866146,-0.3635303555748244,52.494798961106305,26.043317730558375,-4.183426962283264,-1171755.7736579906,303.5216258001636
36900.0,control,0.0,0.0,103.5517012632813,-0.2343226937640046,53.14538441276422,26.281985912094257,-3.7234985243203695,-1175436.426180886,300.485614792345
36910.0,control,0.0,0.0,102.60163925753696,-0.21817116271649634,52.49093166529697,26.858642516678533,-3.479637317247721,-1172826.5797992218,300.809864774502
36920.0,control,0.0,0.0,103.16865301878782,-0.2278181831231742,53.17040985127472,26.340874092934374,-5.311624245749222,-1174087.1462197118,299.77378418807837
36930.0,control,0.0,0.0,100.97414990924085,-0.19036609602481697,53.321070751516075,26.146924208440797,-4.6231650254757755,-1174867.2796997111,301.4885534900925
36940.0,control,0.0,0.0,99.80954411377482,-0.1703736423164135,52.88174657645431,26.366363990572896,-3.566970950096336,-1173649.4060917683,300.2382694716892
36950.0,control,0.0,0.0,103.67763746406494,-0.23645893252991718,51.924975458991405,26.380762439668807,-3.919350670961291,-1174629.2956764232,299.57039607131674
36960.0,control,0.0,0.0,103.10133301922092,-0.22667396748583923,52.578778652255615,26.05711910944016,-3.608370249306843,-1174013.7897405773,299.57285185040814
36970.0,control,0.0,0.0,103.68896453863162,-0.23665101632405317,51.131665206011455,26.66469498586953,-3.580720332575271,-1174213.6696241032,299.9250355328399
36980.0,control,0.0,0.0,103.8574018204494,-0.23950626932699792,52.07215948750013,26.551436895859972,-3.560600977639353,-1174728.9586346932,298.51131146373706
36990.0,control,0.0,0.0,102.43912387835826,-0.2154021884333222,52.56110254743526,26.27937714775053,-3.3812887685470843,-1173491.025908988,300.8487850524653
37000.0,control,0.0,0.0,101.30780346963107,-0.196079698452322,52.897181090278885,26.234344101192242,-3.4617488878528544,-1174770.176799206,299.64941483305864
37010.0,control,0.0,0.0,108.09151670496054,-0.31053569150756644,53.323799334953506,26.333228929875066,-4.515903590683244,-1175758.446034992,300.1878420011562
37020.0,control,0.0,0.0,101.96742595808446,-0.2073555565846198,52.62264706474097,26.382301894720644,-2.9996903367378986,-1173829.194640752,299.61879474508356
37030.0,control,0.0,0.0,106.49058755365135,-0.2838578277117584,52.342761873550145,26.29574314181051,-4.505292806028708,-1174073.472845845,300.1403830916858
37040.0,control,0.0,0.0,103.35386741492921,-0.23096458288043845,51.85651380479677,26.173708693682773,-4.268134875569539,-1175392.8116263077,302.01074019574565
37050.0,control,0.0,0.0,101.75843859982899,-0.2037859440711246,53.168744364922055,26.501613195062745,-4.622272911232972,-1173783.473676227,301.6823867545731
37060.0,control,0.0,0.0,103.29461345995306,-0.22995824484334615,52.96085386137389,26.96137298771573,-5.401397637662271,-1173843.742482651,299.657179696475
37070.0,control,0.0,0.0,100.14863458766403,-0.17620234227637865,52.40427284172524,26.445166741370887,-5.44023742641496,-1175077.512600774,299.3653086511021
37080.0,control,0.0,0.0,97.84805447170262,-0.13654647348787463,53.02343538680052,26.329569888365853,-3.660093041649867,-1175851.4020244628,299.82964093855946
37090.0,control,0.0,0.0,106.16940717373612,-0.2784783217575896,53.062005918529,26.20452275896681,-4.212134003193652,-1174324.9238244202,301.67147075220834
37100.0,control,0.0,0.0,106.17334380743078,-0.2785443104348384,52.26131412503233,26.36186917562958,-2.9225056605639086,-1172136.8079623338,298.9506872735551
37110.0,control,0.0,0.0,103.24842771257865,-0.22917367975936428,52.63524398824389,26.518972884956323,-4.5711339012446315,-1174260.5628177077,296.43428585254054
37120.0,control,0.0,0.0,102.51230473279792,-0.21664927642168802,52.49989939336448,26.501312678052425,-4.225200231153712,-1173445.0950936545,300.294927166876
37130.0,control,0.0,0.0,105.41711100270882,-0.2658440263076846,53.074147729937145,26.394159992502264,-3.853436813210628,-1173530.6867501177,300.4620693264884
37140.0,control,0.0,0.0,107.82302106216586,-0.30607783951871226,52.7989416281218,26.633127140381017,-4.405595713609873,-1174717.9727718998,300.0517512491326
37150.0,control,0.0,0.0,106.8445875295584,-0.2897766946147372,53.06716361355577,25.992104293752433,-3.6859161208652678,-1175048.1604771856,301.6263418236841
37160.0,control,0.0,0.0,102.34179000449954,-0.21374296037801827,53.019412119922286,26.502030966024318,-4.0525591556227845,-1174635.7144170888,301.2752884039102
37170.0,control,0.0,0.0,105.8119905044003,-0.27248160807419886,53.3275320253328,26.46921804056088,-3.0963125583923388,-1174433.1470086202,299.37376144816767
37180.0,control,0.0,0.0,107.03911433522514,-0.2930244808732805,52.594311385431624,26.94669317158669,-4.324141576332947,-1173351.1423644703,300.97408839230155
37190.0,control,0.0,0.0,107.869974136952,-0.30685789240815836,53.14053710670554,26.56681429262895,-4.5600433544937,-1174389.0694356523,300.79483536821823
37200.0,control,0.0,0.0,108.70202375907951,-0.32064644704541373,52.96692715431682,26.624705886380454,-5.042596413980831,-1175288.0166235361,300.32083675157315
37210.0,control,0.0,0.0,100.1213400099559,-0.1757333955122073,52.60350114927061,26.328068637518147,-3.908180842481042,-1175684.7975928634,297.75138118768024
37220.0,control,0.0,0.0,106.89602953791845,-0.29063588798069573,52.94562846546529,26.67054642696136,-5.130361192053888,-1173156.8937976938,299.0702162675905
37230.0,control,0.0,0.0,104.83090463932676,-0.25596721340485856,52.75895499974559,26.68322809391806,-4.42271843222818,-1172785.7044502757,300.911426676571
37240.0,control,0.0,0.0,109.1761426205001,-0.3284733895306071,52.35505644636716,26.47520515437045,-4.20122738382297,-1174889.544425046,297.87840907256384
37250.0,control,0.0,0.0,107.27608210483533,-0.29697628708237367,52.21262052880471,26.747912268626685,-3.2861084416418693,-1173272.8951560296,299.5624637079884
37260.0,control,0.0,0.0,98.95989799629415,-0.15574313185672506,53.70305110779746,26.327556697153533,-3.6091247734145786,-1174049.687965149,300.29593738540035
37270.0,control,0.0,0.0,103.92447359253339,-0.24064265701730597,53.079318905434825,26.462782795156873,-4.83410207855039,-1175022.580086058,300.91199504953005
37280.0,control,0.0,0.0,107.28362736340583,-0.29710203291615617,52.43962063852332,26.79351302725247,-4.586440107597863,-1175545.9223680906,299.3981904820487
37290.0,control,0.0,0.0,101.90454173710744,-0.20628174945950395,52.79153967068497,26.019273030653547,-3.3903839725451403,-1173429.477175299,302.27420641513925
37300.0,control,0.0,0.0,102.4953049636019,-0.21635961176415713,52.701978156381514,25.872430296179736,-6.17282680543147,-1175032.709315233,299.859555597096
37310.0,control,0.0,0.0,100.90733978915624,-0.1892212337733333,52.939047986119824,26.386944962869826,-3.0642619283785404,-1175267.590094244,299.3588431491893
37320.0,control,0.0,0.0,103.16346750919918,-0.22773005790148307,51.48236827438782,26.685542560298526,-5.8128754736304025,-1176030.9632435106,301.51495483042936
37330.0,control,0.0,0.0,104.72519671618409,-0.2541832911733454,53.24218842227308,26.053715077161154,-4.595843842701242,-1174610.6692659315,300.7129447028872
37340.0,control,0.0,0.0,100.43290925523544,-0.18108405416639534,53.2817839928372,26.747579376931192,-5.5772870512346335,-1174794.3908212017,301.4405813261482
37350.0,control,0.0,0.0,107.80001785772734,-0.3056956017191039,53.16526219820811,26.29564019169823,-5.0077421540282865,-1174246.502485996,300.0474897906057
37360.0,control,0.0,0.0,102.5635351521158,-0.21752209293781377,52.65318197181977,26.4717432744981,-4.849319652533629,-1173989.43743461,300.4253974211737
37370.0,control,0.0,0.0,105.84381312542241,-0.2730159593872614,52.619639891778654,26.18558347707887,-3.7138442678847623,-1173500.7607525438,299.5240630563604
37380.0,control,0.0,0.0,105.58897187802677,-0.268734428956332,52.83816443509392,26.301304522637707,-4.569248012729288,-1173662.318178486,298.716518623261
37390.0,control,0.0,0.0,103.17077958272343,-0.2278543225068606,53.20369792955632,26.605749122446646,-4.809115507811834,-1174851.613390334,297.78168950040873
37400.0,control,0.0,0.0,100.92595346790463,-0.18954022481769287,53.084607934338294,26.786172511130555,-4.357233874210357,-1174271.6752576642,301.6248300428446
37410.0,control,0.0,0.0,104.18516317713404,-0.24505633841712926,52.76228347993917,26.23827685668649,-4.65146847276773,-1174202.0342749283,299.5264875536477
37420.0,control,0.0,0.0,100.33625850951475,-0.17942481160739282,52.23138266425434,26.6516599230215,-3.0759978523350746,-1174163.965420682,300.82149744777513
37430.0,control,0.0,0.0,110.57043500721329,-0.35135858881062276,52.91845501203893,26.695133625415256,-5.298791544685468,-1174526.9958725683,300.0533905217908
37440.0,control,0.0,0.0,98.12461097334219,-0.1413264761796571,53.57543838416534,26.272129521475158,-3.5023822535470868,-1174199.0380003415,299.5610316528447
37450.0,control,0.0,0.0,105.38687589357438,-0.2653352759197166,52.595329430518355,26.600592149333313,-3.557420356211991,-1173693.724687172,300.42128163858195
37460.0,control,0.0,0.0,104.08429029921847,-0.24334907730068497,52.815026685587846,26.409320655036517,-2.67911222467668,-1172197.5009344537,301.7296882074824
37470.0,control,0.0,0.0,104.88625495008718,-0.2569009556378046,53.42812144276779,26.450154369092576,-3.532279844183229,-1173854.9331289232,298.90076402658036
37480.0,control,0.0,0.0,109.04588658686731,-0.3263252893419011,53.508643129960035,26.694341484331378,-4.428502529339616,-1174622.7603276037,299.39087708936574
37490.0,control,0.0,0.0,107.20836900598032,-0.29584758125600186,53.447975948644455,27.454769499339612,-4.5110415012649865,-1173400.2686475758,300.8267732305947
37500.0,control,0.0,0.0,102.25276120855106,-0.21222476680795999,53.49195051150801,26.985466583571522,-4.270251649834541,-1173564.4010804612,300.41757032467723
37510.0,control,0.0,0.0,110.3061464109218,-0.3470362617133369,53.59835098274131,26.94458137428693,-5.2524298960751175,-1173415.2861293964,300.58293623099814
37520.0,control,0.0,0.0,105.39909329220654,-0.2655408606087414,53.14223969858827,26.702998405216395,-4.905101363455259,-1175512.4736563973,301.1908316552158
37530.0,control,0.0,0.0,112.56944644281081,-0.3838029568044141,53.44127685248264,26.80506804167216,-4.36890376239049,-1174172.7649163753,299.83241632079927
37540.0,control,0.0,0.0,107.00857737345837,-0.29251486352708966,51.41518443317046,27.2478270300917,-5.450091018771606,-1174473.6240577102,300.35451993556075
37550.0,control,0.0,0.0,105.43281987672859,-0.26610832211113766,52.60376151379664,26.646840795112677,-4.3784491196552064,-1173805.532637272,300.43398663392855
37560.0,control,0.0,0.0,107.19851982647822,-0.2956833713783031,52.28111035469808,26.79960879495491,-4.364242282177584,-1173468.811724512,301.12299239426324
37570.0,control,0.0,0.0,108.15500453475961,-0.31158879115879773,52.803090717666194,26.59291385970742,-5.137281548059511,-1175022.3864391856,301.35270677178073
37580.0,control,0.0,0.0,105.91405991714105,-0.274195213917509,51.95454372005009,27.000526886416132,-3.7851297413175415,-1175499.4711824413,300.7844907997906
37590.0,control,0.0,0.0,102.98404754650127,-0.22467975875030732,52.237722261035046,26.853131356792066,-3.5444696507185043,-1173650.2681610752,299.4177349271655
37600.0,control,0.0,0.0,105.0927142561027,-0.26038173682520643,52.68650418066355,26.605503277515208,-4.65396903250512,-1175483.2527298909,301.50889098646155
37610.0,control,0.0,0.0,98.56060168704049,-0.14885540931647273,52.50748676354023,26.154662432390666,-4.351618160084486,-1174166.7160741184,300.67908235502733
37620.0,control,0.0,0.0,106.29212744721805,-0.280534827137154,52.66411767106667,26.306544475916546,-4.4105962236497405,-1174829.9423689432,301.6317892700192
37630.0,control,0.0,0.0,96.67850892819112,-0.11629820055868445,52.9742103433491,26.442874329329616,-2.583282469715546,-1174395.0976807326,300.839628141206
37640.0,control,0.0,0.0,103.55442268263667,-0.23436886883748698,52.45502705118209,26.134523715442647,-6.913022044660623,-1173910.7127800956,301.8513735667577
37650.0,control,0.0,0.0,99.00778278559443,-0.15656862647308398,51.88383658963616,26.642177043842963,-4.982224750337031,-1173956.3760452233,301.16791688926253
37660.0,control,0.0,0.0,96.8649346849266,-0.1195292437170573,51.56457760559343,26.28882268819327,-3.8059260879667507,-1174288.4059787765,299.42747620875053
37670.0,control,0.0,0.0,103.35145839753794,-0.230923674204851,52.073359451122684,26.689729205818562,-5.204590021641854,-1174030.1247261502,301.02515533133254
37680.0,control,0.0,0.0,108.1565818659355,-0.31161495015707363,52.544064299064466,26.952091992804856,-4.571828260185785,-1173004.0835981779,301.0393587894632
37690.0,control,0.0,0.0,103.97183752260165,-0.24144493891957175,54.17319073082134,26.88788526976423,-5.08977454301038,-1174995.3395522647,298.59671115275694
37700.0,control,0.0,0.0,101.80773889224658,-0.20462826476232782,53.10573504465565,26.185378273885455,-4.376039436754899,-1173816.0589980818,300.642377178785
37710.0,control,0.0,0.0,102.15158575819747,-0.21049881648253754,53.467175428542106,26.47837215346904,-4.804087205372332,-1173716.682984775,300.3331440419939
37720.0,control,0.0,0.0,105.90508219986549,-0.2740445251467504,53.397952209888125,26.50568803655652,-3.75896656713618,-1173702.6881383602,300.0431447228147
37730.0,control,0.0,0.0,105.06669083753503,-0.25994318273975814,52.90992517211429,26.559243934858017,-4.224047014506225,-1174363.3122141846,297.8604487369176
37740.0,control,0.0,0.0,104.90546360404558,-0.2572249435593262,53.06705010828722,26.489634499451142,-4.064353418900859,-1172529.499093758,300.08798780913213
37750.0,control,0.0,0.0,105.02943874646303,-0.2593153065563457,53.05682634627906,26.56981385313766,-5.306822184694201,-1172107.4220436905,298.6854900666424
37760.0,control,0.0,0.0,104.54834113559023,-0.2511967526038363,52.73910360720712,26.643484048371544,-4.347386741136905,-1173307.4537178837,300.8803320839595
37770.0,control,0.0,0.0,102.65847238651023,-0.2191390854890428,52.93685008005912,26.66971862681,-3.667451464575456,-1174056.4910804834,300.2432660103556
37780.0,control,0.0,0.0,106.52683680564685,-0.28446441570183995,53.187365429392,26.33875070969172,-4.291249243953479,-1174449.701525161,298.05234803879813
37790.0,control,0.0,0.0,104.41452507127771,-0.24893542499596208,54.27766623142261,26.253684061527967,-4.510813295999814,-1175015.3780408185,300.6581878861036
37800.0,control,0.0,0.0,104.20325451415547,-0.24536245190574546,54.01114651443095,26.303073042011757,-5.546612740969151,-1174855.1059223004,299.9715142116675
37810.0,control,0.0,0.0,99.58217614516069,-0.1664620101214199,54.11309744172183,26.820707849839685,-4.196333493631944,-1174599.8899276797,301.6161773398481
37820.0,control,0.0,0.0,108.5330414049142,-0.3178514841364245,53.82036474819977,26.706189870040557,-4.373348656992495,-1173716.538038537,299.0286142606946
37830.0,control,0.0,0.0,103.00571841379609,-0.22504830037256413,53.51465222332805,26.4818341566667,-3.959135981960751,-1173529.5432984047,302.07082902757696
37840.0,control,0.0,0.0,106.81312280885105,-0.2892510502021398,53.95111164676238,26.603401708976275,-4.552334672474965,-1173708.2766515482,298.89057742198804
37850.0,control,0.0,0.0,105.31710220475982,-0.2641609487400176,54.25090119675526,26.523806212881617,-4.95394419484691,-1174895.588875927,299.6619436659647
37860.0,control,0.0,0.0,110.48454538747926,-0.34995471630518604,53.49997171019524,26.700753997279584,-4.060878115335062,-1173448.9330990165,298.0433406259808
37870.0,control,0.0,0.0,108.08847947956971,-0.3104853021906852,54.22815469195153,26.525951594944292,-4.933222275015262,-1175094.9531229623,300.7405717900067
37880.0,control,0.0,0.0,104.77978037364429,-0.2551045509778809,53.85787162846711,26.363977265194745,-4.633349095209801,-1172953.2743901927,301.69441608494975
37890.0,control,0.0,0.0,105.68091427517639,-0.2702797499356624,54.25442661662938,26.84366362631968,-3.7957877758375993,-1173863.1740747355,300.03395652703904
37900.0,control,0.0,0.0,103.7716999167867,-0.23805375650480393,54.78575367735689,26.387786413823328,-4.665820438949984,-1173593.2925798148,300.3657949563167
37910.0,control,0.0,0.0,108.81884468172045,-0.3225770323853335,54.92418371888078,26.340881583033756,-4.638553892134209,-1175130.7074175011,302.181913278617
37920.0,control,0.0,0.0,99.07631515373828,-0.15774987806515997,55.15931140372787,26.64901486761432,-3.902057397348342,-1174892.8132425323,299.89851425597186
37930.0,control,0.0,0.0,105.4503229223201,-0.2664027806040495,54.83877808580528,26.569986034593832,-5.489259301388577,-1172709.2765736338,298.19927069859386
37940.0,control,0.0,0.0,108.72645902703543,-0.32105037537966796,54.168146705573434,26.237893675661944,-5.546510606572559,-1173780.6335123945,299.2089883164412
37950.0,control,0.0,0.0,105.06008403495855,-0.25983183447616104,53.90356971537304,26.562752150355028,-3.481214030558121,-1173208.097914882,299.3242541732406
37960.0,control,0.0,0.0,102.51303784109736,-0.21666176766628797,54.12849960173165,26.63569932838075,-5.156503583193311,-1174806.52502672,301.1090283205191
37970.0,control,0.0,0.0,103.5280962363107,-0.2339221585874446,54.066672282534505,26.617568026601532,-3.45319663539712,-1175174.7710199468,300.70308781810405
37980.0,control,0.0,0.0,107.58025173868812,-0.3020413344895495,53.69971840042253,26.424877091623706,-5.123161216665068,-1174412.9308485687,300.72203907643416
37990.0,control,0.0,0.0,109.27468285130213,-0.3300973253975895,53.665053827931956,26.63539929394879,-3.594387570310329,-1173769.934382366,298.71901358192554
38000.0,control,0.0,0.0,103.54309437627029,-0.23417665485678474,53.22223563281454,26.83979914577708,-2.9352756401838103,-1173312.362332819,299.42147005728157
38010.0,control,0.0,0.0,105.30723135327555,-0.26399478554647343,53.26129481983263,26.31030504394042,-3.6240340554484867,-1175186.385253979,300.56616492521346
38020.0,control,0.0,0.0,106.87744609481634,-0.2903255310774976,53.79970043225452,26.209139055068242,-5.459500508508816,-1173301.9489237722,302.340495336204
38030.0,control,0.0,0.0,108.03695402347819,-0.30963033239226456,53.43939418377837,26.96026170872819,-4.49051211073158,-1173481.0695708003,299.2926728529375
38040.0,control,0.0,0.0,114.37626095049258,-0.4127270757566782,52.543773564974906,26.311374868876182,-4.538396682670879,-1174251.069434885,300.14892010703034
38050.0,control,0.0,0.0,104.41081622147126,-0.2488727305804509,53.33877896948374,26.112321895614222,-4.178363864211185,-1172956.8535434138,300.32628019907486
38060.0,control,0.0,0.0,104.95356261409748,-0.25803609151708395,53.01273407587197,26.44365846243292,-4.742377332284219,-1173490.2316202726,301.97824491930703
38070.0,control,0.0,0.0,101.31553544165148,-0.1962120254131071,53.59358993342352,26.73107976287292,-3.440288395781035,-1174824.5525986943,301.04768711500867
38080.0,control,0.0,0.0,107.27869136623545,-0.29701977242401345,54.01351352490597,26.604412136654904,-3.9925290785008323,-1176724.445181908,300.90922623007975
38090.0,control,0.0,0.0,112.44560067604155,-0.3818060850713208,54.54807147620013,26.400981230592585,-2.6386272344415285,-1173254.4944386184,299.6069232716257
38100.0,control,0.0,0.0,112.59287928572343,-0.38418058321030935,54.367188895141325,26.084827026054946,-4.494829663644011,-1173636.8050615638,300.43817116424344
38110.0,control,0.0,0.0,106.90801454748798,-0.2908360300692277,54.109187557529566,26.65896794909404,-4.166495532975945,-1174659.1706378628,301.62947642246155
38120.0,control,0.0,0.0,102.06170603861658,-0.20896500912503135,54.523420954304875,26.3129587846205,-4.39906377528302,-1174566.274919413,299.26292838109646
38130.0,control,0.0,0.0,108.45881996114703,-0.31662298844274905,54.38153545350708,26.52549041955337,-2.946441426426939,-1173606.6322399192,299.23650288362484
38140.0,control,0.0,0.0,108.49147930925069,-0.3171636237902824,54.120346982679514,26.45710823316217,-4.020566800295392,-1172624.131977776,300.178646108214
38150.0,control,0.0,0.0,105.42101639376057,-0.26590973488725267,54.16621300315696,26.38233856366655,-3.0895362191356615,-1175061.4238628764,300.41038557001843
38160.0,control,0.0,0.0,106.63528952181069,-0.2862785616349484,54.031918087017935,26.77779241034635,-4.763400690747306,-1173169.2940872852,303.5668384018865
38170.0,control,0.0,0.0,102.09395837750266,-0.20951545820727285,54.823543050285004,26.433683655747668,-4.908680296734675,-1175633.8207842913,300.75885952760393
38180.0,control,0.0,0.0,105.09756410562898,-0.26046346193981595,53.751573856470145,26.44306727076916,-4.699338347963425,-1174140.6928417366,299.2698735851413
38190.0,control,0.0,0.0,104.36673450050246,-0.24812749316857285,54.25333570770651,26.57300764137809,-6.3045793046286684,-1175276.8171541803,300.81056376492955
38200.0,control,0.0,0.0,104.49771692689498,-0.2503414259384498,54.51539647321273,26.45292343067153,-4.129648167750452,-1174471.3878537044,299.87680546357524
38210.0,control,0.0,0.0,105.21064297641622,-0.26236843073670835,53.69083243458994,26.401648508786906,-4.813388113955517,-1173632.9560891595,299.678358669734
38220.0,control,0.0,0.0,103.78499326484581,-0.2382790928823497,53.87906042975006,26.235073940774843,-4.554480986075437,-1175107.7986956667,300.2502598300483
38230.0,control,0.0,0.0,102.11330209335578,-0.20984556461685988,53.25082804787327,26.21265238139009,-4.405952145864752,-1174743.7092173286,299.9030211178423
38240.0,control,0.0,0.0,98.21032686378449,-0.142807326452905,53.92946855791164,25.900357631005818,-3.299170282015915,-1175678.321096193,300.1729247715367
38250.0,control,0.0,0.0,103.07244902141255,-0.2261829397568058,53.788124446049586,26.39156645550656,-3.29176430899764,-1174913.5733206365,301.0465709152879
38260.0,control,0.0,0.0,100.71510755292213,-0.18592570087106547,53.86039495541511,26.37375171450045,-4.278951166913077,-1174745.8748084288,300.2783179119441
38270.0,control,0.0,0.0,107.62637198782001,-0.30280859141665234,53.617457059258285,26.478220751586605,-5.5280366532597505,-1172563.3702940028,300.61267727618133
38280.0,control,0.0,0.0,99.2464777812754,-0.16068189037585578,53.76218534681015,26.0619841770431,-4.3405104546550195,-1173334.5870097466,301.002830550054
38290.0,control,0.0,0.0,102.34301518043574,-0.2137638495124714,54.70084228793031,26.305311975802148,-5.5784746305247275,-1175101.4772593994,298.33438889603093
38300.0,control,0.0,0.0,105.6251082478724,-0.26934187341637705,54.30802050630669,25.804342901783855,-4.280260789141769,-1173109.1031238101,299.2207027979541
38310.0,control,0.0,0.0,109.37776929212653,-0.3317951373977674,54.76118028936246,26.15169179950855,-3.0104386601392203,-1174030.8550119083,300.53428187594096
38320.0,control,0.0,0.0,103.60367628103222,-0.23520447675459893,54.20822140580838,26.035829390871918,-4.106612610114718,-1173014.255457027,302.26428374891003
38330.0,control,0.0,0.0,107.11235656896244,-0.2942464474026094,54.40886661621618,26.46312995242282,-4.50044068377374,-1173029.9439461231,298.93298728998457
38340.0,control,0.0,0.0,106.67324273421242,-0.28691318313932007,55.10691546700385,26.148047475194275,-5.149601036568081,-1174287.9103181828,300.26206463651755
38350.0,control,0.0,0.0,100.12163165261573,-0.1757384064210247,55.36330418481673,26.517673051876873,-3.557975821811943,-1173026.942890348,299.40748765648084
38360.0,control,0.0,0.0,103.85814400482668,-0.2395188458521884,54.142147218533644,26.364871981363027,-4.271332438244187,-1174359.1610875241,298.4818693361297
38370.0,control,0.0,0.0,104.21653734443065,-0.24558718774417415,54.00191958295655,26.682036081035736,-5.899770085378469,-1174338.0908065755,301.2742869446421
38380.0,control,0.0,0.0,109.13106610658973,-0.3277302076791893,53.69173263436093,26.322618593492066,-5.640649509128729,-1173897.1654857807,301.1179446666053
38390.0,control,0.0,0.0,110.27532390694282,-0.3465316902756822,53.736581251966186,26.10139095740847,-4.612823181189391,-1173443.0745692402,299.2123860064436
38400.0,control,0.0,0.0,105.36288395742874,-0.26493152355791916,53.98741538546117,26.778924809970572,-4.774733114772841,-1173589.0438274145,301.5559539458536
38410.0,control,0.0,0.0,109.14606760085701,-0.32797756164455233,54.044605239228716,26.393457043622632,-5.80442304047085,-1175339.3776654992,300.9404541420117
38420.0,control,0.0,0.0,100.64829703763563,-0.1847798429703496,53.793132538231156,26.232975744359972,-5.383594123674666,-1175527.1905206237,301.51111271608806
38430.0,control,0.0,0.0,100.63254395564115,-0.18450962737913879,53.37941290716776,26.275839442009026,-4.182859134178073,-1172698.0523179546,298.9231296043038
38440.0,control,0.0,0.0,103.94929014623966,-0.24106303693292713,53.78963830935823,26.796143020265205,-3.5089337568265924,-1174534.9076440483,299.587512605648
38450.0,control,0.0,0.0,100.14305174455458,-0.1761064269797878,53.5909653619975,26.743039450565767,-5.847052977529963,-1173781.8775809724,301.01755945401993
38460.0,control,0.0,0.0,102.46288170955897,-0.21580708849141378,53.788242026884056,26.42217401107317,-3.731166806722902,-1175777.8950006235,300.26256708387916
38470.0,control,0.0,0.0,107.31542788358422,-0.29763194921894875,55.01710029693561,26.640731305518898,-3.999935060020536,-1174293.341820607,301.2767586992955
38480.0,control,0.0,0.0,106.03582151388527,-0.2762382859498618,53.78444895834483,26.899878671542147,-2.869386841731448,-1173586.9951574225,300.742026054911
38490.0,control,0.0,0.0,105.08174024379501,-0.26019680617861335,53.79572913874973,26.901870484935987,-4.894435719564158,-1174035.050392339,300.4108093841729
38500.0,control,0.0,0.0,101.98554021414861,-0.20766482823614557,53.433309263690774,26.401951639636064,-5.167297297168673,-1173502.2086246423,299.76120800173993
38510.0,control,0.0,0.0,105.34486530714364,-0.2646282631003242,53.817814352436244,25.875132092340795,-4.485918477431128,-1174223.875548277,300.097608532359
38520.0,control,0.0,0.0,104.27817686622555,-0.24662991073745416,53.601994569083104,26.3161714548401,-5.885104049730816,-1172210.1304824278,299.3988957696122
38530.0,control,0.0,0.0,97.87770580272753,-0.13705912133120396,54.24566373457607,26.35671630329129,-5.1459826872250805,-1174552.4360002317,299.0971262203294
38540.0,control,0.0,0.0,103.57704929328418,-0.2347527603035236,53.24074395674761,26.624837357214115,-4.653241177687662,-1174183.6624892987,300.2971441402721
38550.0,control,0.0,0.0,110.45239615033394,-0.3494290320874586,53.13108692145422,26.362477396647687,-5.096966628522116,-1171656.5359987095,301.1595642296066
38560.0,control,0.0,0.0,103.03949486393198,-0.2256226491511415,53.390957110278066,26.28332297983109,-6.044324150927051,-1172906.8293350842,303.311944356934
38570.0,control,0.0,0.0,113.9906283660247,-0.40658721277879517,53.35650268766777,26.911133173624822,-4.477187706057462,-1174421.7971298825,300.30959044025866
38580.0,control,0.0,0.0,111.57371246407426,-0.367697928733152,53.78674523303081,26.20233340656084,-5.085917190658967,-1174836.3550005965,301.11530879878165
38590.0,control,0.0,0.0,105.70110791706288,-0.27061906130359875,54.38297226699915,25.949186250091163,-5.391775144593944,-1172808.3376483023,300.99665662309525
38600.0,control,0.0,0.0,114.50021780284303,-0.41469670175884393,53.83860300000836,26.269447350193122,-5.886785814215185,-1172472.3668084964,298.16897590604526
38610.0,control,0.0,0.0,103.81412734968004,-0.23877290170669616,53.865601425916466,26.72295673306833,-4.087090749839381,-1175407.9778043125,299.95742736186355
38620.0,control,0.0,0.0,105.21131847490621,-0.26237980737274685,53.68137801584916,25.892050465845518,-5.180662058366162,-1172592.2104105894,301.89713738091524
38630.0,control,0.0,0.0,109.4229330162789,-0.33253863639986125,53.811310098080895,25.900140065226697,-5.3170532351562585,-1175545.9362150393,300.30984262042966
38640.0,control,0.0,0.0,104.38524386826192,-0.24844042702588162,53.51392533297175,26.157849381715778,-4.7054734399634475,-1173247.445807945,300.9548609875096
38650.0,control,0.0,0.0,105.83985408370052,-0.2729494855014647,54.36915697713946,26.197071157363528,-6.800407921988314,-1172761.9042376466,300.5590702689186
38660.0,control,0.0,0.0,104.68704452623605,-0.25353922370034776,54.41015968607984,26.67923637297623,-4.752300360104988,-1172900.6831106413,301.0478347727761
38670.0,control,0.0,0.0,105.24784722354131,-0.2629949642822489,53.676868637237355,26.221665398215816,-5.452774066715093,-1172743.220056951,300.49851908117637
38680.0,control,0.0,0.0,102.57318351534236,-0.2176864533903913,53.73516025018095,25.97944110476391,-4.161599910418591,-1175462.537614692,301.3250048296084
38690.0,control,0.0,0.0,99.19647520032267,-0.15982045939822245,54.92365048170724,25.818198935069375,-5.782545742555875,-1174449.9152012393,302.2168767940899
38700.0,control,0.0,0.0,106.32193050773927,-0.2810340630099533,54.123060465668985,26.53038645724651,-5.447313988267143,-1174547.4114375785,302.15350089129214
38710.0,control,0.0,0.0,102.63485650707695,-0.21873691050812147,54.33727900116943,26.127999624583044,-4.151966294428661,-1172685.6026766673,299.66179230860155
38720.0,control,0.0,0.0,105.00310835173018,-0.25887144713657867,53.301283813547336,26.09883616563981,-5.01324453492876,-1173625.1651319992,300.4550520760114
38730.0,control,0.0,0.0,111.56060344192457,-0.367485151723173,53.742967606228504,26.53750757978834,-4.281307296444252,-1173458.7957059182,297.9428650169143
38740.0,control,0.0,0.0,108.40662072712801,-0.31575868077161223,53.78599429082149,26.67813532684757,-5.332495128764397,-1175703.1033581216,300.22932751490663
38750.0,control,0.0,0.0,110.14579614668484,-0.3444101967019948,53.28956581229454,26.19762309904413,-5.130528988182175,-1173061.444953423,303.1819823219247
38760.0,control,0.0,0.0,106.67820548207024,-0.28699615670868467,53.07038454281993,27.03991664980786,-3.555223961993227,-1174076.7420368958,300.40612712322616
38770.0,control,0.0,0.0,108.34546471267613,-0.31474573462923205,54.0442335042483,26.439397302178058,-4.633696865247327,-1175022.2010468766,302.13995760701636
38780.0,control,0.0,0.0,105.05630629137976,-0.25976816442688033,53.55599904385834,26.144151003581452,-3.834399639191574,-1174363.2509686518,299.96935546997724
38790.0,control,0.0,0.0,107.09120266604128,-0.2938935669723661,53.40834370941228,26.45394357534414,-5.643406316278678,-1174310.1032286417,302.22740631637384
38800.0,control,0.0,0.0,104.04922443864463,-0.24275541495349962,53.858225564152434,26.442947769869154,-3.4406573840920425,-1174678.2521380056,301.4156813409838
38810.0,control,0.0,0.0,106.91010078286078,-0.29087086758188885,53.41492217530778,26.017212221224142,-3.957993217198553,-1174049.9856411852,301.9797749365665
38820.0,control,0.0,0.0,105.67458413135687,-0.27017337836663124,54.24053284811184,26.43721278755561,-4.927252216654309,-1174348.1764553469,300.69184563826497
38830.0,control,0.0,0.0,109.6959189588522,-0.33702819887600693,53.61617654058682,25.99062887315991,-5.072670760090727,-1175440.4878735337,302.374115756617
38840.0,control,0.0,0.0,111.22729243383392,-0.36206863479768514,53.84179779576861,26.309680319269244,-3.6628932231167948,-1174027.4431196451,300.3982971215524
38850.0,control,0.0,0.0,99.9035817849016,-0.17199068300836587,53.54538192923331,26.59166675194706,-4.2935314566109435,-1173421.3135774508,299.7448286138988
38860.0,control,0.0,0.0,107.38527046942926,-0.2987954674130218,53.67998634395023,26.41439223974334,-4.980181220957521,-1175771.313609423,300.35591968190255
38870.0,control,0.0,0.0,111.9579698645331,-0.3739263437580006,54.00538733854688,26.428214201039715,-3.4413559182999327,-1174956.761159828,300.054214646979
38880.0,control,0.0,0.0,104.06897881175891,-0.2430898661825298,53.2887551625656,26.500421505214366,-5.024923149810103,-1174606.397353489,300.48725580428476
38890.0,control,0.0,0.0,103.50501079040973,-0.23353040137100844,53.83166363876401,26.39915476332576,-3.758856730934892,-1174645.3075682204,300.8125804952344
38900.0,control,0.0,0.0,110.81029775130555,-0.3552749725781975,54.121035014610335,26.20803754640487,-4.957740037352131,-1174855.2503713109,299.9157474892026
38910.0,control,0.0,0.0,108.08370118684338,-0.31040602579891335,53.713243981270914,25.972057242392818,-4.8312674932082516,-1173618.250613561,300.27393442424045
38920.0,control,0.0,0.0,103.47642249520429,-0.2330452089320462,53.16465988494618,26.631283067384544,-2.619419205653439,-1175649.12887921,299.1882158717546
38930.0,control,0.0,0.0,110.33577405340418,-0.3475211783308651,53.542501286892936,26.70351605814801,-4.665800415322111,-1173894.2686187848,299.60550228081627
38940.0,control,0.0,0.0,108.87021628419626,-0.32342557667133726,53.208041078225314,26.27444997297987,-5.85317955056965,-1174858.3316100575,299.4234353518824
38950.0,control,0.0,0.0,109.81413401161855,-0.3389700111456692,53.345833395269466,26.419364716832394,-4.607733661914979,-1174299.2383442335,300.3133735311897
38960.0,control,0.0,0.0,102.32624884901567,-0.21347797665951507,54.05263966974932,26.346104021338476,-4.9439633612480245,-1172415.1138454713,298.5718379561627
38970.0,control,0.0,0.0,108.48763346555641,-0.31709996592663725,54.33308907510195,26.69640328360931,-4.3125212439157865,-1174882.4980883244,298.8231588651671
38980.0,control,0.0,0.0,104.31524474026779,-0.2472568308754144,54.07312291622739,26.045936166986774,-6.712447286851008,-1173162.6368375756,300.92417037259867
38990.0,control,0.0,0.0,107.91757386269985,-0.3076484780539052,53.68590256783715,26.555143502789267,-6.126523956179614,-1171991.461027529,301.26182298344236
39000.0,control,0.0,0.0,107.57498708133491,-0.30195373914263174,54.34908764327036,26.751317102402624,-6.368082944406299,-1174967.8461106624,299.0569875527746
39010.0,control,0.0,0.0,109.07716073784525,-0.326841197151027,54.270196080719856,26.128075890200734,-5.455760077619573,-1175874.0869037807,297.5394527324399
39020.0,control,0.0,0.0,110.51235539800223,-0.3504093593312797,53.909303403971876,26.094121361232503,-4.643014038998073,-1175311.3319779132,302.18465677859473
39030.0,control,0.0,0.0,106.83636866748245,-0.28963940009205513,54.227276400301776,26.243227589854715,-5.397398577597974,-1174779.3909941819,298.9165352487751
39040.0,control,0.0,0.0,109.03261721929634,-0.32610636447381447,54.70078536199252,26.264936012985324,-6.374962036917461,-1174486.8889666367,302.0182485594764
39050.0,control,0.0,0.0,107.22764327227047,-0.2961689050518256,54.30147603982068,26.280009562386095,-5.851655584684902,-1172654.8851238377,300.11173101129106
39060.0,control,0.0,0.0,114.58871332660335,-0.41610167411601795,54.088981863966104,26.796490451536243,-4.659260336697519,-1173568.3466762938,299.10895611838765
39070.0,control,0.0,0.0,107.51461221950208,-0.30094901743573943,53.790492955345,26.354370438417035,-6.303375385967812,-1173990.5183209162,302.06333098479047
39080.0,control,0.0,0.0,108.8407473880777,-0.3229388479906732,53.63663508822955,26.381921794904105,-4.957563586317657,-1174127.6618381906,299.86926897014325
39090.0,control,0.0,0.0,102.89996705505988,-0.22324955552549208,54.998297138208024,26.091531014580983,-6.2100086307088365,-1172473.6555135474,300.7433488149613
39100.0,control,0.0,0.0,108.09368495161037,-0.3105716634332921,54.21432725379594,26.707038130311368,-3.893109069856259,-1174396.9039058648,298.8112624699705
39110.0,control,0.0,0.0,107.29423664644351,-0.29727883366632996,54.48197327569454,26.417907139840974,-3.750695129969623,-1174628.8357996605,300.550389962474
39120.0,control,0.0,0.0,108.80820005490006,-0.32240117443756633,53.79705311855789,26.121936659900015,-5.12650097519077,-1173320.4654947147,302.39110537680176
39130.0,control,0.0,0.0,105.92772943642674,-0.27442464049822646,54.589132787652154,26.26465290131697,-5.107366578884758,-1174463.3705412764,300.8221522993785
39140.0,control,0.0,0.0,107.06829893547523,-0.2935114514923402,53.375023039997195,26.021827948733655,-5.157549099061184,-1174034.9772738982,302.1809010753372
39150.0,control,0.0,0.0,109.38620725716365,-0.3319340614261167,53.70962076786024,26.236491350354108,-4.963578232034637,-1174055.1398264635,300.92442771577765
39160.0,control,0.0,0.0,105.98530770010507,-0.2753908513743379,53.74565162258394,26.27508640188402,-5.030967184198881,-1173553.9736440182,300.86819213677956
39170.0,control,0.0,0.0,101.75314231653304,-0.20369544537825113,53.42840450649759,26.022274305477886,-5.721530305693554,-1174072.7659884673,300.8640218792111
39180.0,control,0.0,0.0,109.1306007914453,-0.3277225349144254,53.696655749313095,26.49714789841984,-4.549537628604105,-1174781.186955588,300.04377638062266
39190.0,control,0.0,0.0,109.6318937337898,-0.33597591465959553,53.244458014908936,26.483231743395244,-5.044538593005478,-1174354.793625066,300.45557412958095
39200.0,control,0.0,0.0,106.5819513106617,-0.285386472947231,53.248056348176696,26.222167622639667,-4.686224518845925,-1174648.122727776,299.6264751371283
39210.0,control,0.0,0.0,106.51265311169485,-0.2842270820499164,53.10939744423942,26.228901386036775,-5.276327279811984,-1172411.938563887,301.70387286172866
39220.0,control,0.0,0.0,106.72458535274157,-0.28777149056392237,52.95446485807796,26.281883260090282,-5.272679924874971,-1171540.9269947372,299.06301380302773
39230.0,control,0.0,0.0,106.4574301843041,-0.28330287918719693,53.11664114686998,26.664467355540758,-3.837094753972195,-1173437.4579728674,300.24212312501555
39240.0,control,0.0,0.0,103.0130629352641,-0.22517319632533278,53.06310173750998,26.682304543872455,-4.871900935922779,-1174800.24132156,299.61746367871507
39250.0,control,0.0,0.0,100.40021655846016,-0.18052286281319924,53.390246093495556,25.95793283846403,-4.424468456973426,-1174752.910054803,300.0713980570328
39260.0,control,0.0,0.0,100.79221600120042,-0.18724786283935824,53.097919184736774,26.55417435501769,-4.621850610796839,-1175503.7665779442,300.3125459241584
39270.0,control,0.0,0.0,104.43835146169529,-0.24933816153160887,51.890232264224394,26.05267044540193,-4.915687697137582,-1173212.1483583655,300.104927038591
39280.0,control,0.0,0.0,108.69991815961505,-0.32061163760517475,52.66669853619331,26.10118768536231,-4.804927831244668,-1175558.7704910766,300.4232602150612
39290.0,control,0.0,0.0,109.01593788377848,-0.3258311553869313,52.847570976463906,26.279896737169313,-5.660154574182822,-1172873.188713476,301.21230968769214
39300.0,control,0.0,0.0,101.8570833514122,-0.20547118835882233,52.72719798783396,26.206795788199067,-5.85304738941917,-1173775.421829395,298.6796381168232
39310.0,control,0.0,0.0,104.81435920579605,-0.25568805075996726,52.799139542360265,26.432260851936594,-4.658740921556753,-1172314.7301812433,298.19826635572946
39320.0,control,0.0,0.0,105.6898488528329,-0.2704298807272132,53.07010338793379,26.209060145217656,-3.3508665388447247,-1173606.1308081616,300.2026706480688
39330.0,control,0.0,0.0,101.65787440686121,-0.20206728633120852,53.643194182627184,26.507774906897495,-5.079929727512249,-1173755.4704393893,299.80219813608284
39340.0,control,0.0,0.0,98.6224726536884,-0.14992314373773702,52.72535750194441,26.382329999150535,-6.386496206504532,-1174370.726265639,301.6301375942032
39350.0,control,0.0,0.0,107.32438423419569,-0.29778117917419866,52.13884651807046,26.34765964389887,-4.659113198556759,-1174008.4719617367,299.9903479760075
39360.0,control,0.0,0.0,107.04531680447539,-0.293127980871822,52.39124168683131,26.426172564452866,-4.905450782776096,-1173465.992110258,300.63700351791215
39370.0,control,0.0,0.0,108.4400126478988,-0.3163116098086764,52.72667556130029,26.435986031640244,-4.074625115607985,-1175483.0304726288,299.6842673405149
39380.0,control,0.0,0.0,107.10263719415431,-0.29408431789504436,52.69964556708225,25.970120971600547,-4.078243662073273,-1174074.5073800255,300.75693908860444
39390.0,control,0.0,0.0,103.39679877219662,-0.23169355223237648,52.04091924782202,26.078971453316658,-3.8756395100097367,-1173429.2591669876,301.1585882526524
39400.0,control,0.0,0.0,100.4235268079344,-0.1809230043946326,52.680698890192666,26.82722175403581,-3.817493598769448,-1173149.7022532746,298.37290886014
39410.0,control,0.0,0.0,105.16271428758999,-0.2615611305345643,52.61673020907459,25.785937219237272,-5.793459164818659,-1174220.084361598,298.76687449413754
39420.0,control,0.0,0.0,98.49417405993694,-0.14770884541672608,52.721922695990386,26.068500817949975,-4.523153117061282,-1175752.2344181873,301.6350987006806
39430.0,control,0.0,0.0,97.71852320160569,-0.134306554217743,53.39849815113054,26.27311500771346,-3.546783616163149,-1174161.8476449978,301.2071023941976
39440.0,control,0.0,0.0,110.67934934866292,-0.35313766635154664,52.97815668070697,26.75445311120963,-3.6537386522417727,-1173617.3647676762,298.0858937779335
39450.0,control,0.0,0.0,102.97427529426146,-0.22451355822025987,53.368496128607795,26.790276964383764,-5.653740295957945,-1173602.8200834673,300.52754615388756
39460.0,control,0.0,0.0,97.10793633120268,-0.12373892852186535,53.32490727457716,26.165385986055373,-4.427362396037224,-1171915.2440627608,300.2601837630508
39470.0,control,0.0,0.0,106.23479596564948,-0.2795742449117121,52.5974275191096,26.611394882348794,-6.083334680347619,-1175358.7074275296,300.6716812083254
39480.0,control,0.0,0.0,106.15489591566268,-0.27823506229054973,53.115852919669365,25.62877599648625,-4.669139757833319,-1173913.4302281346,300.65841396752467
39490.0,control,0.0,0.0,104.1336234972416,-0.2441841302093074,53.41008128282437,26.429357640113068,-4.213147025757816,-1173607.7554807737,300.5242063600441
39500.0,control,0.0,0.0,109.33683937194593,-0.3311211584789645,52.89092210380612,26.337193806730006,-4.194674645749276,-1172903.7615791112,299.1383552564132
39510.0,control,0.0,0.0,103.35860647158698,-0.23104505787460802,54.126398377633585,26.409426414317526,-4.287493214797534,-1172368.4057160951,301.91974968102824
39520.0,control,0.0,0.0,106.74332875190802,-0.2880847711253318,54.12714867928107,26.30483362226836,-3.6103579052414956,-1175027.2203469612,300.21835621731225
39530.0,control,0.0,0.0,106.20684572150712,-0.2791058403020301,53.04015218072353,26.378433162005724,-3.5881691184079227,-1173236.2857912388,299.7255854399629
39540.0,control,0.0,0.0,110.52577488190093,-0.3506287139321608,52.83411916146879,26.297243676250275,-3.709774939906553,-1173643.2104457002,299.76683018297405
39550.0,control,0.0,0.0,106.25278537322836,-0.27987568550031205,52.718322729349126,26.233249510909666,-2.691009401172603,-1173014.197999807,302.1214424044572
39560.0,control,0.0,0.0,101.45656831945264,-0.19862506897673543,53.04214639185537,26.454889563426093,-3.343799902510394,-1172635.7080510892,300.26427858153704
39570.0,control,0.0,0.0,105.544099027141,-0.26797997740377283,53.928835325137236,26.560352405337706,-4.2614225488748945,-1173834.2665445283,298.9321015475333
39580.0,control,0.0,0.0,112.94871032473151,-0.3899069603050904,54.041464084409185,26.559524549455183,-3.1701586423151786,-1174792.7306075208,299.61929520319774
39590.0,control,0.0,0.0,110.71912674219,-0.35378709833214267,53.681688901712306,26.51304541557236,-3.9029125308081967,-1173394.956166925,301.6520244224046
39600.0,control,0.0,0.0,103.15397565943437,-0.22756874368440216,54.27074233070217,26.183820164422126,-3.460811604863015,-1173562.4832536187,300.14513866774786
39610.0,control,0.0,0.0,109.00271168213575,-0.32561290338910137,53.65836767143774,26.983531059144795,-2.5941438013077684,-1174074.053593738,300.987561472708
39620.0,control,0.0,0.0,105.0758479099894,-0.2600975064606647,52.78957038490476,26.4609020954378,-4.373593951686484,-1175595.0951590668,301.0223577212699
39630.0,control,0.0,0.0,107.53318139128487,-0.30125806992650755,52.85097288617578,26.695838706994063,-3.9642720256309927,-1173835.7660338804,297.8633232646033
39640.0,control,0.0,0.0,107.29441923988186,-0.29728187644597576,53.12819081573998,26.357118189610237,-4.266940064877798,-1174348.0070330463,300.0679608884127
39650.0,control,0.0,0.0,112.99710084188656,-0.390684550577333,53.80692959370792,26.422436573847055,-4.338298299854483,-1176277.6242088173,300.5434892706223
39660.0,control,0.0,0.0,110.62719859005682,-0.35228596083877756,52.9190584313156,26.70560891500454,-4.672806630706772,-1174348.7415537685,301.3445960011393
39670.0,control,0.0,0.0,110.0401227847528,-0.34267810237835333,53.702401512392264,26.148462096657372,-3.3231030453423243,-1172264.2382899094,301.8011165948891
39680.0,control,0.0,0.0,107.51868771651387,-0.30101684990642413,53.80548854942547,26.59709904720568,-4.009175649234553,-1173787.7716338523,301.28646462688994
39690.0,control,0.0,0.0,107.70011453344257,-0.3040349652815384,53.83777596697402,26.612731160543426,-3.245627140413262,-1173545.6111133825,301.34323912737216
39700.0,control,0.0,0.0,109.27113076208654,-0.33003880415943254,54.10919254512803,26.906452073263488,-3.9972808637555044,-1173974.0730131082,300.318784672781
39710.0,control,0.0,0.0,111.19800005421274,-0.3615920265039009,54.654594248722354,26.182362067568206,-4.5481330272145915,-1174920.819620978,301.6743874032879
39720.0,control,0.0,0.0,105.95155780419776,-0.2748245338824962,54.46895356381742,26.606962720587276,-4.255743577022775,-1174171.6714916788,301.8395260488109
39730.0,control,0.0,0.0,107.56573368784724,-0.30179977152745796,53.321309597300214,26.592931629761324,-4.069782460446815,-1172489.4441283625,301.9046296412496
39740.0,control,0.0,0.0,110.5347025692204,-0.35077463506708667,53.026016850834125,26.40507812492229,-4.231087579174257,-1172548.8060779385,300.0431979326487
39750.0,control,0.0,0.0,105.26480961785478,-0.2632805806085983,54.24577819873026,26.18874181917904,-4.271751762353665,-1173554.6251236666,302.4514769358349
39760.0,control,0.0,0.0,111.21123277240554,-0.36180734415217947,53.69558212392441,26.639064957108886,-6.3721494932141844,-1174174.8449711762,301.83618194823066
39770.0,control,0.0,0.0,108.04442328622004,-0.30975428654991066,53.27951860982181,26.445020138717236,-3.420159251899589,-1173955.3940224014,300.5783239872379
39780.0,control,0.0,0.0,106.10514128531544,-0.27740086516342366,53.460965971307935,26.602609401664534,-3.355256176240437,-1172333.9220302477,300.3376640486401
39790.0,control,0.0,0.0,107.91161348248443,-0.30754949349160665,53.64473137009483,26.320344833869168,-3.2892978513301667,-1175224.8027518932,299.4955594930751
39800.0,control,0.0,0.0,108.29529796106308,-0.31391453930097907,54.20560990716537,26.73488456901388,-4.3062235032183045,-1173820.8750290796,301.09288666359964
39810.0,control,0.0,0.0,103.33192476915478,-0.230591949257241,53.6002716059598,26.169240608704115,-3.1946547524980167,-1174933.3270027824,300.0753067850551
39820.0,control,0.0,0.0,104.68125935699352,-0.2534415513492116,53.85816080387195,26.62760230178788,-4.914982727260908,-1172754.46885667,301.44092240050605
39830.0,control,0.0,0.0,105.86817861782579,-0.2734250369896951,54.47721377134886,26.672515367355864,-4.496577448925049,-1175526.2668635845,299.0205225308084
39840.0,control,0.0,0.0,106.78566913283484,-0.28879234237142903,54.120422926380634,26.37517999050276,-4.292223623299487,-1173952.0232754461,302.1526854162804
39850.0,control,0.0,0.0,111.38261768738872,-0.3645943051530499,54.05842693906951,26.915005557564527,-3.9387860119567546,-1172736.9058276657,300.2908219471905
39860.0,control,0.0,0.0,107.13489224779583,-0.29462233390602843,55.16526519511112,26.71594089479965,-4.807832862277717,-1173904.9766066447,299.3776757383018
39870.0,control,0.0,0.0,105.17295456515946,-0.2617336308925364,54.6040683957559,26.63946105973304,-2.790699456751675,-1174107.7272147834,300.45421359654046
39880.0,control,0.0,0.0,107.39980329665052,-0.2990375162317199,54.29572059180692,26.364063947085107,-3.5914766521868695,-1172794.3073332477,300.2345955394722
39890.0,control,0.0,0.0,105.44205559500422,-0.26626370020619156,54.2907328169004,26.419102885593926,-4.0915683581082,-1175493.794299852,299.61282306663605
39900.0,control,0.0,0.0,108.14751835966167,-0.3114646346575949,54.441566965281496,26.382142946887992,-4.001434785242706,-1175095.2344276588,299.32534596147195
39910.0,control,0.0,0.0,106.33864982131425,-0.28131409764259085,53.543764049325375,26.637377600798605,-4.8213001503646815,-1175057.5378604792,302.0667185108114
39920.0,control,0.0,0.0,106.45651394650021,-0.2832875429430284,53.933508690394895,26.656524913985763,-4.158800439510534,-1174128.0853883363,302.9624272147337
39930.0,control,0.0,0.0,105.8207135371159,-0.2726280897332376,54.555363347549786,26.659452627634405,-3.4413454215997623,-1173263.9636195898,300.3558416707458
39940.0,control,0.0,0.0,107.76092988718557,-0.3050459749009714,54.16942265091254,26.881180452703195,-4.792570400045394,-1173509.784054393,300.47655670930084
39950.0,control,0.0,0.0,106.15130095563495,-0.2781747954210141,53.41416641567616,26.66412391753809,-3.758378553995695,-1175342.6954898667,299.1573124421924
39960.0,control,0.0,0.0,104.23137945023016,-0.24583828977699923,53.65270469423236,26.406224105169702,-5.002848778705859,-1173462.348690357,301.2417176123848
39970.0,control,0.0,0.0,109.2220291373133,-0.3292297171721279,53.89830010985886,26.223214750828273,-3.38190316277705,-1175043.0401071087,299.92434772508824
39980.0,control,0.0,0.0,103.46306962068002,-0.2328185678466228,52.80749358962724,26.399038579349227,-3.9701136503057883,-1175018.498378398,300.8978996339741
39990.0,control,0.0,0.0,106.1248838486311,-0.2777318984118185,53.663600594251506,26.28555194609536,-2.5465557904141707,-1174028.7745214757,297.5741721640214
40000.0,control,0.0,0.0,108.49036244877126,-0.3171451372391972,53.39337433929273,26.537704952267084,-4.54559146776675,-1173189.851437658,300.21382107447414
40010.0,control,0.0,0.0,107.80068587012072,-0.30570670258876226,53.29741876855564,26.44118033833344,-3.4482092863203477,-1174745.2222307753,299.02265659256256
40020.0,control,0.0,0.0,111.1294944902908,-0.36047702245813373,53.89785879704098,26.59011836264614,-3.7438274643534544,-1173501.2393750288,299.38974091685776
40030.0,control,0.0,0.0,106.06297758315746,-0.2766937754436898,52.50523259189799,26.308863062161286,-3.5166821794889955,-1172741.923249334,301.0687221832685
40040.0,control,0.0,0.0,106.16719895973121,-0.27844130551521085,52.09360701944096,26.823030346269682,-4.110638970827534,-1173786.1474009957,300.5296411346995
40050.0,control,0.0,0.0,107.84683908939405,-0.30647356501117345,53.457288694183404,26.577394990213744,-3.148268746885619,-1174732.6236297637,300.2285190176312
40060.0,control,0.0,0.0,105.73594880717806,-0.2712044095883076,53.57192443031654,26.726161301940458,-4.20803763951343,-1175048.3559865933,299.973029628327
40070.0,control,0.0,0.0,107.41663937792103,-0.29931790241746165,52.42499772392465,26.622660272289654,-3.8383813447743735,-1175822.89851428,299.09379792488113
40080.0,control,0.0,0.0,106.97959161056606,-0.29203105655799083,53.72150706800714,26.540425664333988,-4.429697697516474,-1173202.840343723,300.29123517221785
40090.0,control,0.0,0.0,106.15883873272375,-0.2783011594687738,53.46939715491131,26.35389587826259,-4.550829486925112,-1174401.954980759,300.48943605610935
40100.0,control,0.0,0.0,104.74944732088886,-0.25459262000067284,52.7720026042175,26.72994111280305,-4.9626003725201535,-1172096.3371200021,300.1856668055683
40110.0,control,0.0,0.0,105.34235915427746,-0.2645860815594172,53.33558862548884,26.176219552519804,-4.095608031137864,-1175443.582038967,298.1146284319532
40120.0,control,0.0,0.0,106.26585695366121,-0.2800947029171992,53.35521833244211,26.331140511579196,-3.5948176840446253,-1173637.0533448886,300.1562633430308
40130.0,control,0.0,0.0,105.64113919891678,-0.2696113158982941,52.95530399395003,26.441950531182265,-4.038660638705272,-1174276.0010626242,301.7299597051997
40140.0,control,0.0,0.0,105.96323524086016,-0.27502049007513063,51.86325304847402,26.77476803441202,-5.418660306280358,-1173132.9028299581,301.0237437091449
40150.0,control,0.0,0.0,103.28778650745359,-0.2298422836481246,52.56157943544747,26.333775512335265,-4.538325818778585,-1174122.7331294809,299.98140730057617
40160.0,control,0.0,0.0,111.61170459099021,-0.3683144831366782,52.203059938410824,26.745898407624477,-3.6385694884594675,-1175925.2148375828,300.70628451125066
40170.0,control,0.0,0.0,109.09379084211587,-0.32711549270909746,52.64583457796912,26.678556048584372,-4.948482178678184,-1174104.5317717977,301.6822333732748
40180.0,control,0.0,0.0,106.35938261051193,-0.28166132139002453,52.49519152944535,26.714897017013353,-4.3148234010055475,-1173900.7664261665,300.2507734165969
40190.0,control,0.0,0.0,103.4145204385041,-0.23199442611556653,52.321289328865255,26.234623375254433,-3.9449802050981013,-1173742.7260025702,301.026722133057
40200.0,control,0.0,0.0,106.6334987742634,-0.2862486151642192,52.456187349965326,26.468768823940685,-5.724855761949813,-1173384.0964145195,298.6004798885401
40210.0,control,0.0,0.0,108.39961285764498,-0.31564262547125316,52.45777392434803,26.353486375971002,-5.303203324739847,-1174747.3948920127,303.00814694948014
40220.0,control,0.0,0.0,111.91852800524755,-0.3732878018346733,53.18196502257964,26.603732761674788,-5.563973615044473,-1176513.8877128158,300.00864706034787
40230.0,control,0.0,0.0,108.26260736202488,-0.31337277067493974,52.67045137201186,26.59667664638325,-4.373297914739956,-1175066.9878706075,299.86985266285245
40240.0,control,0.0,0.0,104.41761068523914,-0.24898758343477898,52.1016337983894,26.418747407319387,-5.759455655628216,-1175192.2725181598,299.78096244564887
40250.0,control,0.0,0.0,107.27992526213332,-0.2970403360306066,52.72989910321776,26.543118034065447,-5.333082047357652,-1173241.653057443,301.0648603320828
40260.0,control,0.0,0.0,106.43276879865864,-0.28289006477387163,53.30875258403169,26.51477183343667,-5.161030119849508,-1176075.5127269495,299.8102928805378
40270.0,control,0.0,0.0,106.60272583231347,-0.28573395903732873,52.78454221663264,26.593309032899448,-5.082409374934623,-1174375.1469301358,301.8548523297514
40280.0,control,0.0,0.0,106.76647253091883,-0.2884715578908096,52.99116292052583,26.250994333902284,-3.9989084383568545,-1173885.421178747,301.97256907551963
40290.0,control,0.0,0.0,106.33746998518049,-0.2812943371513722,53.20827404999334,26.373149139534796,-4.6748633224540725,-1173840.0191910006,299.1148875255682
40300.0,control,0.0,0.0,99.73702892969206,-0.16912638156007523,52.34398566823254,26.47577699992521,-3.5022400496739547,-1172565.022364648,299.26260906374273
40310.0,control,0.0,0.0,102.06157213254312,-0.2089627236185125,53.34170153435194,26.448578143835576,-5.404213825601904,-1172934.1816666387,301.46656345829894
40320.0,control,0.0,0.0,106.6097448295477,-0.2858513541628999,52.681159073243585,26.69889446496186,-5.760528987960245,-1174661.9575645607,300.5678701166099
40330.0,control,0.0,0.0,100.2772480001609,-0.17841150292874952,54.185783775578855,26.466493681105764,-4.946140626604594,-1172945.0158221722,300.28482516471155
40340.0,control,0.0,0.0,102.61603906644783,-0.2184164256345696,52.75352521149415,26.491517572336093,-4.620060672190909,-1174463.462277472,300.21483003663775
40350.0,control,0.0,0.0,110.94785756905944,-0.35751818976624683,52.61542477255749,26.317019347547674,-6.059495937199427,-1174719.7035754248,299.76103834867615
40360.0,control,0.0,0.0,101.07369653352355,-0.1920714523624153,52.67683891461858,26.752829548294674,-3.938694261165233,-1173428.0307072774,301.759723136662
40370.0,control,0.0,0.0,108.67453160223293,-0.32019191695083543,53.27895357660478,26.876963135865136,-5.784206021862767,-1171567.7004674226,300.74697464861316
40380.0,control,0.0,0.0,103.15109778011485,-0.22751983282145763,53.091325654818085,26.348375642895554,-6.108322695482171,-1173922.2559592072,299.79946398357947
40390.0,control,0.0,0.0,104.81915179142602,-0.2557689158027702,53.65767439589764,26.627458464355694,-4.117906299329048,-1174616.796198966,298.8777943863091
40400.0,control,0.0,0.0,110.39595468982215,-0.34850587061247645,53.372957884382394,26.583099810436256,-5.473742482610726,-1173275.028752135,300.2651939892905
40410.0,control,0.0,0.0,108.63380263547246,-0.3195184061124397,53.09397284638256,26.712220958940925,-4.334362792083333,-1174641.2725780457,299.6979694669487
40420.0,control,0.0,0.0,114.78816520138611,-0.4192645664311131,53.12468296448748,26.200583277717907,-5.302396216869691,-1173320.8199462965,300.19317732207566
40430.0,control,0.0,0.0,112.04539006688101,-0.3753409965084211,52.92472426438371,26.51332224672761,-4.396771677728864,-1172777.3854313903,299.87791804737543
40440.0,control,0.0,0.0,103.45991706856383,-0.23276505708560147,53.02768960478896,26.7121735028296,-4.025834939898321,-1173601.6684372462,301.7079534012628
40450.0,control,0.0,0.0,109.6975637459647,-0.33705522617476014,52.981776382261714,26.56115421535381,-4.7442580586682634,-1174243.8589900136,298.8730785092097
40460.0,control,0.0,0.0,111.00228443547732,-0.3584051719715286,53.78273613557842,26.978346541422972,-3.881457039381978,-1173064.3108439725,299.47336434308966
40470.0,control,0.0,0.0,108.9471910302918,-0.32469654090297095,53.21436841208236,26.437492201174067,-4.284653323180544,-1175415.321758248,300.71335804889264
40480.0,control,0.0,0.0,108.5841644986556,-0.3186973513344524,53.14482805872814,26.89693875538596,-4.097507027487467,-1173106.4883435909,301.2148243494333
40490.0,control,0.0,0.0,110.0986507625131,-0.34363758010111456,53.64311421117064,26.33960108581814,-5.462840173535156,-1174772.7740422543,300.45991450830735
40500.0,control,0.0,0.0,106.95461092472692,-0.29161403913646733,52.612649632016215,26.41731227352925,-5.453228436834415,-1174065.3916953001,301.3263689053014
40510.0,control,0.0,0.0,111.16867051827529,-0.36111471895889913,52.92469116943694,26.383237388311564,-5.172485887700057,-1174173.9840552881,299.1803605770853
40520.0,control,0.0,0.0,111.28874147860905,-0.36306814774954077,52.432544886908495,26.49273066025277,-5.056421769875378,-1174916.8987426776,298.9296892239145
40530.0,control,0.0,0.0,108.90791285885382,-0.32404807464366725,52.44936069981572,26.65664470219539,-4.3059320658183715,-1174311.1592474878,300.09191690396455
40540.0,control,0.0,0.0,108.78457017031931,-0.3220107496420296,53.08427443431634,26.987982109884307,-5.214744298515865,-1174111.1232842673,301.92103062808684
40550.0,control,0.0,0.0,107.5669456808535,-0.3018199383796859,52.553516026144344,26.79602838182122,-7.119377611910606,-1175021.578279281,301.82520212614133
40560.0,control,0.0,0.0,107.81977390051931,-0.30602388533311076,52.29557401485562,26.51178905481069,-4.7223823802423,-1175393.942229569,300.1197641833344
40570.0,control,0.0,0.0,105.86276253108132,-0.2733341093915018,52.84535319223924,26.623765104227452,-6.586501494770124,-1173243.3416554313,299.21634605846555
40580.0,control,0.0,0.0,104.6374876668685,-0.2527024601121632,52.578146379680085,26.661082897711204,-6.15342803884964,-1173473.87471495,300.832672940553
40590.0,control,0.0,0.0,109.00211559434335,-0.3256030666452884,52.75660978611387,27.20305123564218,-4.795818436780406,-1174747.1343931854,298.62688486081544
40600.0,control,0.0,0.0,106.14527074038804,-0.2780737008238984,52.42705001299033,26.817714300548104,-4.331440104655429,-1173915.048774358,300.04710201188396
40610.0,control,0.0,0.0,108.48471402189074,-0.3170516412337453,53.037042488691824,26.72312723903509,-5.482875726426548,-1175322.7944471817,302.4155353600393
40620.0,control,0.0,0.0,107.05929559335655,-0.2933612309595725,52.56404189454531,26.261517918648583,-4.564687240576651,-1172897.4597045053,300.45424480334424
40630.0,control,0.0,0.0,108.2402170761961,-0.3130016462727705,52.61877134904414,26.544867416189696,-5.652426838891838,-1172450.5237750318,302.44254314545697
40640.0,control,0.0,0.0,105.26472405341335,-0.26327913991460783,52.15245357381468,26.69478154791587,-5.559732654811484,-1174794.846499158,301.20570396891077
40650.0,control,0.0,0.0,110.87189052250164,-0.35627963295069487,53.39510867937065,26.592705359799773,-4.2679497488893725,-1174285.4419640228,300.51163163401685
40660.0,control,0.0,0.0,105.3601669772857,-0.26488579746778845,51.84378638170656,26.54783053079315,-4.42027488755906,-1173350.2336557768,300.0262245643041
40670.0,control,0.0,0.0,103.38377635690908,-0.2314724468918905,52.816557557538744,26.4606692383008,-5.2423699520830045,-1174614.202938918,299.30208696242346
40680.0,control,0.0,0.0,104.93884565472354,-0.2577879220827247,52.99410412867882,26.453027053283414,-5.17736743468088,-1174572.9149680715,298.8150364802307
40690.0,control,0.0,0.0,105.9012524573938,-0.27398024181619396,52.5201078129341,25.96757150130912,-4.029247625402112,-1173435.2857414093,301.60367581521166
40700.0,control,0.0,0.0,104.85499939038938,-0.2563737136445544,53.633424634909886,26.690146773782615,-6.081913385482457,-1172692.9391798172,298.54065763418333
40710.0,control,0.0,0.0,107.4615816885562,-0.30006623991417275,53.407448572339746,26.048578255368042,-5.630961613408396,-1173668.6984296758,300.20348578611413
40720.0,control,0.0,0.0,108.55596023243052,-0.3182307234366702,53.4311819568438,26.174537846060623,-5.807246652172368,-1174302.6359915491,297.7810754293456
40730.0,control,0.0,0.0,103.21170704544362,-0.22854979330119424,53.94177214846459,26.491455180529123,-4.507444960609467,-1176556.5955741052,299.19138637289103
40740.0,control,0.0,0.0,103.3636576068802,-0.23113083060652667,53.48366549174694,26.087733624008077,-4.891443648260952,-1172997.3130717482,299.0176083744438
40750.0,control,0.0,0.0,105.20119676875777,-0.26220933541897284,53.294092981677494,26.626129329066117,-5.906153356448947,-1174541.1202510595,301.1184181257885
40760.0,control,0.0,0.0,108.07622440602556,-0.3102819746078959,52.85838458102267,26.18585629526657,-6.377154015170868,-1172967.0308600757,300.09460118493746
40770.0,control,0.0,0.0,98.42353537308597,-0.14648937937647605,53.19981179708021,26.087596355718606,-6.232326090732855,-1173347.5387484096,298.21917084955675
40780.0,control,0.0,0.0,103.48179371937236,-0.23313637225541606,52.906415773140004,26.363215236442798,-5.257370582447839,-1175545.46827502,299.8890823714188
40790.0,control,0.0,0.0,108.58902444026347,-0.31877774925774693,52.52160486880125,26.29112187109406,-6.393688112841248,-1173868.9360816795,302.57578406961204
40800.0,control,0.0,0.0,107.47726099400946,-0.30032727368749823,52.94162866648217,26.35551602784746,-4.825871338338811,-1173816.1579117738,301.3914008424437
40810.0,control,0.0,0.0,105.45045773318213,-0.2664050484673757,52.67924077345614,26.474231980221944,-5.703888544963355,-1174089.7442943845,302.7505213783062
40820.0,control,0.0,0.0,108.70110143411657,-0.3206311993670211,53.20173448345347,26.188080311181217,-4.948846071704229,-1175607.0694457479,300.2645184934867
40830.0,control,0.0,0.0,106.03573097381391,-0.2762367672149164,52.92116599400478,26.485899704396545,-5.134320102398014,-1174354.6894700192,300.19637617245075
40840.0,control,0.0,0.0,102.29462460301106,-0.21293872050844728,52.43938915554994,26.895115360199945,-4.8387377789532815,-1174249.747403998,297.6894374511532
40850.0,control,0.0,0.0,108.89421803124071,-0.32382194292011224,52.67389659815746,26.348348254231272,-5.8743787545152255,-1173629.218574535,301.7471165418895
40860.0,control,0.0,0.0,111.27030882513294,-0.3627683711648368,52.54638155164188,26.384238102400378,-4.537063623698434,-1174693.123293085,300.442378730461
40870.0,control,0.0,0.0,103.31355565431271,-0.23027997591548743,52.685055304239114,26.542340853873775,-4.011631503595502,-1174456.0799438395,301.32545205927767
40880.0,control,0.0,0.0,100.99637934851526,-0.19074696372647665,53.48251965461155,26.311619528946096,-5.384499723368677,-1174255.5025457516,300.8507878785078
40890.0,control,0.0,0.0,111.17788409473783,-0.36126467048646094,53.88270399328645,26.77064927367847,-4.9417211136875085,-1173586.3680634815,302.60135323769214
40900.0,control,0.0,0.0,103.69933488092072,-0.23682686780435808,53.525380920986066,26.23705958881544,-4.751505390914291,-1173676.619680781,298.7632179692349
40910.0,control,0.0,0.0,101.25388371188373,-0.19515680268537472,53.303306497046314,26.87472266938956,-6.2020764315192825,-1175160.3639259022,302.6949403225317
40920.0,control,0.0,0.0,97.26439025473051,-0.1264481144626891,52.76644160324878,26.677753047316433,-6.372674117397138,-1173475.8767338675,302.07591986511585
40930.0,control,0.0,0.0,103.34001348672327,-0.23072931712931952,53.247680158896905,26.351329271033812,-4.756664427720498,-1171815.978244111,300.5342067943396
40940.0,control,0.0,0.0,108.15758433692201,-0.31163157535513125,52.74436252860008,26.876327443132745,-5.959113352692566,-1173330.5072718654,297.7945061802734
40950.0,control,0.0,0.0,99.64495947669461,-0.1675423974096709,53.14166148829893,26.352522183132994,-6.36227905569452,-1174072.7908362988,297.2125406827621
40960.0,control,0.0,0.0,99.32722145391742,-0.16207266194316003,52.81928137205605,26.625844000066962,-4.777455626212343,-1173619.4878599271,300.31406503010743
40970.0,control,0.0,0.0,104.00801927077839,-0.24205769841862634,52.92751994747852,26.839453694221543,-5.658054147037578,-1174670.4780505802,301.6181231908689
40980.0,control,0.0,0.0,102.55530770099428,-0.21738193293633637,52.73363703295026,26.413659719076872,-4.145196576636555,-1174835.4393047895,298.57830878842736
40990.0,control,0.0,0.0,107.29563025590052,-0.29730205702295687,53.61370745752301,26.368529729410156,-5.465766307340128,-1175662.4734560587,301.0122903844112
41000.0,control,0.0,0.0,111.07849024141116,-0.3596465369741701,53.23006152335933,26.23128352234808,-5.611025941808915,-1171866.989655478,299.9856374291585
41010.0,control,0.0,0.0,99.51557016938071,-0.1653156235862427,52.44791984187554,26.242544043327666,-5.280570008664822,-1173263.8884083387,300.17971891691997
41020.0,control,0.0,0.0,106.23533383753752,-0.27958325819415886,52.97973352108109,26.997129031817707,-5.602592998443894,-1173693.0225220155,299.7330725746518
41030.0,control,0.0,0.0,105.84108547610417,-0.27297016120953693,53.18354130686672,26.66648564660896,-4.862311686622954,-1174906.4004228078,302.1298535294663
41040.0,control,0.0,0.0,104.37510671236642,-0.2482690435440596,53.249603819501694,25.94470203141512,-4.9797235359957135,-1174303.0438488014,298.7135083043253
41050.0,control,0.0,0.0,108.00197086768067,-0.30904970875794807,52.721394083039115,26.316477882960893,-4.247729032090144,-1174343.9248553999,300.3772996755698
41060.0,control,0.0,0.0,104.7842415393309,-0.2551798360502329,52.56014976607504,26.723537038441684,-4.5916294186306175,-1173641.856397871,298.78489819598326
41070.0,control,0.0,0.0,110.98026008919348,-0.35804628514422415,52.91907011605037,26.79802464504029,-6.666977714521522,-1176308.730161095,302.14528770077345
41080.0,control,0.0,0.0,102.91369031686732,-0.22348302015257004,53.17485996070762,26.413338754763988,-4.422440648478918,-1175241.2052916288,301.09840058494876
41090.0,control,0.0,0.0,112.5747773380252,-0.38388887122146276,53.29135372682193,26.76415258703339,-5.2451254309369935,-1173226.1344712824,301.14935548094013
41100.0,control,0.0,0.0,108.92361608836272,-0.3243073467142952,52.824303037577465,26.39455104814786,-4.414091736097834,-1173968.5069684274,300.6439658665207
41110.0,control,0.0,0.0,106.11410427771213,-0.2775511561403012,53.41057570531765,26.514439703265644,-5.103841949445907,-1173364.7486392818,300.3866514101767
41120.0,control,0.0,0.0,109.51465434855778,-0.3340479445523169,53.139788196000474,26.334764821631236,-3.764568283521509,-1175094.5886262227,299.1593863250436
41130.0,control,0.0,0.0,109.34963377923346,-0.3313318577542242,53.80880996368694,25.897652403542185,-5.836382171374907,-1173289.1361625995,299.95434540292274
41140.0,control,0.0,0.0,104.22769784978206,-0.24577600518313353,52.85755265066983,26.357413140789347,-4.922972287470004,-1173315.5604628194,298.0053092384585
41150.0,control,0.0,0.0,108.20458925515807,-0.3124110080037189,52.600059378266394,26.489238398583016,-4.341699615569542,-1173160.1147683002,301.76319753815886
41160.0,control,0.0,0.0,108.73399919179703,-0.3211750066381308,53.44562420120048,26.536179483664178,-6.061763460839279,-1175864.4901551455,299.0332182142988
41170.0,control,0.0,0.0,110.07947845300693,-0.34332331851121556,53.19718676286951,26.4372476817095,-4.901132721438875,-1173943.7433041278,298.6072836372058
41180.0,control,0.0,0.0,104.19655640144447,-0.2452491197025106,53.85241529542367,26.285709164665704,-4.69025272701631,-1174417.9678375404,300.66934130263695
41190.0,control,0.0,0.0,105.91704785998215,-0.27424536430840096,54.08783387943734,26.543159689008473,-4.842323299266952,-1175181.143553272,300.5137590654426
41200.0,control,0.0,0.0,107.0879796163549,-0.29383979790734416,54.6760446625869,26.66522661286256,-5.32366562635059,-1175022.5246503614,300.64918264733876
41210.0,control,0.0,0.0,95.32151800542309,-0.09274453533411092,53.705548375908776,26.22465086422672,-5.982248122270657,-1174721.5884333644,300.95829501431535
41220.0,control,0.0,0.0,103.36127770954853,-0.2310904180747388,53.97940274164651,26.52830154245735,-4.736965567245023,-1175550.5903629437,300.25900095194487
41230.0,control,0.0,0.0,104.10909478907294,-0.24376896039440127,53.5084450570881,26.22859060308615,-5.981344494650969,-1173162.5002599843,302.94137453845894
41240.0,control,0.0,0.0,102.69522021846687,-0.21976482164256786,53.42510914811958,26.490579246079392,-5.47037166285549,-1173730.295839386,300.15564413066573
41250.0,control,0.0,0.0,104.24479930372011,-0.24606531562956915,53.49676419066206,26.608765955703756,-4.748199171280207,-1174661.2570496704,301.73995015556164
41260.0,control,0.0,0.0,105.33308979549369,-0.26443006280088377,53.61954309140072,26.471588783759028,-5.151449316424382,-1173567.44489122,300.19360546900697
41270.0,control,0.0,0.0,104.66431945276611,-0.2531555361695581,52.87289677073043,26.74313873226962,-5.83632470493356,-1174310.0167796575,302.16215080227346
41280.0,control,0.0,0.0,103.29238025179268,-0.22992031239324812,52.67517001868368,26.606272024970163,-5.58214445645475,-1174847.5299364682,300.26847286772914
41290.0,control,0.0,0.0,107.81378391797035,-0.305924354407572,53.23870505851329,26.53448537076457,-5.576260935838256,-1175543.9055848494,299.4578042205069
41300.0,control,0.0,0.0,109.4854408697423,-0.3335673187703948,52.75939658891471,26.344583498579258,-5.273366138516922,-1174890.0647551678,300.3076988239087
41310.0,control,0.0,0.0,109.43293171489152,-0.3327032101069498,52.67360355523216,26.610430507818375,-5.337156705584923,-1176214.2518376429,301.0979284377648
41320.0,control,0.0,0.0,108.29552231307076,-0.31391825704697,53.58345512889089,26.327522770351067,-4.480428723118078,-1174518.7584811356,300.58437630390597
41330.0,control,0.0,0.0,106.22035256064193,-0.2793322031798392,53.38137822601967,26.64599617837024,-6.069147362189118,-1174572.1883663628,301.5980601777069
41340.0,control,0.0,0.0,106.74665013812961,-0.2881402821603004,53.61131652529929,26.542109123833487,-6.101634852606779,-1173990.179691013,299.67202108725365
41350.0,control,0.0,0.0,103.64714357013895,-0.2359417731511062,53.305301611885845,25.971227296055922,-5.5426441149873025,-1174431.8053781465,299.4087814372618
41360.0,control,0.0,0.0,108.12286552855706,-0.3110557355190407,53.41431424138597,26.413349817029754,-5.820636343105458,-1173576.562409712,301.2127650849304
41370.0,control,0.0,0.0,100.30873380152589,-0.17895219016972091,53.166674397911095,26.319548384957272,-5.810205249492733,-1173519.865244627,299.1110930975093
41380.0,control,0.0,0.0,102.85677972270955,-0.22251475496452874,53.61840368384604,26.486362210127645,-5.501636688481519,-1172151.5965547152,301.22437945035404
41390.0,control,0.0,0.0,104.61754402257951,-0.2523656598967162,53.345617663628786,26.125695157148986,-5.205897226963843,-1172996.5651450958,300.6269694563407
41400.0,control,0.0,0.0,104.53352261808355,-0.2509464050462349,53.03847599035738,26.698617707005855,-6.215253477830541,-1173900.5875294805,298.7405840748369
41410.0,control,0.0,0.0,107.15416588758183,-0.2949437746881376,53.026666729600706,26.310883702240375,-4.833389992071016,-1172652.6097969096,299.93256755804725
41420.0,control,0.0,0.0,104.1632102565724,-0.24468485240491739,53.35358176481043,26.337398225486517,-6.287664099785986,-1174198.4239181709,300.411443601698
41430.0,control,0.0,0.0,108.46556189406022,-0.31673460128396325,52.72955448472862,26.075200008494726,-5.355214437147129,-1173477.5529677235,299.94819392733297
41440.0,control,0.0,0.0,106.59618313997663,-0.2856245264122705,53.0460231887627,26.92452989396646,-5.992885209476666,-1174438.2938210573,298.37122740732826
41450.0,control,0.0,0.0,102.62154200540549,-0.21851015010144545,53.05049860989802,26.643671431597685,-5.308315441583265,-1171478.7215827424,299.3025669717323
41460.0,control,0.0,0.0,106.60619314796476,-0.2857919516116534,52.42856116221499,26.55932749074031,-5.570525830437362,-1174857.8467827812,299.7842491364991
41470.0,control,0.0,0.0,101.84036654286832,-0.20518564157431626,52.91272983943404,26.727619630289208,-6.367390258280724,-1173676.7380279358,300.9492199784064
41480.0,control,0.0,0.0,103.82080622132676,-0.2388860966974208,53.700809738107466,26.427651756811567,-6.159824694402854,-1171450.721038051,298.8701351669807
41490.0,control,0.0,0.0,102.47576500459819,-0.21602664045048253,54.3655536943549,26.347172426088523,-4.7182369166330895,-1174343.9222913235,299.05951853006565
41500.0,control,0.0,0.0,106.0499557873139,-0.27647536825553215,54.04581646959455,26.25015000561596,-4.904286651971666,-1174465.6267030071,301.58547770796923
41510.0,control,0.0,0.0,106.58105083001536,-0.28537141016331585,54.328264974418715,26.21851671074116,-4.647706820135404,-1172572.2706802376,301.3004758070914
41520.0,control,0.0,0.0,104.33441075987837,-0.2475809406349595,54.67360787361225,26.32337007684041,-4.595795850507982,-1174569.7372948695,301.76766613338475
41530.0,control,0.0,0.0,102.92079212542106,-0.22360383341371168,53.967968564180744,26.621130438615083,-5.723305751661044,-1173539.279787669,300.5068135547218
41540.0,control,0.0,0.0,103.11316892920804,-0.22687516122765256,54.86409321719015,25.906467023155642,-4.745051353874645,-1173557.6532631665,301.7721855911115
41550.0,control,0.0,0.0,105.07302852621862,-0.2600499922233239,54.532859310107845,26.239487678778293,-3.430428576061571,-1175034.0948775336,300.23731296715204
41560.0,control,0.0,0.0,110.02219988809777,-0.3423842120184046,55.686880968293984,26.321766824111744,-4.416726288395866,-1174514.931258345,298.16810600088854
41570.0,control,0.0,0.0,105.82392834343848,-0.2726820728237096,54.34490362995874,26.71449237858287,-5.549720768843612,-1173760.3142847735,301.4679572412537
41580.0,control,0.0,0.0,108.02832019989229,-0.30948704551924877,53.66812100339315,26.451446000319482,-5.328279528177238,-1175729.448306365,301.3152058867221
41590.0,control,0.0,0.0,100.74008547726596,-0.18635402895342232,54.326146307935986,26.41985059976075,-5.53478579942748,-1175579.5968186017,299.15716877284785
41600.0,control,0.0,0.0,107.95262467664504,-0.30823050263459184,54.32489519201493,26.548922223928464,-4.517282104580404,-1174937.1811487712,301.5637051794906
41610.0,control,0.0,0.0,105.74816692328048,-0.27140965768000114,54.31388756484337,26.748352914709095,-5.941110912508932,-1173341.5634252224,299.5251280970822
41620.0,control,0.0,0.0,106.8362624134493,-0.2896376250996776,54.62046798625164,27.07360402850578,-4.182817337517286,-1173594.4009185545,300.3107553764365
41630.0,control,0.0,0.0,106.82775359886065,-0.28949548061693536,54.682566591753634,26.25590438653606,-4.597173470384134,-1175458.6383692827,299.1755341539582
41640.0,control,0.0,0.0,101.2747719984313,-0.1955143491634057,54.17735271373201,26.463559063677774,-3.5906095467603154,-1174904.4922144506,300.62383055064777
41650.0,control,0.0,0.0,110.41073578427687,-0.34874766421150555,54.2366041540473,26.64353902774538,-5.636807376068426,-1174539.9694031086,300.36686889852035
41660.0,control,0.0,0.0,103.82986564085428,-0.23903963255104982,54.56692129509157,26.27744434432851,-5.270838793340825,-1174063.1312369257,298.5433083015184
41670.0,control,0.0,0.0,107.13451321942853,-0.29461601223451883,53.9950129945268,26.485974325937605,-5.211426320163073,-1174395.9219531883,299.412452417385
41680.0,control,0.0,0.0,106.97386465241748,-0.2919354579467202,53.623643982421456,26.345135688593135,-4.557840506353809,-1173513.508367287,301.13586526485017
41690.0,control,0.0,0.0,107.94980566121029,-0.3081836966783284,53.86929404332391,26.58322210707051,-6.25994187054167,-1175649.0628066491,301.6895280599525
41700.0,control,0.0,0.0,113.9190160993189,-0.40544499944576523,53.965308166478955,27.02414950047965,-5.23203892767393,-1174268.5103084482,299.4859048045821
41710.0,control,0.0,0.0,107.02528024031514,-0.29279362031364164,53.70237402734085,26.697151015252203,-5.06348509134761,-1174118.729367355,299.7772921063934
41720.0,control,0.0,0.0,105.82728150334584,-0.27273837823559877,53.410855966487276,26.69626778378196,-5.046905568498909,-1174604.4845175166,301.01546472085636
41730.0,control,0.0,0.0,101.99589965558002,-0.20784168963107574,52.29044656546312,26.49209242232756,-4.914816230820719,-1175168.8934782036,300.34219661557563
41740.0,control,0.0,0.0,103.48838056180419,-0.2332481649128671,53.52031196263841,26.781080844568876,-4.333526548113561,-1175065.054365905,300.2837936177335
41750.0,control,0.0,0.0,103.57658341574006,-0.2347448564213006,53.53043077792309,26.622231329446468,-5.0092326457580825,-1175185.8578526918,297.7075844667613
41760.0,control,0.0,0.0,99.08096541375198,-0.15783002366828738,53.185276029250375,26.286157172958283,-4.823010717644242,-1174104.2403335124,299.4942130653245
41770.0,control,0.0,0.0,103.10343933486519,-0.226709772582663,53.89952689546187,26.63221409549402,-5.072101801335089,-1172858.4400154632,301.8489589990825
41780.0,control,0.0,0.0,106.36909068999309,-0.2818238954131303,52.480833358955195,26.791486106044847,-5.291276252920209,-1175437.6512656342,298.39909346521074
41790.0,control,0.0,0.0,109.18844202354705,-0.32867613596711176,53.55550427800563,26.204712013109358,-5.400360710741998,-1176886.4837851748,300.55865760167666
41800.0,control,0.0,0.0,98.93562219085359,-0.15532459522944264,52.742073052524596,26.26343902253963,-6.549821265442249,-1175891.9543732442,300.5015536553459
41810.0,control,0.0,0.0,99.41902546009511,-0.16365355134499748,54.27855598293664,26.258805103171163,-5.743693035994804,-1174921.3149740826,300.99655359286834
41820.0,control,0.0,0.0,103.50819728936727,-0.23358447812853828,53.976319574108395,26.211675438099807,-5.632763664812917,-1173623.2641590945,302.39669634140887
41830.0,control,0.0,0.0,104.95712503789498,-0.2580961614691114,53.896281826304026,26.86135227035207,-6.250075594788931,-1176290.6504470594,301.2710880800956
41840.0,control,0.0,0.0,100.85212778108587,-0.18827492323848094,54.27602551829066,26.345029974526724,-5.235919412527804,-1174405.3684537876,299.46548851913013
41850.0,control,0.0,0.0,105.84304884347969,-0.27300312689086104,54.31069278840751,26.50658913894491,-4.295275726382669,-1174896.1800600681,298.9745937498691
41860.0,control,0.0,0.0,108.19788104278597,-0.31229978569116923,54.330494012075434,26.68593245910326,-4.060082766020399,-1173949.5810938217,299.8693938028608
41870.0,control,0.0,0.0,105.16873270876258,-0.26166251354580616,54.59474759650603,26.973064949806776,-5.2524306128626606,-1174963.3556181472,299.010138232964
41880.0,control,0.0,0.0,108.80941693241049,-0.322421278813522,55.41133689426814,26.210848750750117,-4.737979486435066,-1174493.6182898786,298.2141386759511
41890.0,control,0.0,0.0,104.6327516110784,-0.25262248228405615,54.916592452579536,26.83113134934242,-5.099956828235998,-1173110.7382494118,299.4029918573189
41900.0,control,0.0,0.0,102.96874000606645,-0.22441941450324904,54.83220140074345,26.47335637912352,-5.280308799990435,-1173724.6190478876,300.1369612051289
41910.0,control,0.0,0.0,103.34806902858885,-0.23086611701974413,54.45924919879421,26.522455757663007,-5.658369023916682,-1174146.9154407345,300.17926053833025
41920.0,control,0.0,0.0,106.07339641686936,-0.2768685143341649,54.955912424042346,26.380843128637782,-5.8514070662908,-1174395.823660545,300.36112773714495
41930.0,control,0.0,0.0,105.76629269582858,-0.2717141237996099,53.986148317523124,26.43758375819139,-5.368139655916482,-1175523.4850929994,298.6239016225999
41940.0,control,0.0,0.0,105.62779158714574,-0.26938697549141494,54.99746203458608,26.10843583780945,-5.451542475511212,-1175641.2406071275,298.59331819241066
41950.0,control,0.0,0.0,104.25553039523001,-0.24624684554432746,54.37021376662063,26.303199122075625,-3.9337556549736172,-1174778.8637091983,299.3677953187195
41960.0,control,0.0,0.0,108.44976987216644,-0.316473157137359,55.36950812998269,26.239461248793905,-3.745948401176684,-1174270.6211289335,301.792253306242
41970.0,control,0.0,0.0,101.67348937983876,-0.20233418961268562,54.63872910730654,26.184607304564672,-4.689709948703185,-1175951.509635292,299.83930033828375
41980.0,control,0.0,0.0,107.91122278984562,-0.30754300510809773,54.07504606536883,26.384459228524136,-4.593064252318784,-1174386.4063373972,300.6619600618106
41990.0,control,0.0,0.0,104.94691624914293,-0.25792401716947194,54.147215741059405,26.02707468789418,-3.6139548381880076,-1175060.4473663568,299.95446026729616
42000.0,control,0.0,0.0,107.70087009946462,-0.3040475281034073,54.421297274521535,26.689957384397797,-3.223951456935408,-1174312.6597144343,300.99883920568027
42010.0,control,0.0,0.0,107.66919629345766,-0.30352084133330715,54.38027199176139,26.481992418750945,-4.984982339448393,-1174953.743343588,300.1695063193009
42020.0,control,0.0,0.0,107.07171154051869,-0.293568388826174,54.565065227089484,26.620871261735985,-5.191279355374481,-1174850.1549921203,299.3648308662071
42030.0,control,0.0,0.0,105.7344196627185,-0.2711787211277177,54.37719608965171,26.21423093432988,-2.356523137668887,-1173510.7041719276,300.88045127660064
42040.0,control,0.0,0.0,108.34801882485395,-0.3147880463691368,54.29704698559945,26.971474751388065,-4.103587569690976,-1174047.8255488165,301.9932704403705
42050.0,control,0.0,0.0,114.51351415690397,-0.41490786052960654,53.94001490862576,26.086990896304883,-3.5386641782319983,-1174044.322415568,299.9659270259126
42060.0,control,0.0,0.0,100.39573859608831,-0.1804459911028696,54.86971051707634,25.97098089276024,-3.9690158702140605,-1172993.6758801993,299.864752021336
42070.0,control,0.0,0.0,107.55785691419321,-0.30166870334687373,54.47926649548941,26.627901133299577,-5.637776079442711,-1173798.834408803,301.0296282914811
42080.0,control,0.0,0.0,109.28751716943695,-0.3303087622670945,54.65237462620213,26.320523364853074,-4.888785654362414,-1173416.9013323896,300.3869737120699
42090.0,control,0.0,0.0,106.30568085156067,-0.2807618718173386,53.64596477727925,26.29304570156966,-4.888907354679697,-1173017.5777852908,300.28184598268956
42100.0,control,0.0,0.0,104.62952368253258,-0.25256797122875424,53.468620745739706,26.997177334780613,-6.117522106376097,-1175351.217859676,300.24241944406145
42110.0,control,0.0,0.0,103.43887243587851,-0.23240783184171016,54.262319068373046,26.475641605751314,-5.478431859032839,-1173054.2272328082,299.1419948197056
42120.0,control,0.0,0.0,109.01428727610732,-0.3258039188534558,54.785391956700536,26.4222373324788,-4.728477006700438,-1173953.6704372726,299.60734636306483
42130.0,control,0.0,0.0,106.76510327732414,-0.2884486757648816,54.59534209755251,26.551785892617872,-5.3362803686113,-1173939.0166602712,299.96886663689673
42140.0,control,0.0,0.0,105.4000661105533,-0.2655572299050535,54.31435572851034,26.3759883875231,-6.021575409031499,-1175439.8579500578,300.3994175753207
42150.0,control,0.0,0.0,107.24165146075522,-0.29640241635182774,53.76527007980614,26.274762624175313,-5.891704269016188,-1172695.649405865,300.8599961998427
42160.0,control,0.0,0.0,105.00156383419869,-0.2588454090394382,53.70662271355602,26.476068600765377,-6.135575023692644,-1175569.9936029743,301.09796145863817
42170.0,control,0.0,0.0,110.21921035888427,-0.3456128412910893,53.62146745761053,25.873359652240573,-4.563743804041279,-1173532.5915255267,299.86051735606765
42180.0,control,0.0,0.0,107.62022857018621,-0.30270640077535044,53.44489941343645,26.009541692202284,-5.60385932466793,-1173334.4276531637,301.29386442869986
42190.0,control,0.0,0.0,102.66792430939051,-0.2193000399283176,53.62319085361491,26.394041919741262,-5.62173806343792,-1175055.4664974473,299.78093186913617
42200.0,control,0.0,0.0,109.2319632254497,-0.3293934286672392,54.13636783879198,26.95066097418754,-5.0203245743104405,-1172764.1280918084,300.6662887914364
42210.0,control,0.0,0.0,107.69659818103534,-0.3039764980752566,54.53389267672373,26.867484249382667,-5.190584619980154,-1174410.4672956206,298.3587599887498
42220.0,control,0.0,0.0,104.09686068407663,-0.24356187077568317,54.54702633782958,26.829323456405987,-4.764446781754963,-1173565.5616511013,300.2215122152128
42230.0,control,0.0,0.0,107.72387148795006,-0.3044299476541693,54.865852508138794,26.743795112180802,-5.033141771826605,-1175802.2053882182,299.60532862831366
42240.0,control,0.0,0.0,99.85131664409171,-0.1710920058452662,54.294077868092295,26.913337660708958,-5.738684462596846,-1173087.7040371262,300.6200683443271
42250.0,control,0.0,0.0,108.07715916722007,-0.310297484010059,53.83287073339288,26.74802107406762,-5.057348544888622,-1173654.036343651,300.7037022405854
42260.0,control,0.0,0.0,110.11932121597513,-0.343976355308665,54.11130609662185,26.407216048148978,-6.403331786480975,-1174434.9185030553,301.59831489629704
42270.0,control,0.0,0.0,109.13004331477688,-0.3277133424335171,53.598603485695925,26.205379756457607,-4.832755393068868,-1173531.0150616579,296.82765739019004
42280.0,control,0.0,0.0,108.49534935946163,-0.3172276808868889,53.74968755074165,26.227537307820946,-4.2587640737723795,-1174520.5022258386,299.9717086652128
42290.0,control,0.0,0.0,96.3712143243087,-0.11096964436857604,53.75854515753122,26.449874919522657,-4.646725172454573,-1173847.9018420726,299.38345674140186
42300.0,control,0.0,0.0,105.56043295446655,-0.2682546203436792,53.944555759813205,26.512330338846308,-6.290021599367516,-1173454.180202175,300.93890271502426
42310.0,control,0.0,0.0,105.65330267784611,-0.26981574121295493,54.27646422666386,26.580461684417756,-5.8133905633689835,-1173103.6440812293,302.3938091725073
42320.0,control,0.0,0.0,106.97318015517942,-0.29192403161858427,54.11141248951549,26.546146502113384,-6.0712506826469035,-1174323.9008470569,300.31541379815144
42330.0,control,0.0,0.0,106.66130093994838,-0.2867135161208406,54.57210403601722,26.564316194143966,-6.266023929176027,-1172934.0902233217,301.58517112527693
42340.0,control,0.0,0.0,99.85729343432897,-0.17119478146861333,54.09961503923326,26.236522408345294,-6.201577470966608,-1174087.3440703508,298.68376365901844
42350.0,control,0.0,0.0,105.18244359156526,-0.2618934687502502,54.28845129775203,27.06965724209762,-5.43114723183796,-1174541.2394391708,302.53609205528664
42360.0,control,0.0,0.0,106.65628664042309,-0.2866296732277157,54.61534849936341,26.949943726651863,-4.991579099568869,-1173585.6010645423,300.0275259028663
42370.0,control,0.0,0.0,101.93712435004339,-0.20683815927373386,53.89198490387714,26.634426750820765,-5.197343814867758,-1173063.1242363136,298.6771350461108
42380.0,control,0.0,0.0,103.80913180873421,-0.23868823405518963,54.216913109969376,26.49131190092938,-5.2916937038723635,-1176099.0850466304,300.5651814730157
42390.0,control,0.0,0.0,106.91337103282936,-0.2909254758763919,54.15170271036003,26.658944686936003,-4.254911908514265,-1175043.4585398827,300.8979287467742
42400.0,control,0.0,0.0,107.55321506949542,-0.30159146116655894,53.14980806989903,26.436835497568254,-4.821743724081853,-1174015.5415116642,301.38520006877883
42410.0,control,0.0,0.0,103.69104309423382,-0.23668626333070877,54.28700213669019,27.0592015865054,-6.204162080654301,-1173572.4856403116,300.34971665461956
42420.0,control,0.0,0.0,104.47641502771863,-0.24998145899217583,54.26227933861056,26.397555081672394,-4.814462646931334,-1175139.2163663618,300.568816035824
42430.0,control,0.0,0.0,108.34528995850029,-0.31474283960696503,54.3520082405718,26.54131025818065,-4.501423070457573,-1174118.7784196157,301.6235367486441
42440.0,control,0.0,0.0,100.63761383347301,-0.18459659347437016,54.090915913180545,26.640906697165345,-4.290300069958309,-1174427.3432290256,299.4356672453544
42450.0,control,0.0,0.0,107.6269126914726,-0.30281758540540515,53.80078595917787,26.308927922604646,-5.022779491051892,-1173856.3260488808,299.46303391010565
42460.0,control,0.0,0.0,105.73680804029871,-0.27121884396460055,54.34756661584309,26.488899564041308,-5.573869457398326,-1173992.7873435672,298.99861304555156
42470.0,control,0.0,0.0,103.01010708541993,-0.2251229315916198,53.70434846637741,26.62919661934418,-5.103180331483904,-1175219.237162156,300.0127594389103
42480.0,control,0.0,0.0,106.32824826038824,-0.2811398829399686,54.26587355491125,26.926871684470793,-4.29078225398144,-1173564.744942652,301.11322778820954
42490.0,control,0.0,0.0,104.26783404608359,-0.24645496664909852,54.2619216042267,27.033846981873978,-4.409630925712986,-1172776.2594851945,300.48476115401076
42500.0,control,0.0,0.0,100.79529966923053,-0.1873007307949112,54.73505287343364,26.291304358303446,-5.134569738324107,-1174655.6977968235,299.4297808713811
42510.0,control,0.0,0.0,100.96431931517883,-0.19019765457510038,53.92264967623298,26.620460269973446,-4.581044862922795,-1173507.646530889,299.9861842723129
42520.0,control,0.0,0.0,101.57280619872162,-0.20061297117001137,53.82113169069898,26.720098952339562,-5.76223196710192,-1174483.5827719122,299.7049864412565
42530.0,control,0.0,0.0,101.61803280626938,-0.20138621470531748,54.035374787294245,26.472853671827213,-4.696093313577153,-1174516.4919117559,301.6449468265654
42540.0,control,0.0,0.0,101.62725577711365,-0.20154388531183276,55.232543668401604,25.878801929864466,-5.628133935309128,-1175412.945529746,299.9995721134423
42550.0,control,0.0,0.0,105.6500530540527,-0.2697611276525041,54.47029883750258,26.18119560752268,-5.437331227707771,-1173221.37690413,300.2966298811193
42560.0,control,0.0,0.0,105.33405255474291,-0.2644462679659382,54.716236343375506,26.51720788487382,-4.887272642878868,-1173700.850929752,301.6376608525311
42570.0,control,0.0,0.0,105.1917756058714,-0.2620506548124895,54.248706549814166,26.31575497267298,-6.4578813216782365,-1171908.8781883195,299.512494657455
42580.0,control,0.0,0.0,110.5984343183919,-0.35181606923049197,54.31561426042465,27.126420459841324,-5.270675485707274,-1174191.5330360122,298.6912558253746
42590.0,control,0.0,0.0,104.52874077753472,-0.2508656159120735,54.567920915936725,26.46723619283933,-5.0214664745547335,-1175063.0370782223,300.97835800647243
42600.0,control,0.0,0.0,105.95892360458892,-0.2749481388971591,54.58774545841803,26.77949213753132,-4.205681174475254,-1173795.829620054,300.83305701840254
42610.0,control,0.0,0.0,99.37917639014395,-0.16296739112961903,55.137719937064155,26.394232509191024,-5.074721759357105,-1174309.8142171595,301.237085397121
42620.0,control,0.0,0.0,106.04288556193072,-0.27635677739691356,55.20152938939276,26.279597742860716,-5.904541556655831,-1175605.339234151,300.8279405959727
42630.0,control,0.0,0.0,105.30311838268233,-0.26392554662012613,54.92399875499574,26.474376129259777,-5.415328945284466,-1174976.7629748285,300.0867812194489
42640.0,control,0.0,0.0,102.31847127949553,-0.2133453596891317,54.584385900022376,26.456668451071735,-5.246858643359708,-1172107.1610101163,300.8062614520031
42650.0,control,0.0,0.0,102.65184502384982,-0.21902622622486187,54.51203682672411,26.198197720508155,-6.0613323008165985,-1173004.8703683093,299.8762992847968
42660.0,control,0.0,0.0,105.14664621921553,-0.2612904425617435,54.97490577269747,26.48482147442299,-5.925894869509743,-1173843.9841998946,301.05451580990865
42670.0,control,0.0,0.0,108.30612504602307,-0.31409394986427175,54.77055878173702,26.285679221114854,-6.394509660588693,-1174379.0248935577,300.73766768318205
42680.0,control,0.0,0.0,106.89010633105083,-0.2905369694718085,54.66033047770075,26.29766351846779,-5.040783957662045,-1174217.3631397728,301.592637481758
42690.0,control,0.0,0.0,107.17425172047167,-0.29527872550205136,54.54006181504788,26.483336044112328,-6.319155106066963,-1175373.325098047,302.4239608317856
42700.0,control,0.0,0.0,108.52613223634182,-0.31773714770377415,54.705896575174336,26.287507128484684,-6.477240192886015,-1174213.402984405,300.07011593804924
42710.0,control,0.0,0.0,104.00990069092572,-0.24208955875360136,54.294788043999745,25.896325175025332,-4.058760265571578,-1172596.9979300369,301.5295666827777
42720.0,control,0.0,0.0,104.7979208679138,-0.25541067397006273,53.52612907916271,26.392371754727137,-5.196094213180937,-1174733.806379309,302.1449374459983
42730.0,control,0.0,0.0,109.84378371919787,-0.33945681418382834,54.25315527252942,26.49741549240683,-4.369435464537612,-1174746.5685791,300.9570739799815
42740.0,control,0.0,0.0,108.72204199835875,-0.3209773638030866,54.41676451732839,26.097666308544788,-3.609070345256724,-1173529.6092468854,298.5943871343664
42750.0,control,0.0,0.0,111.03763018522467,-0.3589810204157864,54.25701436994976,26.570093547535276,-4.5802878726241705,-1171971.0655245073,299.91145185241163
42760.0,control,0.0,0.0,106.61319633480012,-0.2859090801935602,53.840027232207675,26.573714887364268,-4.523172881815792,-1174511.7662711143,300.85724215980383
42770.0,control,0.0,0.0,109.5357566246942,-0.33439506925067736,53.802204860340275,26.88652529559317,-3.5880348658240298,-1174163.1935647968,301.9539336195818
42780.0,control,0.0,0.0,108.34960869105,-0.3148143839743436,54.13035071085636,26.638501021294193,-4.208036656140365,-1174976.7615298051,300.6439265367938
42790.0,control,0.0,0.0,103.62244312918402,-0.23552281849387988,53.88282283732432,27.015086218069555,-4.736280016530403,-1173736.2748420667,299.7633119720579
42800.0,control,0.0,0.0,111.30838271830683,-0.3633875386338058,54.32365641100293,26.57859033369298,-4.525260393356573,-1173817.8699599467,298.32210997512857
42810.0,control,0.0,0.0,105.85790359920162,-0.27325253347078493,55.07523763206079,26.875907466792185,-5.8437668334123,-1176189.0185149927,301.39340710266794
42820.0,control,0.0,0.0,103.60985242419942,-0.23530924535785883,54.856130554744446,27.026006706473982,-4.132892973356669,-1173883.6120744292,299.68876632832024
42830.0,control,0.0,0.0,108.42606789325333,-0.31608071491920914,54.51373573869563,26.366343567947915,-4.813920078165927,-1174551.5918446574,298.8789625289102
42840.0,control,0.0,0.0,100.70669917881413,-0.18578150388443337,54.05229409730693,26.533563535565747,-4.723797460737374,-1171728.3618906084,299.1308992066281
42850.0,control,0.0,0.0,99.76842521083486,-0.16966643079032878,54.00564040499032,25.868834827820056,-4.160263406276974,-1175024.5490424018,301.70085733576263
42860.0,control,0.0,0.0,110.23442890584953,-0.3458620749845678,53.498503462965964,26.295968561425266,-5.340882438181099,-1174644.7560709417,300.8068544095281
42870.0,control,0.0,0.0,112.14503204127483,-0.3769523588857596,53.68836105954234,26.088252391925312,-4.853649253503111,-1174296.6280023567,301.6395121830457
42880.0,control,0.0,0.0,108.1881666788624,-0.3121387137300118,53.839888747784926,26.911136473938857,-3.704295423236414,-1175460.6860022824,299.27435555184076
42890.0,control,0.0,0.0,108.41416338527718,-0.31588358727423316,54.19582672150773,26.526852418275045,-5.308080160418186,-1174845.3876851536,300.1190450323044
42900.0,control,0.0,0.0,107.89798460555122,-0.30732314502066777,54.928424683616285,25.957748010446505,-4.817642007188663,-1174542.9094459284,300.1382998677605
42910.0,control,0.0,0.0,108.17312501460334,-0.3118892931463848,54.573256207167624,26.08082401229896,-4.554832405527149,-1174800.4177446216,302.2233993144083
42920.0,control,0.0,0.0,106.62591235499391,-0.28612174522301725,54.194953621728615,26.244832900500928,-4.682245802402272,-1174567.5084982906,300.8485079454805
42930.0,control,0.0,0.0,109.82970502305416,-0.33922567476295035,54.114854292021334,26.825775053904472,-6.523941072923678,-1175002.493564982,303.2771409836237
42940.0,control,0.0,0.0,105.43265782925148,-0.266105595826325,54.30108355760809,26.547767828081433,-5.965458299913862,-1174589.6872694902,300.8671231545596
42950.0,control,0.0,0.0,108.77110522778608,-0.3217882506120625,55.3231760512878,26.08633662944021,-5.684998624752723,-1174126.1836955082,299.92013710566505
42960.0,control,0.0,0.0,108.22363059979875,-0.3127266905923805,54.484202689740975,26.56937274895675,-5.718607050926926,-1174575.2707179524,301.5560705904789
42970.0,control,0.0,0.0,107.40887345329874,-0.29918857280034317,54.51433480647493,26.412375858111165,-5.4267196300112595,-1174841.6575986147,301.80404580722745
42980.0,control,0.0,0.0,111.23820445781877,-0.362246157167566,54.70461087694539,26.20458391384681,-5.312938683527118,-1174627.2773675919,300.5428312451139
42990.0,control,0.0,0.0,103.41340816692448,-0.23197554290783234,55.174033043020124,26.59966498474663,-5.234136827932511,-1174860.8823742196,301.35965963162994
43000.0,control,0.0,0.0,110.62689053258349,-0.352280928898465,55.143827255275134,26.4610427202842,-4.734056891590247,-1177139.6289122514,300.4578494645178
43010.0,control,0.0,0.0,113.51199341701556,-0.39894102343533966,54.7170141368829,26.263697376010846,-4.900862952905111,-1172977.252198562,301.4000914926827
43020.0,control,0.0,0.0,109.38763652797365,-0.3319575924602137,55.123727143464095,26.598154533851734,-4.914110513164389,-1175389.3643134926,300.14645211989097
43030.0,control,0.0,0.0,110.02400899581443,-0.34241387834875425,55.05147612978697,26.26551267302016,-5.606383343136875,-1173497.7794343662,300.1572598062827
43040.0,control,0.0,0.0,103.45904535687527,-0.232750260709136,54.96680209017257,26.273115555382468,-5.117888118672785,-1172733.3338604309,299.7708063393856
43050.0,control,0.0,0.0,110.09618072258932,-0.34359709477045763,54.53466227608229,25.69506793762364,-4.600766930144522,-1174763.2084513195,299.54288526838366
43060.0,control,0.0,0.0,108.45359536806835,-0.3165364921793343,54.94634102114946,25.98840706646337,-4.691551599332348,-1175798.6588030215,299.79992896443207
43070.0,control,0.0,0.0,104.43125747635958,-0.2492182566824469,55.484324848039755,26.055257217175424,-4.926867152039962,-1174081.792740563,300.0165210668296
43080.0,control,0.0,0.0,109.86287887414323,-0.3397702794279045,54.927069847683306,26.641086656195874,-4.0291451846151185,-1173834.0363466386,297.8292236983217
43090.0,control,0.0,0.0,111.19138837507892,-0.36148443660365437,54.17458128618561,26.985373492563102,-4.2230515292774955,-1174743.9482440017,299.5798128412715
43100.0,control,0.0,0.0,110.84278426014026,-0.35580492217142984,54.66027216937344,26.471659922975103,-3.8120204721182973,-1174769.4264687616,298.3299526944826
43110.0,control,0.0,0.0,106.87647570743272,-0.29030932406896315,55.64670485568401,26.444144421195137,-5.304771503136606,-1172934.8501045443,300.3921145527595
43120.0,control,0.0,0.0,105.23518044888621,-0.26278166345909026,54.90719474871712,26.409714337176712,-4.986539149658611,-1174690.6416710094,301.2619025712207
43130.0,control,0.0,0.0,103.66639189988204,-0.23626822184149276,55.40734824044666,26.13288001401846,-4.538363561362488,-1175622.2577583175,300.37544254824127
43140.0,control,0.0,0.0,109.29553559995072,-0.3304408521744163,56.048100127339474,26.40714410842706,-4.744319119950682,-1173637.1996478308,300.7350172034631
43150.0,control,0.0,0.0,105.4029216027458,-0.2656052778965641,54.45276813203543,26.358700236546493,-5.228447902327519,-1175621.000892019,299.7100484984986
43160.0,control,0.0,0.0,112.31442171455596,-0.3796890287161483,54.33151696758107,26.04469846606826,-5.360143625389198,-1175692.1726742666,301.03565558013486
43170.0,control,0.0,0.0,107.26264079079539,-0.2967522675226016,53.41159369029143,26.351700381121322,-5.395372382817194,-1174431.9461398087,301.2421964599381
43180.0,control,0.0,0.0,109.48245742176371,-0.3335182296270975,54.28487547901087,26.407639665434214,-4.730547303693396,-1174548.5689409953,299.5574078704429
43190.0,control,0.0,0.0,99.48232951549241,-0.16474341951317403,53.82431359702082,26.210087171084187,-4.593310380778173,-1174166.6511701606,300.1949050040699
43200.0,control,0.0,0.0,107.13196964430769,-0.2945735885686651,53.457059895252016,26.47039842966274,-5.352616204370866,-1174732.1210060287,297.8300451820278
43210.0,control,0.0,0.0,103.3408274069923,-0.23074313939905522,53.406693601552014,26.217814790486162,-5.074743679549951,-1175185.2195867319,299.2892247062646
43220.0,control,0.0,0.0,109.73778565991438,-0.3377160699994939,54.28846476014602,26.342120113004537,-5.19264032665971,-1175199.128664989,300.0933013657489
43230.0,control,0.0,0.0,103.14631003256629,-0.22743846161088593,54.17760547053099,26.469155764466024,-5.152897850259268,-1174235.6732818838,300.0001053002859
43240.0,control,0.0,0.0,110.37207972950122,-0.34811526783252483,54.81677995294244,26.384683697245936,-5.724068899232408,-1173047.0478435028,300.31866872606565
43250.0,control,0.0,0.0,104.44832225942844,-0.2495066847382031,54.929294879555464,26.277422927092676,-6.339813613167427,-1174488.372728452,299.8563026340235
43260.0,control,0.0,0.0,108.14904581007464,-0.3114899675050619,54.34281061285161,26.039958170149117,-5.0036153352706165,-1173082.0370497573,298.81013761464254
43270.0,control,0.0,0.0,106.42474905218992,-0.2827558085091316,54.03000393699945,26.129116065715078,-5.692034096861171,-1172196.9329486936,300.1023982542168
43280.0,control,0.0,0.0,112.52159594250125,-0.3830316341252802,54.39730665464522,26.33100090013209,-6.836197504207172,-1174186.2563208714,301.0006488162211
43290.0,control,0.0,0.0,111.56223079524578,-0.3675115668960508,54.13343286259306,26.519196529831998,-5.463302798950214,-1174737.5378941651,299.63395160454684
43300.0,control,0.0,0.0,111.3901561998071,-0.3647168173034319,54.419915120791664,26.352289132937774,-5.102741220270872,-1173187.4145509265,300.04494266517673
43310.0,control,0.0,0.0,111.58077394148161,-0.3678125380055299,54.18778849727006,26.608462380414785,-6.8404227402959386,-1173238.0531541742,300.41356040709076
43320.0,control,0.0,0.0,107.70266989284653,-0.3040774531160121,54.132298522975525,26.362674537650022,-6.384340399764756,-1175203.4730409924,299.9168148299526
43330.0,control,0.0,0.0,103.1500315575987,-0.22750171174097777,54.27026155896998,26.3526923150886,-4.95721721806476,-1173655.83979409,302.11348783908045
43340.0,control,0.0,0.0,107.70079320028236,-0.30404624950051323,54.20823316054599,26.49442512511436,-6.034285049467371,-1174303.4165378325,299.42416213893375
43350.0,control,0.0,0.0,111.10811722370437,-0.3601289781610458,53.592476685020934,26.783819256248435,-5.01393762190064,-1175160.7495074365,300.42109803866714
43360.0,control,0.0,0.0,108.5757562211336,-0.31855824794139803,53.589105036757225,26.443593398818223,-5.134315735898341,-1174259.9858874492,298.81252946186436
43370.0,control,0.0,0.0,105.08853773831515,-0.2603113565703151,53.80527892701821,26.201712107865383,-6.181669352582329,-1174537.7632179223,300.6562128304151
43380.0,control,0.0,0.0,111.83567672508843,-0.37194590965547053,53.77186049681494,26.019707091760406,-5.9333413192599105,-1173092.4099922646,300.81828262797075
43390.0,control,0.0,0.0,106.46422166807488,-0.28341655467968363,53.278160707175026,26.224418001979828,-5.602558191997279,-1174898.8456193823,299.3179431890793
43400.0,control,0.0,0.0,106.03369922803245,-0.2762026861754663,53.34120736801676,26.457886302338064,-6.495370715028274,-1172864.2665050756,299.7917827017934
43410.0,control,0.0,0.0,104.53663339180635,-0.2509989605896261,53.58760166358203,26.295914013509492,-5.372140687742615,-1174767.7667506207,301.85238442319303
43420.0,control,0.0,0.0,104.72678179103035,-0.2542100472309673,53.73472717935391,26.21453827292291,-5.947326671214171,-1174781.53730472,299.5113404206111
43430.0,control,0.0,0.0,109.9788288893604,-0.3416728983114062,52.98499392392919,26.547247229819483,-5.305656332268546,-1170982.76425918,300.9139372939929
43440.0,control,0.0,0.0,108.70515359189001,-0.32069818815049184,53.67131565621053,26.55706448088658,-5.761627168743749,-1171649.5439128894,301.7159641388686
43450.0,control,0.0,0.0,110.51091891534286,-0.35038587747686073,53.202721372709995,26.451769513622814,-6.395248672906274,-1172557.2730025053,299.1200119750274
43460.0,control,0.0,0.0,109.76103208588526,-0.3380979316242685,54.24006330062673,26.110824656949507,-5.8999178332503455,-1173289.4872241542,300.212220238591
43470.0,control,0.0,0.0,110.8043129189477,-0.3551773300645271,53.00560476248679,27.0661252249472,-5.798184305363837,-1174258.6781854536,301.18871899983435
43480.0,control,0.0,0.0,105.09095431517449,-0.26035207949030065,54.62539424019174,26.710541554157864,-6.670569179406837,-1174206.4245842826,300.3920454444502
43490.0,control,0.0,0.0,105.0468078518818,-0.2596080728420169,54.17504204081551,26.25879472602918,-4.417535007410151,-1172879.3415196966,300.99374304436003
43500.0,control,0.0,0.0,111.30930592199289,-0.36340255001870025,53.85283085561321,26.763364164753217,-4.82727487556726,-1174882.4482175913,301.58654460518267
43510.0,control,0.0,0.0,111.57038327180648,-0.3676438933008476,54.71787138980491,26.58872450487849,-5.614963516026733,-1172490.1382302344,301.5687829053564
43520.0,control,0.0,0.0,112.81498779274501,-0.38775671999052375,54.768358187192156,26.600529904680084,-5.483004929101816,-1176531.2277029976,299.5561277533049
43530.0,control,0.0,0.0,111.36528963402064,-0.3643126743332088,54.23956545442683,26.46939507075724,-6.076960560586735,-1173450.2217609119,299.2902030249398
43540.0,control,0.0,0.0,106.10056862715432,-0.27732418846078744,54.749784771307816,26.122997217911877,-5.648188565146124,-1174462.4306178018,301.81572481872143
43550.0,control,0.0,0.0,110.9376234624102,-0.3573513708103011,54.553681310547546,26.08359455826748,-5.220556935752928,-1172637.993036827,299.5749403168029
43560.0,control,0.0,0.0,106.48742324373305,-0.2838048713644988,54.008047979150945,26.445605996318932,-6.340112922599186,-1174892.8158899453,300.54163984091736
43570.0,control,0.0,0.0,112.72920991570867,-0.386376310562852,54.43692400818019,26.56223400204246,-5.460743704904978,-1174764.833407538,298.60885985588607
43580.0,control,0.0,0.0,106.36619313225775,-0.2817753730047756,53.429961710768694,26.58123706564567,-6.3856916702008775,-1173737.448861165,301.4009224301854
43590.0,control,0.0,0.0,107.02567579833014,-0.29280022154239055,54.36145362820376,26.831503449283396,-5.675827693284654,-1174464.5016198605,298.05478729669403
43600.0,control,0.0,0.0,112.17334251279789,-0.37740997453691355,54.050466530824686,26.76592260807833,-5.4350475913715375,-1175144.5813721921,299.26374274273746
43610.0,control,0.0,0.0,112.22019464512898,-0.37816709851118324,54.01892133216232,26.246096020128494,-6.087727153057861,-1176533.0805512294,301.0223173048451
43620.0,control,0.0,0.0,107.88779314939268,-0.30715387389085325,54.11871848016581,26.391400263387315,-5.733148181385125,-1174201.4719575308,304.2377732222482
43630.0,control,0.0,0.0,111.0666245405621,-0.3594532907646971,54.17573684337162,26.736646035977614,-5.108113756984705,-1175051.9352295045,298.84159672263075
43640.0,control,0.0,0.0,106.78758153963204,-0.2888242978367076,54.10281420498926,26.374058268253194,-4.805576168428125,-1174212.6757577583,300.11688704621895
43650.0,control,0.0,0.0,106.10164549599179,-0.2773422461147588,53.07122245519484,25.96208895621835,-5.426291234367504,-1175462.220130939,300.65063450023865
43660.0,control,0.0,0.0,107.56633998258964,-0.3018098599329794,54.259088392541166,26.550934343208677,-6.083509435155665,-1172998.8803284802,297.6136770486985
43670.0,control,0.0,0.0,107.00546843981138,-0.29246297529691234,53.5336448346576,26.40499973772258,-5.108579066238649,-1175389.3026099447,299.6479081419526
43680.0,control,0.0,0.0,110.90199776509276,-0.356770572550657,53.95128634449426,25.85218459116828,-6.300891658656151,-1172624.5726162605,300.59676429356597
43690.0,control,0.0,0.0,102.75311605233249,-0.22075047905086223,54.3104970605912,26.098223346685334,-5.344413021065289,-1174396.7733706702,300.6748191716678
43700.0,control,0.0,0.0,108.17813230999629,-0.31197232640867517,54.11945427978542,26.119803927678248,-4.518730848855857,-1173961.2127155252,301.2687143388845
43710.0,control,0.0,0.0,103.40298457481406,-0.23179857571459725,54.409331047540455,26.434355012764332,-6.092751698820936,-1173227.223870147,300.79134496399604
43720.0,control,0.0,0.0,110.39644710556179,-0.3485139260711523,54.549905999793936,26.679609082701507,-5.336854803023275,-1173767.3988743033,298.82758254248586
43730.0,control,0.0,0.0,113.31089546178728,-0.39572014871859945,54.34396838166465,26.644880366723367,-4.347188001883643,-1174495.5920765065,300.17096821558215
43740.0,control,0.0,0.0,108.22924136057891,-0.3128197036701242,53.78793389392483,26.525019591792347,-6.287072908583324,-1173901.653616069,298.89795319993783
43750.0,control,0.0,0.0,107.41757346605357,-0.2993334578586556,53.59600567591469,26.42493216894141,-6.021968454869771,-1173185.3284686469,299.20362331888504
43760.0,control,0.0,0.0,107.3590656356748,-0.2983589690744724,53.49269489873593,26.763973685277318,-4.813233642410629,-1171365.2359152809,299.24846048125744
43770.0,control,0.0,0.0,108.13655044244462,-0.31128272465879536,53.56523568120325,26.263753478930326,-6.346069137975613,-1174791.1479490623,298.39051130946245
43780.0,control,0.0,0.0,111.14939877706783,-0.36080103998833846,53.19097486122587,26.178604342524007,-5.090097815061569,-1173755.0778910574,301.1937507587653
43790.0,control,0.0,0.0,109.82355691155625,-0.33912473065663784,53.547634826031164,26.521885147888316,-4.747190050498406,-1175770.7891109847,300.1397963449411
43800.0,control,0.0,0.0,106.74335616995907,-0.2880852293730185,54.24491262623556,26.38890821846208,-6.6097072191749975,-1172469.1510612331,300.11434185651837
43810.0,control,0.0,0.0,111.68840821247818,-0.36955877238331475,54.061773133800436,25.966015766604972,-4.931963352131177,-1173646.4991219416,300.00009828816684
43820.0,control,0.0,0.0,105.31223765323193,-0.2640790611997642,54.03755927038598,26.36550155732579,-4.428714245204195,-1174249.6748987194,302.832812899453
43830.0,control,0.0,0.0,107.73339720999176,-0.3045883073103417,54.048273697097464,26.031728536684657,-5.484256922940943,-1173318.1556666233,297.8657564514045
43840.0,control,0.0,0.0,108.22369398062652,-0.31272774131260617,54.353374540660866,26.656417611850006,-3.7508560801307875,-1174796.988623621,299.38798723396286
43850.0,control,0.0,0.0,107.08524689780388,-0.29379420814502744,53.056479827273485,26.68975177427094,-5.574512046855597,-1173394.5797535777,300.29664536850055
43860.0,control,0.0,0.0,106.87408369886994,-0.29026937337614267,53.57186198726226,26.456949432153635,-4.719060927861927,-1175596.0912088826,300.77742240404785
43870.0,control,0.0,0.0,105.7232871804111,-0.27099169809537105,54.43696445376911,25.99325802303457,-4.745654480206589,-1175528.046607349,301.10834861877447
43880.0,control,0.0,0.0,112.71842126085798,-0.3862026291210374,54.17838854059553,26.37129522197798,-4.953257993436101,-1174665.3050052058,301.4979468597867
43890.0,control,0.0,0.0,109.6322465036204,-0.3359817137457066,54.40399464038671,26.516223020446642,-5.019474575549228,-1174286.9149711393,298.024637870958
43900.0,control,0.0,0.0,109.5388552327751,-0.3344460363983244,53.80529483396671,25.847102548933766,-5.095630260966374,-1173046.8993820474,300.02434838215544
43910.0,control,0.0,0.0,111.89332848784467,-0.37287974293032883,53.462871084884014,26.723967045940267,-5.070967126637213,-1174804.2519887555,303.716386189948
43920.0,control,0.0,0.0,114.26289248774825,-0.41092400359012676,54.58659960504767,26.713261159449107,-4.59351680714129,-1172582.2634054478,299.99119994530713
43930.0,control,0.0,0.0,108.0643119287048,-0.310084317535669,55.085171106577974,26.566584933002936,-5.812335483379195,-1173523.913210256,300.50229835362757
43940.0,control,0.0,0.0,108.30712097340982,-0.314110452348206,54.54055183558371,26.37847571038877,-5.09345544641317,-1174392.545368608,301.1761303390824
43950.0,control,0.0,0.0,110.16718247967256,-0.34476059818889443,54.83834482785577,26.611772307188016,-6.394750446089118,-1172848.3712744266,300.213311474218
43960.0,control,0.0,0.0,110.61665895368633,-0.3521137962010546,54.84375517587052,26.144702118428754,-6.788551900180573,-1172882.8806491047,299.53911466737196
43970.0,control,0.0,0.0,106.13726476290202,-0.2779394784563478,55.25233387950869,26.427528501788032,-4.538170807053907,-1173560.531070577,300.5578860711928
43980.0,control,0.0,0.0,112.37849430004528,-0.38072332553244237,55.373804789548515,26.595554843097,-5.4443097723183715,-1175063.762166001,299.7393165005076
43990.0,control,0.0,0.0,106.9837345680412,-0.29210021204249026,55.12592640232923,26.185667595935666,-5.309787242899077,-1174722.4087540451,298.6279141957997
44000.0,control,0.0,0.0,107.4224094297005,-0.2994139902593007,55.25119450003166,26.569065930748952,-4.225215047423168,-1175320.242548896,299.9525147413057
44010.0,control,0.0,0.0,110.61500039719077,-0.35208670264627356,55.42603406005273,26.67584676126654,-5.8502310834401605,-1174354.514816584,300.71693830635496
44020.0,control,0.0,0.0,107.23812211962353,-0.2963435852148636,54.94658061259143,26.384592179101904,-5.820669645131124,-1173344.8749378547,300.5371524951807
44030.0,control,0.0,0.0,109.62573954527228,-0.33587474560009956,54.887399139009624,26.71799735355076,-5.60081196137104,-1173836.3601229824,299.8534146895279
44040.0,control,0.0,0.0,116.44276436008883,-0.445303595619695,54.790209780571324,26.429305756283853,-5.4882401476398694,-1173124.7482870258,297.83613102730664
44050.0,control,0.0,0.0,110.17301258828276,-0.34485611248671777,55.21095179956134,26.88040317230517,-5.269625910945849,-1174149.0151080377,300.20195612498514
44060.0,control,0.0,0.0,108.19988405727709,-0.3123329961650035,55.034401026045174,26.555248721857783,-4.7098545925205,-1174379.7984592393,299.35870959336756
44070.0,control,0.0,0.0,111.28388664141708,-0.3629891955060215,55.32188715986595,26.660376910634145,-5.63987174051889,-1175505.9156858604,301.3761143587262
44080.0,control,0.0,0.0,105.24978338056853,-0.2630275668631421,54.54464584181116,26.139336264332886,-5.389717326246872,-1173249.3649824634,300.1958994497489
44090.0,control,0.0,0.0,109.96315253000712,-0.34141574722574863,54.65997737908401,26.131168342227106,-4.079901823034424,-1174028.5619688649,300.1400904312735
44100.0,control,0.0,0.0,107.54313880440975,-0.3014237812130239,54.712366458033095,26.409669122857014,-4.298536343346058,-1175080.6012213137,300.09559167717487
44110.0,control,0.0,0.0,111.13129198290497,-0.36050628523471046,54.78339874885011,26.28361309389552,-5.719746340682569,-1175644.8200972155,300.12841481590533
44120.0,control,0.0,0.0,108.90130165801997,-0.3239389114881599,54.399305841663534,26.199492922435653,-5.796830896740035,-1172961.8114925344,302.3006836439512
44130.0,control,0.0,0.0,107.92407228152646,-0.30775639407734745,54.758512239334706,26.312330001877644,-5.036017254607428,-1172418.1781362984,299.3077590036976
44140.0,control,0.0,0.0,109.57287451008989,-0.3350055347520956,54.84173223659622,26.200793039037674,-5.52795938205731,-1174518.580364393,300.18745346449026
44150.0,control,0.0,0.0,111.5395826820586,-0.3671439164486852,55.441012515884125,26.585029325998185,-5.727512034259239,-1173810.8409189768,301.9886981224622
44160.0,control,0.0,0.0,108.48043977897119,-0.3169808894622608,54.66086404321594,26.180578375616005,-5.637417416936647,-1174352.7893526405,299.6939454542309
44170.0,control,0.0,0.0,110.14221602280594,-0.3443515339553548,54.80094805573462,26.49438906170335,-5.932896047772136,-1173742.681304058,300.70001629810787
44180.0,control,0.0,0.0,109.51285913451645,-0.3340184118480765,54.775498728464775,26.445767243613474,-4.435166856639305,-1173693.8102820218,301.59016573309606
44190.0,control,0.0,0.0,110.15478786202469,-0.3445575260976642,54.412316936966,26.30774287155502,-6.155638189076984,-1173851.490610104,301.25085841158733
44200.0,control,0.0,0.0,106.61218203879667,-0.2858921163165289,53.9603388580093,26.504074720820306,-4.863290974089925,-1175244.3378703035,299.98827368353034
44210.0,control,0.0,0.0,105.04554705649414,-0.25958682221158647,54.54453679350767,26.455106071039378,-6.037221304930372,-1175277.3924601432,299.34758737641647
44220.0,control,0.0,0.0,103.82050498413496,-0.23888099133289933,53.444586156175134,26.20144071104313,-6.406558476305167,-1174745.5673290864,299.511895459543
44230.0,control,0.0,0.0,110.37076033454447,-0.3480936803021077,53.6531939334646,26.580759038885976,-5.70539923931908,-1174942.829557756,300.2132247202068
44240.0,control,0.0,0.0,105.1228685108239,-0.26088983775466795,53.68716363117588,26.324217314735154,-5.500803406521097,-1174345.849741174,298.5295810747815
44250.0,control,0.0,0.0,106.25382966439524,-0.27989318338096475,52.96519174443135,25.85025908320002,-5.907628191912086,-1175218.3697608132,300.6403949796817
44260.0,control,0.0,0.0,112.26092064838609,-0.3788250196696649,53.35003524803742,26.434182873193073,-5.7232996713020565,-1175715.1072373874,301.18400250080606
44270.0,control,0.0,0.0,103.65764512474588,-0.2361198811935254,53.729586743458604,26.287608060863803,-4.2826910339721715,-1173382.5316407215,300.43157742499886
44280.0,control,0.0,0.0,110.30741714825814,-0.34705706181948265,52.905646821209224,26.300415322470712,-5.5964374613646815,-1174802.5263795052,300.1969353067725
44290.0,control,0.0,0.0,111.16490098764727,-0.3610533669224888,52.86453153065402,26.372835116004385,-4.575459174509503,-1175425.444101207,301.6544123817697
44300.0,control,0.0,0.0,104.34864939250514,-0.24782170716730023,52.64979274375288,26.587771777629364,-4.5585996450950335,-1173840.8150010984,299.3016559595139
44310.0,control,0.0,0.0,112.75495022423357,-0.3867906362469834,53.04799735710073,26.777727772646415,-5.784795205174313,-1174386.7031820081,302.63638911576766
44320.0,control,0.0,0.0,104.84920985794884,-0.25627604313225194,52.74639763333737,26.59947025954748,-5.574720144739197,-1174836.2740776613,299.16837647011164
44330.0,control,0.0,0.0,108.16658440098567,-0.3117808301121716,52.50950255433056,25.861830361908986,-5.528924422824269,-1172643.9149341155,300.73783038900274
44340.0,control,0.0,0.0,106.02558315982289,-0.2760665416430363,52.970343755628726,26.24963910848902,-5.028621827039419,-1174507.787646301,300.1368065883041
44350.0,control,0.0,0.0,106.69595199784577,-0.28729284804833133,52.92378031878519,26.718081576059348,-7.160153851412183,-1173294.4977571461,299.55093880010116
44360.0,control,0.0,0.0,112.93242840151196,-0.38964526249315645,52.756177843123666,26.213848551774387,-4.30759405124831,-1174249.1679286435,301.01159582704247
44370.0,control,0.0,0.0,108.24999611308569,-0.31316374205667996,52.26565997687564,26.45287123117257,-5.685031419493248,-1172822.3855765443,300.61714366531555
44380.0,control,0.0,0.0,107.82661429576869,-0.3061375428205718,52.629489927451694,26.04365497822949,-5.169435020267492,-1174402.1250229813,300.28797598502456
44390.0,control,0.0,0.0,106.75231870211853,-0.2882350198404049,53.11679008795922,26.72090427257636,-5.576625178067626,-1175187.4089943375,298.59743385110096
44400.0,control,0.0,0.0,108.61309255316681,-0.3191758737845163,52.67375396362811,26.136283666903147,-5.188748699594945,-1174203.6073329933,299.4445606745922
44410.0,control,0.0,0.0,113.46152179198909,-0.39813310771556576,52.70213873988564,26.525566582494434,-5.049885377067996,-1175017.785339132,300.78874347868816
44420.0,control,0.0,0.0,105.26433757848874,-0.2632726326235186,53.28946492861388,26.56694940555958,-5.020835914604362,-1174227.4554755986,301.3305552612893
44430.0,control,0.0,0.0,107.46211858300776,-0.3000751786654777,53.6194240509086,26.113737311961145,-5.032344684648453,-1173513.196288893,300.89363691446295
44440.0,control,0.0,0.0,101.14165530704737,-0.1932353371924484,53.924730270563046,25.988073960232327,-3.397540100116906,-1173397.3317857161,300.8165060468297
44450.0,control,0.0,0.0,116.00406192770848,-0.4384348648037508,53.97141783317657,26.690947261226214,-5.084161073388318,-1176029.118987957,301.4102999879824
44460.0,control,0.0,0.0,110.8888246111832,-0.35655577844657504,53.96806738315293,26.1612847408965,-5.152621156337658,-1172210.9629785288,300.5259992481799
44470.0,control,0.0,0.0,103.08629276314628,-0.22641829043481967,53.617122238667676,26.634442111016657,-5.090303933708332,-1173808.7315721158,300.3778333652268
44480.0,control,0.0,0.0,105.1994025638716,-0.26217911618007184,53.56506306428162,26.42132634807846,-3.892459716000925,-1174631.4569702744,299.55127583979674
44490.0,control,0.0,0.0,114.89229769252492,-0.42091387506932065,53.96809197060351,26.104665976541625,-4.367086221880382,-1173110.5013483558,300.9041548478907
44500.0,control,0.0,0.0,113.26629486487155,-0.39500514375779266,53.97571934015934,26.32334080034181,-4.897719979990694,-1173967.1727017965,301.5073154939818
44510.0,control,0.0,0.0,108.943580838998,-0.32463694451108893,53.68936072039541,26.59770560738932,-4.441838169068001,-1177364.5336208455,297.984197681558
44520.0,control,0.0,0.0,110.1686871709021,-0.3447852497912149,54.69851035742721,26.33035938283941,-5.482405748891519,-1172504.2512253094,301.5950556485306
44530.0,control,0.0,0.0,105.8756642019038,-0.27355070417882055,53.0408196053621,26.484256529708073,-6.175466650520399,-1173186.833658997,300.8658466693182
44540.0,control,0.0,0.0,109.28569464175352,-0.3302787383430551,53.035840094730126,26.46900443133796,-4.9888659450212405,-1173342.5966235176,299.6090720926298
44550.0,control,0.0,0.0,111.32488015249594,-0.363655774350589,52.89753448718836,25.993188764523182,-4.936028084622735,-1174384.7826880943,299.4084914542025
44560.0,control,0.0,0.0,108.6710407851967,-0.320134197708394,53.23351488160188,26.345967123730816,-5.586741623575411,-1176082.7240557037,300.6664840615557
44570.0,control,0.0,0.0,107.0541118252163,-0.29327473663462145,52.721788862211845,27.143992226325288,-4.893757063428201,-1175937.6145820394,300.47245440165875
44580.0,control,0.0,0.0,110.06362385631675,-0.3430634099415222,53.07341569420503,26.542983924156342,-5.309432371615394,-1173512.2597771306,298.3072733090551
44590.0,control,0.0,0.0,111.18798875969989,-0.3614291137935206,52.48982033494944,26.306775593621442,-4.37318811886624,-1174790.191870682,301.23873308525754
44600.0,control,0.0,0.0,107.27775623853023,-0.2970041878747021,52.65703686489675,26.439651332099434,-4.9786039497022525,-1173392.5312828496,299.75908768881345
44610.0,control,0.0,0.0,111.60184554134696,-0.3681545013130165,52.8782891583984,26.09393213312289,-5.491655454685867,-1176440.7237124816,301.9862905729239
44620.0,control,0.0,0.0,109.86482032014946,-0.33980214800926317,53.39043981811702,26.771054610992497,-4.4002402791380195,-1175077.6796926688,299.6673791230282
44630.0,control,0.0,0.0,111.08827795816532,-0.35980592927954363,52.92536728692259,26.07242037800596,-4.57291794236151,-1173957.1810405273,299.92628173875676
44640.0,control,0.0,0.0,110.86937120274814,-0.35623854754827017,53.00757793350585,26.492298619453834,-5.56912841753737,-1174433.8909255844,298.29899081621386
44650.0,control,0.0,0.0,109.11014930162025,-0.3273852808947488,53.40102868237431,26.350898362571968,-3.687734433677707,-1173321.0598346014,299.7390145754273
44660.0,control,0.0,0.0,109.4914659750661,-0.33366645206624573,52.823010430625786,26.60187624836213,-5.067113932087956,-1174480.3441249132,301.27937316901017
44670.0,control,0.0,0.0,105.58811835006094,-0.26872008004501685,52.9386866118261,26.56478861972551,-4.924356206035933,-1176150.9570932928,300.7416870508482
44680.0,control,0.0,0.0,109.93759723386013,-0.34099648974324637,54.13629379113434,26.895554379568992,-3.6648544188131496,-1174694.5098238848,301.15290666085247
44690.0,control,0.0,0.0,108.22775556495282,-0.31279507300214515,53.160367259813746,26.584995955077417,-4.5754697586571815,-1175144.9210797623,300.15222072322734
44700.0,control,0.0,0.0,105.29465075977049,-0.26378299594614285,53.19801432694011,25.9485432154977,-4.756371405659005,-1176343.2863360625,299.37328430876687
44710.0,control,0.0,0.0,108.16037391503063,-0.3116778378263986,53.555462738791874,26.680662242589168,-4.448803491607389,-1174647.9337860197,300.7691201858897
44720.0,control,0.0,0.0,107.53369455693353,-0.3012666102525427,53.94142101311652,26.355342766610367,-4.303236359622506,-1173012.677184904,300.96879600765345
44730.0,control,0.0,0.0,112.41340816747145,-0.3812867250970239,54.16740443783819,26.5721887102673,-4.279000163557545,-1174781.7843159232,301.1989605594038
44740.0,control,0.0,0.0,113.28718627613932,-0.39534008978968177,54.02530367174945,25.96277538192288,-5.91425195319046,-1174468.2639458403,300.1349620432591
44750.0,control,0.0,0.0,109.19862225547834,-0.3288439380010637,54.338825443231734,26.66003267835916,-4.8355354155925925,-1174768.2483562026,300.65867045473345
44760.0,control,0.0,0.0,108.03042552506243,-0.30952198612836934,53.57490156802635,26.456117080571996,-5.694693878933981,-1174461.7085636947,301.1011457926723
44770.0,control,0.0,0.0,108.83591085208423,-0.3228589562509315,53.590966653995025,26.46879805167204,-6.202713612440111,-1174009.3787743337,299.7296990965872
44780.0,control,0.0,0.0,115.24032272834255,-0.42641597111483476,53.795084171426744,26.783006363456494,-6.607870602929088,-1174226.6216307469,299.06639195804524
44790.0,control,0.0,0.0,113.05735505628404,-0.39165238974998035,53.728109893198564,26.376001999285542,-6.059286192417643,-1175693.3465759698,302.4113331954817
44800.0,control,0.0,0.0,108.71667620567871,-0.3208886670010457,53.91749967575401,26.615226999813473,-5.854422806429201,-1173671.3483168222,301.13808085837536
44810.0,control,0.0,0.0,111.99969813866659,-0.37460170856654074,53.72311364025787,26.214884885602295,-6.703105205791841,-1171722.8805969208,300.70140079957747
44820.0,control,0.0,0.0,106.71846932312579,-0.2876692594738913,54.00518085742322,26.981534167931493,-6.446789292014978,-1173646.8958362807,302.1031514610794
44830.0,control,0.0,0.0,110.3075493043379,-0.3470592250108479,54.34036416274692,26.50429924017659,-4.838057637879415,-1175492.3708890416,302.74079851916764
44840.0,control,0.0,0.0,108.92569788998684,-0.32434171698859915,53.99636579441049,26.7729093957801,-4.106417976129983,-1173523.3286177032,299.6381985274095
44850.0,control,0.0,0.0,109.42251099126473,-0.332531689850991,53.5623740231134,26.35562687350934,-5.496395233461007,-1172605.8857687525,298.7869223137589
44860.0,control,0.0,0.0,107.99258574964281,-0.3088939221452737,54.113508978368145,26.604293310275878,-5.061388500237744,-1174512.230290465,303.1689863638873
44870.0,control,0.0,0.0,111.15370818301095,-0.36087118613213554,54.74796560949447,26.41019999437082,-4.52033568728724,-1175734.871890664,298.23977819910914
44880.0,control,0.0,0.0,115.40253533100663,-0.42897510545580664,55.09036525567522,26.149622522978262,-6.135380240766334,-1174888.28278202,301.6937170602425
44890.0,control,0.0,0.0,110.98388241708578,-0.35810531463095485,54.43396176122658,26.3156970830088,-4.34591523503274,-1172546.6430349723,300.7973937889463
44900.0,control,0.0,0.0,114.28039839336856,-0.41120253200787665,53.697228568711765,26.799402777096404,-3.564274740176005,-1174979.9186259843,300.75864386794746
44910.0,control,0.0,0.0,110.16030424922717,-0.3446479079879663,54.26055015067506,26.30428161156415,-4.413506804357083,-1173855.0535119828,299.93954395279656
44920.0,control,0.0,0.0,112.46047512420907,-0.38204601302514846,53.84313516062252,26.501179448965622,-4.872490156239079,-1173990.5964265317,299.79950645975833
44930.0,control,0.0,0.0,110.85612395061364,-0.35602249826356636,54.54992519680092,26.706430215392107,-6.272983264645285,-1174242.5979700424,298.4502722572989
44940.0,control,0.0,0.0,112.92268359387471,-0.3894886200685803,54.308920079517705,26.826596975585964,-4.716999894116707,-1174863.790205676,299.5913947056917
44950.0,control,0.0,0.0,112.7143335505431,-0.3861368194324837,54.74980858664069,26.588820009220687,-5.7762830949337935,-1175976.4660004526,300.01835190030783
44960.0,control,0.0,0.0,111.70383503722348,-0.3698089470296721,54.95843705511773,26.694341205714608,-5.007249137321262,-1174018.3304648101,298.32193329976434
44970.0,control,0.0,0.0,109.09847059034256,-0.32719267511997363,54.80768502708243,26.288512324257283,-5.337963560670577,-1175185.8645946607,302.5175072686303
44980.0,control,0.0,0.0,103.68820381328409,-0.23663811628270529,54.97584745306467,26.45502031315887,-5.412956413406157,-1175202.7027405873,300.6024290982545
44990.0,control,0.0,0.0,110.27100730266898,-0.34646101846766775,55.29738042219819,26.408082506798902,-4.613563054620732,-1175528.6538755316,299.8503095715791
45000.0,control,0.0,0.0,107.95586629554087,-0.3082843244300826,54.72537240732139,25.888224293500244,-5.478251091782019,-1174721.2932894658,303.0370559643342
45010.0,control,0.0,0.0,110.05115280943664,-0.34285895033409375,54.734909194175316,26.518666550465255,-4.727193994645326,-1173157.9049079139,300.25442654642035
45020.0,control,0.0,0.0,102.66107788042217,-0.21918345439114276,55.17660805484127,26.249070561653507,-4.025229557624117,-1174213.2365204282,299.83823387464605
45030.0,control,0.0,0.0,110.7799349685785,-0.35477956388109416,53.73172945355268,26.073240553833564,-5.77912063434179,-1173810.8151827566,301.6041704963336
45040.0,control,0.0,0.0,111.32613563103035,-0.36367618624125786,54.37133170157476,26.951563558950696,-4.473929094242068,-1174965.6561413594,297.0512038983139
45050.0,control,0.0,0.0,106.6056129589268,-0.28578224773508276,54.54097911389568,26.719734882667712,-5.7887623390874445,-1173528.0165302102,301.2600834464044
45060.0,control,0.0,0.0,108.73133698534835,-0.32113100370697373,54.07725573223957,26.33215019833339,-5.715915953326522,-1174166.5387443658,301.8106871234063
45070.0,control,0.0,0.0,110.22910904313767,-0.3457749545233948,54.1678446164752,26.880827172626866,-5.1756551513819655,-1172207.905269187,300.75984930308186
45080.0,control,0.0,0.0,109.05193475454405,-0.32642506932448295,54.57440315171983,25.961051514453143,-5.593036905175386,-1175008.4782445468,301.33768940683905
45090.0,control,0.0,0.0,104.88237057153198,-0.25683543521247887,54.568470724198576,25.83870830849243,-4.135249899289541,-1174100.1590449903,299.40596828954125
45100.0,control,0.0,0.0,107.39132719637921,-0.29889634644691204,53.523483362389854,26.33886068552378,-5.916884175165174,-1175210.0917283855,301.4268600033545
45110.0,control,0.0,0.0,106.06672912445111,-0.27675669526437496,52.98947085803934,26.458458747209068,-5.302703855563307,-1175254.1842707563,300.7500802488436
45120.0,control,0.0,0.0,107.4707167475512,-0.3002183258458374,53.67890689468937,26.41516732585023,-4.792944069741325,-1175280.2948306464,300.21870502107265
45130.0,control,0.0,0.0,106.64599014166419,-0.2864575010734608,53.603492848104665,26.647861254194236,-5.766383941298189,-1173599.5316519495,301.4348736649698
45140.0,control,0.0,0.0,105.29046957539258,-0.2637126044500796,53.15756540002629,26.027608161906713,-6.140312437075106,-1173852.9503364563,299.8036621430855
45150.0,control,0.0,0.0,106.13018283348542,-0.2778207434800247,54.214828274878606,26.15831436137273,-5.192097989299329,-1173637.389185913,299.8865334234729
45160.0,control,0.0,0.0,108.58367380508568,-0.31868923367243185,53.147022320721334,26.041796619866016,-4.7428084546832,-1174455.9656656105,301.08152916145514
45170.0,control,0.0,0.0,104.47952683031151,-0.25003404547762265,53.393321639100705,26.429953341507847,-4.836570017968971,-1175508.0566216353,302.40613240707034
45180.0,control,0.0,0.0,109.3917274323024,-0.3320249425919025,54.05299501207903,26.123551003660214,-4.811252655960589,-1174129.0091138557,298.9487809561577
45190.0,control,0.0,0.0,105.76076119200819,-0.27162121171725967,54.02669692030045,26.34921211595275,-6.259805534373794,-1174873.4044364635,299.1300878172704
45200.0,control,0.0,0.0,109.18475636580037,-0.3286153822517068,53.88738611169512,26.80344142777742,-4.9319970376748685,-1173427.2566763237,300.87469854028177
45210.0,control,0.0,0.0,104.20960354386146,-0.24546987452178703,53.97255082510492,26.462385889853486,-4.421868435161676,-1174769.458588289,302.6080809406329
45220.0,control,0.0,0.0,104.59619990083726,-0.25200517511125464,53.766766376611486,26.17899472988406,-5.957863590045932,-1174049.106933739,299.25377038927775
45230.0,control,0.0,0.0,109.31053517948988,-0.3306879271747421,53.28966864702409,26.368794746303962,-4.80601515281276,-1175071.8031197917,300.84023613424637
45240.0,control,0.0,0.0,103.05350411863807,-0.22586084533986645,54.38637970571448,25.9335406938708,-4.237215824941328,-1174460.9886877816,300.9679835522426
45250.0,control,0.0,0.0,105.0151386144281,-0.2590742516985165,53.5523981764386,26.0792020059713,-5.5781402977709185,-1173566.4752626773,300.3224606092487
45260.0,control,0.0,0.0,109.78724067453386,-0.33852838500196014,53.87394701840832,25.86554052989799,-5.180709161291843,-1173846.6572434641,300.38305274077317
45270.0,control,0.0,0.0,105.6449616863435,-0.2696755597819731,54.52294346259927,26.61021077432183,-4.76856278635349,-1174055.7847392932,300.81612845746776
45280.0,control,0.0,0.0,104.11400863930606,-0.2438521351835259,53.75709158391004,26.623569256443552,-6.092341092487532,-1175551.1209782641,300.82917442414777
45290.0,control,0.0,0.0,106.4930352902952,-0.2838987912443482,53.56280565658968,26.613102241844427,-6.025384529777369,-1173989.0142551363,299.54616028097814
45300.0,control,0.0,0.0,108.1813170292157,-0.31202513563968115,52.90205464839576,26.33201418325617,-4.796298920574519,-1174848.5986261684,299.3983050247538
45310.0,control,0.0,0.0,107.34053888808019,-0.2980503282478336,52.71821891796805,26.790197009407358,-4.997288251959008,-1174309.745536765,300.2121931216972
45320.0,control,0.0,0.0,109.50050825863458,-0.33381522119216844,53.54394980741629,26.553277759624724,-4.638215417485965,-1174598.3554343376,301.37998916236955
45330.0,control,0.0,0.0,109.06632257962264,-0.3266624186483846,53.951760967199895,26.579938131111984,-6.215447576214647,-1173874.2485365476,298.89569418660045
45340.0,control,0.0,0.0,102.87522215820026,-0.22282855487310538,54.176849359849676,26.4069993108483,-5.159960842349902,-1175506.0361618698,300.4484490654833
45350.0,control,0.0,0.0,104.32869625634196,-0.24748430758954126,53.89559914190742,26.55611924149335,-3.4528149439175424,-1175095.040593464,300.73527694251084
45360.0,control,0.0,0.0,105.30033958845058,-0.2638787668313701,53.18502651067144,26.497720728288837,-3.3655737230546787,-1174272.3828411773,302.2582590313196
45370.0,control,0.0,0.0,109.94980433676434,-0.3411967666487069,53.66579559297122,26.631707580862525,-5.1644754002876105,-1174820.5618836284,300.3094906651943
45380.0,control,0.0,0.0,104.84045211467894,-0.256128293366748,53.41595130629602,26.614504317753017,-5.1435863857895185,-1174701.1790300068,301.8288345061034
45390.0,control,0.0,0.0,102.45688771066044,-0.21570493744071093,53.51607549828754,26.15276175235555,-6.061231855506204,-1173045.2466766872,301.9106239254634
45400.0,control,0.0,0.0,105.03110893353723,-0.25934345955841376,53.53162835219323,26.24226832455184,-6.406764863187793,-1173608.4274066165,299.88698579101043
45410.0,control,0.0,0.0,101.48360716176218,-0.199087560982765,54.03792248414541,26.529894504890738,-5.406664003585117,-1174100.496581912,300.435130122744
45420.0,control,0.0,0.0,107.12059966843366,-0.2943839444320508,54.57512522401473,26.64830118927741,-5.033354964051327,-1174754.6180414278,300.37313302079815
45430.0,control,0.0,0.0,104.94225460782518,-0.2578454081588241,54.08268889199178,26.11507110981437,-4.752377993878778,-1175912.9531584177,301.68450827669267
45440.0,control,0.0,0.0,109.86516349705873,-0.3398077811726071,54.38440457838601,26.881698009387,-5.078733880635076,-1174149.3221179657,300.40931250770524
45450.0,control,0.0,0.0,107.06458951760631,-0.2934495608278218,53.60149026258778,26.728468246648696,-4.963089157513608,-1175689.105432354,301.13647788987214
45460.0,control,0.0,0.0,109.17351041245426,-0.3284299975881091,54.47632859738664,26.553370211200274,-2.899818076375713,-1174745.099107802,300.2409273154651
45470.0,control,0.0,0.0,111.28173338498802,-0.36295417713780354,54.67677786276317,26.127915677278896,-4.590619884246142,-1174088.761118468,301.8879414218059
45480.0,control,0.0,0.0,102.2808854754581,-0.21270442089581737,54.134449311560545,26.339499579805672,-4.316533116807708,-1174003.0431774836,301.53682523270817
45490.0,control,0.0,0.0,107.25200556042219,-0.2965750039612659,53.62383750727813,26.332588632742397,-4.661054146936351,-1173608.3025688566,299.2703148483947
45500.0,control,0.0,0.0,107.17044631364482,-0.2952152694242542,54.56061927305137,26.40140517115257,-5.079887334072853,-1171562.2160349227,299.50481398898376
45510.0,control,0.0,0.0,102.38055469974908,-0.21440384736066992,54.18763056775262,25.865296853320622,-5.628224575715253,-1172422.4718661606,300.8479554841611
45520.0,control,0.0,0.0,107.3725260449521,-0.2985831891847997,54.50271793400839,27.09293965777291,-4.274706017601688,-1173174.3640622813,301.36860858913633
45530.0,control,0.0,0.0,109.05442409759632,-0.32646613634334865,53.684618980902734,26.513721706342253,-4.2555043770486805,-1173401.973921124,300.5855479949137
45540.0,control,0.0,0.0,108.54455953019585,-0.31804208165081826,53.96631201352683,26.454620632733064,-5.434164902172391,-1174491.6375711039,299.43165312840455
45550.0,control,0.0,0.0,108.23753227160658,-0.31295714177690664,53.69868689428903,26.2717092633458,-3.187269606643075,-1174717.4383962322,300.8886157069621
45560.0,control,0.0,0.0,104.19078439460998,-0.2451514545408541,53.67279529937196,26.165744113354908,-6.085511309615246,-1173617.8000201024,300.0879783939478
45570.0,control,0.0,0.0,108.64537953324381,-0.31970986286387393,53.65926349362382,26.56713854467226,-4.329231123456739,-1175067.0083804429,301.24546234143037
45580.0,control,0.0,0.0,105.90152427933,-0.2739848044660534,54.01054732717773,26.134944314123466,-5.786960987563388,-1174020.939576801,298.6264826393739
45590.0,control,0.0,0.0,109.2112709701898,-0.3290524138816653,54.31943705502067,26.323706887188628,-5.099043480189639,-1174249.2005750556,301.58343331905684
45600.0,control,0.0,0.0,104.07955681855354,-0.2432689451504412,53.75992578844881,26.53007662666027,-5.551175275574906,-1173629.833670592,301.4781810823338
45610.0,control,0.0,0.0,108.71246701952653,-0.32081908698878403,54.71276563452874,26.122395051330827,-4.793153628155286,-1173586.1576007623,299.27370355857164
45620.0,control,0.0,0.0,106.73264199686436,-0.28790615454567686,54.5555365929316,26.677179785534022,-5.44451206421196,-1173507.7108938918,302.8856964426757
45630.0,control,0.0,0.0,106.472178743731,-0.2835497347208953,54.167709406071296,26.156626293741184,-5.071725064781178,-1173714.6208724715,300.9130348958467
45640.0,control,0.0,0.0,109.6441393963241,-0.336177210280148,54.28790652142109,26.245279427134886,-4.352682645849368,-1173385.448654756,298.8292691181309
45650.0,control,0.0,0.0,108.49978635453562,-0.3173011202777226,54.30024449715843,26.5421294441055,-5.611742333942889,-1174115.838905407,299.77467909302504
45660.0,control,0.0,0.0,105.5263396201071,-0.2676813413617809,53.475466798381376,26.184060482113214,-3.377441952679854,-1175072.729440596,300.1848288556116
45670.0,control,0.0,0.0,110.92857230288993,-0.3572038247406042,54.17340801782292,26.649954889751555,-5.667978763544886,-1175630.2691852544,300.1338194085148
45680.0,control,0.0,0.0,109.7183299873714,-0.3373964351357184,54.06667217052673,25.96280538951432,-5.6082466553998405,-1174844.544024149,302.88637790305245
45690.0,control,0.0,0.0,103.25384953842384,-0.22926578895426397,54.100822451079225,25.91885119881115,-5.555482155099938,-1174538.0143056065,301.95514806657684
45700.0,control,0.0,0.0,111.7354040957127,-0.37032081442490217,53.42935127800332,26.18922968230989,-4.5069973756450405,-1172931.788628934,299.7093238824933
45710.0,control,0.0,0.0,109.02322996233478,-0.3259514781038036,53.601066688769315,25.986480594288164,-5.9759542712264295,-1173331.6721253004,299.9293727022941
45720.0,control,0.0,0.0,104.89985161163722,-0.25713029036976376,53.39828517881981,25.87421108629346,-3.7824331906162323,-1174245.4930168856,301.9527493583196
45730.0,control,0.0,0.0,109.90513976905852,-0.34046389822937706,52.995971318360134,26.046298372651673,-3.5115032583910883,-1173202.7351515852,298.95719701452254
45740.0,control,0.0,0.0,110.93655072339541,-0.3573338841877972,53.81805235369295,26.337369885748345,-4.893683329126079,-1176478.7322560884,299.48522393678786
45750.0,control,0.0,0.0,103.57689252736505,-0.23475010068068958,53.76620750669662,26.360585258920093,-4.271825053906931,-1173673.8565124199,299.2272815575354
45760.0,control,0.0,0.0,106.37946096377408,-0.2819975497764361,53.53807749482918,26.282019950822487,-2.4759380724813025,-1174091.4522602465,300.4081735929248
45770.0,control,0.0,0.0,108.05531808638895,-0.30993507886060845,53.806829138444066,26.0224407664252,-4.758010909170979,-1175393.1201906353,300.9248296625066
45780.0,control,0.0,0.0,110.22489682178497,-0.3457059711800299,52.88392321921082,26.375217944724177,-4.641234745600149,-1173404.7483438905,298.56478148877784
45790.0,control,0.0,0.0,110.74546289740722,-0.3542169859809502,53.295193080761116,26.907338687263525,-4.446168753098844,-1173397.370047694,300.2774223426504
45800.0,control,0.0,0.0,106.55875098382499,-0.28499836715955557,54.07969206081091,26.42536439398337,-5.498656952045271,-1174745.4116128907,300.6561576888522
45810.0,control,0.0,0.0,116.06141559609478,-0.4393343160254977,53.46730296466426,26.181043204624096,-3.866644069314186,-1173505.6859045327,300.5814026471368
45820.0,control,0.0,0.0,115.00036801391009,-0.422624082996223,53.93140323681175,26.38391810434449,-5.161549136831342,-1174204.8696076814,300.3578849792425
45830.0,control,0.0,0.0,113.5354403138791,-0.39931624026796675,53.037525907831785,26.357929925389765,-4.720290931704641,-1173273.566671446,301.0207887330406
45840.0,control,0.0,0.0,106.3075171515847,-0.2807926320430385,53.33398521968607,26.609082074481766,-3.7523481758998996,-1173030.3073398136,301.06948328133285
45850.0,control,0.0,0.0,113.75688929058316,-0.4028567447350253,53.678464565506445,26.29844778444713,-5.290283806159482,-1174251.6689217612,298.4520144586575
45860.0,control,0.0,0.0,107.54619857348217,-0.30147470006691823,53.50376717028403,26.335481088466672,-4.703121157232319,-1173797.8570757993,301.9517501942398
45870.0,control,0.0,0.0,112.68416893630672,-0.3856511264613186,54.250023035135456,26.657277483715017,-3.623395156925641,-1175259.6177282073,300.1919929093939
45880.0,control,0.0,0.0,105.83119977481789,-0.27280417167419263,54.312835832930254,26.576810120077724,-5.731123879149989,-1175521.8558285795,300.0905888980909
45890.0,control,0.0,0.0,104.59592387692132,-0.25200051306356797,54.824134366820125,26.020108085176805,-4.6292437104542605,-1174693.406696204,300.4089307861246
45900.0,control,0.0,0.0,108.92307238366026,-0.3242983701497937,54.94951999547975,26.32451945159256,-4.883129600554567,-1174018.7360760681,301.32925442761723
45910.0,control,0.0,0.0,111.48935057498933,-0.36632828597946365,54.446738867464674,26.525189939228937,-3.7038435763336466,-1175896.8158368599,298.7950187776136
45920.0,control,0.0,0.0,111.23025127506631,-0.3621167720334543,53.9426462652697,26.528902350300992,-5.23080997153233,-1175383.453736836,300.8585833571049
45930.0,control,0.0,0.0,107.20086690058704,-0.29572250362929503,54.16024194844092,26.40684015733232,-5.218150188087617,-1174314.3770894036,300.69312979935665
45940.0,control,0.0,0.0,110.09467048361279,-0.34357234079754084,54.32804004401638,25.8940449085272,-5.546023555557309,-1174661.9879739154,300.90165579229586
45950.0,control,0.0,0.0,114.36891353003534,-0.41261026737671247,53.06780195092679,26.247169830654133,-4.938288690996186,-1173927.5959562287,300.84177202370455
45960.0,control,0.0,0.0,103.80640575518544,-0.23864203037527834,54.8373138588914,26.07518658277961,-5.309510173208864,-1172426.9168266486,301.7461461387159
45970.0,control,0.0,0.0,107.90403011295899,-0.3074235509911266,53.89989068974133,26.428889959876884,-5.8579464194934125,-1173803.6705258489,301.78593066447996
45980.0,control,0.0,0.0,107.31413391968677,-0.2976103887007454,53.421110375747844,26.252897824757536,-4.957927716579164,-1174341.2590798754,299.3651563630435
45990.0,control,0.0,0.0,106.16607868191062,-0.2784225261648162,53.31916046105877,26.159500155504496,-4.254402644187261,-1176276.9540683683,299.56118818908715
46000.0,control,0.0,0.0,103.65427792211977,-0.23606277376315304,53.322867465568024,25.627286342377484,-3.0316461194824083,-1174626.2365067676,299.78308328673273
46010.0,control,0.0,0.0,107.32524555518097,-0.2977955300480294,53.707300624676456,26.125395766404765,-4.234695846835304,-1174112.8420729637,299.89144510313565
46020.0,control,0.0,0.0,107.32975702582267,-0.2978706966816819,54.093185322056435,26.172334830309975,-4.9105015458916945,-1173319.0688561369,298.3665507249858
46030.0,control,0.0,0.0,109.57188694119174,-0.33498929435474323,54.39013135640464,26.3100920351958,-5.502820198664283,-1175192.3331658952,300.78069601327013
46040.0,control,0.0,0.0,108.47284211448375,-0.3168551205614929,54.21870646669153,26.546873170124265,-4.672058960360655,-1174992.938025916,300.0942039375485
46050.0,control,0.0,0.0,111.39216977663142,-0.3647495398830718,54.154832052469985,25.97707316353009,-3.1332690379772767,-1174283.236147143,299.13185139478384
46060.0,control,0.0,0.0,111.45881462055397,-0.3658323288975974,53.93706934905172,26.37735467077703,-5.273816937706544,-1173771.0929315444,301.42998295393323
46070.0,control,0.0,0.0,107.73171110098144,-0.3045602773298554,54.352694343082014,26.14601099934576,-5.387648027088123,-1174689.1147781797,301.0247615622458
46080.0,control,0.0,0.0,105.03289065762968,-0.25937349240747454,53.86459251212544,26.329336559995003,-4.907852092978533,-1174369.1486440133,300.06592733827955
46090.0,control,0.0,0.0,103.20495005194874,-0.22843498132010817,54.3406658810285,26.071030332925407,-4.625559845737877,-1174427.952132158,300.6404782811905
46100.0,control,0.0,0.0,107.91029286549053,-0.3075275614377415,54.2919604111195,26.53868081272573,-5.474629999817001,-1176147.454641508,301.70668377678953
46110.0,control,0.0,0.0,103.40152962247839,-0.2317738735591489,53.77698759587134,26.63643527978729,-5.828698380583507,-1173294.282571841,300.2002416484986
46120.0,control,0.0,0.0,105.69887653134077,-0.27058156924540844,53.839716425306975,26.721155350283297,-2.868632814248845,-1175326.3158841152,300.1706841330737
46130.0,control,0.0,0.0,106.44089123615667,-0.2830260345102773,53.941748513270376,26.139755078410246,-4.334530186941128,-1173440.8752382323,301.3807433068566
46140.0,control,0.0,0.0,103.13965320048632,-0.22732532132640162,54.33714423043287,26.215612698484428,-5.0628984292696035,-1174384.2421430368,300.1784244962464
46150.0,control,0.0,0.0,109.77238883447758,-0.33828446507837373,54.46973516656004,26.123743678821672,-4.172038725269082,-1171499.7113195248,299.87663268761605
46160.0,control,0.0,0.0,108.31891979961419,-0.3143059512853578,53.780259668881705,25.87869974995221,-3.664051250230521,-1174095.6287550908,302.3803321322345
46170.0,control,0.0,0.0,106.3898912226116,-0.28217219929502213,53.441622890671646,26.383024937237675,-5.6464324331850175,-1173622.8525446616,300.7335674726137
46180.0,control,0.0,0.0,108.82073560630623,-0.32260827084280075,54.504301183923566,26.08442213558613,-4.200085592821605,-1172836.8316135164,300.0664214816023
46190.0,control,0.0,0.0,103.88465356748887,-0.23996803155418353,54.3090480032067,26.00082454012744,-3.9071087554195527,-1173095.6764608957,300.0685005719467
46200.0,control,0.0,0.0,106.48780449947932,-0.28381125192056234,54.360510033956096,25.98351332676536,-5.4957932085412144,-1172893.3519720454,299.83749653038774
46210.0,control,0.0,0.0,108.03163639805155,-0.3095420819510346,53.62728612077455,25.724092335266064,-5.292238766251817,-1172227.6819728017,302.1958227852301
46220.0,control,0.0,0.0,107.48014458798237,-0.30037527817571286,53.990679881320936,26.370117858981992,-6.021802834492589,-1174616.8693250883,298.5488443572641
46230.0,control,0.0,0.0,106.49095527875447,-0.28386398172356,53.931635445493555,25.79758675716303,-5.672898557851921,-1174406.9580903724,298.80764873472094
46240.0,control,0.0,0.0,106.00004687499167,-0.2756381422471529,54.289727683574604,26.276825983894316,-6.832852256557994,-1174582.9288838133,300.6085696490462
46250.0,control,0.0,0.0,107.01597301717138,-0.29263829366273403,53.45961269854508,26.669994290265326,-6.191349847879499,-1174676.7796316221,300.3755573880062
46260.0,control,0.0,0.0,99.87384253756842,-0.17147934663119363,53.5809620408581,25.935561835781886,-4.631827495424753,-1174124.4556627572,300.8231326263556
46270.0,control,0.0,0.0,104.1469834852744,-0.2444102408573878,53.70157418008044,25.919135071611407,-3.0637940301150515,-1173043.7752865646,301.97799562699515
46280.0,control,0.0,0.0,114.45991443424981,-0.41405650946757155,54.32858249290405,26.01001883132547,-4.443461394015689,-1174583.1590210106,300.5610318604689
46290.0,control,0.0,0.0,105.9963178212222,-0.27557557866591287,54.2232371300585,26.106035389069287,-5.277378416896626,-1174099.7332607638,300.0706163979854
46300.0,control,0.0,0.0,109.62116910877991,-0.3357996094237923,53.95568423991679,26.06262742080885,-4.852275448775934,-1175851.063484408,301.19542939129934
46310.0,control,0.0,0.0,108.68651989377842,-0.3203901294332474,53.70650505974444,26.48097046573933,-4.532517699805659,-1172808.896427352,299.2366274130596
46320.0,control,0.0,0.0,109.66770915979718,-0.33656460955357614,53.98424006835075,26.600067561953704,-6.114145284021939,-1174377.5621905662,300.3162413272842
46330.0,control,0.0,0.0,107.81041160308303,-0.3058683177778108,53.60019535689188,26.43493003372468,-5.428983143473472,-1172433.8819798306,300.10781770907846
46340.0,control,0.0,0.0,102.32856023868172,-0.21351738789175334,53.999018795141545,26.240623171387103,-5.012886320603694,-1173432.738888722,302.57953732118614
46350.0,control,0.0,0.0,110.48490930908551,-0.34996066629331324,53.672429185167644,26.33180610643433,-5.172896669465828,-1175605.073506726,300.35799527912377
46360.0,control,0.0,0.0,104.58451124524102,-0.25180774844077475,54.026758202234966,26.52505478506481,-4.982794909566476,-1174785.0926641338,298.28403241071777
46370.0,control,0.0,0.0,107.35782567382657,-0.29833831327353744,54.547012765282844,26.1539084758216,-5.686616990307218,-1173539.3524776045,301.2644319578622
46380.0,control,0.0,0.0,102.8808571178286,-0.22292442967900977,54.755319407933584,26.645376107016364,-4.494810950638357,-1172840.1264933646,299.38265594467987
46390.0,control,0.0,0.0,104.64352702586118,-0.2528044443315149,54.37364716522844,26.678851386573747,-6.378395848656618,-1173903.2029976267,300.01647462343925
46400.0,control,0.0,0.0,109.55094079539401,-0.3346448152270497,54.33129156718165,26.6970841893172,-5.292010751516162,-1174996.08611756,299.8479360209661
46410.0,control,0.0,0.0,100.49970414323995,-0.18223044828134896,54.26617334893334,26.195945394501095,-3.3396213945662643,-1174672.9840714112,302.29446138163075
46420.0,control,0.0,0.0,115.3634290355198,-0.4283584618369632,53.52251333803034,26.75270609601335,-3.3205308197999988,-1172531.2031628005,300.7390489454477
46430.0,control,0.0,0.0,107.31807139656016,-0.29767599596490407,53.36984422793567,25.938063398609728,-3.9269998641277857,-1174488.8298615925,299.98898653245453
46440.0,control,0.0,0.0,106.67857697155468,-0.2870023676586565,53.9215247178425,25.93498079447546,-4.677218183259281,-1173590.551520368,302.3382058388738
46450.0,control,0.0,0.0,107.24841868095828,-0.29651521705345096,53.79553638560938,26.447072019474167,-4.4490043151855065,-1175638.2385707647,302.61345281952595
46460.0,control,0.0,0.0,104.00592083931112,-0.24202216286382514,54.154743188219236,26.54717459452133,-4.873450584622396,-1174401.9481153153,299.7562819116687
46470.0,control,0.0,0.0,107.03710901154192,-0.292991017498213,53.58734175557013,26.507089134059846,-4.713099691148374,-1173676.3593596108,300.7278492193283
46480.0,control,0.0,0.0,111.34542089463768,-0.36398970903439964,53.492647431267464,26.496601222967392,-5.163637667698184,-1172990.034299573,300.7896089276935
46490.0,control,0.0,0.0,105.35124615729336,-0.26473565813068506,53.11193868607103,26.43244957487544,-4.688997658643807,-1174465.7110266592,299.71539283000544
46500.0,control,0.0,0.0,107.9649245819272,-0.3084347172716948,53.90922086798104,26.77477937558849,-4.327267007690402,-1172814.9245709293,299.969843369724
46510.0,control,0.0,0.0,108.02069898282843,-0.3093605580169998,53.10875803831379,26.180405698860554,-3.8442735935740715,-1173585.2290153652,299.37373030782595
46520.0,control,0.0,0.0,108.3968139315358,-0.3155962719455113,52.96546601075603,26.519516162287506,-4.7113240104204355,-1173239.445933612,301.1222953772379
46530.0,control,0.0,0.0,100.63055221588132,-0.18447546169714926,52.95536854569015,25.932524584474244,-4.373983243001464,-1174625.7874624953,300.97403784755613
46540.0,control,0.0,0.0,102.8789210242718,-0.22289148867564368,52.59236618243857,26.453766854196104,-5.7149322926638595,-1173108.5229461081,300.195667159299
46550.0,control,0.0,0.0,105.09510092990163,-0.2604219550463256,52.60287080078451,26.55202771634768,-5.930698844689095,-1175571.0246460848,299.2777949851269
46560.0,control,0.0,0.0,109.49959140986955,-0.3338001370196847,53.16107375749121,26.189010986678944,-6.0837571486117294,-1173808.7704414017,300.9533301354017
46570.0,control,0.0,0.0,105.29293839093856,-0.263754167871864,52.841277630110795,26.537137779520947,-5.197246107120213,-1175786.9951908533,302.3104681858746
46580.0,control,0.0,0.0,111.59184911399016,-0.36799227914519317,53.5976886972523,26.341733983293338,-5.855317480966655,-1174377.0522203986,298.81860056833006
46590.0,control,0.0,0.0,107.14100213513854,-0.2947242366385876,53.4092765057953,26.010736547245866,-5.169935946535393,-1172829.8043818772,298.8796661210453
46600.0,control,0.0,0.0,108.05380089209874,-0.3099099026534614,52.906241433557966,26.288991609283585,-5.189246476043565,-1174078.64358248,299.7103329353996
46610.0,control,0.0,0.0,104.73496364214616,-0.25434815375345116,53.428713740611464,26.09619427153435,-5.696969048305123,-1174309.1225587558,299.33498573042993
46620.0,control,0.0,0.0,102.93973554915492,-0.22392607491213692,53.229693702375585,25.978396925035362,-4.72636460746319,-1173205.0858825054,300.2920920473073
46630.0,control,0.0,0.0,108.57402496024558,-0.3185296057580923,53.24897103315697,26.397143461599,-4.7104498965563,-1173821.074632777,298.7084457477799
46640.0,control,0.0,0.0,105.58921710010505,-0.26873855144625863,52.94324116024149,26.130680747893415,-4.202395931138189,-1175096.7353365459,300.66117888093726
46650.0,control,0.0,0.0,107.49114374709858,-0.3005583791467682,53.097052674025015,26.31303644404686,-4.136285536704081,-1174045.6549907252,301.4570279580754
46660.0,control,0.0,0.0,105.51121931190943,-0.2674270632223201,53.263363353608746,26.3594904167887,-3.83059875863703,-1174339.0618440807,302.1329830809604
46670.0,control,0.0,0.0,106.18953449104635,-0.2788156964566132,54.08504054698011,26.39830905320046,-4.5584440574616565,-1173046.3881406765,299.47433051280785
46680.0,control,0.0,0.0,108.40324579764496,-0.31570279012977404,54.321558157549646,26.490983202346985,-4.732049753226616,-1174350.6253323853,300.4254388264446
46690.0,control,0.0,0.0,105.87544821884738,-0.2735470783436543,53.54926651978961,26.635860766628344,-6.082251384254473,-1174299.3285921942,299.95213631904886
46700.0,control,0.0,0.0,111.97799119822297,-0.37425041031082895,53.75442256892428,26.546863129324905,-4.336521249851641,-1173179.021590408,301.8530936413415
46710.0,control,0.0,0.0,102.7634587402598,-0.22092653618890104,53.36100223521146,26.44573616995383,-4.990200097645273,-1174377.2007970978,299.35624194284605
46720.0,control,0.0,0.0,106.72481413542626,-0.2877753146647899,54.09039225249614,26.44396076443148,-3.895439671379115,-1176821.045262523,301.2051189037217
46730.0,control,0.0,0.0,102.59450652770315,-0.21804967029615502,53.28314368043571,26.755866617433593,-5.741479241595234,-1175252.109400168,299.10103012324197
46740.0,control,0.0,0.0,111.26976972394306,-0.3627596030114639,52.99425101503637,26.186883877740286,-4.2199810201760775,-1176349.9759950452,300.624085666852
46750.0,control,0.0,0.0,110.23174459863645,-0.3458181159366258,53.37720499284963,26.697511667674874,-4.408814512962574,-1175804.3147979565,300.00029684097535
46760.0,control,0.0,0.0,100.2256412209342,-0.17752517346090632,53.386282938718296,26.07816540163449,-3.8910784516195394,-1174802.5994139332,298.9788697378995
46770.0,control,0.0,0.0,108.06839678698698,-0.31015209681458555,53.91541440793013,26.19526137762261,-2.9996279424405428,-1175551.8876100928,301.32244132499227
46780.0,control,0.0,0.0,97.19263883743753,-0.12520576908253808,53.49054815346511,25.940994675119637,-4.905342806514724,-1174848.6069395076,299.61166387216883
46790.0,control,0.0,0.0,106.27658638465589,-0.28027446617332097,52.96952322074998,26.353093058448014,-5.644219857177793,-1174666.807302896,299.70461203469256
46800.0,control,0.0,0.0,106.65839704169063,-0.28666496100594996,53.85939518832447,26.438245504334503,-6.088392512879286,-1176288.6599415466,301.38241312202405
46810.0,control,0.0,0.0,106.90745773818743,-0.29082673198746906,53.75364658549342,26.42659687836679,-5.257567253533443,-1172994.33076974,298.6264280422002
46820.0,control,0.0,0.0,108.19855320952614,-0.3123109304239051,52.845997270571786,26.25863401655743,-5.4131693973961195,-1175768.557008084,299.69340984350964
46830.0,control,0.0,0.0,109.44293164364404,-0.3328677939275898,52.776404453072175,26.119537527884415,-4.8958520658826075,-1175420.5979078505,300.88417612273633
46840.0,control,0.0,0.0,107.45277275259207,-0.299919576249833,52.33323082132075,26.106225948792854,-5.901208768864384,-1173318.3659503981,300.5194293228045
46850.0,control,0.0,0.0,107.73475125707043,-0.30461081688176556,52.97566408823958,25.845594690178757,-4.528684207018692,-1174183.708795838,299.4084653652197
46860.0,control,0.0,0.0,107.53035893633248,-0.30121109697099935,52.92525590977498,26.510859042171912,-5.633988547417542,-1173554.9909131695,300.27241256804604
46870.0,control,0.0,0.0,110.66358895127756,-0.35288030460552167,53.10519993267643,26.058767892383234,-4.416423841972424,-1174888.9643302262,301.0063936629701
46880.0,control,0.0,0.0,105.77218248852849,-0.27181305123831445,53.52158987275008,27.002050754897787,-6.601650835984611,-1174566.6275539976,300.16402744075936
46890.0,control,0.0,0.0,106.87053361109226,-0.2902100798187177,53.61344024858574,26.014511164590747,-4.391294483617177,-1174590.9456299338,299.529407079769
46900.0,control,0.0,0.0,109.71823314722062,-0.3373948440633967,53.97831396816396,26.397914931207698,-5.768531113140898,-1174682.2677083649,299.90834853368784
46910.0,control,0.0,0.0,107.1048173836188,-0.29412068651016476,53.295881998268825,26.417528965273146,-6.522938927826018,-1174032.3901511393,302.6472370965547
46920.0,control,0.0,0.0,107.44967596290905,-0.29986801481697173,53.57915049151799,26.051569548415575,-4.58664487612793,-1173246.324991284,299.37753933015733
46930.0,control,0.0,0.0,112.54141558816887,-0.38335114791194663,53.337479369099455,26.353721943478217,-6.390615097311048,-1173040.089123875,299.4231014884682
46940.0,control,0.0,0.0,107.5752502258931,-0.3019581175011862,53.57772101916143,26.656308644932363,-5.306596931923472,-1174334.383043006,300.1625508898213
46950.0,control,0.0,0.0,105.28248008025965,-0.2635780949921962,52.914181725890266,26.07840169232197,-6.36063858132857,-1173156.959078921,301.01169513275596
46960.0,control,0.0,0.0,104.40197329586164,-0.24872324551530775,53.27823152096932,26.243337992734887,-6.0792142585072115,-1175040.7907228172,300.23262847260713
46970.0,control,0.0,0.0,105.57991379204792,-0.2685821477501158,52.64124159472344,27.067931302035618,-5.840975332807295,-1173795.8987724166,300.92143580014834
46980.0,control,0.0,0.0,107.89396672219742,-0.3072564126701245,53.37012883739454,26.539435563468487,-5.735779339124143,-1174485.7534078602,299.96434826451446
46990.0,control,0.0,0.0,103.47605694199152,-0.23303900449064438,53.52976442894895,26.25118123996749,-3.411306643620253,-1173198.4284527134,301.13169148494126
47000.0,control,0.0,0.0,108.37452446646807,-0.3152271051787113,53.611094057218786,26.093950686711047,-5.036010804685077,-1175396.3750718664,301.1401406801831
47010.0,control,0.0,0.0,99.8263205953259,-0.1706621589049879,53.72707143303214,26.189364195423426,-5.339119401906109,-1174830.5076605007,298.3537735837197
47020.0,control,0.0,0.0,105.58955957823379,-0.26874430892382906,53.62908505517377,26.74077047845375,-5.4499584985135066,-1173574.9195509944,302.6263330171037
47030.0,control,0.0,0.0,107.6724983272205,-0.3035757534193889,53.188846679944255,26.221898917294055,-3.6936518697853753,-1174439.803235812,299.3986686077718
47040.0,control,0.0,0.0,110.40351390643927,-0.34862952945548487,53.914619098908545,26.338608854946514,-5.781034937564801,-1174957.6359868683,299.3837636870046
47050.0,control,0.0,0.0,112.72522108484108,-0.38631209786081866,53.24719968102719,26.117844559265524,-5.322773786978949,-1173810.0558959395,301.42398033002127
47060.0,control,0.0,0.0,105.68956237621771,-0.27042506706381436,53.68968676348749,26.571014283978883,-6.697338411632012,-1174802.6252826694,302.00538092614585
47070.0,control,0.0,0.0,105.8973034362681,-0.27391395507720484,53.60311867328281,26.382216438386916,-5.396785974981771,-1173581.3562278077,299.2348596376413
47080.0,control,0.0,0.0,107.5831242758536,-0.3020891277668326,53.98302340359694,26.34947942613463,-5.716924801187789,-1174744.5028159395,301.8002840085381
47090.0,control,0.0,0.0,109.80435191163147,-0.3388093840425929,53.17107283137211,25.902871243463913,-4.82558027179804,-1173695.6991544887,300.5053414993955
47100.0,control,0.0,0.0,105.65073925642774,-0.2697726601227691,53.63432418715519,26.121699308270085,-4.1481329829809885,-1173795.3562061545,301.39944154351383
47110.0,control,0.0,0.0,110.27011832721232,-0.3464464638425574,54.20724109222894,26.344478276960363,-4.8293837023339385,-1173340.3402527142,300.6655745048234
47120.0,control,0.0,0.0,106.29020458508708,-0.2805026143554756,54.261033382626096,26.120305392750495,-5.319633155222005,-1176347.4200588353,299.84228625488447
47130.0,control,0.0,0.0,103.823831863103,-0.2389373748737753,53.64493202815801,26.316823878978646,-4.595495344197882,-1174079.8109274134,301.8269560709995
47140.0,control,0.0,0.0,103.90591812279027,-0.24032830720787662,54.32537474700805,25.66455567531684,-4.74563786080825,-1173074.959157629,300.1665748297314
47150.0,control,0.0,0.0,110.7127639182562,-0.35368322611739245,54.515512387165224,26.29827213454806,-4.848984719006513,-1172790.742172515,301.74311650702293
47160.0,control,0.0,0.0,107.03051340316007,-0.2928809522778304,53.73363964352173,26.296665584895432,-5.963489977148088,-1172874.2508202419,302.90127323665536
47170.0,control,0.0,0.0,108.51164891534572,-0.31749745535557744,53.267650438299306,26.295027409938882,-5.078767542313987,-1174627.818006374,302.7033602384938
47180.0,control,0.0,0.0,106.62809095272523,-0.28615817907303753,53.416644674284136,26.36421961383311,-4.86080145993047,-1172837.3333447482,299.9687501259293
47190.0,control,0.0,0.0,103.91310609068282,-0.2404500821830984,53.42100359207234,26.158795960550666,-5.831330767666591,-1174062.0924828835,299.7592127243492
47200.0,control,0.0,0.0,103.82027078071664,-0.23887702205145053,53.055588121436074,26.326745873562288,-5.078393436337754,-1174791.6469829232,301.1258332903187
47210.0,control,0.0,0.0,108.81721970019399,-0.3225501870804132,53.26181894801749,26.265715785139843,-5.629360040745788,-1172929.262710685,299.9902595710464
47220.0,control,0.0,0.0,111.32903478752515,-0.36372332080081315,53.14125101818132,26.53743017426119,-6.184113347397324,-1174443.6072405223,301.4527768833574
47230.0,control,0.0,0.0,105.14642903916297,-0.26128678373423425,53.91344395935024,26.222128083052535,-4.243631177317258,-1173948.0186835974,298.6185521614727
47240.0,control,0.0,0.0,107.88838814418831,-0.3071637564986559,53.51829770401906,26.04547852658142,-5.867922814047221,-1175062.2973087747,300.853607323573
47250.0,control,0.0,0.0,108.72683082981094,-0.32105652103192983,52.90918140774345,26.287520937173813,-4.440577375396787,-1174769.5163937323,298.649806228342
47260.0,control,0.0,0.0,111.2552452192728,-0.3625233586799892,53.81718968861667,26.058706977813173,-3.639711124425529,-1175140.381753346,299.47601267219085
47270.0,control,0.0,0.0,108.0285837518987,-0.3094914195304193,53.7011458841539,25.856768931112512,-4.619516615196694,-1173023.557388937,299.3933950908169
47280.0,control,0.0,0.0,110.40892148387051,-0.3487179865878113,53.97944211346563,26.534177783759876,-5.677258364725434,-1175996.8498562388,300.9583881027868
47290.0,control,0.0,0.0,109.51197718678584,-0.3340039029836588,53.58681182564602,26.414588284551453,-6.169331513292563,-1174945.4913582616,300.6601337540205
47300.0,control,0.0,0.0,107.87839878801393,-0.3069978331969123,53.225051720071036,26.095040859210762,-4.4745391688511855,-1173601.53349684,301.84519048587634
47310.0,control,0.0,0.0,109.3995266998016,-0.3321533402431275,53.070986667512905,26.054815480059265,-4.770232330356032,-1174954.5958617926,301.37513772653966
47320.0,control,0.0,0.0,106.81655456274068,-0.2893083847552954,52.82040455067428,26.645814620715512,-6.028648044336534,-1173526.6063438244,299.12137769668755
47330.0,control,0.0,0.0,106.89435857512679,-0.29060798294737367,52.83346744594201,26.21318286982371,-5.868238347964088,-1174611.6204970311,299.541381299524
47340.0,control,0.0,0.0,112.3000649777179,-0.3794572087860812,52.78102760372287,26.403087683280283,-5.423905043813299,-1174228.945987353,300.43950201570846
47350.0,control,0.0,0.0,109.78258287423215,-0.33845188983768715,53.73003879265915,26.46809472809385,-4.71925168808104,-1174687.7421846911,300.2926722894802
47360.0,control,0.0,0.0,106.98586070047317,-0.29213570148756973,54.171593954426726,26.335132507962708,-6.155708876504573,-1173849.6785546,299.8447325927409
47370.0,control,0.0,0.0,109.59863600970769,-0.33542914292095827,53.623633425921604,26.62617555231935,-5.458586236640758,-1174399.5670347866,301.01617613735317
47380.0,control,0.0,0.0,106.03749715374403,-0.2762663933005354,53.10832882111694,26.521337030021034,-4.8368135276450905,-1176423.6653049719,299.6573937800804
47390.0,control,0.0,0.0,110.98639345541389,-0.3581462336933131,53.31512727220335,26.09274269661247,-5.215589499406478,-1176157.8403817732,301.2768100339152
47400.0,control,0.0,0.0,113.78559861335862,-0.4033153070182676,53.222578441906364,26.19652196908501,-4.2054925427991385,-1175270.6529252287,300.6789371312884
47410.0,control,0.0,0.0,105.86731062487412,-0.27341046491436416,53.254518871728195,26.079149063370775,-4.546797347522941,-1172563.0063147694,301.1314829278408
47420.0,control,0.0,0.0,112.63089642485463,-0.38479310264707867,53.42005544007171,26.297875314585365,-4.948940512552861,-1173594.7691649608,301.10103617031444
47430.0,control,0.0,0.0,108.69798835105601,-0.3205797339323413,53.5020870950078,26.42983596181141,-5.800146298641751,-1173956.1845244206,301.5487867635068
47440.0,control,0.0,0.0,109.67229770256442,-0.33664002151410527,53.30159044017495,26.36599340520731,-5.7953841230769525,-1174315.6791142616,300.6339906190734
47450.0,control,0.0,0.0,109.74902622952901,-0.3379007221967314,53.28081373082075,26.850513377749866,-5.828804963831637,-1173399.495600449,300.74145433976486
47460.0,control,0.0,0.0,107.48674052230395,-0.3004850808057305,53.417650466549865,26.34055191719682,-5.2289982852376005,-1175470.9744801782,299.39722956195635
47470.0,control,0.0,0.0,109.0317878678906,-0.3260926808258061,53.89375944919175,26.067989706919967,-4.8665330985810975,-1174533.4295866862,301.64976294940567
47480.0,control,0.0,0.0,111.07976145212602,-0.35966723914781945,53.4040614933518,26.06676939027073,-5.026446896879934,-1174864.191054944,298.67944410231496
47490.0,control,0.0,0.0,109.58253513433446,-0.3351643967742138,53.018228399763814,26.16656158337663,-4.6704120985745625,-1175703.7121328637,299.2557910088036
47500.0,control,0.0,0.0,107.53880382998332,-0.30135163967975387,53.5477968466148,26.19434363531893,-4.310458846275283,-1173617.4338375218,300.57887258512295
47510.0,control,0.0,0.0,102.14287292766944,-0.2103501536785121,53.5907763712104,25.949969086333013,-3.8565812395339623,-1172128.3971549198,300.05812374420873
47520.0,control,0.0,0.0,102.93252322526628,-0.22380339088934342,53.89331536753108,26.727480326232346,-5.547582906593,-1174417.653555343,301.20429677652135
47530.0,control,0.0,0.0,105.02699946904666,-0.25927418922018275,53.810358168388746,26.256435317548682,-4.503944413284387,-1174027.1181213316,300.9012421290711
47540.0,control,0.0,0.0,108.7430081709081,-0.3213239086112746,53.223701120755145,26.295701970652544,-5.890903136878608,-1175456.1759178545,299.8249456646259
47550.0,control,0.0,0.0,109.79759074733778,-0.3386983564820545,52.87057644979696,25.96324646491745,-3.6963260909378617,-1173828.680319542,301.66391910475176
47560.0,control,0.0,0.0,98.61323903295867,-0.14976380616106394,54.22089268176169,26.354210526439623,-5.082360075781572,-1173308.2724484,297.8023173235097
47570.0,control,0.0,0.0,106.03099047731983,-0.2761572483366138,54.09015330731163,26.04652695741716,-3.8777848421399064,-1174588.3670499828,299.7484660120232
47580.0,control,0.0,0.0,109.21134077851087,-0.3290535644166268,53.73697485532324,26.46769435129843,-6.102550916056021,-1174895.979758421,298.9422555313466
47590.0,control,0.0,0.0,112.7443131160936,-0.3866194268145374,53.55604641896454,26.24557635303893,-4.084972128236763,-1176010.9460941125,301.009279026383
47600.0,control,0.0,0.0,111.07650219351726,-0.3596141604661441,53.431102740986255,26.603241332254104,-5.681309696407428,-1173188.0945177823,300.9149309535022
47610.0,control,0.0,0.0,107.96512537177792,-0.3084380508564294,53.810287077653776,26.065434253816935,-5.677353304548284,-1174588.1617544778,299.26410035855395
47620.0,control,0.0,0.0,106.7100324170812,-0.28752822892693813,54.84964214223011,25.863074394119277,-5.742067228075918,-1173537.6269708294,300.9054828066774
47630.0,control,0.0,0.0,108.0416739620942,-0.30970866148677806,54.7181598472076,26.767181529434865,-5.524122060405697,-1174380.7637115978,300.6963971282184
47640.0,control,0.0,0.0,110.21219182253081,-0.3454978907121819,54.03688238397299,26.237032405147737,-3.4806135742966693,-1174320.0749772843,301.1465040369436
47650.0,control,0.0,0.0,113.06517361118846,-0.391777944321824,54.30951434511314,25.90886961333359,-4.978545561408843,-1174157.2995645888,300.5465686767958
47660.0,control,0.0,0.0,105.62645034688352,-0.2693644317447541,53.70018771750032,26.10594065311808,-5.280819789767874,-1173616.0474486854,299.558660918969
47670.0,control,0.0,0.0,112.90046129536297,-0.38913136670451587,53.65968840279594,26.72436996102206,-4.579390465891207,-1174492.74475443,299.94979361969865
47680.0,control,0.0,0.0,103.24033364123395,-0.22903616905382074,53.74934486660134,26.187434346779924,-4.052015330128663,-1173827.0304552466,299.3732429468314
47690.0,control,0.0,0.0,108.17366251763518,-0.3118982063816251,53.136414443713484,26.281606459194204,-5.07472855023745,-1172271.5516272504,300.2139466300706
47700.0,control,0.0,0.0,111.66235424611435,-0.369136198054429,52.99410553114798,26.59537697851229,-5.564915146827673,-1176688.108208919,300.5482860124595
47710.0,control,0.0,0.0,108.2983955533735,-0.31396586920008673,53.462584451641504,26.328463959959635,-5.102816981959746,-1171832.2120288685,299.87976385933786
47720.0,control,0.0,0.0,102.70489484910514,-0.21992954466965278,53.004678944109045,26.665001418962543,-4.84545087102199,-1173965.6047696397,299.8071583200151
47730.0,control,0.0,0.0,106.36817194498732,-0.28180851021693565,53.185951049236685,26.149571204441003,-5.636801852358573,-1175124.6417630855,300.31304644070804
47740.0,control,0.0,0.0,108.40310194263462,-0.31570040778932795,52.142145474019685,26.30953102085881,-4.154628431783719,-1174759.8244669233,300.41646464271787
47750.0,control,0.0,0.0,104.39878970678596,-0.24866942714465806,52.922412578966444,25.7791884679468,-5.064680457003735,-1174030.203977378,300.5104291685695
47760.0,control,0.0,0.0,102.63656089498303,-0.21876593723048143,52.868054231390886,25.82222616615646,-4.92183241934916,-1173191.0120594893,300.16360921815425
47770.0,control,0.0,0.0,110.94212392592978,-0.35742473109741857,53.41935814162475,26.46583493231903,-4.918431907774421,-1174957.451784961,299.72861310348986
47780.0,control,0.0,0.0,109.7081332560456,-0.3372288987443402,54.503207288448436,26.207235298788977,-4.518694168246548,-1174978.7091019396,300.9642649198304
47790.0,control,0.0,0.0,106.57352949162704,-0.28524559427351015,53.749818442160155,26.10765767149127,-4.771508589958708,-1174179.2590909824,300.5453269310215
47800.0,control,0.0,0.0,108.20938390362893,-0.3124905007593799,54.15110295735427,26.236888564788455,-4.88274051014672,-1173629.905554833,301.06245962223284
47810.0,control,0.0,0.0,109.24507085858893,-0.32960942430335394,54.15457186523727,26.50878177295439,-4.348227393432886,-1175443.206168238,301.98004121889926
47820.0,control,0.0,0.0,107.88772858892236,-0.30715280156719976,54.13327563568382,26.57812358999134,-5.260399130260989,-1174371.2807793058,300.49726096347
47830.0,control,0.0,0.0,109.37563918616284,-0.3317600658491106,53.58859655717691,26.50381374712966,-4.845984482946137,-1173464.7244130727,297.61600463859605
47840.0,control,0.0,0.0,116.58321239483391,-0.4474970823401758,53.48350088681979,26.390211423597854,-5.220825023139279,-1174465.8689666372,301.25378383289336
47850.0,control,0.0,0.0,104.9091693280812,-0.2572874438235342,53.460315933569795,25.70085339959754,-3.41848544735608,-1173812.316178076,301.6458125277301
47860.0,control,0.0,0.0,106.34958087740546,-0.28149717081530967,53.69134604727958,25.911946848038923,-5.164467162682253,-1173486.3999904376,301.61647724097605
47870.0,control,0.0,0.0,105.55031277961515,-0.26808445963617267,53.74609150205273,26.14110891901097,-4.828033878438501,-1173848.5494584274,301.67843225120475
47880.0,control,0.0,0.0,108.05423954244833,-0.3099171816064735,53.31294879590084,26.603536980825226,-4.663548064392708,-1173315.1364507787,301.7533707924543
47890.0,control,0.0,0.0,106.5950162349453,-0.28560500844702336,53.749045268535056,26.224224560087432,-4.844271231926147,-1175016.3819571473,300.06371819375096
47900.0,control,0.0,0.0,108.30223096976432,-0.31402942423825236,54.202166023539284,26.436116824865156,-5.453081923567467,-1173132.2071046438,301.97473737030293
47910.0,control,0.0,0.0,111.2156764487042,-0.36187964559818797,53.98700656383599,26.713194677689955,-4.275951355016604,-1174263.490632236,299.38452003638696
47920.0,control,0.0,0.0,104.26116117124847,-0.2463420937503447,53.97631044993517,26.42566207707575,-4.529276593593905,-1171121.7204614691,300.5681758536456
47930.0,control,0.0,0.0,111.49929249241406,-0.3664897375868076,53.646806303442844,26.492010071918827,-4.808612348526967,-1176010.5618521962,300.47434598236634
47940.0,control,0.0,0.0,110.57934183984705,-0.35150412655110364,53.9118410130283,26.457053843283607,-4.521504428910463,-1175252.8347319867,299.6799324726095
47950.0,control,0.0,0.0,114.33142173569705,-0.4120141218696205,53.37114948005626,26.410378488590524,-5.212101377584046,-1174719.064986404,298.9277786569669
47960.0,control,0.0,0.0,114.17245852288242,-0.4094845399766035,53.74170415200589,26.60366569067377,-4.2523629835644385,-1173606.0172736906,300.64222653275
47970.0,control,0.0,0.0,110.43514960549308,-0.3491469820233193,53.68325067300007,26.256638015203684,-4.378624995228184,-1174800.7920812126,299.55442791542515
47980.0,control,0.0,0.0,113.9222388191531,-0.40549641534637115,53.715693845642235,26.28545845547925,-2.4004930982187824,-1174047.1864475198,299.91321404015
47990.0,control,0.0,0.0,112.68405322391823,-0.38564926312224146,53.956397314266304,26.102587311036,-3.2468234797510345,-1173061.6490992885,301.3936812032645
48000.0,control,0.0,0.0,105.265351274907,-0.2632897007627331,53.9367618813297,26.33687557328244,-3.5375923307604733,-1174751.140761055,300.0893196903448
48010.0,control,0.0,0.0,106.9189813407776,-0.2910191574394797,53.61184263960057,26.539744591656312,-2.635541402705906,-1175934.556889154,300.5701071900779
48020.0,control,0.0,0.0,108.66841794810857,-0.320090829380128,53.193099965648884,26.244898251172167,-4.686277802140472,-1176511.8061289955,299.88366126852605
48030.0,control,0.0,0.0,110.64041932214684,-0.3525019042373705,53.64857697662286,26.11233142068137,-4.317107092782177,-1174986.8544020467,303.21563124451245
48040.0,control,0.0,0.0,105.93554961505315,-0.2745558858478117,52.754200309771335,26.605605495556386,-3.367537806643453,-1175225.0257629808,298.6609550101055
48050.0,control,0.0,0.0,113.5574266073776,-0.3996680225535582,53.54020847626489,26.13346873075993,-3.9903716731177776,-1173139.5809397027,301.8784972516238
48060.0,control,0.0,0.0,108.26771609998669,-0.31345744253884633,53.72505451875849,26.37283524827899,-5.5419022113274,-1174164.2076273263,301.4628774512589
48070.0,control,0.0,0.0,104.01291116959669,-0.24214053824234416,53.348364488214145,26.113313474176824,-2.9485727215091826,-1175073.3360130414,302.61931470811345
48080.0,control,0.0,0.0,109.12782729299987,-0.32767680115735837,53.492180355653566,26.524251905577874,-2.9140636467793297,-1173867.7241462748,301.9644195664055
48090.0,control,0.0,0.0,105.06098865919711,-0.2598470808356414,53.91519323901197,26.93330959391525,-3.4254793989055052,-1174400.2019926403,301.0565368501915
48100.0,control,0.0,0.0,103.93160362782235,-0.24076344084801454,53.27468440008663,26.321808940391897,-4.499819808204153,-1173624.5282929428,299.26966534017595
48110.0,control,0.0,0.0,115.28941532470917,-0.42719083820530457,53.6178050106701,26.20838587473012,-4.531613297573836,-1173404.4083448555,298.4813418333154
48120.0,control,0.0,0.0,106.58338098068722,-0.28541038759809967,53.21228116922398,26.27799246373525,-3.9866295121507536,-1173030.3683713265,298.6936977138497
48130.0,control,0.0,0.0,105.4952852581495,-0.2671590801737539,53.33075264429899,26.04999105122035,-5.307677384628607,-1171697.593412729,300.02530604797886
48140.0,control,0.0,0.0,101.44162196481166,-0.198369396675822,53.3392527489413,26.491339174128605,-5.423817177118332,-1173009.658412058,298.43658576747464
48150.0,control,0.0,0.0,104.13302742354807,-0.24417404167154308,53.119074199468066,25.92123730439584,-3.94380627062197,-1174449.8506275024,300.95563697076744
48160.0,control,0.0,0.0,101.46705404478294,-0.19880442969859777,53.43788852547879,26.38468606149403,-4.690077418895979,-1175035.2661518212,300.6080438165891
48170.0,control,0.0,0.0,100.0700499733789,-0.1748520761806189,53.72345109135058,26.20924207413168,-3.0425556923478587,-1174988.1199623048,299.83050917127076
48180.0,control,0.0,0.0,103.783570169364,-0.23825497051433991,53.10097252705647,26.452674306414696,-2.8347834352663184,-1174428.4463468436,299.8329365978781
48190.0,control,0.0,0.0,104.88441277602868,-0.2568698825962882,52.935640043734956,26.643397831974404,-5.007863633290109,-1173300.9134997856,298.91025694295575
48200.0,control,0.0,0.0,114.81391287152448,-0.4196725015220084,53.583483054510275,26.22297511469681,-5.573130767313694,-1173216.543984525,299.94848439371253
48210.0,control,0.0,0.0,112.88415164726798,-0.38886912990584244,53.48245490514598,26.679860093507322,-5.09012318583329,-1174774.1698057503,298.9483819628153
48220.0,control,0.0,0.0,109.49360510128417,-0.33370164701698085,54.27747829457362,26.420991622363182,-4.331013992902606,-1173838.9513926208,300.6749900370615
48230.0,control,0.0,0.0,110.58990928800436,-0.3516767877491208,53.54873812589377,26.815800179026613,-4.529395974820205,-1173247.0262937266,299.8605560007361
48240.0,control,0.0,0.0,112.12985283597665,-0.37670696152115,53.65002632567689,26.65150994055488,-5.9952388376989765,-1174086.3126922771,299.449615387985
48250.0,control,0.0,0.0,110.86507550278465,-0.3561684911121653,53.77093725274866,26.707001921577437,-5.392918952378472,-1174165.4859358575,300.6673990454659
48260.0,control,0.0,0.0,108.05253708979714,-0.30988893104788484,53.79411353546619,26.592499796279075,-4.3810339021147175,-1173874.776432002,299.1432999231067
48270.0,control,0.0,0.0,109.71217082254974,-0.3372952388613521,53.32559279677093,26.57301807605723,-5.112102680864803,-1173912.8347987141,299.0710703960754
48280.0,control,0.0,0.0,110.50220313624986,-0.3502433979021853,53.108946750227105,26.0207720913558,-4.6727928420770795,-1173573.157605216,301.1814370361282
48290.0,control,0.0,0.0,107.66163121088303,-0.30339503189469835,53.5629428264193,26.25461056129354,-6.060284513296361,-1173435.2621364314,298.1701158945547
48300.0,control,0.0,0.0,107.14408547451292,-0.2947756603254979,54.573805347870625,25.610643416501194,-4.190832223732524,-1174022.5636113808,299.39660974233897
48310.0,control,0.0,0.0,105.80237374378015,-0.27232011115635324,53.620424635114205,26.437510897897926,-6.055836978521281,-1175328.401894942,301.6356563690336
48320.0,control,0.0,0.0,106.36460084197847,-0.28174870825630294,53.89706147426903,25.923050704064345,-4.266007572000152,-1172729.100449238,300.46583144529086
48330.0,control,0.0,0.0,107.04007622851896,-0.2930405321177254,53.42938379994301,26.35090995765427,-3.6154774438499477,-1173959.62081342,299.08703004056605
48340.0,control,0.0,0.0,106.18528967338071,-0.27874454755663247,54.1511497407276,26.82991457161524,-4.686842612282321,-1172328.2990186773,299.57089648234427
48350.0,control,0.0,0.0,108.05214413009594,-0.30988241022205176,53.26798460237764,26.237853366123357,-4.589571898674309,-1174225.9963994995,299.45588859979046
48360.0,control,0.0,0.0,104.78816050427272,-0.2552459698559838,53.86216903938136,26.795648365580746,-4.064778060885146,-1173208.1891858727,299.859977064829
48370.0,control,0.0,0.0,111.92567750948446,-0.37340356149574433,54.176698703200124,26.24178431753746,-4.3072290207032395,-1172540.084267091,300.2424368743137
48380.0,control,0.0,0.0,103.85376847649904,-0.23944470070132606,53.63598500392852,25.83282186271851,-5.163740954587209,-1174682.9771958943,300.04570778320755
48390.0,control,0.0,0.0,105.08324897821171,-0.26022223146844686,53.38427713844488,26.79343350887722,-4.8339462955921775,-1173388.8390364703,298.1979452450492
48400.0,control,0.0,0.0,103.40866079451595,-0.2318949450447424,53.607476265934416,26.469360440551338,-4.485971613362742,-1173911.299139645,299.7623521027968
48410.0,control,0.0,0.0,108.62219881812682,-0.3193264910794431,53.31092956424848,26.10088690847032,-4.922496856836137,-1175761.520048907,300.07193487296274
48420.0,control,0.0,0.0,108.98284200063026,-0.32528499148361656,53.65264728175015,26.652588706450526,-5.188553496908684,-1172623.7917005438,300.7492239108862
48430.0,control,0.0,0.0,106.40832208256569,-0.2824807920522105,53.088525689473705,26.521755551001693,-5.4972111074657,-1173128.8927081432,298.78059999663276
48440.0,control,0.0,0.0,101.15256567315348,-0.1934221665119684,53.64091287141069,26.164023990922345,-4.620939255788514,-1174303.2586698812,300.99056749757153
48450.0,control,0.0,0.0,104.97856486355354,-0.25845766090747724,53.32010931536683,26.075958987149715,-4.81634198031929,-1175337.717142297,299.88329387287484
48460.0,control,0.0,0.0,103.5530339801842,-0.23434530640566675,52.88774895323221,26.603825346589588,-5.235368886390695,-1174457.4237183742,298.8615607221725
48470.0,control,0.0,0.0,105.04319125441204,-0.2595471149723289,52.619109448554546,26.882196104306175,-4.188728123822856,-1172889.2761124726,300.292414931108
48480.0,control,0.0,0.0,109.11870549928908,-0.32752638141722457,52.864753326009804,26.53690447250555,-5.5547192203414095,-1173819.9194352627,298.6042782950343
48490.0,control,0.0,0.0,103.27819586031401,-0.22967937339890196,53.01256893771752,26.413163340573,-3.5244154793997056,-1173326.0613643564,302.45282693561194
48500.0,control,0.0,0.0,103.70385598897906,-0.23690353049703328,53.219854118974084,26.246334784871635,-5.041536266796287,-1174805.9429465309,300.63069137151086
48510.0,control,0.0,0.0,108.63884182714796,-0.3196017450045438,52.382200246608534,26.66782329370955,-5.4150496811832145,-1173683.1460866705,299.974429590361
48520.0,control,0.0,0.0,105.53213459593263,-0.2677787904977085,53.246315038516634,26.340999350870916,-5.28134680191782,-1174955.151054645,300.80201841805643
48530.0,control,0.0,0.0,108.27133284138769,-0.3135173846500181,53.025569534083054,26.02935379369236,-5.8142984067979615,-1174024.9953998644,301.9891970477675
48540.0,control,0.0,0.0,103.31340636693388,-0.23027744038425554,53.64178461877439,26.121481596400436,-4.655149178353362,-1173633.6767474208,298.52402365436126
48550.0,control,0.0,0.0,103.76302686807067,-0.23790673220309028,53.36858605884751,26.55074068301821,-3.7820412223103403,-1174048.1450607777,299.51232012535246
48560.0,control,0.0,0.0,102.40366175221865,-0.2147977454949701,53.692974041170196,25.857758859463434,-5.34328258917553,-1173647.9662940986,299.3301862011858
48570.0,control,0.0,0.0,107.28372285158514,-0.2971036242455371,53.043435897688575,26.334341848296685,-4.3241806948927035,-1175482.2860141397,300.60717405117197
48580.0,control,0.0,0.0,110.29033416196911,-0.34677742411864354,53.80254021699467,26.341645232610862,-6.222179222734683,-1175215.9910458867,298.7846756899319
48590.0,control,0.0,0.0,106.58944514575856,-0.28551182328842006,52.733896821418455,26.692035978251507,-5.746361522715495,-1172985.9000523333,299.679764720885
48600.0,control,0.0,0.0,105.98051454113245,-0.2753104288021104,52.938127615618384,26.29078949570173,-4.783841246052692,-1171703.8135625776,301.44328369091994
48610.0,control,0.0,0.0,108.75908319343617,-0.3215895796421522,52.620797694616044,26.060276574180236,-4.713327115691563,-1172358.9183505513,302.13422384762936
48620.0,control,0.0,0.0,108.60555163575351,-0.31905114117888067,52.6011192330675,26.39922013362395,-5.601994456709885,-1173621.9004965518,298.24230992283395
48630.0,control,0.0,0.0,108.50507820643514,-0.31738870643313044,53.58095296090283,26.094151651417366,-5.104236734450777,-1173702.3419697955,300.17837694209504
48640.0,control,0.0,0.0,107.0416040879552,-0.2930660275465144,54.16716961247073,25.807868880836565,-5.4983260667475164,-1173732.248493703,298.67547706453394
48650.0,control,0.0,0.0,104.03879828827274,-0.24257888347532489,53.55557271828248,26.092857615844245,-4.624760790040099,-1174121.4535109457,297.15855636617414
48660.0,control,0.0,0.0,108.85703255707554,-0.3232078356796392,53.59238614663519,26.527501785197845,-4.865973148465583,-1173292.630573878,300.222719940493
48670.0,control,0.0,0.0,108.23599779233355,-0.31293170526830577,54.01741419091698,26.500905176888914,-4.25314504050786,-1174777.3992105573,299.70530386621124
48680.0,control,0.0,0.0,108.56207597430245,-0.3183319124032836,53.64823008452615,26.46290766717002,-5.129346416712664,-1174323.538083028,299.94817232721437
48690.0,control,0.0,0.0,108.74743063456522,-0.3213970009526995,53.69358695122672,26.61106707856175,-4.793714918981236,-1176392.5003586523,299.64901413858144
48700.0,control,0.0,0.0,106.57394782693616,-0.2852525922567884,53.549487778651965,26.27111091515504,-5.335470018311689,-1173698.1351496186,303.5239408774275
48710.0,control,0.0,0.0,110.72139279930633,-0.3538240903454643,54.105516989403654,26.468418135721222,-5.689964917808089,-1173309.0118482746,300.0030714324455
48720.0,control,0.0,0.0,110.57508061325964,-0.35143449912270197,52.947626831439955,26.495003771000235,-4.692910514561595,-1174576.8130121175,299.82294711109284
48730.0,control,0.0,0.0,109.88881315023978,-0.34019595495071575,53.63323224704284,26.681310799670566,-5.274604681653132,-1173711.9973756056,298.6841853144044
48740.0,control,0.0,0.0,111.03298100363095,-0.3589052843408602,52.88204575437929,26.664818206181856,-4.877876620316248,-1174144.10462711,300.1403899831762
48750.0,control,0.0,0.0,108.03098421018463,-0.3095312581643653,53.07761948618213,26.219065666606244,-5.094821285002371,-1174070.8592918608,301.1816421948875
48760.0,control,0.0,0.0,103.38351560082015,-0.23146801943713263,53.98885137393682,26.603523667126307,-5.262700780924658,-1174793.0063207205,299.3086995169999
48770.0,control,0.0,0.0,108.32902809903949,-0.314473428684034,53.83821826764764,26.36649870111391,-6.129041722762708,-1175067.9928173553,299.8814804931757
48780.0,control,0.0,0.0,104.9369044031169,-0.25775518583659507,54.092706295933944,26.746435718018216,-3.4614132800610733,-1173986.0355303586,299.95660737151167
48790.0,control,0.0,0.0,107.87835612471702,-0.30699712453912564,52.7600068829776,26.273294219253334,-3.7028071361614643,-1173363.4379655365,300.27268096784906
48800.0,control,0.0,0.0,111.81976054025746,-0.3716880356747507,52.87301957225371,26.49806037686094,-4.566365946125481,-1172932.5605858155,303.5283512692955
48810.0,control,0.0,0.0,110.09099512342232,-0.34351209783321945,53.54163258634174,26.79708353244902,-5.705320299564707,-1176273.606104752,300.07168631936975
48820.0,control,0.0,0.0,110.63478093107999,-0.3524098107750564,53.1353429678777,26.868243608337394,-4.393905271896667,-1174587.5850253906,300.10960839840976
48830.0,control,0.0,0.0,107.81789420294547,-0.3059926522066435,52.731144703018956,26.817630479776327,-4.30998036206527,-1174015.7453830931,301.55758224850547
48840.0,control,0.0,0.0,107.83966103056599,-0.30635431046013917,52.826662461207675,26.040934564105438,-5.385036414968179,-1173292.7920985855,300.6916663461658
48850.0,control,0.0,0.0,109.21010377379994,-0.3290331768439577,52.976990828015964,27.085971032933568,-4.229967776674249,-1174917.097524872,301.8067250184693
48860.0,control,0.0,0.0,106.58937416134096,-0.28551063594586856,52.897572376405506,26.48859025433708,-5.609162186352318,-1174395.5144749172,300.72119424387785
48870.0,control,0.0,0.0,101.81490358324521,-0.20475066457578406,52.91006470394183,26.659014515589426,-5.6284288249828105,-1172777.407627076,300.06767510069926
48880.0,control,0.0,0.0,108.91961443485208,-0.3242412787323883,53.037040379203155,26.16640896764129,-4.491328436090144,-1175330.958833253,301.16781310925944
48890.0,control,0.0,0.0,108.83086616440741,-0.3227756237313603,52.268775002365615,26.530737908851957,-5.43034009031269,-1174759.410769606,300.96714155113364
48900.0,control,0.0,0.0,102.99314775959989,-0.2248345237697854,53.40202645635233,26.669922751587187,-5.313132970895982,-1174515.3343229052,299.79535515674485
48910.0,control,0.0,0.0,108.7102962636576,-0.32078320260090454,52.83983924112843,26.620752214332477,-5.926569854421016,-1173652.5986958668,300.2126402843793
48920.0,control,0.0,0.0,105.45026658961952,-0.266401832943581,52.78387987210564,26.46279285791634,-3.9674408115598894,-1174711.1933382303,301.095909147992
48930.0,control,0.0,0.0,102.38523961436742,-0.21448371234138502,53.057655979580545,26.220188190287466,-5.221110399760336,-1173774.4842552524,300.9660288137701
48940.0,control,0.0,0.0,105.66666752328308,-0.2700403432533413,52.70903334536134,26.43602191599977,-5.339187795652436,-1174457.6996388584,299.3145776877724
48950.0,control,0.0,0.0,107.59821600597452,-0.3023402115163264,52.957975291499956,26.753605006811803,-5.425028345402808,-1174413.3070719205,299.3799525491499
48960.0,control,0.0,0.0,105.56015554065561,-0.2682499560170002,52.9589513225179,26.563124708925592,-5.348517443263404,-1174460.1526646446,297.10719400292743
48970.0,control,0.0,0.0,101.24049724919794,-0.1949276518878103,52.91291083453124,26.92229397646164,-5.863986438496068,-1174819.6200728938,300.9596380173396
48980.0,control,0.0,0.0,103.90361445514077,-0.2402892788164282,53.148769153564096,26.141091676334973,-6.626022087769019,-1173417.8730040751,299.9629336465567
48990.0,control,0.0,0.0,104.95755232245509,-0.25810336631776826,53.13488400065716,26.29293102332931,-4.79970626638229,-1175549.2304304633,299.4460014614378
49000.0,control,0.0,0.0,105.91896312152396,-0.27427751015190294,52.77159355081017,26.036387028088587,-4.268053158590943,-1174285.7916024718,300.9697201662786
49010.0,control,0.0,0.0,107.49268999580228,-0.3005841183756035,53.31928669244713,26.344524525143576,-4.631406483103142,-1174660.4450439773,299.3020770760974
49020.0,control,0.0,0.0,114.33985173716624,-0.4121481801169983,53.054986186408904,26.34194739459686,-4.979067746121681,-1174732.9444169365,301.4710537116785
49030.0,control,0.0,0.0,104.78743442714816,-0.2552337171588904,53.38905212314335,26.320846778744556,-5.0802310458959905,-1175555.5649683736,301.52668766917355
49040.0,control,0.0,0.0,110.08209677014034,-0.3433662387433233,54.262015024476185,26.530052064682515,-5.016771726326855,-1174754.6513305139,300.3324947440091
49050.0,control,0.0,0.0,108.73171491235773,-0.32113725040831465,53.53814999384198,26.600957915406994,-4.731834779122174,-1173350.0446783938,300.133487594092
49060.0,control,0.0,0.0,104.43813712401153,-0.24933453878230277,53.85489517222519,26.888857345865254,-4.978531543075599,-1174761.7776456513,299.4399001443543
49070.0,control,0.0,0.0,108.25459543314022,-0.3132399765115847,52.90972996545101,26.38159364602204,-4.347359231041075,-1174806.5637143143,299.83505125257386
49080.0,control,0.0,0.0,106.45226728345604,-0.28321646016541335,53.191996353155695,26.08183407449858,-5.161863032780939,-1173490.7770442367,300.18837503621796
49090.0,control,0.0,0.0,109.33765583452066,-0.33113460454025034,53.12651211804956,26.476423145447573,-6.741911961291825,-1175036.0181885194,299.39438807064744
49100.0,control,0.0,0.0,103.98613680035646,-0.2416871172426706,53.80773871744826,26.23597696164252,-4.136316033887346,-1172473.3364108857,299.9079461936014
49110.0,control,0.0,0.0,107.72576290121127,-0.3044613919826378,53.479298490677515,26.772338604713543,-5.575130822923112,-1175339.1668891814,300.3743482445066
49120.0,control,0.0,0.0,113.52568575553548,-0.39916014779537246,53.86005567133063,26.502156294954496,-6.49483689254878,-1174280.3668475766,299.89329251605494
49130.0,control,0.0,0.0,105.56537048691474,-0.26833763701963836,54.02776246361424,26.752992136767652,-6.862570846274246,-1174065.3443337902,299.36484240764077
49140.0,control,0.0,0.0,109.68700399313065,-0.3368817024768928,54.25577083451654,26.764498138321443,-5.89482140879133,-1174621.3532232083,298.67266840950924
49150.0,control,0.0,0.0,107.68350492680545,-0.30375878343631435,53.390694392165756,26.486749365368183,-5.4441781471927415,-1175523.3382109609,299.81331835874045
49160.0,control,0.0,0.0,110.65883043259953,-0.35280259442048145,53.695793198040576,26.73846155732392,-6.607508153470995,-1173720.6752500515,300.9738393228677
49170.0,control,0.0,0.0,110.10886436261131,-0.34380497991661907,53.33994359589371,26.391669004801706,-5.0922458092724385,-1175328.7507842649,301.39524931923194
49180.0,control,0.0,0.0,113.94381262880508,-0.4058405750649058,53.26355545663957,26.24074399982679,-5.803127543612284,-1173081.6183418967,299.59109348677015
49190.0,control,0.0,0.0,108.78465324031069,-0.32201212226203185,53.642515539126,26.57169503799121,-6.415834255435668,-1172230.9576649535,301.10849759769235
49200.0,control,0.0,0.0,113.34442072058165,-0.39625744391832896,52.68565540817071,27.014344214589094,-4.965315768733553,-1173751.1983670928,300.6348221304322
49210.0,control,0.0,0.0,108.65665727435761,-0.31989635966286695,53.09743171767715,26.527931098809105,-5.079988926182878,-1174336.6811467689,303.2367998539914
49220.0,control,0.0,0.0,107.02868904175202,-0.29285050728341366,53.3427905160296,26.480802610290066,-5.883277239935669,-1173942.2137825582,301.13644815771374
49230.0,control,0.0,0.0,109.8965266821371,-0.3403225485384421,52.58536110233996,27.065468865398625,-3.687746871805336,-1172762.374501234,300.05144358186163
49240.0,control,0.0,0.0,109.55075725045282,-0.33464179645960124,53.48027149695806,26.31208303717992,-4.106071708263681,-1172029.3662268464,301.67262439493487
49250.0,control,0.0,0.0,109.33535030489666,-0.33109663533634526,53.538771256674735,26.519014752437467,-5.0976954242489025,-1172541.4921029154,300.1521695199291
49260.0,control,0.0,0.0,104.39723010740583,-0.24864306193623825,53.10282504177565,26.8677695078641,-4.72723292083855,-1174204.5239400156,300.3728073170707
49270.0,control,0.0,0.0,107.193653608387,-0.2956022364123942,52.8462137089003,27.078475967132484,-5.327254286899004,-1174610.0837782994,299.61424920751034
49280.0,control,0.0,0.0,106.11417788380976,-0.2775523903352943,53.862541868994704,26.94255479562456,-5.853816840221508,-1174753.7712740693,297.4362017108487
49290.0,control,0.0,0.0,109.55559998478988,-0.33472144386140223,53.12793802485105,26.411092693034956,-5.470861108456175,-1175655.9414760843,299.04369323339495
49300.0,control,0.0,0.0,113.08881276471152,-0.3921575102165384,52.85629558871993,26.9470482032341,-5.518722706524342,-1173804.935204178,301.4389440982296
49310.0,control,0.0,0.0,106.02989520151219,-0.2761388754977518,53.44736212341366,26.777939884897965,-6.458871045659123,-1170925.405552404,301.44579990569326
49320.0,control,0.0,0.0,109.43376315318226,-0.33271689471985344,52.81244611640332,26.779556179138105,-6.117981681375788,-1175137.8453167137,301.63353120539574
49330.0,control,0.0,0.0,108.00899474181855,-0.3091662948937711,53.97320819979717,26.564725897715206,-6.3980576265856275,-1174587.277583763,299.94743111022524
49340.0,control,0.0,0.0,109.67285777253142,-0.336649226025867,52.85039474219769,26.69522813014684,-4.175775830837567,-1173829.3128480352,300.9702611329906
49350.0,control,0.0,0.0,108.05393899096559,-0.30991219426458916,53.739734838377636,26.993081875215633,-5.079653044847587,-1174437.4027990084,298.804701382247
49360.0,control,0.0,0.0,106.96388323284955,-0.2917688337550425,52.86561426993682,26.8182555395666,-4.6432049023412505,-1173018.183917636,300.61013264055975
49370.0,control,0.0,0.0,109.10489595928976,-0.3272986442449966,52.43674346548604,26.25380623299389,-5.432757445816861,-1173803.3859106526,300.4316507825634
49380.0,control,0.0,0.0,110.53070581304128,-0.350709309997034,52.16853721259298,26.54700366977186,-3.99853444013892,-1172506.8559863977,300.4625621465476
49390.0,control,0.0,0.0,109.9510234941126,-0.3412167680102833,52.22642813858108,26.406166870874923,-5.723318419781281,-1173820.0291443523,301.7912072645874
49400.0,control,0.0,0.0,113.4405477945234,-0.39779727921178154,51.70586812711753,27.085894324831326,-5.570935617098512,-1173424.1209325325,299.8474155510466
49410.0,control,0.0,0.0,116.947576841469,-0.4531750774177259,52.182686966723764,26.772165675772474,-4.10915279834502,-1173312.933229722,299.3744978079485
49420.0,control,0.0,0.0,108.17562480634788,-0.31193074613417404,51.86533582925306,26.77770690688849,-5.919219468832411,-1174497.0311437864,300.80347584615924
49430.0,control,0.0,0.0,110.37184133149374,-0.3481113672520474,52.42793415589202,26.356432027013017,-5.028587860346287,-1172765.7737069298,301.9208780642101
49440.0,control,0.0,0.0,111.13562260957434,-0.3605767854082743,52.50214555846487,26.736442592623735,-3.9955781151323277,-1173446.9238615688,299.21412901362487
49450.0,control,0.0,0.0,103.63990928194052,-0.2358190738573344,52.80977842619786,26.666796374125493,-5.564079782059624,-1173449.4467519578,299.5199596346867
49460.0,control,0.0,0.0,110.40276131352347,-0.3486172182970617,53.287949505361524,26.785981627678616,-5.650732712241533,-1174430.437803693,299.7000965429545
49470.0,control,0.0,0.0,109.11924024682253,-0.32753519971299117,52.81903126276781,26.501633348607292,-4.60479953524905,-1174488.1281702593,299.2826785427225
49480.0,control,0.0,0.0,105.08038210189854,-0.2601739185293512,53.92735759091182,26.49712430596562,-4.308269086792318,-1174973.2334090862,301.4274354307943
49490.0,control,0.0,0.0,108.15426100651365,-0.3115764601508409,53.362139821383415,26.705085329648714,-4.827812150476662,-1171596.0320517272,299.87241059751847
49500.0,control,0.0,0.0,111.83493152578174,-0.37193383657875634,53.543705604125655,26.48715827473422,-4.595817147467311,-1173725.1876681559,303.36261087383747
49510.0,control,0.0,0.0,109.37194600869792,-0.33169925771555653,53.45121959351523,27.011229921442315,-5.02545494249004,-1174138.7050390989,301.5579515163796
49520.0,control,0.0,0.0,109.85603411035493,-0.33965792041678855,54.14601653436863,26.817780287305876,-5.6563128304405215,-1173179.3636160363,301.7306826234931
49530.0,control,0.0,0.0,107.11452771699685,-0.2942826633038466,53.32054943598495,26.75386238703892,-5.155244054362529,-1174539.1892117374,300.037075663364
49540.0,control,0.0,0.0,113.82569624374027,-0.40395560057984764,53.32883673744829,26.407804146687823,-5.469367599003108,-1174971.6653362438,300.9189650979451
49550.0,control,0.0,0.0,107.60030024356223,-0.3023748856929368,53.94551247656836,26.240161373015873,-4.025570975953768,-1174197.8439976256,299.093175420133
49560.0,control,0.0,0.0,104.10781097588361,-0.24374722950355598,53.9088604432772,26.61453071030706,-4.993070831825032,-1173341.0598019194,301.29580951448946
49570.0,control,0.0,0.0,104.83676080598998,-0.25606601639906046,53.60476248093218,26.40761471166611,-4.398927641554335,-1173895.8174164165,299.7576127546172
49580.0,control,0.0,0.0,112.25974310412457,-0.3788059993421953,53.38641152757482,26.627749358034794,-5.028364310853622,-1173758.55175489,299.9056084970444
49590.0,control,0.0,0.0,106.90859452860397,-0.290845715064733,53.61817926714066,26.705003394865336,-4.5100640632383096,-1175198.1324226242,299.50859699293306
49600.0,control,0.0,0.0,112.86739401249815,-0.38859965727527546,53.991960762901044,26.396113199077803,-4.441050946373629,-1174258.4156938829,300.5265172952793
49610.0,control,0.0,0.0,110.48749715200694,-0.35000297619251575,52.849325826713866,26.490805320815337,-4.47850473306608,-1174235.0058055874,300.7785101291216
49620.0,control,0.0,0.0,106.03672728012603,-0.2762534793927657,52.85963265522014,26.737375689796096,-4.007406542988587,-1173488.2427535597,299.3013039607451
49630.0,control,0.0,0.0,102.13029069469823,-0.21013546055278187,53.36691302540179,26.411941199643124,-5.702711442083956,-1172923.005314758,299.724657665013
49640.0,control,0.0,0.0,106.57757257163776,-0.2853132269579036,53.77885216371144,26.79400962045752,-4.65707917063909,-1175798.6993105356,300.0003296817167
49650.0,control,0.0,0.0,109.14183126319354,-0.32790771255241735,54.03543712149498,26.822766356682504,-4.752612072549446,-1173736.9379437678,301.3847139638259
49660.0,control,0.0,0.0,105.54045010218826,-0.2679186204452736,52.67731337265834,26.94598747233308,-4.99243194657418,-1175083.720153274,300.0266396667667
49670.0,control,0.0,0.0,114.45564846711325,-0.4139887354116536,53.43251442288457,26.879730711076515,-4.1271058481523495,-1173971.6547469776,302.16513021839336
49680.0,control,0.0,0.0,110.04737002583398,-0.3427969293582389,52.903887865769526,26.583533389432326,-5.237313652802539,-1175554.3908479102,299.8908795657048
49690.0,control,0.0,0.0,106.61401458748527,-0.28592276522401816,53.62870515512453,26.816721699077085,-4.747351110296547,-1174360.9034781978,299.6060114697337
49700.0,control,0.0,0.0,110.73212496334658,-0.3539992789206313,52.47222005172977,26.49013138979654,-5.249839768705591,-1175649.1433597468,300.9595107055262
49710.0,control,0.0,0.0,115.4097212174945,-0.42908839364583795,52.82524208024619,26.45105417983986,-3.59831493089403,-1174214.060781723,300.28571579193243
49720.0,control,0.0,0.0,106.46448090704409,-0.2834208937288082,53.23286616208752,26.96464589378924,-6.856633712736343,-1175900.9873071257,299.4725235322034
49730.0,control,0.0,0.0,112.32558867676298,-0.37986932649539407,52.8835988848002,26.766635533190357,-5.402075989236941,-1173244.0255512316,301.2859201209309
49740.0,control,0.0,0.0,108.94298947203873,-0.324627182208282,53.28225478822386,26.239782565199608,-5.1151526019240965,-1173989.4090573657,302.205869663666
49750.0,control,0.0,0.0,104.25863453426477,-0.24629935435128128,53.47011018126708,25.958395666513255,-5.873507120097583,-1174164.3612937182,300.0449562702136
49760.0,control,0.0,0.0,112.23744003237059,-0.37844571794093124,53.01864543747638,26.56720835844866,-5.129733565442963,-1175759.7670161724,301.421456600365
49770.0,control,0.0,0.0,110.85777015007027,-0.35604934714763153,53.52270705934685,26.520398375171208,-5.129394285495021,-1173689.70684015,300.43107981316933
49780.0,control,0.0,0.0,113.3040027874206,-0.3956096659331891,53.16309137290262,26.795363936881508,-4.926669455211449,-1175869.3464917634,301.1549394782028
49790.0,control,0.0,0.0,104.09105851130143,-0.24346365212791565,52.606810372028384,26.616962247140723,-5.030832886229026,-1172906.1572413184,299.6592602716444
49800.0,control,0.0,0.0,113.96277040994377,-0.40614295466689737,53.21644736224865,26.50979956031844,-3.959938324008616,-1174775.1382859107,300.60157532952286
49810.0,control,0.0,0.0,109.68744254385228,-0.3368889092126477,53.35372644228861,26.58006321488377,-4.067205622683699,-1172930.0513038244,302.04460562485144
49820.0,control,0.0,0.0,111.28408937046036,-0.3629924924581781,53.522784646933104,26.6897044212023,-4.709393336441053,-1175514.8828109335,301.55914240365314
49830.0,control,0.0,0.0,110.27973392411349,-0.3466038894162857,53.15664729731518,27.000931465045248,-4.438466505167933,-1175617.3435971886,299.1444701376137
49840.0,control,0.0,0.0,108.61499836984068,-0.3192073965909922,53.68983236744876,26.260452277566817,-4.671865198142195,-1174650.509058142,300.4795904749039
49850.0,control,0.0,0.0,111.36547796420842,-0.3643157354208285,53.78045375171543,26.68873417719373,-5.29345612424298,-1173424.4908507187,299.7355900099913
49860.0,control,0.0,0.0,110.8572449190688,-0.3560407808626349,53.99628475431974,26.50719534883254,-4.262237279200321,-1174113.694812974,300.5785222877621
49870.0,control,0.0,0.0,109.67022181415865,-0.3366059048902813,53.51254378667447,26.739203275533566,-3.8653478457909816,-1175186.2953141946,300.72537091568665
49880.0,control,0.0,0.0,109.70684247124359,-0.3372076898698624,53.907119075827254,26.402407180581893,-4.623829044786927,-1173969.7530098204,300.24992849417845
49890.0,control,0.0,0.0,107.58620056353446,-0.30214031020345444,53.30205571014244,26.532037452713116,-3.6338614888805223,-1174316.9414172545,301.63872789943076
49900.0,control,0.0,0.0,110.14711381586282,-0.34443178726248747,52.9245786421829,26.60982829810938,-5.953328499199629,-1173706.8420076072,300.5861826828053
49910.0,control,0.0,0.0,112.11436047732523,-0.3764564742428909,53.07432526712849,26.950223336689817,-4.206971233257331,-1175162.2730051577,300.4051640469859
49920.0,control,0.0,0.0,106.10603677591405,-0.27741588100715586,53.35962865494426,26.469277961778403,-4.784912680995786,-1174024.4197527003,299.64121275748863
49930.0,control,0.0,0.0,104.58002985193775,-0.25173205290488365,53.622796335830905,26.550623548594665,-4.598820528210435,-1173841.6824725568,301.2422516780321
49940.0,control,0.0,0.0,106.9548850669403,-0.2916186158561881,53.06267425085373,26.709112504123137,-6.11119186165417,-1173561.4734931868,300.75652324845146
49950.0,control,0.0,0.0,108.14891114573211,-0.31148773409857744,53.05367053484913,26.756306369355546,-5.812736276327447,-1175925.4062269963,300.03974724094377
49960.0,control,0.0,0.0,105.69237040036602,-0.27047224997088987,53.73676154952323,26.44022470901298,-3.77937960583589,-1174818.8124330733,300.2372249793048
49970.0,control,0.0,0.0,102.25309669591532,-0.2122304887834996,53.17167021499199,26.34664289448011,-4.944434001489649,-1174254.656187974,301.7420336327494
49980.0,control,0.0,0.0,110.2418090830718,-0.3459829311439737,53.34786825752217,26.611585878727233,-4.452862772612969,-1174006.1812305916,300.3317437325567
49990.0,control,0.0,0.0,112.90325504260844,-0.38917628317049724,52.497946202440545,26.38491948757096,-4.34483033400882,-1175157.0142418053,302.9977225556955
50000.0,control,0.0,0.0,103.56048381833263,-0.23447170789973296,52.997164859953614,26.393056754440256,-5.417197342086456,-1174824.9042489622,299.8352565128669
50010.0,control,0.0,0.0,105.55512164715475,-0.26816531701980795,53.71383380721384,26.577056940172266,-5.314107329170172,-1175489.3023094777,298.9566729250476
50020.0,control,0.0,0.0,109.13849389739694,-0.32785268452173105,53.25876862157604,26.775706778943132,-5.424616396118094,-1175079.7419958375,299.54196005638096
50030.0,control,0.0,0.0,110.91085285779512,-0.35691494815702296,53.5008717655402,26.262985294035943,-4.558640944682683,-1173027.73471638,300.07927216610994
50040.0,control,0.0,0.0,109.38462388002591,-0.33190799299608875,53.426166040718236,26.40692338846769,-4.92597366253272,-1175105.648303315,300.6162519713593
50050.0,control,0.0,0.0,109.67480078139327,-0.33668115830095036,53.20344299080168,26.981080202406876,-3.80569908726699,-1174701.9088577777,300.81844346498605
50060.0,control,0.0,0.0,105.33686632894236,-0.26449362898925455,53.23827125677209,26.752789058529196,-4.951930613730844,-1174146.596114168,298.7951395136088
50070.0,control,0.0,0.0,110.93226218797388,-0.3572639759050976,53.420070303649204,26.29403338185826,-4.057685494165831,-1174224.7546810359,300.55883903108514
50080.0,control,0.0,0.0,111.73841572314112,-0.3703696397177675,53.11285529654403,25.964664231877144,-3.6008108918796555,-1173747.9397888314,299.1398317961701
50090.0,control,0.0,0.0,111.4830278371084,-0.3662256022417259,53.080895516661094,26.64186511007591,-5.5491593676920274,-1173818.341770919,298.0903022956166
50100.0,control,0.0,0.0,110.82244336602587,-0.35547311631232814,53.43169223937911,26.55549174563289,-5.027073824811193,-1172799.1843276806,297.4430928245056
50110.0,control,0.0,0.0,112.90994362733908,-0.38928381511905874,53.29410168177904,26.448103311735796,-4.535046273540304,-1173853.7574515976,300.22839048055283
50120.0,control,0.0,0.0,113.58838774244138,-0.4001633031513909,53.40134934206229,26.73537982542521,-5.2101426428730235,-1174629.348833248,300.06118664306365
50130.0,control,0.0,0.0,113.1519391241676,-0.39317078150118046,53.55275008545543,26.627415067143527,-4.057842123290892,-1173882.4493545685,300.71512710837726
50140.0,control,0.0,0.0,103.5846722773449,-0.23488208643582972,53.83056820795617,26.142358427689846,-4.450596804693153,-1175022.819217449,300.0925156738076
50150.0,control,0.0,0.0,106.66679260603695,-0.28680533842563416,52.48870823950851,25.978897777270138,-5.597610003165858,-1175404.0794887133,300.12195809986173
50160.0,control,0.0,0.0,105.03118419914394,-0.25934472824510624,52.629630146177895,26.41767004712226,-6.28372771086098,-1173259.1605330408,300.18976294011105
50170.0,control,0.0,0.0,103.60311866245095,-0.23519501749350086,53.08657755595781,26.100714341033672,-5.601586507886903,-1173546.8942489997,301.58478735722383
50180.0,control,0.0,0.0,109.68142706172776,-0.3367900546382413,53.52890447609915,26.70595616403838,-3.599274021986105,-1173864.698348986,299.43583182507126
50190.0,control,0.0,0.0,116.39703357417575,-0.44458880410001983,54.029584695485305,26.347014739915302,-6.425157897299423,-1174995.5124123525,300.518039117597
50200.0,control,0.0,0.0,108.5102429306843,-0.3174741858709599,53.499301098405454,26.869335412027826,-4.243325880452955,-1174073.6201956496,301.4001096529232
50210.0,control,0.0,0.0,103.86086995479926,-0.23956503750424085,53.9157392412117,26.611231487658685,-6.006074114845681,-1173389.8337742183,300.3190027468601
50220.0,control,0.0,0.0,108.04133930109053,-0.30970310773517284,53.644986686926345,26.113733765836187,-4.538027897354466,-1174105.067755876,299.83338032755944
50230.0,control,0.0,0.0,112.60178072395932,-0.38432401538259386,53.212287523601084,26.417225070769113,-4.595386616081622,-1173280.5826063547,300.10877477226063
50240.0,control,0.0,0.0,106.77316596654154,-0.2885834121085977,53.70180950521874,26.62648091023124,-4.457603098186611,-1174204.200750228,299.26482498177023
50250.0,control,0.0,0.0,113.32455502735718,-0.3959390811872422,53.919038570448286,26.712790450372317,-6.270102024284583,-1174077.3326464742,301.63917508973316
50260.0,control,0.0,0.0,108.24087953974743,-0.31301262745281205,53.000136542389626,26.406183086876403,-5.423909956631696,-1173330.4122483004,299.23803376680706
50270.0,control,0.0,0.0,110.88918395642924,-0.3565616379799455,53.16771747130294,26.35233858648994,-4.4190751309032015,-1174672.7181914784,299.62991521343866
50280.0,control,0.0,0.0,114.08591256651276,-0.40810600758739435,53.44665212887229,26.34188014180577,-4.736091143114894,-1173922.1067075469,300.0629820066752
50290.0,control,0.0,0.0,112.37665243728439,-0.3806935997564327,53.12977268557758,26.53735524634665,-5.296760621325177,-1172613.7517214809,300.6508685158303
50300.0,control,0.0,0.0,110.02142682318514,-0.3423715349471633,53.80352387430804,26.135093512327042,-3.9584987026265686,-1176285.0396979991,299.3003905044871
50310.0,control,0.0,0.0,115.44184406320305,-0.42959473978333007,53.452148926615145,26.58642615103702,-5.070194778216501,-1173901.4298913386,301.00105817911185
50320.0,control,0.0,0.0,111.23508499943742,-0.36219540956900687,53.25552544628405,26.799646581345538,-5.584435940928798,-1173530.9976886213,300.53112023402304
50330.0,control,0.0,0.0,109.77049701686148,-0.3382533930865663,53.81224403863674,26.2499970792169,-4.848808144219084,-1174257.2297051419,300.07136391557157
50340.0,control,0.0,0.0,111.24526635988101,-0.3623610367882125,53.855918513324596,26.552471064343088,-4.576503035915534,-1175286.129943516,300.04673614831205
50350.0,control,0.0,0.0,101.59293873307594,-0.2009571944564136,53.82603426146522,26.302176413886407,-4.915874499956845,-1174169.09695727,301.3151559110834
50360.0,control,0.0,0.0,111.18458156948516,-0.36137366643945307,54.16042303242587,26.728268229693622,-4.209132579388628,-1176271.6041541789,300.6727769746109
50370.0,control,0.0,0.0,111.43751635086859,-0.36548634638302124,54.37643110769544,26.868551854969915,-3.6646962478402942,-1174606.5913227983,303.2666706293849
50380.0,control,0.0,0.0,101.08291563910367,-0.1922293577459587,53.47782063552787,26.027365807100512,-5.211469796608346,-1174888.7490204591,300.5432529684938
50390.0,control,0.0,0.0,107.01795335942005,-0.29267134390176147,53.368234062475025,25.877253488411046,-4.458314653652399,-1175850.2942842357,297.7578420676631
50400.0,control,0.0,0.0,116.22545099211247,-0.44190437462751425,52.838735140720516,26.47622424733963,-5.087554410593735,-1175867.394715039,302.54503523794585
50410.0,control,0.0,0.0,112.93687565366477,-0.3897167458807739,53.06375610300023,26.32397735605175,-4.253898722155782,-1174118.4802837707,300.4594215292719
50420.0,control,0.0,0.0,102.05374123009315,-0.20882906392782571,53.2111141040556,26.31746725407269,-5.4636625733670625,-1173727.9972894434,301.4622920766922
50430.0,control,0.0,0.0,106.00493045856328,-0.2757200739948665,53.440200079031,26.49088984810749,-4.790084851352574,-1174635.322175404,299.0024657510565
50440.0,control,0.0,0.0,102.2909621066083,-0.21287626348212868,53.90053332663846,26.3025918158817,-5.144610399098487,-1175189.075562751,300.0776078171476
50450.0,control,0.0,0.0,107.15931136886717,-0.2950295840519803,52.664852611876334,26.250199596413058,-3.5149518641448196,-1174652.5272569917,300.6159995479039
50460.0,control,0.0,0.0,99.03724625355677,-0.15707649826227682,53.49490246770959,26.164717789981903,-4.102911404376833,-1174216.7726108413,300.6387336131107
50470.0,control,0.0,0.0,105.13106145272943,-0.26102787681968703,52.92430516431111,26.549033916774793,-4.763134245471098,-1174181.6793618388,301.4357634078071
50480.0,control,0.0,0.0,111.44554730172764,-0.36561681214356895,53.19320639938535,26.44852250357887,-4.275193993760308,-1173622.044554375,299.7540306940348
50490.0,control,0.0,0.0,106.07093856617679,-0.27682729345280443,52.91839497493453,26.37334978471857,-5.100050260248732,-1174560.0622568447,303.0971900083853
50500.0,control,0.0,0.0,106.07026019837812,-0.27681591638294567,52.97936918171975,26.83325592047207,-6.120960498745685,-1174914.6790108476,299.9044674488965
50510.0,control,0.0,0.0,107.88033464654333,-0.30702998855476993,53.28977818325255,26.579707015893483,-4.096231647555022,-1174820.8065865077,298.1874642873341
50520.0,control,0.0,0.0,104.98999685601324,-0.2586504022956996,53.690083349441416,26.898435055616112,-5.163682781960719,-1173090.7773657572,301.04348253941083
50530.0,control,0.0,0.0,111.36881007266122,-0.3643698943077402,52.647794588654314,26.412319437670988,-4.274977970601376,-1174948.7204598263,299.5660480970917
50540.0,control,0.0,0.0,110.34378477618115,-0.3476522741453609,52.95544693668926,26.74978760536659,-5.629415098391919,-1176192.490985483,300.67739240089486
50550.0,control,0.0,0.0,109.59815141486366,-0.33542117513091485,53.51220985721963,26.358377125664774,-3.62022188410414,-1172751.061059421,301.9423992472924
50560.0,control,0.0,0.0,110.79630574050903,-0.35504668692281,52.727455888894454,26.427887282726186,-3.963381281252198,-1174217.3388620056,299.7616937918749
50570.0,control,0.0,0.0,109.14548726293407,-0.3279679930899885,52.27343778884658,26.032901705481567,-3.5430337235123788,-1174966.561072616,300.2884658719106
50580.0,control,0.0,0.0,104.18114190035564,-0.2449882933011312,53.10483019055919,26.865557885559394,-4.1429487944763554,-1174514.5101219043,299.1726023050531
50590.0,control,0.0,0.0,107.67844467906777,-0.3036746373833997,52.64055965989429,26.90472856043922,-5.699819962494975,-1173816.0039343033,298.4556412627578
50600.0,control,0.0,0.0,109.9233320823278,-0.3407624276700334,52.92745853797564,26.432285070155853,-4.750853295649819,-1175612.7294199448,300.087817105749
50610.0,control,0.0,0.0,105.04618139272041,-0.2595975139262412,53.10972274385344,26.488356373314847,-5.224982384790694,-1174959.9553887863,301.90156369877184
50620.0,control,0.0,0.0,105.37910625034887,-0.26520452825275026,53.6247263963418,26.267353333100655,-5.4581830584532165,-1174261.6825755425,300.74233748470004
50630.0,control,0.0,0.0,112.83488417571255,-0.3880767851865564,52.730274751890526,26.799051268232084,-4.869872578155574,-1174483.6625393834,300.891776035885
50640.0,control,0.0,0.0,108.69737327502077,-0.3205695653941198,52.924698877219576,26.744171346307414,-4.142594960378586,-1174921.136881549,300.5432946252516
50650.0,control,0.0,0.0,110.16731229104161,-0.3447627249191402,52.95079716710008,26.674964269547743,-4.3118270901938756,-1174745.2450008653,300.7404973692438
50660.0,control,0.0,0.0,103.74625702079314,-0.23762243665356142,52.6505551908173,26.319557416344043,-5.1879510960828625,-1174343.2010200936,300.6661058556929
50670.0,control,0.0,0.0,106.4150634117148,-0.2825936566077689,52.56594195483178,26.322324084071305,-5.500033161931344,-1174722.870148575,301.9454518880538
50680.0,control,0.0,0.0,104.93288306426604,-0.2576873711518838,52.580504621569574,26.72796670753431,-4.936386511584078,-1174551.7829549424,300.26632131255957
50690.0,control,0.0,0.0,105.39738418776196,-0.26551210188156804,53.033558681402646,26.820332791659837,-4.256946632448704,-1174762.8798695449,298.98526853791077
50700.0,control,0.0,0.0,104.19139509335704,-0.24516178797824995,53.10211078944617,26.746801020943415,-5.989185045819758,-1175197.4750014152,301.4863013573261
50710.0,control,0.0,0.0,109.81683987322486,-0.3390144410378518,52.726374936365445,26.320860558909622,-5.073613813706067,-1175109.5515957735,298.5505088823885
50720.0,control,0.0,0.0,105.2699520569308,-0.26336716551109207,53.24340658925929,26.40075249608739,-3.571123968882831,-1172900.1064643376,301.2604148263094
50730.0,control,0.0,0.0,108.34479487043099,-0.31473463783578537,52.781920607856286,26.085755114014216,-5.322550910672333,-1174614.3478559032,300.0325319974617
50740.0,control,0.0,0.0,112.82472861061537,-0.387913422496426,53.64158717772006,26.62450275705174,-3.6841190664025296,-1174136.6969098952,300.90055892184466
50750.0,control,0.0,0.0,105.10536017998965,-0.2605948301601623,53.05948513059914,26.68908632042762,-4.140907394963066,-1174167.1488433518,300.8777480658244
50760.0,control,0.0,0.0,104.69318221541344,-0.25364284490121336,52.76966591744786,26.442423115939857,-5.334813033874687,-1173236.2736972664,301.10835299122596
50770.0,control,0.0,0.0,103.6299179587733,-0.23564960687186154,52.801329334104985,26.608195527658413,-3.5790850544188038,-1174094.6666762084,301.5648053490959
50780.0,control,0.0,0.0,103.55929831595319,-0.2344515937316637,53.47782361331752,26.69267703023322,-4.43999242111808,-1175069.1297224294,298.89869386260347
50790.0,control,0.0,0.0,106.97895648533058,-0.2920204547227339,53.08922005610051,26.477538490252396,-5.228285337204365,-1174516.954394916,300.64844269200205
50800.0,control,0.0,0.0,113.2100303540202,-0.3941028098702929,53.05634026451123,26.29593918033626,-5.764095641415786,-1175793.1136814225,300.6000756535293
50810.0,control,0.0,0.0,104.9551784348301,-0.2580633377740805,52.618027789535205,26.56822276492854,-4.5459470255245185,-1175645.2149964795,301.4418791147997
50820.0,control,0.0,0.0,109.82430267067816,-0.33913697527316056,52.219813456573924,26.856793374536977,-5.2326905994168476,-1174002.3895907067,300.1578793093461
50830.0,control,0.0,0.0,103.96112010714619,-0.24126341459746453,52.5342943261692,26.65614293277811,-4.6615613196401915,-1174461.594031239,301.0762034698293
50840.0,control,0.0,0.0,104.50663462369226,-0.25049211002688554,53.30608207329742,26.41659940086568,-4.437273535741009,-1173196.7887533773,299.10104296776916
50850.0,control,0.0,0.0,104.15025221977201,-0.2444655604166183,52.907746935815894,26.793848377534882,-5.735717795334069,-1175592.6745874211,299.84247037327253
50860.0,control,0.0,0.0,106.6220919479529,-0.2860578535228694,53.681439175095186,26.640983183319236,-5.3873736721974765,-1172955.9283171762,299.8084949454817
50870.0,control,0.0,0.0,103.30059727655134,-0.2300598820226756,53.11473013631908,26.536396326624754,-4.967071451187159,-1173100.6270041633,300.42592534068336
50880.0,control,0.0,0.0,103.71845711044375,-0.23715110602819142,52.92398374752852,26.464408347042596,-4.870742665849303,-1174143.765499156,300.67315596325267
50890.0,control,0.0,0.0,107.67996655171841,-0.30369994461018357,53.717761468653066,26.683018341337938,-5.669561053936493,-1173287.0837056022,300.85351188153317
50900.0,control,0.0,0.0,112.12567473669536,-0.3766394108832424,53.37992657882879,26.24615911298315,-4.750858205589844,-1173184.8519899175,300.0278780311626
50910.0,control,0.0,0.0,108.00876192438982,-0.30916243053615733,53.12020431131159,26.278579117258424,-5.247279305209254,-1174110.570908606,299.8608941796766
50920.0,control,0.0,0.0,108.65847304294606,-0.31992638535367457,52.90691739715773,26.803744012806533,-3.789839136168549,-1174639.439587772,298.38520570733095
50930.0,control,0.0,0.0,104.97843863865143,-0.2584555327203162,53.185308904273484,26.425606879921094,-3.757923599075297,-1177152.7418327928,299.87018513144113
50940.0,control,0.0,0.0,105.64276060198085,-0.26963856668514363,52.476721331687415,26.80837523024314,-5.637163004149344,-1173591.2130818423,299.761816653477
50950.0,control,0.0,0.0,107.50340472429818,-0.30076247231476483,53.53307317512459,26.717470036975218,-5.093403818299826,-1173207.3911481872,300.7123188788026
50960.0,control,0.0,0.0,105.27891491682618,-0.2635180709973608,53.13293836706824,26.947282375048335,-4.53537526939212,-1174815.1588978916,298.14138406047533
50970.0,control,0.0,0.0,109.57177247896962,-0.33498741203713644,52.94226273077506,26.505295173002313,-4.015057342137893,-1174477.9895783365,300.8262172141473
50980.0,control,0.0,0.0,105.34455772525621,-0.26462308615767316,53.332506849589016,26.515382905205612,-4.01616803988084,-1173976.537128292,300.93192065183035
50990.0,control,0.0,0.0,113.28711596792942,-0.39533896264634855,53.53521160616206,26.349587467642365,-5.1300487251088285,-1173636.907395471,299.5156144416984
51000.0,control,0.0,0.0,105.4158195791496,-0.2658222977104988,53.57234401584151,26.504446169201525,-4.869454410344482,-1174966.2968820333,301.0719817247183
51010.0,control,0.0,0.0,106.16248978520814,-0.27836236434573297,53.32871222455173,25.92713967632946,-4.339688537476271,-1174533.1284466647,301.37008124022674
51020.0,control,0.0,0.0,105.44691990591414,-0.2663455326802511,53.46472580086599,26.462376515325516,-5.23836364195872,-1173323.843706943,299.2120391076468
51030.0,control,0.0,0.0,105.82911148544999,-0.2727691064376,52.902189392946376,26.227610340163704,-4.452433540338735,-1173547.8975222446,300.7480449369794
51040.0,control,0.0,0.0,107.81864750926538,-0.30600516921268883,53.29358463262267,26.09091417777607,-5.408997065089179,-1173453.3471828252,302.0875475463074
51050.0,control,0.0,0.0,102.57575230929315,-0.21773021191075723,52.568227423213116,26.722051790708843,-4.604941157148768,-1173770.702754397,299.30970940534354
51060.0,control,0.0,0.0,105.9037230836374,-0.27402171212950477,52.877856457575035,26.35984046763544,-5.7534636727978175,-1173825.6958345417,300.0420337940118
51070.0,control,0.0,0.0,102.52446804181749,-0.21685651934045272,52.15501705039504,26.32838551691274,-4.812122057712258,-1173859.6080515794,300.3681243961876
51080.0,control,0.0,0.0,103.66137615586325,-0.23618315816742122,53.0404000126849,26.337293660987967,-4.574389176099511,-1174684.335200457,299.3366796775997
51090.0,control,0.0,0.0,106.50240339025912,-0.284055564135675,53.196573032462105,26.273270198555867,-6.385555562758402,-1175278.7848715317,300.66269987379417
51100.0,control,0.0,0.0,107.83103318111678,-0.3062109630718236,52.894372240016835,26.324981943227144,-6.90759568636961,-1174076.8806159645,299.7232203327221
51110.0,control,0.0,0.0,112.7015775560995,-0.3859314429248718,53.29925785528032,26.136557950136783,-5.647841599357532,-1174036.9122016896,300.19856151876354
51120.0,control,0.0,0.0,104.93789845837843,-0.2577719490986877,53.32650128395634,26.412286983189965,-4.704281329335023,-1174648.1508026998,300.56446272117654
51130.0,control,0.0,0.0,100.88554417442897,-0.18884768707006552,52.12549160138309,26.235372219907276,-5.875294992827028,-1173580.1740724836,302.1132009730647
51140.0,control,0.0,0.0,106.02458240219185,-0.27604975385980934,52.3811220090013,26.583027551610012,-4.3777098863871755,-1176291.3814338464,299.6327927194193
51150.0,control,0.0,0.0,104.56123053807802,-0.2514144955703614,52.12077871808515,26.22575807108185,-5.477614218326817,-1174655.5435831808,299.7034655078886
51160.0,control,0.0,0.0,111.87363167913851,-0.37256073984228494,52.9093144700626,26.5109441586584,-6.051950436481933,-1173854.8282054681,301.9360053707035
51170.0,control,0.0,0.0,103.30361135533684,-0.23011107623543103,52.37619331233237,26.112540269126054,-5.785039322604662,-1173800.7893245388,301.9731372945139
51180.0,control,0.0,0.0,109.38101784663888,-0.3318486229795531,52.43431376417612,26.36634688687793,-5.773153381655193,-1173113.8599284533,300.5406290548376
51190.0,control,0.0,0.0,106.1025661999811,-0.27735768501484537,53.24759118642134,25.996486178809015,-4.137457007458595,-1173992.9994074907,299.22433938761327
51200.0,control,0.0,0.0,105.82160230043343,-0.2726430139500494,52.091846962370035,26.50873482619296,-4.538390336521481,-1174677.8335466553,299.310484448534
51210.0,control,0.0,0.0,102.8259998275116,-0.2219909805983346,51.61869406067162,26.756681859143956,-5.726566754972433,-1174263.3921104595,301.31132410690867
51220.0,control,0.0,0.0,105.61637003642403,-0.26919499580858314,52.08403444381078,26.456423085696184,-3.4969016673502438,-1173909.6052575242,299.30049006399554
51230.0,control,0.0,0.0,108.49248087636292,-0.3171802018745232,51.99681127307665,26.394053466561875,-4.683964566435422,-1174040.8823745083,298.3540839437169
51240.0,control,0.0,0.0,107.85350760996164,-0.30658434990544114,51.45312881493159,26.66180014125764,-4.028584482087777,-1174191.1139963064,300.12288207385507
51250.0,control,0.0,0.0,98.75982081293841,-0.1522927945740418,51.171033396932025,26.477771395639905,-4.518030035915398,-1172002.5545089822,300.14636447505796
51260.0,control,0.0,0.0,105.86510078586994,-0.27337336532016254,51.80915251602322,26.61530110661808,-4.77662243372111,-1173779.435384646,299.60590268465234
51270.0,control,0.0,0.0,106.26166304530004,-0.28002443458006276,52.1759915955158,26.068160763457126,-5.287165960845811,-1175432.273355268,300.5349007886884
51280.0,control,0.0,0.0,105.40107344748428,-0.2655741799536201,52.03770513626023,26.075686434456784,-7.005199155531435,-1173680.4154730923,301.8499787664262
51290.0,control,0.0,0.0,103.6888941282919,-0.23664982233864992,51.758976391961376,26.149358683912855,-4.687693837083561,-1173580.0657969713,299.5585624706278
51300.0,control,0.0,0.0,103.2865010819242,-0.22982044931233953,52.167133469803325,25.805625271390593,-5.957442019427366,-1174382.6686154548,301.006136655787
51310.0,control,0.0,0.0,100.04459916972323,-0.17441470165640494,51.63001120742038,26.379602675163937,-5.983316765965175,-1177543.0084260795,300.5265481361862
51320.0,control,0.0,0.0,108.24633406973966,-0.313103041667923,51.23175291429666,26.174914831379997,-5.432557136262799,-1174610.2479975205,298.48025069093796
51330.0,control,0.0,0.0,105.37099647825694,-0.2650680516906663,52.6133392312168,26.358029307869526,-5.559806400125153,-1175142.5313940812,301.70033536176123
51340.0,control,0.0,0.0,103.86951458497673,-0.23971151853843892,52.26048241344638,26.53801248279023,-6.041512397245279,-1174175.5347302929,301.8398701422404
51350.0,control,0.0,0.0,106.0281182920669,-0.27610906829688076,51.91865881822755,26.32872234390835,-4.782767427945155,-1174802.204064453,299.8297991186847
51360.0,control,0.0,0.0,107.15044132051277,-0.2948816599218563,51.93859325738822,26.182566791452622,-6.46692746163088,-1171893.836895164,300.7508489262477
51370.0,control,0.0,0.0,106.10979342309287,-0.27747887280828354,51.35900467293944,26.348481632830303,-5.156738536710225,-1174634.7892259099,301.0492561297269
51380.0,control,0.0,0.0,105.44210314362653,-0.26626450012763153,51.888667073727746,26.741810957409488,-6.697976123788169,-1175783.4721900318,299.16751450990006
51390.0,control,0.0,0.0,109.04580153788132,-0.32632388621559666,51.321907162152286,26.2409114266238,-4.796120244603491,-1173614.350462146,299.40510854334246
51400.0,control,0.0,0.0,109.28113306731798,-0.33020359049461856,52.003812241745756,26.300566934947504,-4.623929975294388,-1175234.309102308,299.34296178490075
51410.0,control,0.0,0.0,104.04918079819203,-0.24275467606726545,51.548547548946985,26.356892318988482,-4.193985341908809,-1173001.9415564071,302.2273868837768
51420.0,control,0.0,0.0,98.20146975300881,-0.14265432342735362,51.18350878931355,26.432251754768032,-3.642555047652847,-1176214.0478009079,299.3067094024747
51430.0,control,0.0,0.0,109.11609670480091,-0.32748336047984716,51.036264577434416,26.399756652709762,-5.736187063661125,-1173684.6406769827,298.93263537223726
51440.0,control,0.0,0.0,100.89883638598987,-0.18907550045381927,51.59840334909287,26.321047526564744,-3.642070982833991,-1173973.42190657,301.4928241529022
51450.0,control,0.0,0.0,105.86426569586423,-0.2733593454145282,51.83771945430988,26.438121361414538,-4.854231512236947,-1172973.6241416764,299.5829134682009
51460.0,control,0.0,0.0,107.3823596282747,-0.298746984124719,50.6922333315784,26.548783261717208,-4.601559315353681,-1174517.8856473565,300.18005617594326
51470.0,control,0.0,0.0,109.27711631888172,-0.3301374164330159,51.33381844168822,26.583709928483845,-4.363541795282771,-1174535.006190868,298.14512003266003
51480.0,control,0.0,0.0,105.78621071859313,-0.27204866372897996,51.17745861291421,26.784974800256148,-5.326963610189775,-1173409.4968079329,299.0327613044985
51490.0,control,0.0,0.0,104.63207727910705,-0.2526110946919794,51.27269446942848,26.6216574199484,-3.9940528505945583,-1172607.3823803123,300.9698163507798
51500.0,control,0.0,0.0,107.7839027358016,-0.30542779190066305,51.768612339255874,26.6254952474004,-3.7564581435384006,-1174023.1806001235,301.4027531563645
51510.0,control,0.0,0.0,112.25786300824176,-0.3787756306918716,51.958663462616,26.875536507702467,-4.359380926978018,-1173159.0198738556,299.5840219264596
51520.0,control,0.0,0.0,107.45292602016288,-0.29992212812642416,51.2252470077792,26.71039892298035,-4.1848117901644555,-1174541.6439585276,299.04528491442284
51530.0,control,0.0,0.0,104.32709920291138,-0.24745730075488126,51.57017638481422,26.78007234048046,-4.703294094435591,-1173873.7322974931,299.0857645857265
51540.0,control,0.0,0.0,100.9298447520794,-0.1896069089902785,52.07588521862271,26.750371953581755,-4.896702168553393,-1173984.4704005532,300.8319846984514
51550.0,control,0.0,0.0,106.85278102152076,-0.28991355939941454,52.27382100171591,26.663402100289186,-4.89623334696102,-1175724.9400108606,299.90940407371045
51560.0,control,0.0,0.0,107.54152427811368,-0.3013969128818609,52.85979547627421,26.9918705793827,-5.306505743052653,-1173719.5487717204,301.8639172203253
51570.0,control,0.0,0.0,106.95543191574134,-0.29162774530835944,52.24608618183516,26.558640459345245,-4.7815276923110455,-1172383.0557567421,301.20587079087517
51580.0,control,0.0,0.0,104.6853318487626,-0.2535103084395107,52.8247495590346,26.551811002056763,-2.8008277303989253,-1175302.8801367749,300.695215908008
51590.0,control,0.0,0.0,106.3660510516863,-0.2817729937095742,52.05325405203197,26.356256793930175,-4.874825477128245,-1172752.2203974538,300.54061575804474
51600.0,control,0.0,0.0,104.5504760158966,-0.25123281839491385,52.04896216629771,26.391210170900504,-4.650372022628762,-1173031.3641423117,302.20593922947046
51610.0,control,0.0,0.0,110.20197229658244,-0.3453305046042042,52.460101131664935,26.141976083605606,-4.570389083139896,-1174574.2331597675,301.48962472354793
51620.0,control,0.0,0.0,109.52536511223383,-0.3342241383499437,51.97782231437099,26.65477153318293,-5.0130775371548815,-1175593.5032091197,298.9192311979067
51630.0,control,0.0,0.0,110.11074660987735,-0.3438358285563713,52.37765443928382,27.209783462074306,-4.752464851102617,-1174171.1628398653,301.00719646154914
51640.0,control,0.0,0.0,107.41674891836834,-0.2993197266070361,51.563588628325576,26.775551025413222,-5.494281446486054,-1172771.1410714258,300.07983377357033
51650.0,control,0.0,0.0,111.00215353117825,-0.35840303904174775,51.82819740585868,26.621483793808203,-4.440181069840785,-1174759.0852564722,302.67324912917917
51660.0,control,0.0,0.0,110.07418066267672,-0.3432364733657597,51.962577502644294,26.725101739584424,-4.134453070927226,-1174555.7112680394,301.0865715439526
51670.0,control,0.0,0.0,101.00399213177114,-0.1908773906154147,52.20844791470825,27.07104332222088,-3.9815637772260244,-1174509.6871042196,300.66480285934034
51680.0,control,0.0,0.0,105.39462728510867,-0.2654657115849073,52.67432996452613,26.383200608324824,-4.740893996256305,-1175477.360206075,300.05701535232663
51690.0,control,0.0,0.0,108.10720766792534,-0.31079599970980754,52.53258903113325,26.309992294815803,-2.8433261982778424,-1172737.3143789042,300.59290322639214
51700.0,control,0.0,0.0,108.9039181493979,-0.3239821151167055,52.68892997395485,26.422144477912592,-5.293568802375673,-1174495.4081294239,300.6444975778602
51710.0,control,0.0,0.0,110.44788113444403,-0.34935519655759106,52.64537729789898,26.740327292581423,-3.7828667391797,-1173658.4241021331,299.3555137725063
51720.0,control,0.0,0.0,107.10020613278606,-0.2940437638829282,52.083663789594574,27.057209705596307,-4.793943456804732,-1173915.5889258664,299.21281993727473
51730.0,control,0.0,0.0,106.7545891452957,-0.2882729645534785,52.00112973765553,26.265969406623686,-2.7637350265354916,-1174891.666827375,300.6556853593494
51740.0,control,0.0,0.0,108.67612809394124,-0.32021831389699174,51.989013984592646,26.69169325553356,-5.128377513195614,-1173750.1101810485,301.0743905639157
51750.0,control,0.0,0.0,109.07351575669485,-0.32678107345507157,51.42502330611989,26.612830506411466,-3.97023909069037,-1175485.3892168067,299.9678027659538
51760.0,control,0.0,0.0,107.93103609341915,-0.3078720342585762,52.393602333949104,26.795139790476235,-4.133860784121024,-1174967.4010851197,300.431426414331
51770.0,control,0.0,0.0,107.72685745963935,-0.30447958862363145,52.53483548442331,26.718143020975468,-3.857981538784876,-1175127.2586411592,300.81746168618974
51780.0,control,0.0,0.0,109.40850391216703,-0.3323011225262144,52.55896186900726,26.610951828392757,-4.325246881435521,-1175751.1536564194,300.3828139788699
51790.0,control,0.0,0.0,104.85166435739458,-0.2563174513238409,52.04035078523045,26.595790403735602,-5.010893642439991,-1174145.4892686568,302.968123134716
51800.0,control,0.0,0.0,103.71512604393787,-0.2370946260673287,52.70683656723081,26.21860349558364,-5.125830484147163,-1174856.586910179,301.1769069632942
51810.0,control,0.0,0.0,105.42349046085866,-0.26595136066461217,51.88834150286136,26.483433814180565,-3.8038924797680576,-1174834.6081332471,299.5573418840051
51820.0,control,0.0,0.0,104.8922802078937,-0.2570025853768155,52.16543753066982,26.44360568603499,-4.603184298872553,-1173674.381607702,301.14946298063035
51830.0,control,0.0,0.0,107.66515273980919,-0.30345359656358695,51.89690839683737,26.59016106099056,-4.320536766687453,-1173673.5801620595,299.6931356021393
51840.0,control,0.0,0.0,109.38455402690133,-0.3319068429412529,52.63559418475948,26.226133465756806,-3.992390674333125,-1172946.5759477634,301.1670910651288
51850.0,control,0.0,0.0,107.96011460569393,-0.3083548591981422,52.34303300833577,26.56733128920489,-4.23148743436983,-1174071.481193591,299.85985537083144
51860.0,control,0.0,0.0,110.05569205239186,-0.3429333719360277,52.11390622636523,26.552928803224503,-4.697152911999905,-1172975.0172754247,301.1993501665607
51870.0,control,0.0,0.0,106.14092362414816,-0.2780008209234869,52.40932950806595,26.627037047955138,-3.367854780723775,-1174917.624919543,301.03750782772664
51880.0,control,0.0,0.0,107.2289941569793,-0.2961914245697842,52.612261012363184,26.682484728027845,-4.562620692437605,-1174331.5239416584,300.8922703295976
51890.0,control,0.0,0.0,109.75439403395765,-0.3379888961369811,52.947462125084435,26.480666124033014,-4.4474372070356205,-1173544.3181033917,300.1240315141088
51900.0,control,0.0,0.0,99.89636459707593,-0.1718665949922502,52.85598341682706,26.528243559444977,-4.1733461167854795,-1175966.5621175803,301.7413510965278
51910.0,control,0.0,0.0,107.48044618301265,-0.30038029892013374,52.368112211384634,26.749452294586934,-5.033449596383941,-1174799.1386742461,297.8736001035277
51920.0,control,0.0,0.0,104.31795570120183,-0.2473026766549913,53.02099804945707,26.615854429904296,-5.425120122466153,-1172584.2435444202,299.5005712230464
51930.0,control,0.0,0.0,101.44425242126196,-0.19841439423584445,53.24055320582479,26.453213419536,-4.8395254753069885,-1173912.1968772374,301.3234486410779
51940.0,control,0.0,0.0,106.14487746036829,-0.27806710750528696,52.870565218870745,26.353793134782663,-5.083590830122917,-1174566.3013445232,300.18806321256574
51950.0,control,0.0,0.0,104.83645628507765,-0.25606087870514005,52.5243612175412,26.329699975497885,-5.177962693181712,-1175652.0834184438,299.6258201379273
51960.0,control,0.0,0.0,107.26479953267251,-0.296788247279098,52.62878267706111,26.758002519580803,-3.421193869895225,-1174329.963467244,300.75401896760445
51970.0,control,0.0,0.0,107.43980936310912,-0.299703730456859,52.441195237372014,26.83556273763544,-4.36035185879238,-1174910.8306209054,301.2625276230685
51980.0,control,0.0,0.0,101.82559853690799,-0.20493336856843086,52.36470876358439,26.492060153660148,-5.663065213365298,-1173115.4485076107,300.24791381204705
51990.0,control,0.0,0.0,106.12819711068371,-0.2777874502724381,52.810976725376364,26.146348615355777,-4.653357355972982,-1173313.8801560607,301.0303900140613
52000.0,control,0.0,0.0,109.38554314343409,-0.33192312761066045,52.836812975564364,26.061911005424196,-4.304084880233361,-1174913.8375709224,298.8271881304681
52010.0,control,0.0,0.0,109.076046104726,-0.32682281150010717,52.59694373082416,26.539804437111393,-5.024466324138891,-1175255.1117440648,301.20633574081256
52020.0,control,0.0,0.0,106.3255759062717,-0.28109512245212454,52.30076226469801,26.435504437901667,-5.241502524952183,-1174021.643800607,301.5530958980026
52030.0,control,0.0,0.0,106.01875635708825,-0.2759520198504958,51.94762097247645,26.58355012994482,-4.810158714345912,-1174607.8342138827,297.78661866803014
52040.0,control,0.0,0.0,105.52570739056972,-0.2676707095344655,52.3295434510017,26.52035612292636,-4.623004110009967,-1174299.5483679343,299.7782441677057
52050.0,control,0.0,0.0,106.1765672370077,-0.2785983428940256,51.78354436400659,26.754950962283793,-4.8929767580006365,-1174181.3946774025,300.9611730423434
52060.0,control,0.0,0.0,106.34190684501414,-0.2813686473006539,52.84542961767431,26.27486851247794,-4.64341626583695,-1173347.0459055714,300.66192182707516
52070.0,control,0.0,0.0,108.57279233972663,-0.3185092129623287,52.19871336279877,26.192275601647257,-4.479279309396228,-1173311.813421512,299.12948855299584
52080.0,control,0.0,0.0,109.97665244096075,-0.34163719792373703,52.106877077399474,26.664797304195783,-3.988021192000218,-1173360.5947787445,299.8395048280699
52090.0,control,0.0,0.0,105.92627607268336,-0.274400248262748,52.38593343948982,26.268787522903605,-4.487660726386313,-1176138.3346530702,298.909249675618
52100.0,control,0.0,0.0,106.0571189102908,-0.2765955130180493,53.008098075067686,26.53430164629869,-4.821004642495123,-1174132.7526567187,300.25433946517165
52110.0,control,0.0,0.0,109.82511211740295,-0.3391502655111971,52.87956109685841,26.15257854172179,-4.463523821000329,-1173910.6136205439,301.7853327844682
52120.0,control,0.0,0.0,111.36107612686757,-0.36424418765806477,52.37829616960918,26.792279995625375,-5.472647038530518,-1174711.7877277825,301.3147489709923
52130.0,control,0.0,0.0,109.31129970523644,-0.33070051993413657,52.498243255472914,26.772444159837065,-4.894730057233806,-1175879.7570059989,299.20381053035993
52140.0,control,0.0,0.0,112.6201754247657,-0.3846203866169132,52.70435725380839,26.90212981447872,-5.366179345334001,-1172961.019884739,299.34973935422147
52150.0,control,0.0,0.0,104.72748383794348,-0.25422189771813186,53.006503879968115,27.015489818208945,-4.627244094598101,-1173395.1394704059,299.82017644278733
52160.0,control,0.0,0.0,107.34250502534718,-0.2980830840039723,52.58782249449023,26.241856651107522,-4.080711075429317,-1175099.4818635024,298.76522580743034
52170.0,control,0.0,0.0,108.54178730449064,-0.3179962090985168,52.90283792058117,26.70023032936751,-5.149406204863049,-1175201.3316468932,301.24418917985076
52180.0,control,0.0,0.0,115.73130911254313,-0.4341514107417358,52.65477303409951,26.251614412222008,-4.173896743099655,-1173832.900342835,300.21043071880166
52190.0,control,0.0,0.0,113.2633974868445,-0.394958686775419,52.8419456987091,26.583235719821634,-5.814545844807341,-1174374.2727687508,301.7453676328106
52200.0,control,0.0,0.0,113.02393132514588,-0.39111557124732743,53.79903275684046,26.69740124150166,-4.6630168132412475,-1176062.0772920921,299.8996319103406
52210.0,control,0.0,0.0,111.98743672056543,-0.37440328026033587,52.67654643985956,26.92115917258695,-4.137661717449438,-1173801.044283716,302.0403994300869
52220.0,control,0.0,0.0,110.8058516889459,-0.35520243546044206,52.655112907184744,26.79205263466067,-5.216677043964381,-1173936.3950154036,299.041569945286
52230.0,control,0.0,0.0,115.531082809156,-0.4310006835682655,52.74794356495266,26.832611350872536,-4.252021023715708,-1173622.2149559204,299.79817338404285
52240.0,control,0.0,0.0,114.91957642625,-0.4213457013201036,52.45533074502515,26.779024548956805,-5.661064414870191,-1175606.6723979935,299.4988601234825
52250.0,control,0.0,0.0,119.95264833828719,-0.4992841092138039,53.16301812635349,27.184413300017642,-4.576636038682262,-1175514.964576004,300.80696826840824
52260.0,control,0.0,0.0,112.62478343467342,-0.38469462361595214,53.29299702728727,26.680894569504034,-4.490526505856055,-1174069.3055954594,300.22476082618994
52270.0,control,0.0,0.0,105.88883652925674,-0.2737718284703763,52.90181529390559,27.004693458238123,-5.034936725317064,-1175185.7193648051,298.63576894716937
52280.0,control,0.0,0.0,113.7291223678081,-0.4024131387999702,52.4180446317935,26.673082205047383,-5.451396596333689,-1174673.3055040631,301.89679831873264
52290.0,control,0.0,0.0,106.7739727439561,-0.2885968939259644,53.975398490037364,26.895159687341785,-4.354202589966468,-1175164.0141365863,300.1754723326442
52300.0,control,0.0,0.0,108.5754721812608,-0.31855354877235276,53.2888748956623,26.818462511717886,-5.087106249132175,-1175718.5622256063,300.8439244520292
52310.0,control,0.0,0.0,106.4749125624984,-0.28359549023073705,52.94032381092039,26.657199651396798,-4.693557180288641,-1174885.2960281633,301.0935434959761
52320.0,control,0.0,0.0,107.16448949718247,-0.29511593545662484,53.15282584105187,26.93626608102523,-4.90815360573078,-1173939.3536413126,300.3320589399041
52330.0,control,0.0,0.0,110.88495454801073,-0.35649267177143096,53.11218233292964,26.388034326541224,-4.76713064063126,-1174765.6390413363,299.2707652046541
52340.0,control,0.0,0.0,112.30392279124828,-0.37951950369951176,52.71730946315389,26.591255967091993,-4.554012036231447,-1174558.770849051,302.7290842010326
52350.0,control,0.0,0.0,109.4242316805008,-0.33256001235250765,51.94525467813792,26.56052962240708,-5.006125240266099,-1175287.554901084,300.46228392085106
52360.0,control,0.0,0.0,105.33740913280757,-0.26450276530872463,51.517189171228296,26.519387153456837,-5.091155068432135,-1172177.856112903,299.3856711944532
52370.0,control,0.0,0.0,111.98602543521149,-0.37438044012438343,52.507680153716336,26.63043411466342,-3.6000766074469057,-1174701.6942835264,299.0107186295203
52380.0,control,0.0,0.0,104.1669068023686,-0.24474740764888797,53.20909135181464,26.96631586582015,-5.339413053959418,-1174525.3770305682,301.8202176331129
52390.0,control,0.0,0.0,107.41871632380146,-0.29935248984802143,52.32609607484241,26.440190305627755,-4.839722959436837,-1173687.4939560518,302.6845689826975
52400.0,control,0.0,0.0,105.70020050675035,-0.2706038149168286,52.50954525864531,26.779299147760874,-5.867143407709792,-1175040.3949375972,300.9174447499148
52410.0,control,0.0,0.0,111.47572555128117,-0.36610700471235114,53.070829866022656,26.710303720015013,-3.9930816176121766,-1173001.2347259112,301.0594812293012
52420.0,control,0.0,0.0,104.049517586863,-0.24276037830770006,53.35014727665929,26.682531104705525,-5.592392829180205,-1175346.159033129,298.7397847762112
52430.0,control,0.0,0.0,105.0717843354472,-0.26002902404551537,53.67301226309948,26.69252592400859,-4.2899533748660055,-1173597.2240168098,298.76305791735564
52440.0,control,0.0,0.0,105.93800093468224,-0.274597025070332,53.90266876751792,26.479323911816362,-3.9372507380935087,-1172649.2844456527,303.195663940025
52450.0,control,0.0,0.0,108.08544903210097,-0.3104350244538806,53.73916027005851,26.48292574246177,-4.307750493644215,-1175746.5653031692,299.1794963799752
52460.0,control,0.0,0.0,110.26934023527657,-0.34643372457378696,52.47678137592718,26.67800787914333,-4.485084692965505,-1175185.966382295,301.48373266527386
52470.0,control,0.0,0.0,105.82848344532758,-0.27275856071351057,52.06513791464044,26.89873680327238,-5.4488293292247,-1172581.6155138873,300.2976035767241
52480.0,control,0.0,0.0,113.01730708566556,-0.3910091635365406,52.65802963915022,26.811291008545123,-3.648876351114997,-1174873.3096431475,299.8351519163504
52490.0,control,0.0,0.0,101.9571402997117,-0.20717993636099377,52.19090268652316,26.400413084661754,-4.0906929584755405,-1173078.694345301,298.4906815496974
52500.0,control,0.0,0.0,107.97183091891318,-0.30854937656638504,53.415529335538885,26.60597941362814,-4.4204009210357,-1174533.7635228932,300.10953970982115
52510.0,control,0.0,0.0,107.63961452621585,-0.30302885818416364,52.64412442818908,26.504089013381368,-3.443268365879696,-1174872.7962057702,299.09824250210704
52520.0,control,0.0,0.0,110.5292837780516,-0.3506860671029668,52.56025300833319,26.424552928063658,-4.4784050587796,-1173045.2767869905,298.36776313501247
52530.0,control,0.0,0.0,108.60519436615932,-0.31904523152636605,52.4961180759322,26.316900722000653,-4.697637655327765,-1176315.1484040115,300.70492898338085
52540.0,control,0.0,0.0,105.31573398284024,-0.26413791693724653,53.21894745265614,26.532059809410566,-5.024492555973726,-1175676.8535450716,301.47020757322264
52550.0,control,0.0,0.0,106.73744234617938,-0.28798638799521215,52.80283456475832,26.936257851978496,-3.18767533947814,-1173855.140452573,302.02795016332556
52560.0,control,0.0,0.0,104.56928142364919,-0.2515504941558938,52.07085785342874,26.98768259569593,-5.40686479917683,-1174459.0119255334,300.7709384640635
52570.0,control,0.0,0.0,105.72026370427463,-0.2709409026546895,52.24554482958547,26.345566928953264,-3.499308377998635,-1172804.7040870003,299.8697281998012
52580.0,control,0.0,0.0,110.07993663391368,-0.34333082920047836,53.16627678014605,26.73546422903103,-4.118628718108309,-1174980.0502357949,300.1024057703657
52590.0,control,0.0,0.0,111.52400359996564,-0.3668909854089778,52.572553036925655,26.9678546066941,-4.8413843816703075,-1174492.2524658777,301.175817178653
52600.0,control,0.0,0.0,105.85287795365477,-0.2731681565504068,53.62580981819119,26.75153096827333,-3.3699697902469543,-1173685.0732382499,299.49207281194333
52610.0,control,0.0,0.0,105.72085272629442,-0.2709507984867191,53.286519828074226,26.985345017300325,-3.9271239339838813,-1173712.1681239046,302.5544674682072
52620.0,control,0.0,0.0,106.72493025150796,-0.2877772555424737,53.70511732564954,26.63116189728186,-3.886518344059203,-1174084.4335107245,301.103700458436
52630.0,control,0.0,0.0,114.21898747698094,-0.4102252824513861,52.908233858643065,26.639418747681546,-4.272055329337881,-1174155.775365565,301.0646323588474
52640.0,control,0.0,0.0,107.41778317098489,-0.2993369500799986,53.348583089528745,26.779690267066776,-4.056604649120003,-1172068.8070133403,300.0761354462073
52650.0,control,0.0,0.0,111.54573703054683,-0.36724382665169397,53.055500825977084,27.15431084946743,-3.747820915177416,-1173765.9329222739,300.1894284479806
52660.0,control,0.0,0.0,109.70847227617338,-0.33723446915289534,52.80104735786029,26.56475714697903,-3.991688880335351,-1174171.9560414944,299.6842577577142
52670.0,control,0.0,0.0,109.45027374066899,-0.3329886273715135,53.49708552761586,27.005429790905687,-4.6995412811950095,-1173617.6934047285,299.54123067477525
52680.0,control,0.0,0.0,108.6222752220881,-0.31932775476409747,53.43834270677359,26.383973717024947,-4.692746998783027,-1174363.3407133576,299.71427961894074
52690.0,control,0.0,0.0,108.69875632725656,-0.3205924301893922,53.03628580326556,26.915095252315357,-5.04067401252734,-1174922.431021329,301.7540022633009
52700.0,control,0.0,0.0,110.5618254419535,-0.35121790035165756,52.652468368271236,26.76882931011048,-3.738017541025572,-1173911.799997678,301.7481973624204
52710.0,control,0.0,0.0,109.43437317266533,-0.332726934964011,53.04646557951339,26.604028975316705,-4.142133068358912,-1174968.2055601757,301.12162943543143
52720.0,control,0.0,0.0,111.36007795412621,-0.36422796299156235,52.584960776201,26.569687350006053,-4.886882512245561,-1173763.7047712803,298.5426800679407
52730.0,control,0.0,0.0,104.89678045559052,-0.257078490482011,52.79390001621982,26.252359014197765,-4.066391463279589,-1172950.439847082,298.0212844134336
52740.0,control,0.0,0.0,106.90505487146605,-0.29078660653229715,53.17107576615869,26.668166437661807,-4.734573788447664,-1175072.781685885,301.6456228238827
52750.0,control,0.0,0.0,107.47995077029243,-0.3003720516291434,52.90386717952725,26.57769311001042,-3.6131421361077463,-1173216.7313421667,301.34960054154027
52760.0,control,0.0,0.0,114.64820749120372,-0.417045657396908,53.07399229201858,26.38862063662307,-5.802129489599799,-1173123.619132271,300.3594582661694
52770.0,control,0.0,0.0,106.5673872668176,-0.28514284435528,52.88377918088516,26.601595925128144,-5.7184321798220825,-1175269.3015249409,301.83355341373033
52780.0,control,0.0,0.0,105.4775080393216,-0.26686007391238964,53.04122472270109,26.462992383108613,-5.013885780809325,-1173317.915791981,301.34748782391114
52790.0,control,0.0,0.0,105.27237192714439,-0.2634079089110122,53.55321551176842,26.029315689750536,-5.1864021985336075,-1174667.8450199943,300.6087996380087
52800.0,control,0.0,0.0,109.20046336512002,-0.32887428413277986,53.111513913942325,26.54810439318394,-4.899556977241785,-1174234.756823767,300.75080739699723
52810.0,control,0.0,0.0,108.12160468515474,-0.311034821249367,53.7828546867371,26.433914588411124,-4.347639096493052,-1174267.7610705793,297.5826937689762
52820.0,control,0.0,0.0,108.86620107477273,-0.32335926372563734,53.6462211248495,26.801321511936383,-4.828766714067363,-1175598.805158401,300.2660621244839
52830.0,control,0.0,0.0,111.85003505144981,-0.3721785185927927,53.14817074757816,26.25038323527172,-4.809693965092724,-1174752.519469494,301.1647450725026
52840.0,control,0.0,0.0,107.38851464867867,-0.2988495019083205,53.04661162540348,26.549127296625713,-3.620335451547769,-1177053.002575701,299.0947132710645
52850.0,control,0.0,0.0,108.18526541858363,-0.3120906067626011,53.52954587019492,26.519611721327752,-4.503500688384344,-1174268.4622880202,299.08172682830315
52860.0,control,0.0,0.0,107.66512810033204,-0.3034531868015693,53.486480089940535,26.68858425503976,-5.830148489221277,-1174683.5224044695,301.27646994916387
52870.0,control,0.0,0.0,108.40511328916573,-0.31573371692606156,53.37758210051205,26.999489483375665,-3.640482729289819,-1173678.259626586,300.1941073489698
52880.0,control,0.0,0.0,114.4402694419888,-0.4137443874993736,53.208388426475864,27.022208293777144,-4.069739428909951,-1174139.4015483875,302.04271754711493
52890.0,control,0.0,0.0,103.57198887863751,-0.2346669066084736,53.55886219383617,25.909126665062217,-3.4642535112984607,-1174562.7890555821,302.63765665727226
52900.0,control,0.0,0.0,109.11688027987118,-0.32749628227966465,53.66039602832839,26.83047354440801,-4.580333258491303,-1172501.0539433174,299.6560771202492
52910.0,control,0.0,0.0,111.098999127429,-0.35998051074600435,52.56247186857716,26.43156812783872,-4.664915280524577,-1174048.7375077736,300.2582612520933
52920.0,control,0.0,0.0,106.43401148518642,-0.282910867735079,53.39897630743184,26.463188335451967,-2.950764509410912,-1175035.7307515983,298.694804729309
52930.0,control,0.0,0.0,103.43853725167281,-0.23240214195382142,53.240839567593696,26.80612132993291,-4.577274192648858,-1173590.7597467247,300.17279144646113
52940.0,control,0.0,0.0,103.78797771758319,-0.23832968076542835,53.29079418172833,26.29708664733664,-3.9544621725523728,-1173517.9739953652,301.19582010499335
52950.0,control,0.0,0.0,105.05935104553555,-0.2598194807686933,53.625708425229085,26.887674223843305,-4.691973078887548,-1173469.147470193,301.53825950484907
52960.0,control,0.0,0.0,108.8087393400167,-0.32241008413675554,53.03191757540095,26.802614132204702,-3.401937169357688,-1174652.2239938881,299.61882807717586
52970.0,control,0.0,0.0,105.32651978857943,-0.2643194744421563,53.17995400042406,26.27648392779863,-5.316960273996675,-1173370.1453996263,299.40022548981403
52980.0,control,0.0,0.0,109.5475189089769,-0.3345885348255229,52.8514851341597,26.892327684267087,-4.0698190712381574,-1173900.4651728664,302.1232298954347
52990.0,control,0.0,0.0,108.72620038591002,-0.3210461002061441,52.10374903546453,26.8251362466543,-4.6796817141343245,-1175366.7487419602,300.7883365416135
53000.0,control,0.0,0.0,104.50575892037075,-0.2504773133631011,53.109807205290664,26.25997392676209,-4.281691507911624,-1173701.7506582588,299.81299775795384
53010.0,control,0.0,0.0,111.0351178975005,-0.35894009505226515,52.75332037266514,26.465490013514767,-4.805567678404216,-1173979.7493076306,299.79942848008477
53020.0,control,0.0,0.0,108.51764771816376,-0.3175967352647954,52.717211387882365,26.392960455405458,-4.995432187274255,-1174312.1717857234,301.4944607241253
53030.0,control,0.0,0.0,105.55149717675128,-0.26810437453211006,52.308172747123976,27.11976647385565,-4.010017187174874,-1176053.9812270403,299.1997229621858
53040.0,control,0.0,0.0,103.49336995941863,-0.23333284349886313,52.556581700721054,26.888735286601445,-3.123872639826719,-1174501.1990744527,299.07303229806456
53050.0,control,0.0,0.0,108.14486991571815,-0.3114207095473291,52.89203592507601,26.248708840430798,-4.689687551940532,-1173457.9842237756,300.8932976233396
53060.0,control,0.0,0.0,103.83202937622282,-0.23907630189255366,53.61679156267985,26.09197005129267,-3.358287550020175,-1172240.7386084571,299.9502004322853
53070.0,control,0.0,0.0,108.83021405362658,-0.32276485141813094,52.9039103072151,26.60999514818119,-4.341025106597789,-1173696.60125437,300.37132236698403
53080.0,control,0.0,0.0,110.02933531523247,-0.3425012190659128,53.088308351386104,26.404597688695645,-3.846595131598253,-1174346.1486911438,298.45829605596697
53090.0,control,0.0,0.0,110.11832815333491,-0.3439600806851596,53.11067713472275,26.661726542150053,-3.8894340380167507,-1175264.7733820714,298.9490664714004
53100.0,control,0.0,0.0,102.6160417378062,-0.21841647113286278,53.32198722938825,26.65893383728325,-4.381596293556437,-1174142.031630434,299.59691008307107
53110.0,control,0.0,0.0,105.87710905765289,-0.2735749597258866,53.50260215486021,26.74703915509312,-3.3046285987131103,-1173860.656234812,301.9996594867409
53120.0,control,0.0,0.0,105.94267556213126,-0.27467547551850535,53.53515433728248,26.44545734821538,-4.541499728333764,-1172627.3597650062,302.09556903355417
53130.0,control,0.0,0.0,105.13897948710539,-0.2611612790240492,53.241311322735065,26.815415067497245,-4.010698405217007,-1175775.9779073447,300.470619489775
53140.0,control,0.0,0.0,103.26772545663306,-0.22950151193470833,53.184358359417715,26.602503161914818,-5.151484682454881,-1173216.88774026,301.207133057939
53150.0,control,0.0,0.0,106.5503753373271,-0.2848582439914018,52.95256418904943,26.265015883846154,-5.441530166429726,-1174024.1651860494,301.14789243794075
53160.0,control,0.0,0.0,103.43343785855569,-0.23231557670579978,53.20919716872191,26.475783837308967,-3.6014618042024864,-1175877.4681105856,299.25281281304774
53170.0,control,0.0,0.0,107.90196241561516,-0.30738921031191946,54.029542034888095,25.985827187880897,-4.924292991725627,-1172870.143055465,301.4766829543239
53180.0,control,0.0,0.0,107.51985264907682,-0.3010362387350942,53.526268948349205,26.024405561591724,-3.8248698281719244,-1173393.7226517722,301.4309258299617
53190.0,control,0.0,0.0,110.33941272771872,-0.3475807262309528,53.325916122589966,26.497684648048963,-4.564330964770193,-1175314.5735162813,301.0607761686875
53200.0,control,0.0,0.0,99.38273120416457,-0.16302860459749002,53.033758923853675,26.539201485643396,-4.175068304383912,-1174844.3209221326,301.19373197321767
53210.0,control,0.0,0.0,108.02999694903154,-0.3095148733856605,54.07979390578635,26.3219036375493,-5.434628397131495,-1173888.841688184,300.25302077513646
53220.0,control,0.0,0.0,103.48617323586225,-0.23321070226307106,54.09147318909647,26.472509594322176,-4.727698027379944,-1174867.4805759806,300.9804743322052
53230.0,control,0.0,0.0,101.3892574437375,-0.19747354294535666,52.87523941718411,26.207194191829405,-4.327735575478753,-1174135.0910735838,301.8404698001481
53240.0,control,0.0,0.0,107.67317365479178,-0.3035869838423093,53.42349004511103,26.42272630246313,-4.4417854965832895,-1175223.808259489,301.8712041673591
53250.0,control,0.0,0.0,101.84852806909537,-0.2053250541941261,53.684105972759376,26.73639999365892,-3.6986361194394632,-1175268.1769515146,298.4219441612015
53260.0,control,0.0,0.0,108.39805099041665,-0.31561675919612253,53.0694752502087,26.254681713876884,-4.306101467025043,-1173792.060144009,298.7899494907856
53270.0,control,0.0,0.0,108.78019311019726,-0.3219384236467423,53.79683601544974,26.57780910459545,-4.7573352245487435,-1172817.6417002715,301.18252181698375
53280.0,control,0.0,0.0,104.81664259751238,-0.25572657853028785,53.46655706136879,26.7262724249702,-5.436226835455594,-1174702.1224673595,301.0641733878767
53290.0,control,0.0,0.0,106.66347775785195,-0.2867499134845041,53.61456383258233,26.664810749918967,-4.737676820048873,-1175352.98349048,301.4608869896815
53300.0,control,0.0,0.0,109.75634434173007,-0.33802093202420386,52.98526015352131,26.77438608130245,-5.073417890005956,-1174913.167345032,300.6369182485544
53310.0,control,0.0,0.0,105.35176618813414,-0.2647444105388159,52.853641327992555,26.439742692119093,-4.4539447972155415,-1173841.066237703,300.4244306086646
53320.0,control,0.0,0.0,105.76376410524743,-0.27167165164628315,52.90534262901121,26.779678353996268,-4.632210849038767,-1173069.5164876953,299.01729840547756
53330.0,control,0.0,0.0,106.9301609430814,-0.29120582739515677,52.92480996863279,26.330924000957676,-4.6863809597636745,-1173128.3471012749,300.61090455280885
53340.0,control,0.0,0.0,104.72209125924535,-0.2541308705076466,53.257718308178305,26.397972185422635,-4.162231356396998,-1172771.73596064,300.3158965635898
53350.0,control,0.0,0.0,106.38226142726867,-0.2820444430686728,52.83025199987899,26.96408301454032,-6.350229401713717,-1175822.7941914331,298.64160114615476
53360.0,control,0.0,0.0,109.15255605918549,-0.32808454041557344,53.12583836389621,26.820318807034198,-4.651525110570014,-1175458.8507433794,300.560244606057
53370.0,control,0.0,0.0,105.47090508522334,-0.26674900811613766,53.50309756628173,26.44671318869718,-5.252603659657914,-1172277.4958641715,301.0585251230337
53380.0,control,0.0,0.0,108.0295193319673,-0.3095069467266993,53.03899529269106,26.490871050965772,-4.5361931855202755,-1174597.545417782,297.4568915235969
53390.0,control,0.0,0.0,110.68710839003268,-0.3532643589539951,53.61419782261995,26.68049658595904,-5.079942754334357,-1173824.498872608,299.18966852984335
53400.0,control,0.0,0.0,102.14579257740496,-0.21039997078880548,53.709378757635854,26.592651254687336,-3.66002853289711,-1173160.48003852,300.1525371164307
53410.0,control,0.0,0.0,101.36594087144464,-0.19707458923790497,52.95187931473183,26.609479599092758,-3.1946315131022684,-1173943.8946730085,300.58920403581004
53420.0,control,0.0,0.0,103.6147965813193,-0.23539311327544205,53.202990664252575,27.128178063403215,-3.8967058751460857,-1174452.16256891,301.6895033544687
53430.0,control,0.0,0.0,107.55973981410939,-0.3017000350014701,52.65480159467825,27.11869303203693,-3.7646801293413743,-1172371.8489834908,301.0372994943405
53440.0,control,0.0,0.0,100.16128976544515,-0.1764197566864779,53.32148958813952,26.911372444081504,-3.4943726342650647,-1176023.6699071676,299.6964010221911
53450.0,control,0.0,0.0,108.94528279149199,-0.3246650401989163,54.03764620444596,26.47632050934821,-4.328838590365692,-1173050.8612056207,301.7117448019818
53460.0,control,0.0,0.0,107.685346550748,-0.30378940691923406,53.54279574047646,26.46401860347058,-4.352347253486025,-1174645.5007004049,299.820022902241
53470.0,control,0.0,0.0,107.47101825258878,-0.3002233453521491,53.163362842801966,26.732640880992037,-3.126347409257627,-1174789.9389981255,300.7893630989043
53480.0,control,0.0,0.0,107.09656163645364,-0.2939829668331012,53.137646923055655,26.472371859740004,-3.563178224959878,-1175742.5917995851,301.38660789691585
53490.0,control,0.0,0.0,110.08242768358815,-0.3433716631238054,52.938382923982374,27.00604625151283,-4.150699821290939,-1176297.7879892085,299.0351466859828
53500.0,control,0.0,0.0,111.44389730801609,-0.3655900079730051,53.31122099316273,26.5944199767269,-3.3357555404398167,-1173680.3597903457,300.3775190735163
53510.0,control,0.0,0.0,106.42072445883339,-0.2826884318637024,52.618724364680745,26.68424771000397,-4.695341346073046,-1177192.0922808442,299.7834682911461
53520.0,control,0.0,0.0,110.37665437409795,-0.3481901153166344,53.47478566622248,26.46370982331958,-3.8578796634822092,-1174651.719074931,299.2707841147252
53530.0,control,0.0,0.0,106.65229870770727,-0.28656299039919375,53.30111608652021,26.392688105769096,-2.811105713978516,-1174488.1169926543,301.61247435354886
53540.0,control,0.0,0.0,108.35095643829756,-0.314836710465213,54.23516717289986,26.87333625661026,-4.180388496805431,-1172801.0705401525,298.3080136370464
53550.0,control,0.0,0.0,111.3421812566058,-0.36393704473967353,55.03320413099881,26.674922584089718,-3.673949465028942,-1173553.8266246598,298.90214904934703
53560.0,control,0.0,0.0,103.4884927682819,-0.23325006926758488,55.28682591399328,26.5777648310112,-2.5730036551946145,-1173387.69342806,301.16687819058814
53570.0,control,0.0,0.0,106.37290622401318,-0.2818877891232512,54.128166376916,26.258019267433955,-2.124895422381379,-1174743.1799115147,299.1234269835984
53580.0,control,0.0,0.0,101.21651359532379,-0.19451707071783286,54.23439490124476,25.928436925291795,-3.658203813776116,-1173927.5188963264,300.17327475429136
53590.0,control,0.0,0.0,104.95464890346514,-0.25805440874449476,54.2019276995338,27.054806119928692,-3.307940102040183,-1174243.9069044497,301.03386064905874
53600.0,control,0.0,0.0,107.15998528260201,-0.2950408224957659,53.508878453826355,26.04983734607767,-3.7278196878858623,-1172660.45336999,301.11944784299055
53610.0,control,0.0,0.0,111.34393781944281,-0.36396559997019406,53.248425236598735,26.23463112270503,-2.7899826518298516,-1175480.6272977125,299.5305231872671
53620.0,control,0.0,0.0,105.65499260430005,-0.26984414197307205,53.58914521330403,26.613427829817613,-1.2571306049111186,-1173658.7886407655,301.2682187553208
53630.0,control,0.0,0.0,102.1244416065419,-0.21003565295556118,52.944552557145094,26.477600921985104,-2.4030238735305858,-1173870.5641587228,300.5464396379385
53640.0,control,0.0,0.0,111.11256443379132,-0.36020138753202957,53.52854220655358,26.476905629119294,-5.109896406049307,-1176293.2146555297,298.26521846363374
53650.0,control,0.0,0.0,108.218095218371,-0.3126349241863855,53.54159524437583,26.55042344912308,-4.190561130839591,-1175252.0496754535,303.1996448044309
53660.0,control,0.0,0.0,108.30982803664843,-0.3141553078171494,53.36969325197553,26.627236686717694,-4.07197512816885,-1174813.0095537733,300.1449052298835
53670.0,control,0.0,0.0,112.3578382680151,-0.38038993583130853,53.53989285158093,26.37644628125196,-4.351298572853086,-1174173.0872547068,301.2537955301235
53680.0,control,0.0,0.0,107.59352637008409,-0.3022621914706164,54.89904598348239,26.922636894692683,-3.9898772196455417,-1172945.3048698232,298.82580964212684
53690.0,control,0.0,0.0,106.33500228205939,-0.2812530064280314,53.982618596900316,26.2622334203897,-3.3335819506112068,-1171805.0821618699,300.61894190550026
53700.0,control,0.0,0.0,108.34077104438241,-0.31466797710594463,53.43467639932114,26.77748250771955,-3.636167011646887,-1174377.2196844555,301.1461629247114
53710.0,control,0.0,0.0,106.63888294431759,-0.28633865319355034,54.10237290212087,27.05454159920454,-5.330547373493766,-1174625.7220270317,298.3738425373106
53720.0,control,0.0,0.0,112.40937909154994,-0.38122171575771124,53.92591352825702,26.552928599981765,-3.4848271697049364,-1174127.2973807622,301.103219781378
53730.0,control,0.0,0.0,108.07518546885818,-0.31026473663842313,53.76108447212075,26.27244500135298,-2.5268046838934177,-1174023.531003764,301.6396490483185
53740.0,control,0.0,0.0,108.48398113937942,-0.31703950991568686,54.40814256936091,26.511306504650324,-4.371004124538118,-1172291.7049112301,300.3062796110929
53750.0,control,0.0,0.0,103.59868494891835,-0.23511980461975676,54.032409955542285,26.37907576803097,-3.2387923644478676,-1173595.6385497935,300.72165833032506
53760.0,control,0.0,0.0,111.84522783543198,-0.3721006429392335,54.13526479385301,26.428116480356334,-4.8161368466326016,-1175674.7130018435,299.02884055622474
53770.0,control,0.0,0.0,106.43545257390002,-0.2829349918442875,54.463806828326675,26.320515114349593,-3.93396607643116,-1174979.6599716023,301.96671812659037
53780.0,control,0.0,0.0,101.73550418073621,-0.2033940463421762,53.743719494179494,26.541450130420262,-3.8400648298332793,-1173708.8635758683,298.78995636834173
53790.0,control,0.0,0.0,108.4610435018688,-0.3166597996907552,54.453132744087874,26.64917697004652,-3.926201002377102,-1175591.6937120073,301.6548664261649
53800.0,control,0.0,0.0,103.19896618372053,-0.22833330330455892,54.57353288300133,26.269994662295854,-4.626798990397908,-1173330.6881132051,301.6851895893656
53810.0,control,0.0,0.0,103.35795355707639,-0.23103397067933573,54.49830706605424,26.396218213323696,-5.692971567964621,-1173311.5691536758,299.3833790207772
53820.0,control,0.0,0.0,108.39798137835288,-0.3156156063367191,54.045461676815314,25.936854193416583,-3.874749500830255,-1174919.5840990096,300.6258299111674
53830.0,control,0.0,0.0,111.17014085148301,-0.3611386493492125,54.15970065931871,26.234310318452003,-5.314326770080053,-1174799.8160840403,299.79458998117457
53840.0,control,0.0,0.0,106.57419712204707,-0.28525676250002274,53.82924324335277,26.250876532210615,-4.102420728546579,-1173899.5627117157,301.5002286684325
53850.0,control,0.0,0.0,105.4939457285064,-0.26713655067500686,54.37346254083851,26.078902540401746,-4.258191730435692,-1175555.2591894884,301.21307694390117
53860.0,control,0.0,0.0,104.94454473404996,-0.25788402664938304,54.07415722531114,26.226907523063048,-4.630512499335706,-1173965.6254508495,300.23238834871216
53870.0,control,0.0,0.0,101.75202083819342,-0.20367628222157558,54.8345715157694,26.81128502919812,-5.999951631201705,-1173430.4632712211,299.31729684244624
53880.0,control,0.0,0.0,99.47699490885692,-0.16465158451317036,54.54092409167089,25.934149229002532,-4.6748739926718095,-1174912.0804611463,301.7474989027912
53890.0,control,0.0,0.0,106.02276138466131,-0.2760192059400983,54.45753717160375,26.313277366383684,-4.216479566949543,-1175521.0837313943,299.69180439544255
53900.0,control,0.0,0.0,102.40947263641081,-0.21489679618403626,54.004237563888374,26.06118657567147,-5.271628933672658,-1175898.7456384525,298.83180893717554
53910.0,control,0.0,0.0,105.0053924406138,-0.258909952879935,53.64468651828622,26.231413099956274,-4.446842057926514,-1175044.7546079587,300.73827980471754
53920.0,control,0.0,0.0,104.72009338352059,-0.2540971456152659,53.57679439509259,26.376645906161095,-3.396107553117183,-1175216.8649668265,302.06158608592193
53930.0,control,0.0,0.0,106.90527150028083,-0.2907902240363904,53.74608566093966,26.343621799803795,-4.0780673238923315,-1174432.1350826118,298.4705210634108
53940.0,control,0.0,0.0,105.78677967912607,-0.2720582194164359,54.41722812008775,26.522583090227442,-4.418256497596194,-1174070.4091587178,298.83760204471935
53950.0,control,0.0,0.0,108.91260875766244,-0.3241256099991783,55.50234615955652,26.57380271333804,-4.731783228556176,-1175691.892768409,300.84917721526455
53960.0,control,0.0,0.0,106.94977946292902,-0.2915333782760106,54.76412962610572,26.2527290122439,-4.777934753183017,-1172755.9702754542,300.7706636071465
53970.0,control,0.0,0.0,106.99544903041226,-0.2922957450842294,55.688432391314905,26.004275660298156,-3.8231137729687923,-1175174.0088614635,298.25740852702484
53980.0,control,0.0,0.0,105.50181035187632,-0.26726882339166147,54.97907393041456,26.4714346540934,-4.471445999061037,-1175167.330359025,300.6478156090786
53990.0,control,0.0,0.0,104.4824284200768,-0.2500830789030094,53.399930292899946,25.934388916459305,-4.966012572909176,-1172209.4265949614,298.72099439525294
54000.0,control,0.0,0.0,106.86497212081615,-0.29011718958187893,52.791963773629945,26.392091141369598,-3.6333853586307256,-1172972.4060706887,298.54518422050705
54010.0,control,0.0,0.0,108.38902313481682,-0.3154672431748362,52.604148162586355,26.10320744192266,-5.67106573556691,-1173882.199480936,300.70851932120195
54020.0,control,0.0,0.0,108.44276047317477,-0.31635710562559405,52.79495860237922,26.60585890937329,-4.379134620238618,-1174778.2999967914,298.5680424443824
54030.0,control,0.0,0.0,105.53439968405917,-0.26781687979656665,53.1611793731206,26.48091982642615,-4.068137762870465,-1173520.0659805704,298.72080893213496
54040.0,control,0.0,0.0,108.74710881867854,-0.3213916821998899,52.57045210196879,26.447009334680168,-4.095292120312724,-1173833.9758132957,300.07327818031837
54050.0,control,0.0,0.0,104.10960051367944,-0.24377752067651698,53.83683481842477,26.56348923106965,-4.0838567395067304,-1173677.609216405,301.9159776027116
54060.0,control,0.0,0.0,109.5978269479982,-0.3354158401786533,53.40522478662745,26.769939827001345,-4.74780671083101,-1173835.9694960713,300.8024654022119
54070.0,control,0.0,0.0,109.3562278965291,-0.3314404437296319,54.037083020122445,26.230404206135074,-4.785516925463232,-1174405.9289228506,300.54953923113266
54080.0,control,0.0,0.0,112.10115622216712,-0.37624296030277626,52.94054365143258,26.744812272466415,-3.4272375471441903,-1175549.9591689166,301.7609956522608
54090.0,control,0.0,0.0,102.46453476911093,-0.2158352598812871,53.30771469541334,26.145479525539933,-3.9721655074912556,-1174251.6305590216,301.17012630753345
54100.0,control,0.0,0.0,106.57285387447762,-0.28523429240430576,53.280108946519206,26.380633444897004,-3.0530436038986517,-1173736.9651849922,300.7062908450704
54110.0,control,0.0,0.0,113.84048170580209,-0.40419165031154125,53.57752171457013,27.089020913097382,-4.047554397411076,-1172924.187688021,302.61612245245726
54120.0,control,0.0,0.0,103.6389212274585,-0.23580231537397242,53.56465703967285,26.230433455971056,-4.885429102784188,-1175251.8541929964,298.57059413993585
54130.0,control,0.0,0.0,108.97907825442681,-0.32522287348856627,54.00417167222598,26.520194681766107,-4.613848260521932,-1174954.0507690236,300.23453577641493
54140.0,control,0.0,0.0,104.53310767542261,-0.25093939466460013,53.52847252205032,26.767337857551386,-4.474104114755566,-1174745.8833539505,300.6699056193874
54150.0,control,0.0,0.0,108.93509371029282,-0.3244968354329071,53.72054960314454,26.351422829451476,-4.796817657074322,-1173017.354588233,299.4472098221274
54160.0,control,0.0,0.0,108.50678975145713,-0.3174170338665081,54.0625311756536,26.479054527309717,-5.123605071373722,-1175958.00895074,298.9307086657834
54170.0,control,0.0,0.0,109.00193453619484,-0.3256000787854388,54.277629697116,26.32401376704016,-3.92166885234861,-1172794.9097654857,299.5036091456213
54180.0,control,0.0,0.0,107.36109388126695,-0.2983927561331168,53.07562253075822,26.4002530048518,-3.882057270054232,-1172794.6900336426,299.9768878093038
54190.0,control,0.0,0.0,107.48827158287462,-0.30051056782748525,53.25675924074548,26.55638524586285,-3.9312049334265398,-1172589.4604989458,300.87817111600594
54200.0,control,0.0,0.0,108.18910588865363,-0.3121542869750774,52.97087651605805,26.757113620350584,-3.2234436198680543,-1174330.5651988555,299.620076234934
54210.0,control,0.0,0.0,112.7087830129615,-0.38604745595457446,53.526256962936955,26.83256369368767,-5.237087051044089,-1175830.8020107113,301.1596035074038
54220.0,control,0.0,0.0,108.86194353025556,-0.3232889467748449,54.73908697267157,26.729486613336753,-5.136019856094613,-1175217.4534285702,303.1323409942309
54230.0,control,0.0,0.0,112.7914730954456,-0.38737838812752434,53.27591223839053,26.89447053502731,-4.5165275718498,-1173358.9338493478,301.25636568269624
54240.0,control,0.0,0.0,114.07731630415935,-0.4079690326115019,54.754770254465946,26.844441351429523,-4.498016692330401,-1174195.2338459846,299.98471476282583
54250.0,control,0.0,0.0,111.31802838478838,-0.3635443734847323,53.79588558319818,26.54480793189439,-4.42185480440149,-1177041.223997485,300.0427778918231
54260.0,control,0.0,0.0,114.93691186494472,-0.42162007416359515,54.09159931289677,26.917939512976865,-4.588135318472931,-1174382.7963825632,301.8130863551124
54270.0,control,0.0,0.0,109.1636361525729,-0.3282672142640741,53.63605806855517,26.65624859592709,-4.827537281754275,-1173288.0783025958,301.8127011664889
54280.0,control,0.0,0.0,108.27725807539852,-0.31361558389391636,54.33845637592142,26.812804061334447,-4.4606174902828055,-1172255.3537893984,300.5995965382244
54290.0,control,0.0,0.0,112.94252281105716,-0.3898075126911059,54.0626139437016,27.1045684486175,-4.704316582759384,-1174495.2680086587,301.5200034357944
54300.0,control,0.0,0.0,107.62926574291447,-0.3028567254191403,53.877931449530024,26.342842590444054,-3.909949316206709,-1173636.9014643133,300.4602958208818
54310.0,control,0.0,0.0,111.36693034585053,-0.3643393420587974,53.86596510664341,26.50836682552721,-3.612063323635268,-1175209.5265794117,302.4582761184325
54320.0,control,0.0,0.0,107.73176958223938,-0.3045612495303203,53.695984131790105,26.778822080567924,-4.629885080563305,-1174650.87277014,300.7369329821594
54330.0,control,0.0,0.0,107.10681820573846,-0.29415406265189936,53.866960777528355,26.621914947249085,-3.6564272308599914,-1174345.6312524155,301.6601190394795
54340.0,control,0.0,0.0,106.056091206216,-0.27657827593305795,54.08037239461169,26.8198918717084,-4.838240673756632,-1175383.466904316,299.93495221199544
54350.0,control,0.0,0.0,105.10287531811153,-0.260552959369203,53.098217099332764,26.349383432022474,-3.2469157201111254,-1173729.9669861365,298.2490144766702
54360.0,control,0.0,0.0,106.36939930241961,-0.2818290633843985,53.4016473584257,26.641423804299528,-3.771146575394197,-1175316.6884767413,299.13758380905557
54370.0,control,0.0,0.0,108.4442360734911,-0.3163815368793948,53.91714381536641,26.561493913131347,-5.4973512914019205,-1173261.1344125252,301.0430357866739
54380.0,control,0.0,0.0,107.29361155192066,-0.2972684169225412,53.61395054577841,26.620523936212095,-3.385213724053817,-1172889.18968606,300.30533963386864
54390.0,control,0.0,0.0,113.6775529212082,-0.40158901170964745,54.335205761779015,26.352792339193442,-4.469311041599099,-1175135.49598209,301.1095718872658
54400.0,control,0.0,0.0,109.60849662007831,-0.33559126752507973,54.71436453826768,26.498220168968142,-4.7478732843873725,-1172731.7032213714,300.07430882246445
54410.0,control,0.0,0.0,104.59603154663583,-0.2520023316072032,54.101549902213854,26.33556269873231,-5.52151626436109,-1174354.9453647751,299.29183860621
54420.0,control,0.0,0.0,111.79213666449702,-0.3712404056419468,54.47577430792547,26.164128197784216,-5.269104834675591,-1173970.0290756933,300.6071575644155
54430.0,control,0.0,0.0,110.35071962843926,-0.34776575780567853,54.907878388766136,26.98050209124674,-5.513863100677549,-1173069.3136807699,301.6295587953509
54440.0,control,0.0,0.0,110.85919231724203,-0.3560725419141,54.461437626372835,26.50988532112372,-5.688457518172284,-1175258.947362043,302.50882653622205
54450.0,control,0.0,0.0,109.4568354841641,-0.3330966134264294,55.208582358599095,26.912264699701424,-3.925544488964067,-1175050.1177121792,300.17561712116145
54460.0,control,0.0,0.0,105.58912279293486,-0.26873696602532526,54.43991292694452,27.032372554176092,-6.095230558402873,-1174383.5733373407,300.4961221053009
54470.0,control,0.0,0.0,110.38378166756623,-0.34830672322760087,54.193417450505414,26.887948098404497,-3.4359672498740585,-1176147.6212328244,301.28226954381284
54480.0,control,0.0,0.0,109.65412445020493,-0.3363413343882511,54.06898155713047,26.42982510160719,-4.152218433185407,-1174972.2073637173,300.0218549664881
54490.0,control,0.0,0.0,109.69220804310834,-0.33696721973429083,54.01396267695537,26.52294008964584,-4.3928514765246565,-1175106.9727313556,301.09324731436817
54500.0,control,0.0,0.0,106.17412068440012,-0.2785573328484139,53.85947924236378,27.083061299382006,-4.690399199664782,-1174908.8100575749,300.8301296706451
54510.0,control,0.0,0.0,108.7806764780609,-0.3219464108493002,54.53636887745845,26.614933365664793,-4.444119366416747,-1174155.3081334513,300.15850442744926
54520.0,control,0.0,0.0,111.08989441163475,-0.3598322521048635,54.38666155009005,26.82942009946574,-4.419770631604342,-1173381.9956779368,302.20620448344874
54530.0,control,0.0,0.0,109.69275317654585,-0.33697617765738597,54.284509221349616,26.830660587293657,-4.2463053325910955,-1173010.8693802077,300.9119028819177
54540.0,control,0.0,0.0,110.24636011311901,-0.34605745495008744,55.73383357603998,26.774654380656123,-3.886537288344213,-1173902.5505025052,300.57936100625443
54550.0,control,0.0,0.0,109.99422004934436,-0.34192534617431614,54.70885578459448,27.100248960983134,-4.212070466586303,-1174440.62538133,300.99279291513596
54560.0,control,0.0,0.0,107.50951297218955,-0.30086414354614743,54.76985189478569,26.341858999225064,-4.53716155953345,-1175385.502866283,301.48540769480024
54570.0,control,0.0,0.0,109.50971784490244,-0.3339667343371041,54.99134195424319,26.337624908430396,-5.844682875035794,-1176263.5942407735,300.0692235409196
54580.0,control,0.0,0.0,108.23074343083776,-0.31284460391580327,55.368112828361234,26.68526925983921,-3.768279889254666,-1175205.8690219317,301.01799950166367
54590.0,control,0.0,0.0,106.05485255897234,-0.27655750070226226,54.602193078390684,26.260479823478224,-4.676258570070141,-1174264.239748327,300.4632967900701
54600.0,control,0.0,0.0,104.45812831300047,-0.24967241612231728,54.371600078058506,26.436887087199334,-4.1996718866519664,-1173726.7821831685,299.78718664863555
54610.0,control,0.0,0.0,102.00220916572427,-0.20794940531114353,54.66072805862209,25.963225694331275,-3.9631309589958787,-1174562.047155941,300.33428245962494
54620.0,control,0.0,0.0,109.50329172662725,-0.3338610148200459,54.13920453228904,26.796302087800694,-4.342573467461346,-1174712.4828351177,300.9624967159409
54630.0,control,0.0,0.0,101.72511187898967,-0.2032164545056041,54.37579042078366,26.510569322226406,-3.717218371469756,-1173206.1536845192,300.74936851070646
54640.0,control,0.0,0.0,107.96801717811363,-0.30848606123673405,55.21521887108034,26.887678950629276,-4.874605506102855,-1175174.995229151,299.41938418239494
54650.0,control,0.0,0.0,107.38365209685242,-0.29876851171774516,55.718829371553404,26.500360497549938,-3.567841325772343,-1172523.493701877,300.76608779743157
54660.0,control,0.0,0.0,109.97180668147145,-0.3415577109274701,54.05057351709337,26.452848010736957,-4.7185243893958795,-1173617.4892095756,300.4172398681472
54670.0,control,0.0,0.0,103.91280159223568,-0.2404449235986767,54.50525474279522,26.636834470493508,-2.5326633333303636,-1173341.130639758,299.2351381301773
54680.0,control,0.0,0.0,107.25594784945422,-0.29664071357434063,54.54651660128577,26.535467375276845,-3.83104847978195,-1173240.0370551702,298.7647743822066
54690.0,control,0.0,0.0,111.18911097414629,-0.3614473760167871,55.0280499053804,26.385015987707693,-3.557919337167263,-1173445.449358873,299.02239222921713
54700.0,control,0.0,0.0,112.75029052520368,-0.38671563776379825,54.46194427190321,26.570326291490556,-3.748780180189638,-1175914.055890264,302.1840941242525
54710.0,control,0.0,0.0,116.1107837105454,-0.4401081809595285,54.14361321040881,27.018202949752915,-3.6596751343670757,-1173843.6774194445,298.7683145489349
54720.0,control,0.0,0.0,110.99694524684199,-0.35831817472834326,53.62263182601657,26.502135608122007,-4.433500869565375,-1174062.9404681846,299.05420695965194
54730.0,control,0.0,0.0,114.12912771830447,-0.40879446929473984,54.47218648856982,27.05582771095693,-5.012747388292389,-1173682.6912417412,298.5199040876823
54740.0,control,0.0,0.0,105.75633426161747,-0.27154685121366456,55.0880050149619,26.025631717084952,-3.8866992536250375,-1175048.9877965264,299.60172861159117
54750.0,control,0.0,0.0,106.29307246622048,-0.2805506584688188,53.995953734445706,26.2103728450044,-4.04580689166522,-1174571.3417331185,300.36299555898313
54760.0,control,0.0,0.0,106.65783593890782,-0.2866555789084438,53.304367984068676,26.81377339202095,-4.702095974982302,-1174496.984015368,301.3626898513452
54770.0,control,0.0,0.0,105.4170777742975,-0.26584346723117286,54.40175246830013,26.533302100058897,-4.491874129401162,-1173771.23554001,298.4685175767542
54780.0,control,0.0,0.0,107.38746346001194,-0.29883199359440726,54.98385790421758,26.500673447143225,-4.8352332182677795,-1174727.110403536,299.1233415876388
54790.0,control,0.0,0.0,110.11134177542054,-0.343845582801963,55.40590567687524,26.79983503484022,-4.680247096376474,-1174696.2204595543,300.6137856968085
54800.0,control,0.0,0.0,106.38270714536837,-0.28205190648145795,53.09668310851694,26.856332067076067,-3.4914382741349073,-1173867.945317747,300.3235142861276
54810.0,control,0.0,0.0,109.90425108540592,-0.34044931436469694,53.90211993965845,26.546370674905685,-4.868767317186214,-1172956.3235547002,300.3392479051601
54820.0,control,0.0,0.0,104.4579418236621,-0.2496692643480446,54.21078791557321,26.670854280007028,-5.028931213268649,-1174657.7952270582,301.35876588494165
54830.0,control,0.0,0.0,105.00753198843954,-0.25894602154065244,54.272474041341184,26.504747494787868,-3.7883262506660564,-1172394.201660581,300.3186669611992
54840.0,control,0.0,0.0,113.30620083663622,-0.39564489912034945,54.333233188842904,26.666823076185143,-3.4015304285223533,-1174035.5144318063,302.6818377305037
54850.0,control,0.0,0.0,107.54805773359276,-0.30150563868188485,54.163310046621675,26.79842558604621,-5.399072878050835,-1174961.667881798,300.72170829599025
54860.0,control,0.0,0.0,106.93654159790121,-0.29131236258013454,55.43721737209081,26.947090416954016,-3.214238763047458,-1173250.632250119,299.0495530100661
54870.0,control,0.0,0.0,109.36154372760029,-0.33152797684460666,54.13593566197442,26.842365237022094,-4.688698246341828,-1175039.374524692,299.52069142470435
54880.0,control,0.0,0.0,111.9939634626436,-0.3745089056082698,53.36486457862261,26.670691453993747,-4.385451725050483,-1174269.688255703,300.37597316974717
54890.0,control,0.0,0.0,105.60901339780364,-0.2690713357311695,53.99242463949914,26.4754576297632,-3.825447989822447,-1177101.5837921053,301.921248115261
54900.0,control,0.0,0.0,108.32821271275701,-0.31445991947740587,54.543876983921336,26.423882081025724,-4.169446081778716,-1174715.080398215,300.8118843765685
54910.0,control,0.0,0.0,106.0092111877861,-0.27579189002427107,53.79285087954495,26.79379259364496,-4.037901719620937,-1174251.597945718,301.4737143524338
54920.0,control,0.0,0.0,110.76823562840148,-0.3545886471744072,53.45087205253425,26.772105468745497,-4.31198863877812,-1173995.846637752,298.2533007518994
54930.0,control,0.0,0.0,106.67303105066671,-0.28690964389504753,53.73883979020024,26.941522570340098,-3.509131356001935,-1172956.9794053715,300.92371270452276
54940.0,control,0.0,0.0,110.65219572404646,-0.3526942405834749,54.36176255209335,26.709620847555115,-5.1889139898888095,-1174687.867128389,300.2687273640204
54950.0,control,0.0,0.0,104.06924397371014,-0.24309435530800844,53.869303697363485,26.583790195286912,-4.8838982162124545,-1173810.1847092751,300.74891524833606
54960.0,control,0.0,0.0,108.18721038061419,-0.31212285705128806,54.521357328689696,26.95231655399522,-4.515899622051074,-1173175.4753474742,301.6216375108756
54970.0,control,0.0,0.0,109.31485632646081,-0.33075910145829285,53.46044713519255,26.413888005748145,-3.7033946382505585,-1176618.7690733839,298.832492652933
54980.0,control,0.0,0.0,108.7530546494233,-0.3214899491856261,53.49507576984537,27.123178669767814,-4.223270677856176,-1173034.7965244055,300.1041335262555
54990.0,control,0.0,0.0,107.88268170966327,-0.30706897370961383,54.034388665361064,26.31629892391839,-4.061909511538775,-1172614.1647441275,298.90959771433745
55000.0,control,0.0,0.0,108.68445517377799,-0.3203559926847646,54.33985673221524,27.247768568782604,-3.562343350676109,-1174386.2898733057,301.0923144536509
55010.0,control,0.0,0.0,109.78187074204244,-0.3384401942767884,53.49794364252194,26.640165188375384,-4.391318369094556,-1172840.5755076092,299.7242419422248
55020.0,control,0.0,0.0,105.7039592843561,-0.27066696978238197,54.70657121979148,26.58036848301648,-5.595666441738517,-1176245.503067553,297.2562039253751
55030.0,control,0.0,0.0,101.3610439740477,-0.19699079767145639,54.35701875517701,26.43170976943741,-4.52918111298861,-1174830.125925513,300.8760023634215
55040.0,control,0.0,0.0,103.64423213610331,-0.23589239336153855,54.244488496480805,26.53296690916955,-4.725517341813456,-1175583.931265518,299.7928907062139
55050.0,control,0.0,0.0,111.40268436419792,-0.3649204048271967,53.31700095325606,27.082183463722878,-4.311949724560376,-1174909.6325867474,300.4081497676652
55060.0,control,0.0,0.0,105.08100952126509,-0.26018449193049176,53.42358123186652,26.51643319393171,-4.133763708712326,-1174056.0006062314,300.2679265818878
55070.0,control,0.0,0.0,107.77500283777546,-0.30527987822020974,53.83453425051654,26.680415787611192,-3.7195555869694594,-1176247.3881990798,300.52848894540267
55080.0,control,0.0,0.0,104.24035919918119,-0.24599020314981143,52.84017495778768,26.7548584373064,-4.018784080496202,-1174398.5245847534,300.11593326785174
55090.0,control,0.0,0.0,112.22949534832092,-0.37831736652240744,53.02319402359254,26.469215849678754,-5.1509564333597515,-1175446.0033909287,299.7626669234774
55100.0,control,0.0,0.0,101.42243071153202,-0.19804109135891534,53.267211799820885,26.320513031597674,-4.445211940126794,-1174281.1621285807,300.2817538908649
55110.0,control,0.0,0.0,106.78486329691351,-0.2887788771159697,52.69588029216236,26.845276584535576,-4.083652447388987,-1175092.264178047,300.4859949955986
55120.0,control,0.0,0.0,105.1906426886407,-0.2620315726150685,53.129795023174395,26.619027907168707,-5.898993929349439,-1172225.1110542882,299.9265056580114
55130.0,control,0.0,0.0,111.18807307101258,-0.3614304858284532,53.85566516351795,27.07274591798384,-2.232632528715903,-1175660.2269842364,299.6721208571307
55140.0,control,0.0,0.0,108.40135239313696,-0.31567143385624225,54.240546797527024,26.682659997020956,-4.581660890306555,-1173580.6713942904,302.10147407793073
55150.0,control,0.0,0.0,113.85801781009361,-0.4044715791205771,53.283500464683556,26.79272880025053,-3.7817773901327096,-1173516.7950431164,300.0893084932354
55160.0,control,0.0,0.0,112.85515672613427,-0.3884028535057019,53.48369768729388,26.770050924553946,-5.359761422147263,-1173493.1819257084,299.19462493668635
55170.0,control,0.0,0.0,110.5368749143524,-0.3508101402943341,53.40669023551485,27.142450170416307,-4.231239530688098,-1173897.1352515984,301.7417612025896
55180.0,control,0.0,0.0,114.33948750729289,-0.4121423881293947,53.749739759335675,26.77898717987195,-2.7329775014885818,-1172774.708826907,299.25422935890913
55190.0,control,0.0,0.0,113.48648653348587,-0.39853276510590874,53.406872618646524,27.390898162708087,-3.9348391967800995,-1177013.3297625799,300.46290020596746
55200.0,control,0.0,0.0,111.67975918562472,-0.3694185006097814,53.43461920883259,26.950842213214152,-3.4658105409247977,-1173186.4086590875,299.6969575822699
55210.0,control,0.0,0.0,111.8908402544469,-0.3728394467449924,53.10804901613168,26.97046584896271,-4.068955238703662,-1174475.800703138,301.3249892720832
55220.0,control,0.0,0.0,106.09636269760634,-0.27725365969409765,52.21826330993103,26.892903833094163,-4.889914911558884,-1173872.4516570028,298.54828837220094
55230.0,control,0.0,0.0,103.1785845173862,-0.22798695891729545,52.42989360434076,26.52431636582077,-3.5120828132083908,-1174912.5371916443,302.2402619751312
55240.0,control,0.0,0.0,108.23042039957458,-0.3128392489528717,53.0423292787094,26.511857663178198,-4.257082458835628,-1173886.2290008347,299.9817317427627
55250.0,control,0.0,0.0,109.04226403417063,-0.3262655243360671,53.99939450105291,26.670247252477356,-3.27762104794391,-1174840.292455271,299.6101324412031
55260.0,control,0.0,0.0,109.90365188754178,-0.3404394810999298,54.11824213794902,26.539050137679368,-3.614226932101915,-1173409.930312924,299.06681555919056
55270.0,control,0.0,0.0,111.36862554606226,-0.36436689511130127,53.44513584938808,27.010482190678633,-5.0838876950274,-1173408.9101849664,300.1542653652481
55280.0,control,0.0,0.0,111.71522624386897,-0.36999365941937945,53.09487046622853,26.96034575753546,-5.3018674174738365,-1173786.8252993263,298.6092597366226
55290.0,control,0.0,0.0,111.44706393073088,-0.36564144953516986,53.427647403260686,26.850724532750878,-3.377725553942324,-1174198.9055010863,299.79124822398194
55300.0,control,0.0,0.0,101.68747573779642,-0.20257324257941034,53.59962850253323,26.44880666021462,-4.234215719586795,-1173627.8390053827,301.16833202204947
55310.0,control,0.0,0.0,101.38908448728078,-0.1974705837276156,53.289728793887726,26.136866409406583,-5.790067746813119,-1175770.474010365,301.1414435340631
55320.0,control,0.0,0.0,106.6623475997439,-0.2867310167898671,53.8810124651512,26.430179958514195,-2.647227675042571,-1173436.0860037208,298.79227716897446
55330.0,control,0.0,0.0,104.82440993929752,-0.25585763419378027,54.14759790834786,26.504781279080575,-4.157087691803889,-1172380.1694946885,302.1549454053754
55340.0,control,0.0,0.0,110.82082935787902,-0.3554467862801991,54.73960337667769,26.698257532052345,-4.4437474045718135,-1174588.1665883083,298.21276827175467
55350.0,control,0.0,0.0,104.71311983231725,-0.2539794270315926,54.49571352688976,26.675075530163518,-2.7800582384195183,-1173927.3449001517,300.4727762317662
55360.0,control,0.0,0.0,108.02039662820324,-0.3093555397972811,54.46239682255282,26.812633927115925,-4.778281100819884,-1174740.2138345893,303.21805932623613
55370.0,control,0.0,0.0,111.52416722022218,-0.3668936419735743,54.57265271391512,26.59776575191736,-5.008253626664362,-1175430.6408388633,300.4228836898307
55380.0,control,0.0,0.0,110.296268322126,-0.34687456606969475,55.35357942512077,26.637553744707468,-5.5645622260520735,-1174611.0004388783,300.616514596911
55390.0,control,0.0,0.0,103.34987607282027,-0.23089680377049476,54.52620915500658,26.670359032321674,-3.945958970051774,-1173977.8915815875,301.072387038753
55400.0,control,0.0,0.0,108.11647853952795,-0.31094978963695397,55.416190384557424,26.769032526265395,-3.341991498149709,-1174041.9452910274,300.7057441154278
55410.0,control,0.0,0.0,110.61095209875104,-0.35202056992749925,55.17493722977415,26.6709111224094,-3.6922123419849404,-1173549.417888375,303.6756767014898
55420.0,control,0.0,0.0,105.36136641454736,-0.2649059837676445,53.42409783569837,26.958724502100154,-3.809158009864271,-1172479.6985400636,300.65070007741537
55430.0,control,0.0,0.0,107.82786248492305,-0.30615828180102095,53.86476141021759,26.501778183816572,-4.471757364365703,-1174621.7233073656,300.7796899441317
55440.0,control,0.0,0.0,108.79940012505867,-0.3222557839912156,54.777185753022266,26.658254263949758,-3.426234673194335,-1173197.0822771378,299.0484004074766
55450.0,control,0.0,0.0,106.82385802726768,-0.28943040079479904,54.171492019764464,26.70440781683414,-5.070403668002987,-1174109.269225642,298.3747161914506
55460.0,control,0.0,0.0,105.24738543926789,-0.2629871883401116,54.54955955526447,26.534631045425122,-3.515646947228338,-1173586.812555259,300.24115477511583
55470.0,control,0.0,0.0,103.03489950508052,-0.22554451236544337,53.92861354039796,26.326517655756497,-4.450176330541764,-1174866.6122080497,300.03303965381747
55480.0,control,0.0,0.0,107.39735638898242,-0.298996763559658,53.6388841465397,26.382183653992527,-5.282050876822041,-1174774.6961063482,300.96318526032655
55490.0,control,0.0,0.0,100.26844286845733,-0.178260287907553,53.92130948675588,26.340910954689093,-5.278445609304018,-1173805.3006313294,303.3183960903363
55500.0,control,0.0,0.0,100.2527038473407,-0.1779899831781983,54.53762197517367,26.004518450438646,-5.313751415544889,-1174733.3805950135,300.07703693237676
55510.0,control,0.0,0.0,104.24459521277824,-0.24606186309083752,54.461762358049384,26.574137235246813,-5.068996281490279,-1172837.0087942127,300.3594841160477
55520.0,control,0.0,0.0,103.23420718540659,-0.2289320832572161,53.569742489499,26.34878240257775,-3.980398030218613,-1174911.7367689777,300.7137925108078
55530.0,control,0.0,0.0,103.1605340596018,-0.22768020452148735,53.555511616163315,26.642390366619445,-5.034145835411062,-1174044.3331459928,301.2870413096848
55540.0,control,0.0,0.0,103.55051505803603,-0.2343025669267072,54.469860959945876,26.906028889515188,-5.166024588422015,-1174364.5700698793,303.02951570054825
55550.0,control,0.0,0.0,108.15496315890113,-0.31158810496426775,53.7176993976368,26.683736944413642,-5.695653308826003,-1174392.5223046541,300.77828606696096
55560.0,control,0.0,0.0,111.45280860084259,-0.3657347684440301,54.68103248075326,26.495800154677784,-5.773923460945165,-1174512.0158368032,298.51486037533437
55570.0,control,0.0,0.0,107.6997824984084,-0.3040294445070435,54.04517127609069,26.89964172745677,-5.330266200640719,-1174715.3740034513,299.45508630606065
55580.0,control,0.0,0.0,104.97467843037106,-0.2583921339815601,53.746428200333646,26.74674576248486,-3.4046733705324757,-1175621.5283101182,300.13453747563403
55590.0,control,0.0,0.0,108.98566608186792,-0.3253316000448007,54.14101649629988,26.29605349865768,-3.4507516415938446,-1175317.9515069593,298.7645631045387
55600.0,control,0.0,0.0,109.73743759386022,-0.3377103520068597,54.252366308102495,26.754684001927902,-4.411279820105021,-1173461.631919451,299.78546980626476
55610.0,control,0.0,0.0,110.92914997388243,-0.35721324182082226,53.60806896832801,26.781415628800534,-4.837499502567207,-1174823.377951568,301.5803775307295
55620.0,control,0.0,0.0,108.9666158802387,-0.3250171807157909,54.06667186377302,26.50491210052072,-4.631666379063169,-1174864.977637032,302.4827650404852
55630.0,control,0.0,0.0,110.60061274138532,-0.35185165893721826,54.30498339399709,26.379911213442266,-4.667224686945568,-1174517.8673763648,303.8766433453667
55640.0,control,0.0,0.0,110.44529195418181,-0.3493128538681246,54.18596376339518,26.618309926670246,-2.56731384631572,-1175305.1985715516,299.4305828054221
55650.0,control,0.0,0.0,102.27838321864823,-0.21266174745141853,53.6862610608436,26.308947972402425,-4.799515692311717,-1172334.4525705278,299.4728287371057
55660.0,control,0.0,0.0,103.54392646266515,-0.23419077366351287,53.617091216242294,26.236428876049,-3.5488148069596672,-1174463.2290593348,300.3450211221724
55670.0,control,0.0,0.0,110.1193366773882,-0.3439766086943581,53.1883995863656,26.75702122654223,-5.165675214182263,-1174807.664333688,300.3337306670334
55680.0,control,0.0,0.0,105.40555199881827,-0.26564953772035,53.77576271853581,26.25789156117658,-3.6676770398229603,-1173853.992058646,301.2219849833855
55690.0,control,0.0,0.0,107.4367399746869,-0.2996526216242142,54.44152944640583,26.2983363451075,-4.473292946557088,-1175163.5876407996,299.6034697542335
55700.0,control,0.0,0.0,109.94448059607753,-0.34110942413357337,53.811054660279325,26.159182960685705,-4.148290125245412,-1174019.3573619109,303.2152585519796
55710.0,control,0.0,0.0,111.31381620372697,-0.3634758862973504,54.664088582774895,26.491688874022405,-5.889994523083055,-1175003.318993125,299.5089671287718
55720.0,control,0.0,0.0,109.31746101719314,-0.33080200281551964,53.58638418954876,26.659979855542325,-3.6039599855770144,-1177379.5175536182,301.1049664782174
55730.0,control,0.0,0.0,105.023435439146,-0.2592141118073049,52.45693803487386,26.19717767298645,-5.009074331516038,-1175212.9680373017,298.73795273390476
55740.0,control,0.0,0.0,108.89283839931178,-0.32379916113672613,53.72938910935248,26.486299983213737,-4.972942563901597,-1173969.3882731926,299.3179322433828
55750.0,control,0.0,0.0,114.86661391093857,-0.42050720993110347,52.940410799949525,26.658657702354464,-4.873839826757063,-1174782.5374622084,301.5846608501772
55760.0,control,0.0,0.0,110.40580655581682,-0.348667032985074,53.51983353247567,26.71817081631789,-3.639061794441815,-1172597.898602426,302.0119542270273
55770.0,control,0.0,0.0,112.8880909675177,-0.388932471665991,52.82393353641862,26.544644322973998,-4.738876153933856,-1175873.9052349608,300.0581551324841
55780.0,control,0.0,0.0,110.69869146309426,-0.35345347975681685,53.54102193400621,26.41901999656947,-3.5014835544250986,-1173126.594445778,298.6892127031512
55790.0,control,0.0,0.0,106.08986732554501,-0.27714473658440997,54.26511491889997,26.08661319597782,-3.9364828446210454,-1174651.5032737162,299.98034456797063
55800.0,control,0.0,0.0,111.59237178052267,-0.3680007612628203,54.62024758482934,26.366715349259014,-5.010614662361682,-1174297.0674387868,298.9321156894904
55810.0,control,0.0,0.0,108.79188250025915,-0.32213157347710597,55.28184803664023,26.65954102177697,-3.437278997629611,-1173806.1383690406,300.5814857076227
55820.0,control,0.0,0.0,110.85852836312542,-0.35606171321395874,54.813662360769044,26.363762973429196,-3.7836552229411984,-1172935.961387327,301.663055985276
55830.0,control,0.0,0.0,109.42675929391363,-0.33260161626175433,54.49425243163498,26.644314012830453,-4.048683461221572,-1173259.422759205,298.93611868524147
55840.0,control,0.0,0.0,106.4687015154078,-0.2834915359454252,54.789638477866816,26.564407646370793,-4.196037099389105,-1173906.6963381637,299.8883048227134
55850.0,control,0.0,0.0,105.19888588967065,-0.26217041394835927,54.27886765423802,26.77764952699424,-3.890372368242651,-1173334.1485789977,299.49807236747444
55860.0,control,0.0,0.0,105.58903944205488,-0.2687355647926637,54.763512886529846,26.208861961163073,-4.620545572275404,-1174573.0872612018,300.31542985654653
55870.0,control,0.0,0.0,111.42263895203065,-0.36524463857812595,54.48042977306847,26.783652426235033,-4.789462283499391,-1175192.856021775,300.26037428075733
55880.0,control,0.0,0.0,104.38430743998235,-0.24842459565891786,54.33546488365049,26.830580509449064,-4.0641592637758714,-1175670.7074405383,299.22299558428426
55890.0,control,0.0,0.0,109.00555180736647,-0.32565977114269595,54.49647897848531,26.848632619513882,-5.241963330967379,-1174770.5677649658,299.9038610900744
55900.0,control,0.0,0.0,108.85133437790269,-0.32311371987998283,54.74978542617558,26.738046294726523,-4.506464630966722,-1174596.9950276483,298.7448390820415
55910.0,control,0.0,0.0,107.48293544650114,-0.30042173813051676,54.374051753095145,26.284326166768892,-5.443700205552711,-1175449.321428107,300.167824881363
55920.0,control,0.0,0.0,102.5419448638119,-0.21715427872950915,54.34962228959881,26.699089827719245,-4.002530597528192,-1175315.3798530977,298.07241806279404
55930.0,control,0.0,0.0,107.01562208094126,-0.2926324367970775,53.513638710672886,26.287123477104135,-5.306917671792637,-1174338.1138719246,300.60850023142126
55940.0,control,0.0,0.0,102.84946598354202,-0.22239030456553938,53.39445567835981,26.27762696415587,-4.4246605911610954,-1174572.164962858,299.39682666692323
55950.0,control,0.0,0.0,108.3141644170881,-0.31422715926821077,53.475699879800686,26.662555952892752,-4.178145285410789,-1176396.1909367442,300.44692970276895
55960.0,control,0.0,0.0,111.3711669584943,-0.36440820153442954,53.96395181288003,26.614245017338984,-3.44311920808841,-1175047.9618811887,299.7282304508667
55970.0,control,0.0,0.0,108.84693597395253,-0.3230410700481617,53.76298524333052,26.408090965250963,-3.1815131506223966,-1174206.3045960777,300.23556355613147
55980.0,control,0.0,0.0,107.09739544222042,-0.29399687638564187,54.22919200077122,26.354980909720343,-2.3828363222153297,-1175580.8430865165,299.63500640403925
55990.0,control,0.0,0.0,111.1729235009863,-0.36118393767653206,55.35228192011778,26.54493254165708,-5.311844807618131,-1174889.0596808605,297.8187196776127
56000.0,control,0.0,0.0,110.96700621365356,-0.3578302876775239,55.07471992163976,26.780836861360747,-3.3470924574716294,-1173575.0934088044,300.5299069873288
56010.0,control,0.0,0.0,102.90892772755237,-0.22340199887435191,54.21158784119586,26.104241528791132,-3.3463593716587368,-1174578.484767031,298.93329334775325
56020.0,control,0.0,0.0,111.2575750771773,-0.3625612559113876,54.30661019000541,26.468080482040154,-4.777727985782104,-1173367.7270010337,299.16050401439054
56030.0,control,0.0,0.0,107.21445061960716,-0.2959489722434064,53.62973420612186,26.37890031016626,-3.9775413921838743,-1175514.4432771988,297.54784119669245
56040.0,control,0.0,0.0,106.72284376062191,-0.28774237971423416,53.83032176689584,26.44908178981713,-3.9473427705341084,-1174530.9265800249,301.4907385607057
56050.0,control,0.0,0.0,110.19707792931895,-0.3452503356358698,53.86286500972771,26.26960756036476,-1.9444326360315887,-1175886.0070520695,301.076217717322
56060.0,control,0.0,0.0,105.71859489711976,-0.2709128657964348,53.17623151560659,26.38090256428856,-4.493407608011896,-1174955.8270237856,301.253423142896
56070.0,control,0.0,0.0,105.0022749705957,-0.2588573976859232,53.764218164395686,26.875830873313806,-4.8328284370136005,-1172633.5229794215,300.17549396445304
56080.0,control,0.0,0.0,105.76970519379819,-0.2717714419026199,53.744361301118204,26.29870575114672,-4.6876500455627,-1174875.805020569,299.3421795491013
56090.0,control,0.0,0.0,109.13509053187866,-0.3277965671115486,54.29207739729621,26.83083775387438,-4.998721327860787,-1176634.7124709468,298.8187848351932
56100.0,control,0.0,0.0,107.57556623010045,-0.3019633753621852,55.17982456969526,27.010430547362176,-4.594273665511291,-1174461.142554272,301.57067207617047
56110.0,control,0.0,0.0,109.81740806160428,-0.33902377052036314,54.551838841546925,27.031266943432673,-4.1230407907874,-1172988.0942726303,300.47810412338663
56120.0,control,0.0,0.0,108.65529684806397,-0.31987386333718004,54.43257084247748,26.614861122071968,-5.394574521365643,-1173369.750883909,300.006143358829
56130.0,control,0.0,0.0,112.2845754618444,-0.37920707102050516,53.93557140475351,26.382923761124466,-2.5647342586274666,-1173523.092783071,300.0016488737975
56140.0,control,0.0,0.0,106.15683899991983,-0.2782676362177137,53.94770500168853,26.661243260705238,-4.899489869300007,-1174679.6915796753,299.7923072993957
56150.0,control,0.0,0.0,105.84132818857388,-0.2729742364611282,53.04231698862254,26.680271502682306,-4.704364926174489,-1173995.911056513,299.4817327094182
56160.0,control,0.0,0.0,113.61101997308381,-0.40052527360577406,53.171075623041204,26.801225173819613,-4.816531633568548,-1173997.1723607164,299.5417589061208
56170.0,control,0.0,0.0,107.14322349015282,-0.29476128430540216,55.32875697421623,26.51188338742802,-4.542852785973325,-1174673.951199174,301.4374602533296
56180.0,control,0.0,0.0,107.30607661303195,-0.29747613138034756,54.61880354907853,26.45339757926503,-5.652134572854899,-1173885.1132421438,299.7619511140244
56190.0,control,0.0,0.0,109.24762462029507,-0.329651504751027,53.87232927887474,26.578686993955806,-4.091665756319564,-1175046.6855103541,300.1314465931255
56200.0,control,0.0,0.0,106.10444004759717,-0.277389106560512,52.96654175967702,26.51822036557227,-3.6468292622081258,-1173894.911563173,301.56607582726156
56210.0,control,0.0,0.0,105.58010769896036,-0.2685854077120559,53.16801738894476,26.72069318153518,-4.361678642774073,-1174135.6610807609,300.200927542403
56220.0,control,0.0,0.0,110.77919722568116,-0.3547675253959489,53.0422927104944,26.473005896924708,-3.465260411543201,-1174862.2483842522,299.9198306835818
56230.0,control,0.0,0.0,104.26663970306865,-0.24643476436404618,53.22085374692547,26.34285094463129,-3.88818794053663,-1174105.2888721991,301.8188777882617
56240.0,control,0.0,0.0,109.97554864668948,-0.34161909214486796,54.16285964438926,26.539434324717575,-4.408696128650968,-1174422.0258738026,300.4136807533194
56250.0,control,0.0,0.0,108.59701509600107,-0.31890993354056413,54.013688299876,26.32744034525285,-4.12559963750492,-1174173.5760960337,299.8361087982531
56260.0,control,0.0,0.0,105.93432197005203,-0.2745352827313271,53.04366256437293,26.444607878232596,-2.3648187937485794,-1173991.6837132704,300.73838460436775
56270.0,control,0.0,0.0,104.98653298389648,-0.25859200310617964,53.37666475112321,26.89039235714352,-3.5183510241225022,-1174986.4759606328,301.7739433087165
56280.0,control,0.0,0.0,112.18974962857926,-0.37767513999669844,53.56881021979091,26.41928819868152,-4.558624338804894,-1173826.464230286,299.9414126147382
56290.0,control,0.0,0.0,109.47294365558973,-0.33336168570498564,53.65725806554664,26.961559065688512,-3.434480958419306,-1174455.7590727918,301.1567072538113
56300.0,control,0.0,0.0,105.69104752008194,-0.2704500218464254,53.25683518663518,26.64679953303249,-4.182873524538473,-1175355.3456328288,300.84223670533345
56310.0,control,0.0,0.0,107.25789607071366,-0.2966731857802373,53.42592141702032,26.442780853171516,-4.425368369033527,-1174199.4452839196,301.06519690753066
56320.0,control,0.0,0.0,107.43358831594229,-0.29960014200163754,52.52430952670577,27.01784757987298,-5.0022048315399195,-1174507.4716599435,299.45899442020414
56330.0,control,0.0,0.0,107.6891688420527,-0.3038529649697991,53.88703847595034,26.54889717941487,-3.478659623647294,-1173279.3375389054,299.45714869296825
56340.0,control,0.0,0.0,106.77094992300088,-0.2885463801698146,53.18000530152118,26.264989729990244,-4.161213602890351,-1175004.617249176,300.0053555787577
56350.0,control,0.0,0.0,103.8605647266692,-0.23955986539241333,53.521892182567534,26.436870464648795,-3.7672876192014515,-1175666.7260889374,300.7436923903687
56360.0,control,0.0,0.0,102.90904893710272,-0.22340406091313625,52.60208307109311,26.31252944796965,-3.671929739365625,-1175111.6217490751,299.30627698975917
56370.0,control,0.0,0.0,106.95498325234584,-0.2916202550296342,53.37833076360581,26.604407246110267,-5.199419454394875,-1175556.87963916,299.60345348070445
56380.0,control,0.0,0.0,109.87508497522624,-0.3399706344897072,52.97289142405234,27.192745226914358,-4.532432819713431,-1176241.9557511825,298.96201670542183
56390.0,control,0.0,0.0,112.22555583786567,-0.3782537185301618,52.72376034274169,27.013857271113995,-3.443892941560587,-1174647.00260452,301.0664295062986
56400.0,control,0.0,0.0,112.57953498411987,-0.38396554416545525,53.419314153772675,26.763420662476985,-4.8919848778109225,-1174863.5743030198,301.7280526333226
56410.0,control,0.0,0.0,110.89407044365919,-0.3566413163255562,53.7069165080952,26.87161961176348,-4.723975539623677,-1175047.9589969832,301.04521405127934
56420.0,control,0.0,0.0,105.57504570731288,-0.2685003045285086,54.621582281116616,26.754244697952927,-3.2125078021392586,-1175161.3148402814,299.00057724436186
56430.0,control,0.0,0.0,109.92026270747215,-0.34071206272015936,53.934271926207806,26.87679212211794,-2.9216946338104357,-1174980.2755545322,301.278875791417
56440.0,control,0.0,0.0,110.1732960104681,-0.3448607556833164,53.36752753914231,26.263924547167722,-4.5225708445965305,-1173664.065099476,299.0306739983757
56450.0,control,0.0,0.0,111.83046945545466,-0.37186154464599197,53.41034889210497,27.054672669260782,-3.525294887491068,-1174321.4070741367,299.9690055631384
56460.0,control,0.0,0.0,108.63941526088308,-0.31961122837922623,53.325943403393026,27.168329884552175,-2.335428711346779,-1174842.3343470562,298.9737530297949
56470.0,control,0.0,0.0,108.30007037784765,-0.31399362217037163,54.09527855795776,26.664744762214404,-3.423640239949971,-1173658.1875270624,300.73799806419737
56480.0,control,0.0,0.0,111.09906738172923,-0.3599816221455837,53.540673664052605,27.61036303244476,-4.720570948025309,-1172955.78432481,299.09229379714463
56490.0,control,0.0,0.0,110.72826183242563,-0.3539362197791903,53.637460012609395,27.301766567587805,-4.896449266708407,-1172211.2954229526,300.74899800928597
56500.0,control,0.0,0.0,108.68326903591796,-0.32033638165844824,53.24472571380668,26.90602607182375,-4.649759077075814,-1175099.9976356924,300.6324324153726
56510.0,control,0.0,0.0,109.29419089266594,-0.3304187008769457,52.743752276764795,26.918102335144127,-3.6785224422704808,-1173060.292540362,300.6568887120565
56520.0,control,0.0,0.0,109.3012511036167,-0.33053500135629005,52.398587624357475,26.616541257276435,-4.248590389158125,-1175638.5957642887,301.33731715487335
56530.0,control,0.0,0.0,108.9169813070285,-0.3241978044801812,53.2528180332256,26.36592147601535,-4.41894251441258,-1173861.1305099279,300.5472089133699
56540.0,control,0.0,0.0,110.1601010655967,-0.34464457903237544,53.180484190788384,26.734183605470214,-4.7438154081758785,-1173004.1521273702,299.04276152879464
56550.0,control,0.0,0.0,108.20798218508241,-0.3124672612277627,52.21648495831629,26.5084319563353,-3.928054808369742,-1174109.700163465,299.7425526298953
56560.0,control,0.0,0.0,113.21672513854921,-0.39421019643777433,52.42270893654698,26.651050201885145,-4.439667914498502,-1172366.6708772983,299.97079340771035
56570.0,control,0.0,0.0,108.0704626982573,-0.31018637548832145,53.24416573960761,26.30340720135002,-3.064838791651515,-1174599.8845784888,302.3493551912237
56580.0,control,0.0,0.0,108.62249899674545,-0.3193314558856902,52.818279539644784,26.762506558802663,-3.262596876338701,-1173729.3531086724,300.76357766534187
56590.0,control,0.0,0.0,112.60809381321114,-0.3844257349065041,52.68444347186214,26.637338557047265,-3.844952771796225,-1172815.6239054296,300.0327092366947
56600.0,control,0.0,0.0,105.18838746517227,-0.261993586640664,52.50352461789568,26.781216308687036,-4.311777737442117,-1173206.205274269,299.2464589412181
56610.0,control,0.0,0.0,102.73182882997905,-0.22038809728458994,52.651358389802915,26.386020755202804,-4.202340220601085,-1173408.856271129,302.16743880641553
56620.0,control,0.0,0.0,99.02254391454805,-0.15682307424248831,52.63065483968004,26.53799552928023,-4.949523853928026,-1174074.22748507,302.09305971645824
56630.0,control,0.0,0.0,103.7048809890665,-0.23692091082468492,52.92240016383243,26.695264086011456,-5.3346891463622095,-1173875.3957298584,300.7370346065768
56640.0,control,0.0,0.0,103.150909146515,-0.2275166268879155,52.75935515866837,26.516194521655866,-5.106541084913639,-1174607.867275238,301.76566131638305
56650.0,control,0.0,0.0,106.17821158310785,-0.2786259057635205,53.02891064795793,26.946312471330476,-5.49522841694784,-1173545.1281397361,299.415478052699
56660.0,control,0.0,0.0,108.6643034613798,-0.320022795434574,52.19542385316686,26.241607658078845,-4.165514916383686,-1176570.5171748959,299.63917059668836
56670.0,control,0.0,0.0,105.7074305425196,-0.2707252927204936,52.892575630739934,26.594512310622168,-5.229313827475535,-1174351.946187336,300.68700353868377
56680.0,control,0.0,0.0,109.19448227474349,-0.32877569943389556,53.36578690082131,26.58776577881858,-4.97962917775166,-1175012.662169814,301.67773155133375
56690.0,control,0.0,0.0,103.56015296904405,-0.23446609445994543,53.474129748617,26.630523766637122,-6.061142516472595,-1174445.5706063695,300.5742268486156
56700.0,control,0.0,0.0,108.35094452809234,-0.31483651316407907,53.03732225778661,26.356360256540317,-5.226812650792866,-1172180.5874650106,299.51244477962155
56710.0,control,0.0,0.0,107.56357271683024,-0.30176381390310675,52.60364230134677,27.168735410084054,-5.361518213648257,-1174648.8698093817,302.8202373542672
56720.0,control,0.0,0.0,108.17933282744198,-0.3119922335839216,52.86421238974648,26.91158809678212,-4.843035413162509,-1175691.3260743879,299.33376426787675
56730.0,control,0.0,0.0,111.93814414233826,-0.3736053983927964,52.83727315795845,26.72247346875856,-3.828519031796734,-1175174.6334737465,301.22806343395234
56740.0,control,0.0,0.0,112.3855145249704,-0.3808366211551446,52.76243099344983,26.86819024763409,-4.502767809037971,-1173864.1384059526,303.8809984188238
56750.0,control,0.0,0.0,105.91947369874623,-0.27428607965326296,53.13624477228436,26.5596648799829,-4.769230908690985,-1173870.471169902,300.6219794688591
56760.0,control,0.0,0.0,107.87045917732252,-0.3068659495310104,52.69162934761447,26.812108004107515,-3.694193333548215,-1175298.0333520602,300.76446540415924
56770.0,control,0.0,0.0,111.66044144013196,-0.3691051708748646,52.65462557847408,26.535120663083035,-4.862895559145153,-1174591.829512801,299.45850444515213
56780.0,control,0.0,0.0,107.42099909703987,-0.29939050447284477,53.68470059982982,26.58837187927277,-6.547406009279501,-1175022.8161004968,301.9316991950573
56790.0,control,0.0,0.0,111.75788433800328,-0.3706852453078515,53.403350740975256,26.49979440450537,-4.579223638790204,-1174186.0187968109,300.3923544426422
56800.0,control,0.0,0.0,112.84733131704539,-0.38827699360316437,52.81939647843075,26.56138477758652,-4.554085597237122,-1173203.1920204964,301.43526299282183
56810.0,control,0.0,0.0,105.71313837068216,-0.2708211916117661,52.41707635126484,26.40674701651681,-6.143212235045401,-1173875.2494732477,300.5509379784674
56820.0,control,0.0,0.0,104.52524732491179,-0.2508065929706096,52.405892328916885,26.65419965023599,-2.8226962812349115,-1175559.1260980368,299.809122674873
56830.0,control,0.0,0.0,103.11676829687205,-0.2269363434714814,52.91153455244994,26.200452861236464,-4.919425594283378,-1174076.8421363141,299.79033663569857
56840.0,control,0.0,0.0,105.20549833490269,-0.2622817843221049,52.91083869956743,26.44302400686756,-5.369407492355132,-1174185.371735394,300.3803233259849
56850.0,control,0.0,0.0,106.78712303281593,-0.288816636421477,53.07855933434627,26.04141627310359,-3.377725449815903,-1174468.1679934356,300.6324060676098
56860.0,control,0.0,0.0,110.232578505514,-0.3458317723357177,53.2484653137724,26.267951649420198,-3.850374120543315,-1175623.6664285455,300.93038565077546
56870.0,control,0.0,0.0,103.90853083007521,-0.24037257083224478,52.74024078829593,26.368486855510252,-4.633475853476796,-1176069.9657600708,299.5437320623185
56880.0,control,0.0,0.0,101.08808213060396,-0.19231784754098857,52.345329945267814,26.327428549451493,-4.194782973272697,-1172854.2433395814,301.4247753319519
56890.0,control,0.0,0.0,104.06263715314076,-0.2429825019380497,52.234348912563135,26.61153173159153,-4.003517525695889,-1173995.7066188157,300.4757080359293
56900.0,control,0.0,0.0,105.88824780137944,-0.27376194578500335,51.54294826030374,26.321922885871718,-3.2533272168306415,-1175175.7645040173,299.4837423284525
56910.0,control,0.0,0.0,107.36545826755246,-0.2984654579814719,52.09338592975619,26.411517977966575,-4.131512430370126,-1174820.5376397576,299.38799851021196
56920.0,control,0.0,0.0,107.33096881837747,-0.29789088631713045,53.22083696626908,26.42520070508655,-4.296943861772745,-1173687.0626657885,300.6492295549883
56930.0,control,0.0,0.0,106.00523047671096,-0.27572510732580335,52.36325543769234,26.588149511538223,-4.288087641589818,-1174367.1150532607,301.9811532852331
56940.0,control,0.0,0.0,108.20146323668814,-0.3123591790796672,53.00583477895252,26.525455011682766,-4.610918443462896,-1172541.7512379028,301.7956522716593
56950.0,control,0.0,0.0,105.91033738327563,-0.2741327329212424,52.17701597088365,26.55911055848638,-4.317965940105006,-1174809.4311342854,301.1496173236093
56960.0,control,0.0,0.0,110.3824353020652,-0.3482846960826985,52.400523151835024,26.80630534517872,-4.572116529326807,-1174702.2640373614,301.6658568015341
56970.0,control,0.0,0.0,103.70626989425327,-0.2369444615575202,52.23424194461619,26.477674909671997,-4.67226284620397,-1173415.418505622,299.91738625493184
56980.0,control,0.0,0.0,105.10532344603574,-0.2605942111837719,52.81181466588976,26.3542546643648,-4.405521933343177,-1175370.0463280138,300.8813729107846
56990.0,control,0.0,0.0,102.21408452439033,-0.2115650597374048,52.43996517408241,26.515786186549285,-5.452917382571583,-1176555.3793651517,302.38563442703503
57000.0,control,0.0,0.0,107.20874584308373,-0.2958538638772834,52.012703064087006,26.82981890613475,-3.9685041545178517,-1174621.3458884936,300.9999148324484
57010.0,control,0.0,0.0,107.2683574603187,-0.29684754634901755,52.519718251105964,26.217026395527068,-4.497216504899178,-1174448.0980312098,301.89609921422954
57020.0,control,0.0,0.0,108.10807466227148,-0.3108103821973629,52.94028719583957,26.78227262625234,-3.8505828640486053,-1174726.3540158942,302.2144167725488
57030.0,control,0.0,0.0,105.88667006179278,-0.2737354609038858,52.87380205239363,26.48706589087989,-3.1674786638747965,-1175307.0179481432,300.01067339264097
57040.0,control,0.0,0.0,112.13432530528485,-0.3767792692524242,52.91137046102648,26.794385325472824,-5.566039304357737,-1173586.5227212012,300.0981121405873
57050.0,control,0.0,0.0,107.75332611625694,-0.3049195866904663,52.57733367932249,26.789509902568433,-4.95244257501737,-1176981.3707056604,300.38441693837154
57060.0,control,0.0,0.0,109.91829939797684,-0.34067984653191247,52.83867836545352,26.579411507501934,-4.03383603977553,-1173016.3968361598,299.3567552457665
57070.0,control,0.0,0.0,106.06817807626906,-0.2767809963688769,52.92466292625624,26.365046339834056,-3.4171300121639456,-1175900.419886237,301.04172807293816
57080.0,control,0.0,0.0,111.96570720134257,-0.3740515861882319,52.921275715235716,26.59096606688051,-5.1903911455511675,-1173866.108645128,299.2615129646535
57090.0,control,0.0,0.0,104.95073417820714,-0.25798839743329843,52.86092045816232,27.137714753208304,-5.048989639990625,-1173363.8811598346,301.1261836036143
57100.0,control,0.0,0.0,110.92699256816076,-0.3571780720267396,52.3857259645866,26.62032341485263,-4.973306618180986,-1175754.9937867112,298.2469337948267
57110.0,control,0.0,0.0,109.20009514456835,-0.32886821495629304,53.72519828279257,26.9487688479862,-5.434379024332279,-1172530.1879040152,298.9282617339219
57120.0,control,0.0,0.0,114.62227966308657,-0.4166343204017047,53.6417402275475,26.373017860763273,-4.8002614615297015,-1175432.4377973154,297.75660909411334
57130.0,control,0.0,0.0,110.65402020277502,-0.35272403728026686,53.524574891946905,26.776501396892638,-3.2666031503862465,-1174383.3099985588,300.65272675182445
57140.0,control,0.0,0.0,108.47295001872882,-0.31685690680707934,52.74480337598814,26.855321081716866,-4.988463405091855,-1173042.10283391,299.6311440370592
57150.0,control,0.0,0.0,113.7807282245086,-0.40323752141598634,52.98533769098617,26.649663237778142,-4.480812618762941,-1174160.3909268342,298.4541135216292
57160.0,control,0.0,0.0,109.28118334503696,-0.33020441878636253,53.03383142439691,26.788711703327433,-4.759000673093057,-1175592.5426259525,300.88089374600213
57170.0,control,0.0,0.0,110.12724502082327,-0.3441062094175622,52.721754531888514,26.701353960261333,-4.8754742109677345,-1174047.4027328603,300.461121842397
57180.0,control,0.0,0.0,112.58972991898345,-0.3841298340762581,52.42873112188084,26.485075255127285,-4.079712811758437,-1175484.9325061664,298.6444239918854
57190.0,control,0.0,0.0,104.97902933887931,-0.25846549208060654,53.48864014141177,26.6306984146156,-3.532198987817939,-1173594.783840865,297.4661185465823
57200.0,control,0.0,0.0,107.28702351988849,-0.29715863002788756,52.94380827839337,26.8550926430527,-4.273986487021141,-1175392.0663276315,301.96148143636054
57210.0,control,0.0,0.0,109.14345298402257,-0.32793445183379955,53.00832080957528,26.87268176179324,-3.904882663146554,-1173260.283578813,301.21960027433016
57220.0,control,0.0,0.0,112.70966064409976,-0.3860615860290483,52.49102400874495,26.992933588703632,-4.3401961742534185,-1175101.4085923564,299.19494943023614
57230.0,control,0.0,0.0,109.00872518307969,-0.3257121372500362,52.513018308462975,26.857811570674436,-4.294565178382376,-1174828.4127090685,303.2049088026632
57240.0,control,0.0,0.0,110.4008343570748,-0.3485856962458377,52.14161223685844,26.714107914556525,-3.8877955843820518,-1174000.4702303652,298.5461842530688
57250.0,control,0.0,0.0,108.08998312918364,-0.31051024871205085,52.43856804971128,26.80297648487484,-5.506394051560794,-1174966.5034103617,301.64188390746415
57260.0,control,0.0,0.0,113.38367632196812,-0.3968864044582425,51.86642255796988,26.603381700287866,-4.637595282735987,-1175292.3306989335,301.6946578704879
57270.0,control,0.0,0.0,107.89304378705201,-0.30724108358172264,51.83469404430245,26.780841464779243,-4.936470308217454,-1176111.7608844563,301.34266500051865
57280.0,control,0.0,0.0,111.45226376547622,-0.3657259180602126,52.32351397405839,26.8579650210798,-5.971569510122594,-1173562.7384679,300.133520577162
57290.0,control,0.0,0.0,111.16084018506281,-0.36098727246035484,51.68436174033033,26.345761190047188,-4.50231660588169,-1175820.3679366522,300.47565673848965
57300.0,control,0.0,0.0,110.74925114820675,-0.3542788158162841,51.9288578366473,26.359007108813458,-3.7859728959717436,-1173438.0939408261,300.32033939139404
57310.0,control,0.0,0.0,102.98304448835391,-0.2246626996475573,51.925890010545146,26.669466931580605,-3.1410415250023926,-1173997.8817643374,299.02521112177175
57320.0,control,0.0,0.0,111.96427143363633,-0.37402834627332343,51.501991771631374,26.87123475357123,-3.8182193085476177,-1175543.8523990456,300.2217993546225
57330.0,control,0.0,0.0,109.01975061023988,-0.3258940678205486,51.29495978310742,26.49451669831295,-4.19785802358637,-1173836.0692359935,299.4647512385972
57340.0,control,0.0,0.0,109.32997491202424,-0.33100810722287655,52.222069685415256,26.652626817689338,-4.484350739602952,-1173538.3237980865,301.5439209534233
57350.0,control,0.0,0.0,115.77477010671204,-0.43483460658241047,52.70297322020921,26.982582182155223,-4.188896324861138,-1173945.1782100778,301.726197798701
57360.0,control,0.0,0.0,104.70108860863071,-0.2537763224375634,53.1126913760827,26.805407104616446,-4.597914872405022,-1174205.1963974908,300.17150698604627
57370.0,control,0.0,0.0,111.39969572622114,-0.36487183988676064,52.44783008595543,26.619899737557418,-4.1527156722191565,-1175447.1350950599,300.2336653013492
57380.0,control,0.0,0.0,108.29252445645267,-0.3138685790488891,52.39818990611525,27.068646248617323,-4.051947918969535,-1172735.9060024228,298.9752792220835
57390.0,control,0.0,0.0,108.99989189547578,-0.32556637047114884,52.85587824867435,26.955061366766646,-4.105337484332949,-1173585.6549888253,298.77582335570906
57400.0,control,0.0,0.0,105.39336020831789,-0.26544439032551814,53.3848939914855,26.97825018935512,-5.136397205271676,-1173497.4820632879,301.0029031575489
57410.0,control,0.0,0.0,108.39233869705198,-0.31552215520632254,52.52326511060831,26.741458659442,-4.4733710010117935,-1173219.1670707557,300.4929189537379
57420.0,control,0.0,0.0,111.41662658234628,-0.36514695075945386,52.35604806777196,26.991888975673096,-5.3164111738574915,-1173864.7246791348,298.4696407709841
57430.0,control,0.0,0.0,109.44569214850917,-0.3329132259093942,51.95236261131338,27.268817372381413,-4.853740235990149,-1173664.4051948395,299.63484482879136
57440.0,control,0.0,0.0,105.26337432012481,-0.26325641365996544,52.237187253303155,26.08474859174392,-4.944525254734454,-1175746.659692997,300.54177087496794
57450.0,control,0.0,0.0,109.38781485513223,-0.33196052836410495,53.13212092479178,26.35779977783427,-5.2741970887371075,-1175264.4757619034,303.4837406826315
57460.0,control,0.0,0.0,106.6432790812903,-0.2864121667360188,53.034969976712055,26.7319790878272,-4.8363230860787505,-1173988.5178034995,300.5115925359787
57470.0,control,0.0,0.0,106.95103172954566,-0.29155428496403,53.33529276831871,26.65157277487927,-4.7338745765872945,-1175789.1021665242,300.9363103503633
57480.0,control,0.0,0.0,109.78519829637965,-0.3384948432527276,53.11026299817927,26.23740282357116,-3.927337740379679,-1173564.2469600085,300.86580135696704
57490.0,control,0.0,0.0,103.77485077182182,-0.2381071680054816,52.65619884912426,26.199592799270487,-4.856040367874699,-1175639.982812671,300.30131484869787
57500.0,control,0.0,0.0,103.79520729970685,-0.23845222291528834,52.42871462510597,26.385288874326815,-4.888115674305828,-1173990.9982926752,299.5433969787889
57510.0,control,0.0,0.0,109.15550924843696,-0.3281332298731896,52.51499519871206,25.924322230329672,-4.214524995066196,-1174141.8255210072,301.9033192245853
57520.0,control,0.0,0.0,107.38806577860947,-0.29884202566224716,53.183227253257094,26.44202913801388,-5.542143420095286,-1173335.9574944172,298.91855999031617
57530.0,control,0.0,0.0,105.27221119149362,-0.26340520261642986,53.1307358982545,26.644547804087892,-4.558582063502904,-1172982.3782330565,300.9695420378191
57540.0,control,0.0,0.0,103.88335701831811,-0.23994606364380305,53.40955438433573,26.840541774967328,-4.880421944341758,-1174305.1825274304,301.36979019909825
57550.0,control,0.0,0.0,99.73510071343738,-0.16909321254496149,52.543994741532174,26.140907071506696,-5.08625361986171,-1173816.9758764207,300.099273599747
57560.0,control,0.0,0.0,102.99427842940086,-0.22485375238869132,51.52400956763573,26.673304673409532,-4.417303027377936,-1174457.647851644,300.4542736861919
57570.0,control,0.0,0.0,103.67309832252317,-0.23638195546857083,52.501336865294235,26.45642626197349,-4.691167692296194,-1174884.1406842973,300.1388730218046
57580.0,control,0.0,0.0,107.47085388617774,-0.30022060895366787,52.44728808979615,26.342275706673828,-3.497468295206511,-1175035.7642849311,301.7922041133494
57590.0,control,0.0,0.0,107.21209963118368,-0.29590977760719306,52.693857588126946,27.098201286452827,-5.406665383169036,-1173534.8039981686,300.0628000755516
57600.0,control,0.0,0.0,107.20094966497899,-0.295723883532762,52.5106210613228,26.662072121110103,-5.668190025924224,-1174395.7721630745,299.3977576505055
57610.0,control,0.0,0.0,104.00407736090112,-0.24199094450325617,52.68091709267791,26.59917724899755,-6.410170999826574,-1175497.3103650697,298.9781443562244
57620.0,control,0.0,0.0,103.77142514861292,-0.23804909875702596,52.483506098713704,26.611824590456138,-3.8496637059152583,-1172607.1906314418,300.1819634987092
57630.0,control,0.0,0.0,104.85284830560462,-0.2563374247410819,52.29529101957697,26.47804671985436,-6.434775405461449,-1173533.8442041278,302.8678000644549
57640.0,control,0.0,0.0,108.75807754355029,-0.32157296006275726,52.60329626273942,26.84580195740202,-5.625864864848305,-1173220.7936522998,299.4674552384275
57650.0,control,0.0,0.0,108.51090442037179,-0.31748513375539433,51.602807509407214,26.872008201226784,-4.941334153527016,-1173240.309252547,299.7998119546355
57660.0,control,0.0,0.0,107.09660442608593,-0.29398368065150576,52.27805843142608,26.169468116441152,-5.113487972163909,-1174089.0003396403,302.4733659729469
57670.0,control,0.0,0.0,109.84226758147811,-0.339431923715959,52.12913538634848,26.680724192954624,-6.396625741109647,-1174825.2435042895,300.7482946008411
57680.0,control,0.0,0.0,108.48305349415249,-0.3170241546389098,51.25058090002965,26.475842189676868,-4.997932515610074,-1174702.6187103875,300.8283052448914
57690.0,control,0.0,0.0,102.6003509415319,-0.21814921896577893,52.677570886538405,26.696141065882184,-4.8221081136588,-1174930.001243757,300.47602127427217
57700.0,control,0.0,0.0,101.6129935185898,-0.20130006373587456,52.0240934241645,26.37381490231769,-5.633497955570295,-1174489.674057154,300.219179099913
57710.0,control,0.0,0.0,101.93703855117047,-0.20683669418326844,53.0607353273241,26.5364087064544,-4.062689114552603,-1174677.833601782,299.3574822753995
57720.0,control,0.0,0.0,101.684590437958,-0.20252392840676864,52.95872736150843,25.883841059771523,-5.6064872438851125,-1174791.1689304523,300.16847711229553
57730.0,control,0.0,0.0,109.50353396696393,-0.3338650001218806,52.27453639149255,26.699797802839058,-5.244818894882175,-1174699.2021584194,299.05729977322216
57740.0,control,0.0,0.0,104.74971249582282,-0.25459709566781913,52.28711493095749,26.86000298557389,-4.360394665703133,-1173025.0121192914,299.68507692723483
57750.0,control,0.0,0.0,107.87367612024343,-0.30691938639092087,52.491471248003336,26.60660399672249,-4.500757645690761,-1174003.6372761354,300.93887121672117
57760.0,control,0.0,0.0,100.86916550167756,-0.18856696127622574,52.20817019418317,26.41645365239705,-5.831026415363046,-1173214.946779944,300.27224950005234
57770.0,control,0.0,0.0,105.4170967938019,-0.26584378723920565,52.52392615384343,26.367763131966605,-4.958895975611497,-1176060.0503066313,301.34908408664484
57780.0,control,0.0,0.0,110.60543201275861,-0.35193039135887827,52.53106048816734,26.674423993232555,-4.40698819689441,-1175561.8162740897,302.1097717297413
57790.0,control,0.0,0.0,109.33937792100112,-0.3311629648118113,52.58701888071094,26.423851298942584,-4.770107838000252,-1173092.810599178,300.6863388653122
57800.0,control,0.0,0.0,107.36462875904292,-0.2984516401807022,51.99195223851707,26.63314682081436,-5.631713438850275,-1173974.052483676,299.27623810180785
57810.0,control,0.0,0.0,108.34428641867508,-0.3147262146534743,52.523510369783835,26.469108866293155,-5.403823948144527,-1173326.361425968,299.51803009379984
57820.0,control,0.0,0.0,102.89357719142878,-0.22314084470053147,52.99489161620354,26.749018156681334,-6.03215125403975,-1173798.7939792294,299.16773594489734
57830.0,control,0.0,0.0,109.04866432835341,-0.32637111573811806,53.02865385120559,26.49934199002857,-4.068401035515615,-1176788.497613132,300.64673921259646
57840.0,control,0.0,0.0,107.57212352038172,-0.301906093069185,52.961050599417426,26.729113131188054,-5.441793762713031,-1175311.6301660351,300.98422664040925
57850.0,control,0.0,0.0,101.72940307279269,-0.2032897866154656,52.67599090599185,26.67317851673632,-4.59858820364695,-1173960.831274256,298.49791129941207
57860.0,control,0.0,0.0,105.76834476298453,-0.27174859150976693,52.95808102652145,26.794554537744393,-4.2797831195117375,-1174964.824349301,300.46379167568557
57870.0,control,0.0,0.0,108.81539700265654,-0.32252007512404046,52.9451161038635,26.78957909617632,-5.119336746883942,-1173250.8489935584,300.7396818212733
57880.0,control,0.0,0.0,108.80839316687401,-0.3224043649045662,53.08983744683763,26.50719642229536,-3.921327547272877,-1173961.0507171955,299.3344189008986
57890.0,control,0.0,0.0,110.37819264173834,-0.3482152829945085,52.09639150291446,26.947000634433433,-3.8075181187386,-1174179.0197313353,301.5224770258324
57900.0,control,0.0,0.0,106.31117033698747,-0.280853826418178,52.80304187880844,26.014658450161622,-5.7596150946014415,-1173647.107036421,299.59028181960343
57910.0,control,0.0,0.0,105.16441687430422,-0.2615898116662303,52.61010687539836,26.831297166475313,-7.180943465743411,-1175241.4246548656,300.45843221759355
57920.0,control,0.0,0.0,109.95199885156319,-0.34123276950627224,53.06748919018394,26.538035824293985,-4.798128112391346,-1174754.458199812,300.1694937561713
57930.0,control,0.0,0.0,106.83421523650078,-0.28960342645295756,53.35207630844652,26.555196053756987,-4.511123377212706,-1176473.0452861711,300.70941892734743
57940.0,control,0.0,0.0,104.98259417107812,-0.258525595500358,52.985446197920545,26.597723666632962,-4.752964975964989,-1173217.5218396056,301.67847632000974
57950.0,control,0.0,0.0,108.41848747573634,-0.315955191791586,52.84706061503864,26.611474157072298,-4.85355007816851,-1173463.436673984,300.14227625847525
57960.0,control,0.0,0.0,106.76856694344077,-0.28850655810905024,52.64282516748123,26.851474182679095,-4.220869345219349,-1174271.260574866,298.98925086970087
57970.0,control,0.0,0.0,108.53111324069519,-0.31781957635995284,52.729654571050624,26.832757351010063,-4.612608971742986,-1172769.5746206809,299.5664856341758
57980.0,control,0.0,0.0,109.03898503353152,-0.32621142613997384,51.721515185104266,26.74436883964713,-4.233649014384859,-1175280.038161425,300.32102186048576
57990.0,control,0.0,0.0,106.55224825919987,-0.28488957819028704,52.2883560299996,26.575229116756663,-3.806486343707317,-1174071.294662511,302.3766486161012
58000.0,control,0.0,0.0,104.98651236588552,-0.25859165549377006,52.63811436783848,26.446420024466857,-3.389185629442905,-1174656.4655495454,301.4737187197931
58010.0,control,0.0,0.0,100.07106004022089,-0.17486943356584644,53.09326082476049,26.495796868750375,-3.465886229690242,-1173985.8615621217,299.7870315933112
58020.0,control,0.0,0.0,101.6193373742352,-0.20140851716610647,52.94195904856271,26.586004689602863,-5.214472051884545,-1173498.1603921372,303.04353369554104
58030.0,control,0.0,0.0,100.94361707210366,-0.18984291550600657,53.51727616457479,26.563875030946274,-5.10162007812248,-1175973.8838000726,298.27958841825796
58040.0,control,0.0,0.0,109.00917315994508,-0.3257195295512821,53.220646632585826,26.202379422251738,-4.21869932541116,-1173657.9189092293,300.999045531216
58050.0,control,0.0,0.0,105.7713433359927,-0.27179895665434717,53.52703993965796,26.610357828024476,-5.232347603601802,-1174018.1064414345,302.1439116439907
58060.0,control,0.0,0.0,104.61305489314772,-0.25228984507334684,52.82279683769058,26.610955276294952,-5.014806425879906,-1173992.0738674942,300.0914505356837
58070.0,control,0.0,0.0,105.09782542908648,-0.2604678654645945,53.1338840538253,26.277728952770776,-4.053957728628873,-1175359.8963932618,300.54168288656416
58080.0,control,0.0,0.0,106.00095674441978,-0.2756534072534142,52.70200954674431,26.592667636415076,-6.0100314540808455,-1175045.977294365,298.62707310788693
58090.0,control,0.0,0.0,104.49563949457738,-0.2503063222821931,53.42266210724955,26.667205283980824,-5.133367160025557,-1174999.5841873027,299.17272603700883
58100.0,control,0.0,0.0,107.67806790055751,-0.303668371898861,53.334761611793986,26.590878262267886,-4.3117016812447755,-1174023.1551732644,299.4406029778167
58110.0,control,0.0,0.0,109.99478720406194,-0.34193464825054787,53.4007163576262,26.824510316056486,-5.02505398613663,-1174562.089998534,300.4558417595707
58120.0,control,0.0,0.0,101.41108144327436,-0.19784692864594905,52.87928016524136,26.670288680189042,-6.079526718264157,-1174450.927323738,299.87847713291046
58130.0,control,0.0,0.0,107.96131262839101,-0.308374749683593,53.130149528227804,26.12186360309654,-6.4971364900608695,-1173690.3745734692,301.1524844494928
58140.0,control,0.0,0.0,104.20416088208887,-0.24537778741206134,52.7261026015121,26.272770887227917,-5.433951847022243,-1173373.6159803476,299.26660903015835
58150.0,control,0.0,0.0,105.72955257936778,-0.27109695655400595,53.169740198958934,26.50375816135094,-5.420602528138414,-1174508.95529362,301.1670312652653
58160.0,control,0.0,0.0,104.71724704044985,-0.25404909774189466,52.63430853113772,26.09351461105114,-3.8047573888812622,-1172767.6378521677,299.7519857109866
58170.0,control,0.0,0.0,110.12762802205562,-0.34411248581679105,51.299173747817974,26.379464990216572,-5.7554626903992965,-1174995.4897117298,301.4883701213074
58180.0,control,0.0,0.0,103.303476773681,-0.23010879037581067,53.27970952231206,25.85126913824488,-4.307195126681386,-1174789.6473315582,301.89584587959814
58190.0,control,0.0,0.0,105.53303369299633,-0.2677939095960901,52.48770873666754,26.499630236518843,-4.763863952952002,-1176209.1559969615,301.4348458853636
58200.0,control,0.0,0.0,102.32452619227116,-0.21344860361684093,52.57111934735519,26.144451825225644,-3.93881158186936,-1176000.3218985982,301.65474571098923
58210.0,control,0.0,0.0,103.9036819302825,-0.2402904219756714,52.01112285578092,26.350848665789783,-5.384833454638138,-1173691.6212051325,301.0298213139903
58220.0,control,0.0,0.0,103.28109197456496,-0.22972856853602724,53.52956877788436,26.332275418199067,-3.991688855081364,-1174427.0243918896,303.0301557441106
58230.0,control,0.0,0.0,105.15485094270355,-0.2614286646052348,54.44044067010609,26.322945480576223,-5.231325323376977,-1174015.4835491646,300.38269987070544
58240.0,control,0.0,0.0,105.13955368331096,-0.2611709528269618,53.96680116908325,26.284211014837876,-4.699408315011722,-1174956.1476355102,300.5785898288473
58250.0,control,0.0,0.0,108.0476685292961,-0.3098081404754946,53.28235748634607,26.746056041304847,-5.00106610269258,-1174867.938580051,300.30047415843785
58260.0,control,0.0,0.0,104.8279588162787,-0.25591751159913906,53.87678096665175,26.715021985593744,-5.179703237405191,-1174575.7197944988,301.9172942933992
58270.0,control,0.0,0.0,107.22005232312398,-0.2960423593516187,53.02084653521567,26.6271220876973,-5.912365591216422,-1174357.2986986898,301.5439905645106
58280.0,control,0.0,0.0,107.26168412447244,-0.29673632262779065,53.168350185561195,26.704511005584198,-3.747095511596685,-1175333.6153417658,301.25700407045747
58290.0,control,0.0,0.0,103.70557783380931,-0.23693272677057758,52.71335616119556,26.41766771795541,-4.873357780989361,-1176043.8665906638,299.57934804958876
58300.0,control,0.0,0.0,101.74368131584251,-0.20353377896301278,52.87503173876651,26.389055765277238,-4.128182635281311,-1174500.351556588,300.83915549959767
58310.0,control,0.0,0.0,102.0761914111077,-0.2092122384667398,52.98198848735755,26.446164135209045,-4.333749107459949,-1174051.557081718,300.19893161234677
58320.0,control,0.0,0.0,105.37803083735254,-0.26518643080324067,53.57441506739927,26.629323897817073,-4.280032091742523,-1175567.4852983095,297.8034142583433
58330.0,control,0.0,0.0,108.39741075042392,-0.31560615603513825,53.91387618788102,26.461254396367806,-4.7546276307157385,-1174633.9624541793,298.562060322996
58340.0,control,0.0,0.0,107.67543633718978,-0.3036246110231794,54.4259280622811,26.058634956371954,-5.760826228876168,-1175382.9973794725,302.1429665255239
58350.0,control,0.0,0.0,105.30270201045585,-0.26391853721485675,54.37534854436958,26.760346160872388,-3.849266697863575,-1175872.8949569426,301.5680068006936
58360.0,control,0.0,0.0,101.31305830944734,-0.19616963152339018,53.49286989357791,26.612618407417123,-4.948242503203773,-1174857.3718169555,299.44249560804093
58370.0,control,0.0,0.0,107.23650983753302,-0.29631670945943195,54.12361527253938,26.190528500428332,-5.484719627358935,-1172893.2377151307,300.63465641664106
58380.0,control,0.0,0.0,106.35902064371909,-0.28165525964360155,53.50748752098863,26.202212395146773,-3.2122150111133023,-1173547.0781710874,300.7234157110985
58390.0,control,0.0,0.0,110.26669998108471,-0.3463904966764675,53.186567331680216,26.24808518321551,-4.488426193531692,-1175605.5682083946,299.37932075610973
58400.0,control,0.0,0.0,101.45353562331736,-0.19857319277754898,53.28968829523937,26.305399178600414,-4.433507839984145,-1174370.3634030465,300.3104602348183
58410.0,control,0.0,0.0,103.76707191935292,-0.23797530402191786,53.96845511428284,26.44355250527047,-4.152620497746475,-1175104.2072777785,298.87034067286737
58420.0,control,0.0,0.0,111.52340746617165,-0.366881306460255,53.85108052069675,26.533901509226713,-3.3601609387339093,-1175892.6644304972,300.90331862366986
58430.0,control,0.0,0.0,105.47537837336266,-0.2668242519930338,53.4555412549923,26.597876475856648,-5.469597258277572,-1171815.2728458438,299.157830632742
58440.0,control,0.0,0.0,106.89213341194268,-0.2905708223987945,53.931589848131,26.82193788116608,-4.515862410582894,-1175103.8955715038,299.2765802323136
58450.0,control,0.0,0.0,109.52570897533029,-0.3342297947601147,54.245671145662826,26.904547845470486,-4.144387937580526,-1174944.3065154105,298.5900580578354
58460.0,control,0.0,0.0,106.67718374299247,-0.286979074143288,53.46493409367165,26.618855787326503,-3.652276593453884,-1173391.8528256025,299.6236388040145
58470.0,control,0.0,0.0,107.95021154492662,-0.3081904358770041,53.8372700274269,26.576725791046158,-3.884263353119935,-1175091.4736759234,299.7326283243525
58480.0,control,0.0,0.0,109.39248301442163,-0.3320373818458211,53.87955753636834,26.914323517195193,-4.028715421506412,-1172824.47654129,302.2849938065678
58490.0,control,0.0,0.0,109.34704698821565,-0.331289259614584,54.42990975348755,26.66823510262875,-2.9290455024855615,-1174039.8903930187,300.36912055213054
58500.0,control,0.0,0.0,108.21084965090093,-0.31251480164328654,54.02273231163945,26.466628530341097,-5.69911639569521,-1173010.2207724806,299.4681135113438
58510.0,control,0.0,0.0,105.36961474541856,-0.265044798454958,53.8200226070751,26.65232045687453,-5.638073298422691,-1174564.8926304448,299.52576935548024
58520.0,control,0.0,0.0,107.57195508162954,-0.30190329043549236,53.634706393674165,26.637815905203347,-3.4005199571824094,-1173716.6684992574,300.23580613478737
58530.0,control,0.0,0.0,104.39598421884284,-0.2486219999131991,54.30029164278405,26.8366085358762,-3.5169433578655687,-1175723.2292135395,299.57828603862225
58540.0,control,0.0,0.0,102.31976345438001,-0.213367393106689,53.62554111747108,26.62743377641757,-3.359144444267824,-1174378.4055569954,300.4700927300984
58550.0,control,0.0,0.0,101.75921754215581,-0.20379925387360992,53.622796314018366,26.237193001322215,-6.182535804159155,-1175416.4195566848,301.11361296391465
58560.0,control,0.0,0.0,98.98085763157258,-0.15610447225284363,54.531368016747614,26.67241509456469,-4.088712288140428,-1174300.7385254074,302.6883454975632
58570.0,control,0.0,0.0,104.7105889196424,-0.25393670246608807,53.46171055827576,26.421209190601285,-4.479368558619326,-1176000.1250821035,299.4882517443845
58580.0,control,0.0,0.0,99.29212929464444,-0.16146825548270588,53.56145432670009,26.25766649258798,-4.9012544825716,-1174705.3856108524,299.1751829863481
58590.0,control,0.0,0.0,109.41651052856032,-0.3324329200395495,53.44231802163362,26.331577690121737,-5.352903373711266,-1174856.9766876455,299.3881571680266
58600.0,control,0.0,0.0,99.51943398443731,-0.16538213162941096,54.41593743576547,26.72891974877113,-4.888563811413707,-1174517.2804429326,301.51458922378697
58610.0,control,0.0,0.0,104.19405955720607,-0.24520687218957854,53.29945466532197,26.413285679320005,-4.085538000838179,-1172856.9564397056,299.56173650845153
58620.0,control,0.0,0.0,100.10598010465795,-0.17546948021041164,53.28159757072856,26.639876105783536,-3.0793227605605606,-1172651.7714122217,301.1590941688132
58630.0,control,0.0,0.0,104.12971573607994,-0.24411799093266345,53.31366030710921,26.297361763013868,-5.628474866646885,-1174063.989708783,299.0780417321994
58640.0,control,0.0,0.0,104.85897008239672,-0.25644069845992584,53.37867251256085,26.61806893398378,-4.708271702158685,-1174360.2886170074,302.64807165035825
58650.0,control,0.0,0.0,103.2496478656104,-0.22919440862211293,53.03541090465669,26.639359783029864,-3.7190195751900865,-1175408.72864848,301.0963069874727
58660.0,control,0.0,0.0,107.60322658174935,-0.3024235687030975,52.746740362197194,26.072853740997466,-5.903183670887207,-1174297.3834118452,300.95600199688107
58670.0,control,0.0,0.0,103.75712905945171,-0.2378067502669588,52.88204258594124,26.468563829810858,-5.729430107968609,-1174030.9954832569,299.08621315324666
58680.0,control,0.0,0.0,101.44129671152182,-0.19836383274381353,52.69899909307079,26.680964333113234,-4.800512705934045,-1175683.4446295593,299.5731421434747
58690.0,control,0.0,0.0,105.86837909475261,-0.2734284026358464,53.25525702074621,26.42229391085317,-4.261341799253675,-1175229.729565937,301.9861298293449
58700.0,control,0.0,0.0,102.42852367587722,-0.21522151930845074,53.49031065678332,26.523798528275087,-4.309082132803566,-1173785.234665366,300.1792553382361
58710.0,control,0.0,0.0,106.87671019984052,-0.29031324047175555,54.0263367539719,26.624381991841908,-5.3074753758907445,-1175037.5589829348,300.3788223656339
58720.0,control,0.0,0.0,105.20649111813348,-0.2622985050118619,53.27461436798326,26.97117502641033,-4.772917629348245,-1173833.9709260352,300.99926368609044
58730.0,control,0.0,0.0,107.51504693539282,-0.30095625290874267,53.0769193649547,26.11727384121955,-4.855950414435444,-1175825.40722657,304.1144005858413
58740.0,control,0.0,0.0,102.14428858331988,-0.21037430865573425,53.60561457799242,26.382218232908134,-4.553434966428004,-1174198.864756083,302.8754145385178
58750.0,control,0.0,0.0,105.2302335965083,-0.2626983579694176,52.90700021282479,26.2666595659143,-4.962299609648976,-1173988.363796575,300.2025361400571
58760.0,control,0.0,0.0,101.14242533764242,-0.19324852344109272,53.71208318992335,26.3676327605541,-5.185469303067887,-1175769.9887509495,299.21201573384457
58770.0,control,0.0,0.0,98.03443476310545,-0.13976822689221996,52.80882643363626,26.425415064372668,-3.9313707438574435,-1176234.0805350188,302.800779678826
58780.0,control,0.0,0.0,98.49307086177602,-0.14768980215325223,53.661575406508526,26.178190556279336,-5.573347301155341,-1172947.6604185887,301.202189160466
58790.0,control,0.0,0.0,105.24726428247652,-0.2629851481894185,53.088381418416034,26.24355359342782,-4.516297525879027,-1175039.7012880873,299.0032763562814
58800.0,control,0.0,0.0,107.00958492618942,-0.2925316794387492,53.659652815027165,26.767087358059293,-4.310190586444288,-1174823.568577135,299.79435731672595
58810.0,control,0.0,0.0,107.8455204345499,-0.3064516575558701,53.007159772487896,26.70711292327182,-4.788263512362857,-1173799.1344718784,301.7808352744373
58820.0,control,0.0,0.0,106.49540445778403,-0.283938439407489,52.91825082814459,27.028990339098613,-4.997683094895141,-1173958.4176039826,300.8379203978774
58830.0,control,0.0,0.0,104.28661039258726,-0.24677255404377724,52.615471292577496,26.78069277574015,-5.8558851983642,-1173886.044607222,299.0080822978134
58840.0,control,0.0,0.0,105.98093636440552,-0.2753175064900165,53.726855261928385,26.543118935669202,-4.331071754029594,-1173582.050181415,301.10911397505356
58850.0,control,0.0,0.0,103.21825764959094,-0.2286610953671312,52.989340674762815,26.404220531454104,-5.100240286097284,-1175193.8228309844,301.7564747446637
58860.0,control,0.0,0.0,99.38904583626308,-0.16313734025151905,52.80283427749515,26.31154296582177,-5.160894141117678,-1175963.4726597033,298.59399922352634
58870.0,control,0.0,0.0,101.56080831709504,-0.20040782126863488,53.19938125979629,26.431817853401622,-6.137340558795705,-1174053.1775161866,299.32331965382383
58880.0,control,0.0,0.0,109.28014689731789,-0.33018734395300164,52.76119256507038,26.64909234174348,-3.999720675905437,-1175865.6615099125,299.5926252287241
58890.0,control,0.0,0.0,100.4343180540852,-0.18110823578904206,53.1385253012082,26.351032845593927,-4.765689733128353,-1174779.2304087635,297.4481005980545
58900.0,control,0.0,0.0,104.7311165244284,-0.2542832165213053,52.59509974957024,26.110944274076953,-5.473137281187503,-1174464.488254469,300.51035989846685
58910.0,control,0.0,0.0,105.30793462289154,-0.2640066244526674,52.54009125571633,26.089370882923053,-5.742798525654187,-1174532.6826620288,302.3439651727958
58920.0,control,0.0,0.0,104.23629474234112,-0.24592144414204642,53.2033144566996,25.840618414006915,-4.926382862217469,-1175013.1791873109,300.57156752203997
58930.0,control,0.0,0.0,100.5002400562694,-0.1822396451047148,53.10392758692866,25.935918626763463,-3.728451460119109,-1173056.3405601066,299.40151691356465
58940.0,control,0.0,0.0,101.27121555741684,-0.19545347511123212,52.41843162383863,26.649434728667867,-5.387784464978271,-1176161.659987446,299.97710806071
58950.0,control,0.0,0.0,104.96738476256552,-0.2582691564134654,53.402949846363555,26.243277332952843,-4.146485227146492,-1174590.6418053675,300.47994995007525
58960.0,control,0.0,0.0,104.33516592949744,-0.24759371047348527,52.289907686340456,26.199261334821582,-3.875704939691029,-1173739.7574202176,299.7420728530066
58970.0,control,0.0,0.0,102.61427893533845,-0.2183864471645835,53.658753570813275,26.397708166833674,-5.194394145792731,-1175908.7727242038,300.9131242577861
58980.0,control,0.0,0.0,101.86544964702894,-0.20561408998059955,52.65333538647818,26.601766353889982,-4.572013676640319,-1173898.0177961905,299.7730637715588
58990.0,control,0.0,0.0,104.04739706834555,-0.24272447521898932,52.79020866036519,25.973119411541354,-4.499111253314505,-1174098.644732019,301.41143257210996
59000.0,control,0.0,0.0,106.06202145846501,-0.27667773939312773,51.93552954237994,26.061521148913382,-2.1351714105833546,-1174108.76303152,298.7362256730845
59010.0,control,0.0,0.0,106.83284068340718,-0.28958046396288384,51.88395163792651,26.68000080855657,-4.361782532540192,-1175842.346345745,299.74759259981505
59020.0,control,0.0,0.0,109.52900117165768,-0.3342839494613021,53.3499125443222,26.369511386421063,-4.30783389790477,-1172759.6534530614,299.7909847630651
59030.0,control,0.0,0.0,106.57686228172759,-0.28530134532377277,52.84556498908772,26.917341837111813,-5.686581279043276,-1172998.5590280797,299.8834173895196
59040.0,control,0.0,0.0,104.95271355785162,-0.2580217744971845,53.152176645961816,26.376704325346232,-4.4992809820639685,-1174071.3851201385,301.9484153540476
59050.0,control,0.0,0.0,104.84586981549944,-0.25621969479120554,53.37539061067267,26.565081427046113,-4.634526044039379,-1173484.7768649794,299.8561488821373
59060.0,control,0.0,0.0,111.9554492757034,-0.3738855421135905,52.88119544658747,26.78951011043545,-4.41469428615511,-1173118.813038865,300.41980261672296
59070.0,control,0.0,0.0,110.38947904695593,-0.3483999327867778,52.25706632885822,26.457859287442417,-5.478142471827769,-1174198.1769616343,298.7035302110301
59080.0,control,0.0,0.0,107.13333670626388,-0.2945963895320479,51.58890066003729,26.346481001205696,-4.255021292524084,-1173889.0162191559,299.23249069932876
59090.0,control,0.0,0.0,99.63486529755107,-0.16736870842884788,51.010065895241475,26.308215062690287,-4.896531236339749,-1174060.2676479574,299.1388838739552
59100.0,control,0.0,0.0,103.79382179126198,-0.2384287387007087,51.89913062998419,26.528658751549155,-5.3496810267873425,-1173191.0654463284,301.0019197368105
59110.0,control,0.0,0.0,105.45139709077726,-0.2664208508225328,52.203565582555896,26.112276423743406,-4.22548144185202,-1172720.669007957,300.11155959480834
59120.0,control,0.0,0.0,103.91435267607078,-0.24047120082741535,52.50194987053955,26.396965306714392,-4.975707932445275,-1173668.5388199314,299.30963217871397
59130.0,control,0.0,0.0,101.53579250608244,-0.19998005157637144,52.38736259875536,26.260029361646573,-4.485981660230384,-1176504.8611965887,300.73424781590734
59140.0,control,0.0,0.0,103.83690732849614,-0.2391589684671508,52.42562206668335,26.07512218068318,-4.887054694100936,-1175486.0220334474,300.38782295619455
59150.0,control,0.0,0.0,104.95006671182834,-0.257977142288061,53.55034989133072,26.26731555321233,-4.204874619592018,-1173523.82145074,299.5564911962618
59160.0,control,0.0,0.0,101.14842540526836,-0.19335126931028596,53.54344870469627,26.311562621205304,-5.263917947963974,-1172603.4818337653,298.38776738349367
59170.0,control,0.0,0.0,101.62892994887879,-0.20157250542980654,52.86364362690395,25.99215689072891,-4.575227219810481,-1173577.7737880163,302.52170522471323
59180.0,control,0.0,0.0,108.32495740485977,-0.3144059853538512,52.86288790515635,26.0910175964591,-5.3180448485104,-1175137.1943167169,299.64329597259825
59190.0,control,0.0,0.0,102.78167450769111,-0.22123659434992898,53.436016519352506,26.5237298441608,-3.944207244086706,-1172819.9598233718,299.93402716186205
59200.0,control,0.0,0.0,104.45769500667078,-0.24966509299858047,52.574841063448964,26.541731849659627,-5.749417617994753,-1173332.1687131822,300.0023169732176
59210.0,control,0.0,0.0,106.01536500216575,-0.27589512733378657,52.564956667541985,26.5974859067012,-4.207681798927952,-1174430.5864037126,302.52051177884323
59220.0,control,0.0,0.0,109.14911486726453,-0.32802780412098087,52.772230565509005,26.42850857821253,-5.006250395395525,-1173919.5001776963,297.7708463183485
59230.0,control,0.0,0.0,103.82480828942028,-0.23895392307555874,52.14216263008033,26.33002574868434,-4.915823865071433,-1175387.4832305294,300.4009194702656
59240.0,control,0.0,0.0,98.25972178196969,-0.14366054110658583,52.497445965030245,26.325714109640057,-4.251267942877483,-1174137.7188738082,300.1559449752079
59250.0,control,0.0,0.0,105.24393972180707,-0.26292916568718266,52.44889501080628,26.12720169233585,-5.236707506442679,-1172965.0184144508,300.3637741018371
59260.0,control,0.0,0.0,104.62249105661742,-0.2524492062641251,51.7862040724838,26.316935255102905,-4.717213715230616,-1174413.6727705821,301.37052104649865
59270.0,control,0.0,0.0,105.49028240788846,-0.2670749366775075,52.110470688712475,27.013090014344897,-4.417992693238497,-1173571.0915107578,302.61281444946303
59280.0,control,0.0,0.0,103.84947677894479,-0.23937197474128946,51.773952140953824,26.134851469254052,-4.093390521049114,-1173712.9635584932,299.8036210394078
59290.0,control,0.0,0.0,97.97838661749921,-0.13879953750445811,52.92458645152942,26.302513264665606,-3.522332530233274,-1172648.546102669,299.9958027548025
59300.0,control,0.0,0.0,107.23233777914135,-0.296247162711029,52.021771981712554,26.596284875109482,-5.40950027907283,-1173912.1110519636,301.764848338874
59310.0,control,0.0,0.0,102.22199070251621,-0.2116999230354476,53.19947856459622,26.607430456314788,-3.3762763817947836,-1174724.411930468,300.3459998831405
59320.0,control,0.0,0.0,106.7739168771105,-0.2885959603535714,53.08781541299739,26.974398232879913,-3.998042128989427,-1173234.2114557698,300.2893546008419
59330.0,control,0.0,0.0,103.6475063109531,-0.23594792542541448,51.940011355472194,26.435153353653277,-5.084767951370169,-1175439.741491804,300.13785684621524
59340.0,control,0.0,0.0,103.67664592909959,-0.23644211770442874,51.4763900144238,26.589792909570484,-5.479915638364799,-1175037.036024576,301.643236074463
59350.0,control,0.0,0.0,99.32540482554512,-0.16204137490778453,52.127025828946486,25.949587600091448,-5.235751022322569,-1173888.9649512544,299.9736958010917
59360.0,control,0.0,0.0,100.22828881821717,-0.17757064858485494,52.58804484287888,26.326977849332458,-4.5070489995512695,-1173078.8063342273,301.90617557717655
59370.0,control,0.0,0.0,106.86768429798006,-0.29016248979207393,52.71793111170025,26.13222129629318,-4.8958059227851445,-1173596.2950248849,300.67521906842194
59380.0,control,0.0,0.0,103.43502460067083,-0.2323425127994564,52.0737999272057,26.423739147567105,-5.383264586825935,-1174076.0161421858,302.29614562435967
59390.0,control,0.0,0.0,106.88323167696318,-0.2904221577478758,52.512096669771694,26.05199233800442,-4.534632644050126,-1172920.4930204619,298.2994524415113
59400.0,control,0.0,0.0,98.93930281617936,-0.15538805430159042,52.47558012190363,26.263354488500585,-4.644841324597715,-1176542.601591343,302.65381512611026
59410.0,control,0.0,0.0,100.58037421986732,-0.18361465057755488,52.94923881044761,26.210672296431035,-3.677334442820304,-1172213.3308189064,301.34552890008246
59420.0,control,0.0,0.0,100.6032825470707,-0.1840076639097838,52.61252608377725,26.050456406039977,-4.807481663537147,-1177384.665341884,301.08326918074863
59430.0,control,0.0,0.0,99.23789734207321,-0.1605340775637285,51.854569885762025,26.184094577459703,-5.164001455504316,-1174872.654828012,301.2361591803785
59440.0,control,0.0,0.0,100.16292795960922,-0.17644790003337402,52.591035089089516,26.191769284707224,-5.114547847438982,-1173986.5798265357,300.5435547009629
59450.0,control,0.0,0.0,98.30450939812887,-0.14443408003776248,51.82654710028226,26.1445415002825,-4.447530968013284,-1173556.5845256802,301.372946457835
59460.0,control,0.0,0.0,103.16614072239058,-0.2277754880967719,52.544734037708984,26.66885394695109,-3.5343684884962663,-1174214.1137103904,298.96150286285433
59470.0,control,0.0,0.0,103.92243248224032,-0.24060807962706837,53.02650839937061,26.39251780186101,-4.996233150082971,-1173429.1171670556,299.1198785091154
59480.0,control,0.0,0.0,109.38246636707362,-0.3318724716915817,53.04874056225449,26.569003004470186,-3.649246923837207,-1175875.7053876705,300.5938574305609
59490.0,control,0.0,0.0,96.50388539716484,-0.11327059056926186,53.29877900445913,26.770357091751812,-4.6631475044224215,-1174780.001134228,301.33833708286767
59500.0,control,0.0,0.0,105.26289009859758,-0.26324826050120037,53.02583469019717,26.71736239596895,-5.150385597877979,-1174131.6654365696,299.8238677457627
59510.0,control,0.0,0.0,104.42107651063914,-0.24904616801060003,53.09123477065593,26.620467123529213,-2.6223197117812926,-1175296.1050836444,299.73638338444897
59520.0,control,0.0,0.0,102.49164230962747,-0.21629720010389303,52.722636866397224,26.271402139641,-4.945400907415733,-1174460.976800397,300.54361898846923
59530.0,control,0.0,0.0,102.3333796457619,-0.2135995619150592,52.830794726264415,26.613500382680076,-4.1571034103547095,-1175173.8657561988,299.1497974428804
59540.0,control,0.0,0.0,100.48800167086057,-0.18202961774531007,52.98979760096164,26.406886182331302,-3.9928438683750693,-1174669.6570221446,301.40764040881123
59550.0,control,0.0,0.0,109.52868733098572,-0.3342787870136681,53.42222303768778,26.67431510349084,-4.366891125224059,-1174862.897082772,298.9692138617858
59560.0,control,0.0,0.0,104.8972981257076,-0.2570872218562945,52.59689770968015,26.060151226630197,-3.124709998425556,-1173496.635383593,298.89611879757945
59570.0,control,0.0,0.0,104.97657888618662,-0.2584241766281056,53.31997593280123,26.50428960487905,-3.746918463725472,-1173208.3871145938,301.94155148330196
59580.0,control,0.0,0.0,106.1026635293421,-0.2773593170860034,53.323662795677656,26.3323397926173,-3.3177144156293688,-1174466.5385976974,296.9541635038825
59590.0,control,0.0,0.0,102.7672436714927,-0.22099096291809645,53.26107833138141,26.370905791904665,-3.596450910957642,-1174111.8714406285,298.86794281031695
59600.0,control,0.0,0.0,102.93252933556622,-0.22380349482907408,53.189470884083086,26.464260811236727,-2.6989096484605914,-1174540.2602183372,299.74638781634366
59610.0,control,0.0,0.0,108.96924652644493,-0.3250606010837131,52.82240509688329,26.14855648593961,-4.572190721812948,-1174503.9932911228,300.69108898883763
59620.0,control,0.0,0.0,100.89319826783729,-0.18897887076515912,52.83074718510404,26.4955255726403,-4.870421652587172,-1175569.7546534818,300.79899511707777
59630.0,control,0.0,0.0,105.56246814443836,-0.26828883903489076,53.20060702488181,26.248051034321257,-4.173593404691535,-1172949.3422047906,298.6750272900638
59640.0,control,0.0,0.0,105.85385315706297,-0.27318452966816703,52.7713787796759,26.144875929273404,-4.54003096665496,-1172792.6987953149,300.86216917369495
59650.0,control,0.0,0.0,103.8370380085914,-0.239161183076674,52.770315924492614,26.762123846641682,-3.891120556393231,-1174420.8917889502,301.01520559139897
59660.0,control,0.0,0.0,102.6827735580741,-0.21955289202897993,53.344081462803835,26.735667866189303,-4.545507257710179,-1173513.1212830283,298.5722804318802
59670.0,control,0.0,0.0,108.2689553330335,-0.313477981124719,53.756497229677365,26.489321509481474,-5.3826004015291105,-1174496.9023067076,301.0451141778029
59680.0,control,0.0,0.0,104.2038920095611,-0.24537323816623097,53.051034985601916,26.704179042365336,-3.638507539519612,-1174838.178879993,301.2677702699302
59690.0,control,0.0,0.0,105.30202205660262,-0.2639070905229425,53.26138696339037,26.59009473133057,-4.827147459195794,-1175585.9942367394,300.0005344269567
59700.0,control,0.0,0.0,106.85439236009185,-0.2899404746380394,52.83059920397292,26.765310020286172,-3.8784885502541218,-1173832.9927750044,300.00995133097933
59710.0,control,0.0,0.0,107.61498472616972,-0.3026191710396654,53.242048885049,26.22925437830991,-5.196296287744984,-1175630.676967509,300.826251754365
59720.0,control,0.0,0.0,105.49534243277469,-0.26716004178837804,53.326474838563456,26.17933123663547,-2.53092961766618,-1174097.697954407,299.7641081234077
59730.0,control,0.0,0.0,105.1693338950162,-0.2616726406400294,53.32007663360758,26.58513053887344,-5.192677189113857,-1174871.5797041133,300.340553856273
59740.0,control,0.0,0.0,106.35266075647897,-0.2815487507366159,52.36395197816434,26.526219676875495,-4.935647885605622,-1174330.650073342,302.2144174224361
59750.0,control,0.0,0.0,103.08294743002963,-0.2263614192743597,52.96390685967188,26.675592396995704,-6.6031845345760445,-1172672.154477749,299.233637317563
59760.0,control,0.0,0.0,99.77113186957232,-0.1697129857993,52.37883446155016,26.78818400542139,-2.806252083963589,-1174309.5070152003,300.31696586040687
59770.0,control,0.0,0.0,107.28695368603445,-0.29715746625385153,52.868701729065464,26.532931711436802,-4.46224521183024,-1174047.3793243077,300.2323457693
59780.0,control,0.0,0.0,107.36940694235226,-0.2985312334250671,52.777902735793326,27.146667129266046,-3.6307731701018,-1175058.7133111022,299.77119001768085
59790.0,control,0.0,0.0,109.71492259287811,-0.3373404514641085,53.02447855508566,26.661716492666518,-4.401670419496851,-1173567.0432696305,301.5441501370639
59800.0,control,0.0,0.0,106.63282731679716,-0.28623738638411117,53.190152577161335,26.644079035278533,-3.8697739968748053,-1172487.985499883,300.8483744104844
59810.0,control,0.0,0.0,107.89300674332272,-0.3072404683184077,52.61934549678744,26.957104899742706,-4.4704239452099035,-1173532.2234286703,299.51511452286513
59820.0,control,0.0,0.0,110.64506530906826,-0.35257778591217953,52.5557828581489,26.528743428302697,-5.535831843935318,-1174312.0982247218,300.2927144775918
59830.0,control,0.0,0.0,106.80050753853583,-0.2890402770784446,52.61036632425239,26.687475150388345,-4.978169042640701,-1174450.6338932626,299.54896847780975
59840.0,control,0.0,0.0,113.07738950948556,-0.3919740992009795,51.44865435293812,26.97599783497309,-5.599338697452989,-1173150.9396848325,300.0389507562516
59850.0,control,0.0,0.0,106.78763822945058,-0.28882524509340024,52.61243978137627,26.392373925001824,-3.838543916919498,-1174087.9330328424,299.8459704979786
59860.0,control,0.0,0.0,101.44513695511583,-0.19842952530484015,51.08421140542817,26.74794168770101,-3.619198505473303,-1172942.6110602114,302.4474320801327
59870.0,control,0.0,0.0,111.79194224741158,-0.3712372549118327,52.18613762291299,27.28788618410419,-4.91848475341974,-1175218.187801456,300.40645837213947
59880.0,control,0.0,0.0,109.76649862195399,-0.33818772058827895,52.81389539344113,26.75836302262477,-4.850823488023427,-1176114.768686749,299.7183666807234
59890.0,control,0.0,0.0,108.24152867119685,-0.31302338759563536,51.50421499733582,26.559676188183126,-4.916095025708325,-1173505.0620295294,302.3011615305546
59900.0,control,0.0,0.0,105.67833508736963,-0.2702364097302744,51.98661694167765,26.46273131829002,-4.25308078498908,-1174481.3694062643,300.5162117818339
59910.0,control,0.0,0.0,107.09029701643054,-0.29387845841532295,51.91801249430088,26.606842757167264,-2.681885285928733,-1174166.1790329218,301.90513780507166
59920.0,control,0.0,0.0,106.53033051641663,-0.28452287277186655,52.79174879965138,26.51915387818287,-4.798123932762945,-1172972.9528992604,300.7534807637658
59930.0,control,0.0,0.0,102.48676218471859,-0.21621404135337619,51.99421690358092,26.735745870816054,-5.096641459183344,-1174383.659299653,299.6099343502812
59940.0,control,0.0,0.0,101.62647120713204,-0.20153047295771204,52.988810235785756,26.370202579719628,-5.684663060792135,-1174264.2663997114,300.3766840307346
59950.0,control,0.0,0.0,107.7631766596558,-0.3050833192313807,52.26650250752765,26.44866609063062,-4.157006864965968,-1174467.3084916659,301.8724894153513
59960.0,control,0.0,0.0,105.92021255641154,-0.27429848056305806,52.68358922948089,26.802278109320813,-4.936904827042549,-1172636.146361528,300.56574850902115
59970.0,control,0.0,0.0,105.07612622119181,-0.2601021967225501,52.18886337821321,26.34504164678225,-3.559266756276174,-1172642.3822648767,300.6436072427128
59980.0,control,0.0,0.0,99.76452452976365,-0.16959933772005392,52.369494994743484,26.398870977616028,-4.652130412330041,-1172724.462560678,302.63568895955547
59990.0,control,0.0,0.0,107.76493031210939,-0.3051124669288528,53.49932135571636,26.403955844232126,-5.127347667454217,-1174761.789743863,300.2397066609634
60000.0,control,0.0,0.0,101.34516852305822,-0.19671914049052697,53.301236112206276,26.39537327213796,-4.523283796292901,-1174429.281899633,300.14943201151567
60010.0,control,0.0,0.0,103.91160650700188,-0.24042467729492073,52.81627898719003,26.61914951174244,-4.801729264697325,-1174398.7047971692,301.7678120248376
60020.0,control,0.0,0.0,104.0366941261027,-0.24254325565456802,52.866941329497635,26.215265521446263,-5.419984473213232,-1174048.0503960028,301.34506555896667
60030.0,control,0.0,0.0,108.97280362765238,-0.32511931204836725,51.407548947376775,26.433629666781368,-4.845434756549871,-1173423.5125146266,303.5587978932239
60040.0,control,0.0,0.0,98.79630559858794,-0.15292211552523216,51.70763657698608,26.58124093712424,-4.220451251656561,-1174497.781331895,299.36573133320155
60050.0,control,0.0,0.0,102.23987176621075,-0.2120049226959433,52.147697956866914,26.443711722896005,-4.711058603308735,-1172419.467415819,299.6781692609909
60060.0,control,0.0,0.0,103.92630844204513,-0.2406737399900264,52.64397191853365,26.444389678498165,-3.601413261455939,-1173513.350214567,300.27597679870865
60070.0,control,0.0,0.0,103.39467293797934,-0.2316574588774276,52.13703517531711,26.337490350738648,-4.153910022885025,-1173142.8405081835,299.77550861682056
60080.0,control,0.0,0.0,109.54752946746602,-0.3345887084847905,52.35001665793271,26.41266559881117,-5.000675399458039,-1174702.8504959084,299.7560403875759
60090.0,control,0.0,0.0,107.56680860857486,-0.3018176575841992,52.8885835837818,26.572441218404776,-4.524415093270216,-1172679.9685739372,300.99988227706075
60100.0,control,0.0,0.0,111.11064105421679,-0.3601700713769149,53.049129152236304,26.6519479483148,-2.9743989008602583,-1173568.1720891744,300.92579614451
60110.0,control,0.0,0.0,108.7990191022817,-0.3222494886475305,52.77951136563388,26.51446563900646,-3.5205841612061994,-1174467.7947620302,300.5849958010606
60120.0,control,0.0,0.0,102.00771175350641,-0.20804334318951012,53.096921077439376,26.251856775431698,-4.282882108040878,-1173474.8440608624,298.6315367903518
60130.0,control,0.0,0.0,103.52739792898508,-0.23391030895350262,53.00566465064463,26.087891003682916,-4.727029573712068,-1175528.6023888215,299.7540977310682
60140.0,control,0.0,0.0,107.8896235875614,-0.3071842765762414,52.588352609872594,26.56064143719503,-4.0009924523720555,-1174745.5494789016,299.07997356622644
60150.0,control,0.0,0.0,108.06341753371161,-0.3100694767987995,52.67570573751644,26.66703737748468,-3.3202441228366655,-1173879.7998639774,302.65793975231827
60160.0,control,0.0,0.0,109.70897916283107,-0.3372427977389485,53.252082962169936,26.40419997943269,-4.52427134214502,-1173446.4095710833,300.53329454486544
60170.0,control,0.0,0.0,106.57311302306961,-0.2852386275024625,52.950406076081116,26.5093942899727,-4.271006442743307,-1175753.611924868,300.76365180744256
60180.0,control,0.0,0.0,102.44190904015902,-0.2154496573174146,54.10517470141141,26.592251255705303,-4.884250226638382,-1174473.9096118007,300.8198152019599
60190.0,control,0.0,0.0,104.73898382548946,-0.25441601101295874,53.8551448040779,26.407933504319676,-4.0914075208023455,-1175645.1285690553,300.9859421636528
60200.0,control,0.0,0.0,108.02307752862038,-0.3094000347557447,53.00663511424841,26.58573950936693,-5.884928198899263,-1174645.9729498941,300.56229094796555
60210.0,control,0.0,0.0,108.02359126691556,-0.309408561203286,52.313767619505384,27.28719876983267,-3.7486055482233764,-1176048.4441703148,300.83538724500795
60220.0,control,0.0,0.0,103.2336512913242,-0.22892263873110474,52.68674926329213,26.874608999148364,-5.7278161515010115,-1173493.503450239,299.63929145112684
60230.0,control,0.0,0.0,108.7751547031582,-0.3218551673114242,52.96380250183419,26.822702028482723,-3.996364380561593,-1175829.240107283,300.3762978962653
60240.0,control,0.0,0.0,112.01959862077108,-0.37492372443124566,52.733980636285914,26.867672832041936,-4.883439178985791,-1173956.287144836,301.7430437098361
60250.0,control,0.0,0.0,106.43112532203443,-0.2828625522567037,51.639355102059476,26.21492363543655,-4.484454160974861,-1173640.598743504,300.61924923165174
60260.0,control,0.0,0.0,102.08379139621373,-0.20934194599451894,52.349711875338954,26.756328582832587,-4.422783756319896,-1174531.4701636601,298.79646930797486
60270.0,control,0.0,0.0,105.07643934394532,-0.2601074736415591,52.75303001274035,26.74690249126675,-4.905840549867449,-1174047.205009168,299.2015737150003
60280.0,control,0.0,0.0,108.17069111076056,-0.3118489321793367,52.9264575670972,26.271758931567717,-3.115947437820493,-1172663.6960980464,301.22107133412374
60290.0,control,0.0,0.0,107.34303956415533,-0.29809198933516373,51.688743032461396,26.359492642014292,-4.942868217684918,-1174379.4321516845,298.6648564936102
60300.0,control,0.0,0.0,104.95657013166584,-0.2580868046494939,53.79982512095873,26.718280022612536,-4.5846604040422685,-1173941.9045892153,298.8026202304561
60310.0,control,0.0,0.0,105.04481920632766,-0.25957455428357745,52.74931672180608,26.540069136821124,-5.3982766853073265,-1173804.8613663074,301.9894727494635
60320.0,control,0.0,0.0,108.35078412377703,-0.31483385594965996,53.909798924156995,26.47940481457709,-4.868172935948577,-1175507.7384363469,302.9444352527947
60330.0,control,0.0,0.0,108.37418868754702,-0.31522154351307785,53.622582766295906,26.29128205512491,-3.837755393680697,-1174839.0792876184,299.1143525240572
60340.0,control,0.0,0.0,108.56316763473578,-0.3183499742608025,52.87066912388631,25.851143353652176,-4.986202674903068,-1174717.8993046172,298.90459776650033
60350.0,control,0.0,0.0,102.48426540825086,-0.2161714949482232,54.18461098759399,26.185774081028896,-4.847110261554902,-1174556.6422377713,298.79249668575756
60360.0,control,0.0,0.0,110.2042810597421,-0.3453683209080766,54.40361086883989,25.946133508663134,-5.632132043089749,-1175329.9185814261,300.64217061449244
60370.0,control,0.0,0.0,107.37338808001515,-0.29859754818659695,54.95161557582915,26.384464242965212,-5.712206826210745,-1175229.3281093352,298.56275413659574
60380.0,control,0.0,0.0,104.68086612839477,-0.2534349122859834,54.17002563271351,26.27756526562173,-5.096501685461657,-1174451.5928661264,299.6334334909522
60390.0,control,0.0,0.0,106.7593652244703,-0.28835278315480306,54.31666877800854,26.552109136671465,-5.960836279846884,-1173122.1808461193,300.9036314416982
60400.0,control,0.0,0.0,102.51957654482489,-0.21677317739554364,54.21302521332829,26.727528999429364,-5.36990961339445,-1174330.9579082374,301.22934478580856
60410.0,control,0.0,0.0,107.92507825351977,-0.3077730994022572,53.43219849583472,26.605486545279135,-4.947042664491129,-1172805.065820273,300.4467025503913
60420.0,control,0.0,0.0,113.43853129066424,-0.39776498882919953,53.239009475455944,26.366631942237433,-4.603948062664757,-1175160.8434107956,300.1346649471049
60430.0,control,0.0,0.0,109.17668940435165,-0.3284824031739583,54.086613164780196,26.614220110333694,-5.642270315856377,-1176427.9533005096,300.80523258146485
60440.0,control,0.0,0.0,108.85547471381896,-0.3231821053804781,54.11959015634573,26.57871439955659,-5.414341758786391,-1176031.0078777857,301.60578945157545
60450.0,control,0.0,0.0,104.86157439119741,-0.2564846319829288,53.741764267545385,26.25685678141028,-5.302125692890311,-1175210.2250123601,301.3395777938412
60460.0,control,0.0,0.0,99.5395037492653,-0.16572758139601085,53.450705126010114,26.698563556244927,-5.852067824574032,-1174658.1348230094,299.8962660910444
60470.0,control,0.0,0.0,108.66127513413461,-0.3199727203212925,53.9458221494356,26.9187610060217,-5.88879175147849,-1172965.4000881314,301.8219094155395
60480.0,control,0.0,0.0,107.63051643163776,-0.30287752882519275,53.507762679366344,26.13359753985055,-5.718796937883189,-1174960.9196462408,299.09972436788695
60490.0,control,0.0,0.0,104.73615428237919,-0.2543682508736858,53.72045709352299,26.56790204776077,-5.38664469774925,-1173491.1375103593,301.5706001958766
60500.0,control,0.0,0.0,113.47694263943696,-0.3983799870421017,53.8803333409535,26.701084300739826,-5.055643117655581,-1174594.95075576,301.66916498219615
60510.0,control,0.0,0.0,109.83264546729139,-0.33927395170573216,54.38133836320856,26.701696017351967,-4.407405422486494,-1174616.6979012694,301.5747942587295
60520.0,control,0.0,0.0,105.51079773835164,-0.2674199733551704,53.724179392492125,26.25729619456222,-4.032725498322075,-1173456.317432765,298.8046110664159
60530.0,control,0.0,0.0,104.86306810313472,-0.25650982999516064,54.26966860324109,26.357334494780343,-5.30842140258799,-1174439.7591814417,300.40358490725936
60540.0,control,0.0,0.0,105.41246062371731,-0.2657657816234842,54.451625380279644,26.360338415575562,-4.756123855325845,-1174693.8183549847,301.3098473106987
60550.0,control,0.0,0.0,102.20890366047722,-0.21147668256481678,54.08445673414598,26.38066880162218,-4.970020868633357,-1173174.4561856985,299.8402375537547
60560.0,control,0.0,0.0,102.62455658139045,-0.21856149263441033,53.690131472393176,26.556386888516073,-4.41606717358102,-1172495.2805941477,301.52069779262075
60570.0,control,0.0,0.0,112.69746736697893,-0.38586526319453557,53.97140715115699,26.475060116654504,-3.8635346229804206,-1174574.1298487503,299.58107343476985
60580.0,control,0.0,0.0,102.58545274697678,-0.21789545157867413,53.941941396992526,26.578945654193316,-5.613164180628029,-1173788.8332957588,299.4816178372161
60590.0,control,0.0,0.0,108.0161411430182,-0.3092849100328061,53.94978703319559,26.59453481103445,-4.4644016623294664,-1175841.0707510523,299.994581648296
60600.0,control,0.0,0.0,100.27736394089646,-0.17841349401008327,53.575542480004565,26.263193683958008,-3.2454787576877386,-1173024.9836684484,302.1096765892322
60610.0,control,0.0,0.0,110.32314199176919,-0.3473144403107707,54.282508391567895,26.51220105745416,-4.402325093138045,-1173046.766182892,299.8796897507987
60620.0,control,0.0,0.0,104.4820378520012,-0.2500764788031471,53.93317790379773,26.67959523490013,-3.072545130004017,-1174115.4074496776,299.24024271403937
60630.0,control,0.0,0.0,104.8020412643986,-0.2554802025823379,53.31708334924236,26.200656769646532,-4.938577714027561,-1173851.397172939,298.81278447471806
60640.0,control,0.0,0.0,107.74427437362145,-0.30476912361077596,53.1033127074055,26.63420935432167,-5.589770274952122,-1174561.5991790034,300.12402802151934
60650.0,control,0.0,0.0,103.87841854210498,-0.23986238809628202,52.98755926450477,26.268898424939522,-4.289527503065581,-1174968.3735012487,302.30978828711716
60660.0,control,0.0,0.0,105.86257950010675,-0.2733310365459593,53.52342193589318,26.31164582583252,-4.279755525387314,-1173880.156126272,299.46719812967905
60670.0,control,0.0,0.0,110.44466191506774,-0.3493025502865807,52.27657056279194,26.319409172214055,-4.610281669439427,-1174826.7359515335,299.8288195968689
60680.0,control,0.0,0.0,103.44681086899467,-0.23254258763944252,53.56498594808576,26.33939531738132,-4.077000687347967,-1174275.545753261,299.50300696010726
60690.0,control,0.0,0.0,104.76214110635422,-0.25480686172786515,52.364314133171014,26.35937753959613,-4.641088077575127,-1175000.4704668988,300.81843685829176
60700.0,control,0.0,0.0,106.27965083005108,-0.2803258067639712,52.909976255144635,26.66723463872035,-5.581094775082045,-1174179.054491723,300.50496797803874
60710.0,control,0.0,0.0,103.49629928490926,-0.23338255832352117,52.21871010881466,26.558319831812177,-4.484804579717227,-1175296.995382797,301.38816095047974
60720.0,control,0.0,0.0,108.36787372969509,-0.31511694385283245,52.138916703121645,26.35043580977543,-4.91709571427568,-1174474.971368257,302.3621396383764
60730.0,control,0.0,0.0,109.44665532846501,-0.3329290776011525,51.67586967604202,25.880637446174234,-4.435263172590686,-1173838.332030259,299.51604987882587
60740.0,control,0.0,0.0,106.6091124436331,-0.2858407774683463,51.49179846076355,26.515638986257958,-4.118336490745412,-1174495.6424561366,300.6243963662441
60750.0,control,0.0,0.0,105.29446411900082,-0.263779853822623,52.6517653572898,26.489874048415388,-4.271600583747533,-1174411.8439138588,299.4260936194795
60760.0,control,0.0,0.0,108.04075078958033,-0.3096933412691516,51.75366518149362,26.52212352218736,-4.404288136961714,-1174324.0816268642,300.1046224455673
60770.0,control,0.0,0.0,113.14769386834028,-0.39310265383144244,51.96202799573813,26.71313657953803,-4.670860401641342,-1173153.9249943588,301.14371937339354
60780.0,control,0.0,0.0,105.90994905704943,-0.274126214979835,52.78262271809633,26.646295678034242,-4.284240880538868,-1173846.4422876202,302.490716218671
60790.0,control,0.0,0.0,107.38915766725874,-0.2988602118021612,51.645824531113455,26.497249373743315,-4.601192073941345,-1174813.0575856026,300.7854443097371
60800.0,control,0.0,0.0,105.10514634905374,-0.2605912270534445,51.633791847954676,26.381346538463603,-3.9570450062841207,-1175345.9249628447,299.45124764985985
60810.0,control,0.0,0.0,105.3949618200314,-0.26547134082416496,52.228916137935705,26.305076837845842,-3.0365310042824847,-1174678.2889881432,300.09476580676045
60820.0,control,0.0,0.0,100.80370406187104,-0.18744481717430994,52.34614233196725,26.362894282699443,-4.640150266968345,-1174238.4431086015,300.97182660309875
60830.0,control,0.0,0.0,109.95986074921277,-0.341361746427794,52.26667236432038,26.050001592270135,-4.004691627440673,-1173448.8774657752,298.27075309235886
60840.0,control,0.0,0.0,102.67693222422365,-0.2194534279111453,52.82009020974954,26.158175057202094,-4.221797533043292,-1173553.8943768814,299.6329582995713
60850.0,control,0.0,0.0,109.29534812606387,-0.3304377639371471,52.56253047367823,26.152428749799515,-4.727185985637019,-1174811.8277735487,300.9189861606213
60860.0,control,0.0,0.0,106.12444537109967,-0.27772454660176,52.11757458718222,26.42311587873322,-4.709393162706404,-1174445.9183046594,301.23350137575756
60870.0,control,0.0,0.0,108.06934488374614,-0.31016782817893623,51.72359271537726,26.50776534999332,-4.385639324052034,-1174481.7282630224,302.15340630773835
60880.0,control,0.0,0.0,107.22602387744476,-0.2961419091996029,52.188407509279266,26.469895548732218,-3.7785924190763778,-1174230.4143254217,301.00622844460827
60890.0,control,0.0,0.0,105.46765751809153,-0.26669438071656637,52.806574791392904,26.375879130060856,-4.935241976622418,-1173988.435280729,301.3035802838344
60900.0,control,0.0,0.0,103.45520826285654,-0.23268512948893783,52.15215487656789,26.123212402823988,-4.137659232118305,-1174765.6295138635,298.65955896664207
60910.0,control,0.0,0.0,104.62678355504033,-0.2525216971957961,51.616954203916855,26.41413385665738,-4.648603394519007,-1174142.2430060636,297.6787681425589
60920.0,control,0.0,0.0,109.618806086054,-0.33576076142263855,51.6616194546569,26.5671915084948,-3.4629247189286434,-1174041.9588299245,298.9280605918704
60930.0,control,0.0,0.0,110.37489872581683,-0.3481613907559665,52.107661114326454,26.68657237306153,-4.463268299696541,-1174482.7583752908,301.22360400523195
60940.0,control,0.0,0.0,108.82461890309132,-0.32267242259105944,51.70464298024468,26.59730254860404,-3.972493644969444,-1174680.90091433,303.0798894743195
60950.0,control,0.0,0.0,104.98889628872878,-0.25863184737208544,51.93076614864921,26.80932101838062,-4.58838306480493,-1173476.547452202,299.74690603063704
60960.0,control,0.0,0.0,104.43386960738943,-0.24926240821581508,51.78754012323186,26.5313752157852,-4.698415109816067,-1173505.1633117143,299.9235059138091
60970.0,control,0.0,0.0,107.6882216970413,-0.30383721572306277,51.62694199862465,26.79222199868259,-4.7281166367975445,-1174161.4420064427,299.57934988813105
60980.0,control,0.0,0.0,108.35807955258866,-0.31495470754998545,52.19507924608104,26.78604609319675,-4.3052342192695345,-1174865.15643196,300.64325728659804
60990.0,control,0.0,0.0,107.5875637577976,-0.30216299037985483,51.504587124106344,26.538831946557153,-4.915035200780958,-1173171.2994076088,299.83346978608046
61000.0,control,0.0,0.0,96.8644477457129,-0.11952080595004766,53.15479528720724,26.46021645492766,-3.665341633934873,-1175060.6372385416,299.5291700965069
61010.0,control,0.0,0.0,109.26040454316905,-0.32986208028887815,52.556757922999815,26.057342868500594,-4.349256528285105,-1173181.7496970892,299.6236915238138
61020.0,control,0.0,0.0,109.59494766257602,-0.3353684978925571,51.92985841295019,26.631289546550253,-4.410669437626382,-1174926.5097440165,298.0065234092031
61030.0,control,0.0,0.0,107.34098206422321,-0.29805771157256644,52.44260534626351,26.561673583852166,-3.2098379278048803,-1174483.1811274253,300.2562510617465
61040.0,control,0.0,0.0,105.66110991606247,-0.26994694703070005,52.15216932213361,26.61696066964854,-4.246846623312534,-1174057.2053609807,299.6130731372537
61050.0,control,0.0,0.0,106.01295675854435,-0.27585472665793814,52.43539909128772,26.651265537729923,-3.7755872139539335,-1173697.6125190128,299.07814211782716
61060.0,control,0.0,0.0,105.41377134335166,-0.26578783523850136,52.24634688729558,26.41131783048468,-5.274332281584748,-1175164.0935665816,299.8261809596724
61070.0,control,0.0,0.0,108.72380937661111,-0.32100657803133764,52.30721950859532,26.11105307860365,-4.164346564196409,-1174261.9680543914,300.2419340723091
61080.0,control,0.0,0.0,102.40459844131784,-0.21481371218192408,52.5231150148019,26.439151643298118,-3.308092445065994,-1174204.3932913542,301.4969008325716
61090.0,control,0.0,0.0,112.67289190650698,-0.38546952286714214,52.7532792149136,26.59355516027941,-4.064054708772675,-1172793.2494649217,301.2919828911817
61100.0,control,0.0,0.0,106.83562623685219,-0.28962699763650224,53.650573119857036,26.847368065910633,-2.9028744677414773,-1177409.937874077,297.75267881576167
61110.0,control,0.0,0.0,111.52844033722731,-0.36696301992370156,52.978786713607086,26.53434777038556,-4.1495792827751945,-1173721.9447956495,302.05315144476504
61120.0,control,0.0,0.0,109.16029721084938,-0.32821216752414406,53.2486520239747,27.271423320796885,-4.9462233283699995,-1173888.1280530058,301.2147860050749
61130.0,control,0.0,0.0,102.0980137358237,-0.20958466611337062,53.65849423676808,27.065407041529486,-4.092337645195986,-1174000.5092912558,298.83792049301763
61140.0,control,0.0,0.0,109.96376664726998,-0.341425821533161,53.902927096661436,26.357763618697795,-4.085626522187442,-1174285.6925881207,301.5735464700627
61150.0,control,0.0,0.0,103.34047760222295,-0.23073719890166638,53.466014245812985,26.552600144290967,-4.9422070331665555,-1173954.3569437936,300.9049682634041
61160.0,control,0.0,0.0,104.70242138823896,-0.25379882225146927,52.72238289359014,26.627714264966045,-5.505186911741701,-1173898.5955022443,300.307069169762
61170.0,control,0.0,0.0,105.75860692061096,-0.2715850259643102,52.75903935088974,27.02255968311638,-4.412139590933981,-1174627.146719085,301.7208246945422
61180.0,control,0.0,0.0,104.17997442482839,-0.2449685379047547,53.39002582057224,26.476857431364312,-4.643509925610745,-1173534.7772758007,303.430426015332
61190.0,control,0.0,0.0,103.34390693832104,-0.2307954366219125,53.59209559560878,26.477365281332123,-4.713262700833387,-1174218.4318913873,300.3806365636328
61200.0,control,0.0,0.0,107.19600449157517,-0.29564143320124914,52.236850714249265,26.570065351071165,-4.646711470390532,-1175528.7414077148,298.9966359746393
61210.0,control,0.0,0.0,107.79223535526877,-0.30556627089903404,52.765966321912764,26.581185655714442,-5.325487629076328,-1174363.5492414925,300.8876611747135
61220.0,control,0.0,0.0,106.63990435405056,-0.2863557336687915,52.72513261563907,26.88882552717504,-5.3606196443448635,-1172914.3094565794,300.4289530474295
61230.0,control,0.0,0.0,105.88212168159572,-0.27365910790965126,53.02398399481645,26.324012614499903,-4.014345274466606,-1174328.3274910245,297.9030506670263
61240.0,control,0.0,0.0,107.8111616007271,-0.30588078032971144,53.9017107667079,26.22377233401709,-3.5160475824137905,-1172672.1932547092,301.78917370425324
61250.0,control,0.0,0.0,101.95877892585659,-0.20720791517187365,53.93819997674581,26.464380257962286,-4.487491123527651,-1175472.8097735196,301.91645072353674
61260.0,control,0.0,0.0,106.00588261895376,-0.2757360481303102,53.237478402888364,26.25831330445007,-4.714847834360463,-1174938.2690877002,299.59841617941674
61270.0,control,0.0,0.0,107.49897802562512,-0.3006887881810389,53.33791387898034,26.29890533677001,-4.874381935358555,-1174204.9446815513,301.54064437399353
61280.0,control,0.0,0.0,105.8303758650806,-0.27279033714535394,53.504531290587366,26.507545296659277,-4.822576064797337,-1175625.2623372804,301.9165829196927
61290.0,control,0.0,0.0,108.97178600845275,-0.3251025160827142,52.72617068412469,26.191732996326827,-4.797285021187552,-1174601.3539354336,300.72874955261375
61300.0,control,0.0,0.0,108.9427158835368,-0.324622665789707,52.52627324163054,26.98397191418962,-4.560498891940181,-1173077.5072605927,300.8872522630426
61310.0,control,0.0,0.0,108.90144973665551,-0.32394135658758116,53.56840480888538,26.41875168345074,-4.501472984056582,-1174050.7268814612,300.70785531750386
61320.0,control,0.0,0.0,106.21099126995355,-0.27917531773916393,52.57071987216477,26.44455729714823,-4.2961678346325165,-1174597.0577154234,301.3106184197442
61330.0,control,0.0,0.0,105.26645619585592,-0.2633083048034281,52.18872020432604,26.263098749394203,-5.3463061749198815,-1174543.7292525806,302.778139283757
61340.0,control,0.0,0.0,102.77399869368435,-0.22110594384843762,52.37853347805414,26.009869051950098,-3.840936585892009,-1174211.8282376006,300.54502263662715
61350.0,control,0.0,0.0,103.55968253366272,-0.23445811268325106,51.86043792396435,26.709902157010116,-3.645499135122077,-1173851.8857317902,300.16480407523784
61360.0,control,0.0,0.0,107.23465086578528,-0.2962857212472032,52.80545269410865,26.6780545161776,-5.696124562427178,-1172815.2501829937,299.57110856967734
61370.0,control,0.0,0.0,101.4598584592414,-0.19868134828425915,52.42976757173146,26.416405002653537,-4.717278660588775,-1175079.5761020947,297.86635758124004
61380.0,control,0.0,0.0,108.57453780986775,-0.31853809043274384,52.62551921514291,27.062188852221396,-4.091941769102791,-1174024.9414628372,299.66534040649066
61390.0,control,0.0,0.0,108.13978606435556,-0.31133639072677827,52.457041218221065,26.584676938152654,-4.042243868211536,-1172015.814710293,301.60205523094737
61400.0,control,0.0,0.0,104.46502524735351,-0.24978897631784514,52.532680619948714,26.545924506904502,-3.906186173667217,-1173954.0300835166,302.06239492609467
61410.0,control,0.0,0.0,103.42485962070621,-0.23216995183659467,52.5938413836261,26.724710496608278,-4.104400764253107,-1174742.3831308577,300.64943403994647
61420.0,control,0.0,0.0,105.77321031604848,-0.27183031476788927,52.31415982576014,25.974680780365677,-4.875717884914033,-1174105.8985641785,300.1384198333507
61430.0,control,0.0,0.0,105.26296471904428,-0.26324951693634063,52.58868092058904,26.80396652561222,-2.05001982057458,-1173142.5104262214,299.1983234562712
61440.0,control,0.0,0.0,115.10311918530772,-0.4242487213307181,51.64904736630678,26.618854364857157,-3.051196744192701,-1175002.7270519175,299.3925001079499
61450.0,control,0.0,0.0,108.00909577654973,-0.3091679718900552,52.33028128398078,26.563749378861054,-3.1841565995449916,-1174481.561897872,299.39520881409675
61460.0,control,0.0,0.0,109.66952122297378,-0.3365943907776417,51.821597219264646,26.79515832378174,-5.125493827751866,-1173039.7340858374,299.8844195553936
61470.0,control,0.0,0.0,106.8861968369068,-0.29047167858867895,51.98055830274021,26.7399888889431,-3.138041126705253,-1174439.134067364,299.7547291552465
61480.0,control,0.0,0.0,107.78582537077553,-0.30545974455906877,52.66887736781187,26.66095989707876,-3.972038701829585,-1174461.8524553888,297.8667626563294
61490.0,control,0.0,0.0,111.15733353120415,-0.36093019597838494,52.40893062411513,26.322913818237087,-5.623489768221489,-1174468.70910093,299.06250364360153
61500.0,control,0.0,0.0,113.68046313904708,-0.40163552832973526,52.95753723288988,26.52072771533099,-4.569711828579354,-1175632.5269843042,301.4716700572746
61510.0,control,0.0,0.0,113.7930154354665,-0.40343375643300644,52.55659199649014,26.28714770879923,-3.8729259752786,-1171763.9760334585,299.8345884537153
61520.0,control,0.0,0.0,109.4708855328801,-0.33332781918974996,53.071008104920146,26.776619916993244,-5.62215590163571,-1173846.9686460737,299.26359799975467
61530.0,control,0.0,0.0,108.80261435230484,-0.3223088896066698,52.59199460925135,26.93537165685574,-4.377353229793327,-1172911.9330889583,299.4925399693323
61540.0,control,0.0,0.0,120.5604656874753,-0.5084473792451566,53.0516005174276,26.839986189376617,-4.268460834672406,-1174585.274761293,300.98971873612527
61550.0,control,0.0,0.0,105.22865942420617,-0.2626718483393786,52.74461239425331,26.48998754464547,-3.9844776754862825,-1173864.2811406143,299.7185199867559
61560.0,control,0.0,0.0,105.51457065241273,-0.26748342430420236,54.21613644608905,26.682598722468263,-4.561737683026891,-1174443.8317550812,301.3369962730773
61570.0,control,0.0,0.0,106.20655228746452,-0.2791009224304686,53.11189114837522,26.966862196486403,-4.150943220929361,-1172237.788029192,300.9639407495607
61580.0,control,0.0,0.0,107.92871294198932,-0.30783345680464214,53.16869674298973,26.06095412661,-4.6748432669036575,-1174041.9198817927,299.4346991005039
61590.0,control,0.0,0.0,108.24190297907003,-0.3130295921853578,52.96241429009327,26.73030608973249,-2.7106381156490302,-1173943.1996908654,300.5449862205803
61600.0,control,0.0,0.0,105.10982019108242,-0.26066998167614164,53.5153658076515,26.57762089943171,-3.983577850974678,-1174659.2608014327,301.3018339175433
61610.0,control,0.0,0.0,106.57131283923437,-0.285208513486418,53.98083981243725,26.594309467869646,-3.5842593346106155,-1176121.058813462,300.04401870960356
61620.0,control,0.0,0.0,107.52165334287432,-0.3010662087603131,54.51235422931153,26.391796251361406,-4.963474935026654,-1174368.0508341417,300.59636409221184
61630.0,control,0.0,0.0,106.24410110360652,-0.2797301704576108,53.47335240179313,26.280512830294384,-3.5928320393576705,-1174587.2826038543,299.44151606728906
61640.0,control,0.0,0.0,109.54228940043089,-0.3345025218215464,53.157358299140036,26.60913128334295,-3.884337945797685,-1175519.9872048274,299.93033750711544
61650.0,control,0.0,0.0,101.28774058953786,-0.19573632050665246,52.519050821102,26.33425147137964,-2.7712433433102865,-1174715.4320103861,300.6325555769088
61660.0,control,0.0,0.0,108.63764750205908,-0.3195819933043041,53.60732758350441,26.629961047890284,-4.301557354872685,-1173789.3566893917,298.9649295639925
61670.0,control,0.0,0.0,109.36169863288747,-0.3315305275492245,53.39205894571015,26.767822789061682,-4.858736043679425,-1173341.1618745364,299.68440679328194
61680.0,control,0.0,0.0,106.98432465755458,-0.29211006186877725,53.909375212504855,26.75422101898191,-5.015476489063472,-1175481.1676950734,302.5448212799404
61690.0,control,0.0,0.0,110.45955447197612,-0.3495460900124232,53.24650887853356,26.32171227331185,-5.454914861224225,-1172770.0579927545,302.5148549493348
61700.0,control,0.0,0.0,106.8351706685869,-0.2896193872513621,53.422903545520334,26.34170922787523,-4.198348719873292,-1176009.1019992866,299.07811711474307
61710.0,control,0.0,0.0,104.73049152888686,-0.25427266683189303,53.38931759480135,26.512090884890593,-5.413427992964394,-1174945.194024464,301.11467926894886
61720.0,control,0.0,0.0,108.14170322730652,-0.31136818834851165,52.8162756713401,26.364979548968464,-3.615104491502156,-1174360.365049513,299.2673487961574
61730.0,control,0.0,0.0,102.55957963754994,-0.2174547087243191,52.43789729989437,25.789093852722573,-4.909167205454331,-1174970.640287498,301.2745737344469
61740.0,control,0.0,0.0,107.45388508411062,-0.2999380963143161,52.552269282030295,26.63484831690833,-4.17557754804644,-1174406.6358289346,299.87053499566684
61750.0,control,0.0,0.0,103.7415847421537,-0.23754322490978957,52.837327105278305,26.432124046343272,-4.795629963188262,-1174506.6049423534,298.95464532693455
61760.0,control,0.0,0.0,106.05016270193182,-0.2764788388286236,51.91052627450594,26.54762487211883,-5.744464243956203,-1174550.9018348418,301.09336373438504
61770.0,control,0.0,0.0,102.00873864214897,-0.20806087359070935,53.36333327561791,25.853178456151582,-4.570745758265531,-1174319.6370608099,302.2631346821032
61780.0,control,0.0,0.0,108.28324610330186,-0.3137148204170933,53.728092319074136,25.89813942263175,-5.044633217836255,-1173062.7616700288,302.72650833705563
61790.0,control,0.0,0.0,100.13715690013882,-0.17600514957130559,53.482455772654305,26.219778183432368,-3.508242917671198,-1174881.5132400468,301.19880121222997
61800.0,control,0.0,0.0,98.47061327680242,-0.14730213034380663,53.464650698185075,26.07817014415865,-4.467027295859935,-1175740.1772473305,301.57650287932546
61810.0,control,0.0,0.0,102.39247361130907,-0.2146070293869694,53.69621560787839,26.336731193790527,-3.913591835174503,-1175169.4042422753,300.862729455464
61820.0,control,0.0,0.0,104.8876199242559,-0.25692397929470284,53.434576503857286,26.64293116787359,-3.651167952399716,-1174733.0890679024,299.1681278045173
61830.0,control,0.0,0.0,101.94649561367062,-0.20699817896763512,53.92131638720005,26.420419792619157,-4.1004265457182125,-1174300.3397820424,302.88136694236897
61840.0,control,0.0,0.0,106.7617540078808,-0.28839270413471146,53.18738132575788,26.423402946929116,-5.7659300962112585,-1175638.4046321753,300.8277823316025
61850.0,control,0.0,0.0,99.60181223719015,-0.16679993320004566,52.86571722313444,26.12746814505101,-4.51633978955226,-1175434.624010738,302.2638066130466
61860.0,control,0.0,0.0,112.59899963761661,-0.38427920370414936,53.70676855057327,26.47363544782041,-4.924669583928921,-1174024.4276759308,299.95490369644966
61870.0,control,0.0,0.0,103.30446920618576,-0.23012564673976676,53.2225656207966,26.198752978691545,-4.822948750396048,-1173058.98883567,303.30457801334467
61880.0,control,0.0,0.0,101.31612966443191,-0.1962221949470057,53.34362627712867,26.299425630603892,-3.1545167797449323,-1175111.238936454,301.56136204515315
61890.0,control,0.0,0.0,104.43207361201735,-0.2492320514674944,53.30671384915531,26.311015066496676,-3.913036106808453,-1173956.7795349602,300.56467076845274
61900.0,control,0.0,0.0,103.02835536482051,-0.22543323713996,52.91846091123802,26.24758718306397,-4.743588234458722,-1174735.5601873696,299.6275138831815
61910.0,control,0.0,0.0,101.49770243141158,-0.19932863914234367,53.41851676430082,26.51213946584413,-4.917224835372297,-1174704.8680754546,300.2512213127158
61920.0,control,0.0,0.0,107.18198020449299,-0.2954075958302278,53.50837905410493,26.129970175549275,-4.164662950424512,-1173691.745558491,299.5219902997199
61930.0,control,0.0,0.0,105.75538492634124,-0.27153090472760266,53.614146718671506,26.538096313952394,-5.67127231026585,-1174478.3485276196,300.2344673578148
61940.0,control,0.0,0.0,106.87898198682034,-0.29035118273997795,52.78111553080796,26.090582321629075,-5.969651526285123,-1173605.3964176718,300.27311765621727
61950.0,control,0.0,0.0,104.54347131631361,-0.25111448257205243,52.69796544585494,26.741855642713734,-5.014512171783171,-1174928.0547793265,299.1008622073739
61960.0,control,0.0,0.0,105.14363485454597,-0.26123970983337347,51.97832116699412,26.412885781913822,-3.913755890939263,-1174520.19927047,300.33444775884226
61970.0,control,0.0,0.0,103.9317842387537,-0.24076650037494546,52.553088257571396,26.208951986737233,-4.970838705359815,-1173868.1489548255,300.2212308187473
61980.0,control,0.0,0.0,101.72056787036786,-0.20313880080664348,53.7198871241436,26.035754209302706,-3.5209180896116776,-1174874.5560172033,298.92020314825186
61990.0,control,0.0,0.0,100.1261967889814,-0.17581684250776386,53.12115941425848,26.324529712194817,-4.435922936989279,-1173641.1337927952,298.4181992757066
62000.0,control,0.0,0.0,107.27296643899449,-0.296924361315696,53.12709528894119,26.935388659272366,-5.537236747105773,-1175024.5839658491,300.18413125013
62010.0,control,0.0,0.0,105.35000472857188,-0.2647147641070314,53.65010732000504,26.567322241706922,-4.722145593282907,-1174744.1737856455,300.43444406850386
62020.0,control,0.0,0.0,108.76680945586531,-0.3217172621588211,53.85316502672825,26.614233154674857,-3.917218280690115,-1174233.2805558853,299.31616623402937
62030.0,control,0.0,0.0,101.0070785765958,-0.19093026852816047,53.2885368338976,26.38571154536291,-4.952165361035183,-1173801.2547342964,299.83109006463803
62040.0,control,0.0,0.0,106.58328053752379,-0.28540870745174063,53.878076759479896,26.45644812144661,-2.9660466992453274,-1176808.7632117737,300.53954015983993
62050.0,control,0.0,0.0,105.07788939961735,-0.26013191068593716,52.68060670587914,26.730389512312986,-4.66300819200076,-1174906.8344952278,300.4894259899509
62060.0,control,0.0,0.0,108.66727438481983,-0.3200719204745429,53.13921467709201,26.18037992515324,-2.761436292485363,-1173677.9061270915,299.30005962202085
62070.0,control,0.0,0.0,102.70075397478429,-0.21985904172695026,53.05687595376976,26.629852191252006,-3.9595132213073385,-1175262.09999937,299.00140995150053
62080.0,control,0.0,0.0,111.80975572038417,-0.37152592292946546,53.57045579205174,26.549606660769676,-4.855464316253901,-1173607.9124874044,300.6405292618567
62090.0,control,0.0,0.0,108.3415040380483,-0.31468012036397025,52.96605410236663,25.790564286322535,-3.4885336822654933,-1173204.684045488,300.2477116844328
62100.0,control,0.0,0.0,109.41986035302027,-0.33248805982536916,53.174788099922885,27.141768555727225,-3.9382964044300346,-1175162.9312434513,298.4565402724147
62110.0,control,0.0,0.0,106.34933878399428,-0.28149311634920837,53.15691753737632,26.367939831529092,-4.765913619735055,-1174103.2795160618,301.44814297790316
62120.0,control,0.0,0.0,110.15051820763722,-0.3444875688019687,52.83672393108682,26.36192085504012,-4.99556863745239,-1175083.1693136822,300.41960791283276
62130.0,control,0.0,0.0,109.66179648092601,-0.33646743244689087,53.26336950675727,26.099237133126767,-4.492731884359272,-1174326.9823483638,300.3266725260208
62140.0,control,0.0,0.0,107.3208025912779,-0.29772150301616773,52.591274486394305,26.582532044641486,-4.328735016958334,-1177153.016660951,299.62066639351093
62150.0,control,0.0,0.0,104.19622934465826,-0.24524358580920186,52.7952314043693,26.670655957663335,-4.660353388558493,-1177017.4239223339,299.88716840612625
62160.0,control,0.0,0.0,107.69035738402528,-0.3038727280781852,53.272113073042625,26.283147437262087,-4.80716603349496,-1173762.6933492515,300.3427416211522
62170.0,control,0.0,0.0,105.882598617679,-0.27366711424698564,52.95681649265733,26.539091874092456,-3.9624397450616438,-1173832.078213364,299.53699383793384
62180.0,control,0.0,0.0,113.38333308424328,-0.3968809058465758,53.36982505306998,26.433008729053014,-3.7709286267125908,-1174434.401363438,299.7129265565522
62190.0,control,0.0,0.0,109.62642143435333,-0.3358859554048893,53.179120900014595,26.961687640018248,-4.4944363905290565,-1174437.2228016946,301.7091913138994
62200.0,control,0.0,0.0,102.07967734259535,-0.20927173266614657,54.1951330975214,25.93458616360904,-3.8608557804704176,-1174803.5422064047,299.62824565963615
62210.0,control,0.0,0.0,107.24910284717797,-0.2965266209784634,53.345428464545506,26.584752338339438,-4.9751060967385,-1174738.8981836233,299.2877375735519
62220.0,control,0.0,0.0,110.64388979178946,-0.3525585867186276,52.89031452859981,26.62845522248592,-5.391974395146817,-1174155.9092566837,300.53465851824245
62230.0,control,0.0,0.0,110.79545905967368,-0.35503287228241986,53.33918723426213,26.586970256776915,-4.864879879605675,-1174405.6874976773,300.5851649074129
62240.0,control,0.0,0.0,106.88116461273513,-0.2903876354540176,53.46769221823706,26.48358521559099,-4.043862146726536,-1174197.9527649917,299.5993420872483
62250.0,control,0.0,0.0,104.46831313718604,-0.24984454133792094,53.14718767631261,26.643946272202545,-4.89323488005987,-1173419.6222742703,302.0768614848304
62260.0,control,0.0,0.0,102.64500764719861,-0.21890978750086548,54.48084761488174,26.237058407780758,-5.564597707857258,-1175267.63383984,301.52609894423813
62270.0,control,0.0,0.0,108.98283314263824,-0.32528484529031015,54.78339912613916,26.64429643292093,-4.368785320838965,-1173568.9600560032,301.24278133108317
62280.0,control,0.0,0.0,105.98349855021351,-0.2753604965700329,54.75492116375711,26.2184626798908,-4.791508909487096,-1174407.344169857,300.1587400187262
62290.0,control,0.0,0.0,105.41463244912887,-0.26580232376493457,54.82833719480719,26.294577212047567,-4.747561852965907,-1173478.583020294,299.8819636686237
62300.0,control,0.0,0.0,103.57316574240755,-0.23468687314027997,54.686718164546086,25.875306669798356,-4.8003492810905595,-1173697.1057372093,300.439851630426
62310.0,control,0.0,0.0,101.01492386199617,-0.19106467385264614,54.72154972379332,26.617220773665068,-3.1210429790792826,-1173871.007289542,299.6270139429436
62320.0,control,0.0,0.0,106.84877773371626,-0.28984668888091736,53.86375906363905,26.287189194247908,-4.575956058870118,-1174135.7981788646,300.62154160358676
62330.0,control,0.0,0.0,109.07139708238215,-0.3267461254703386,54.01802847902556,26.453403105042767,-4.907846951257147,-1175643.4762549996,300.13203995063213
62340.0,control,0.0,0.0,106.54588382993275,-0.2847830993146357,54.522036878937804,26.78417980083416,-4.479130739045211,-1174243.5821026303,298.8818544902917
62350.0,control,0.0,0.0,108.01249559436118,-0.30922440223970415,54.193341524453714,26.537921566694337,-5.3209801952639415,-1173400.3028408978,300.9101517477552
62360.0,control,0.0,0.0,101.65484397653508,-0.20201548611590248,54.597990236653345,26.10978542550557,-5.292964381201893,-1175125.6604871377,299.2768331331157
62370.0,control,0.0,0.0,104.60608388872005,-0.2521721119454937,53.82104248401059,26.139622170097674,-4.406192180803464,-1175428.7691442817,298.0808633903586
62380.0,control,0.0,0.0,105.65671409789897,-0.2698730730065731,53.7268357866754,26.508432672463023,-3.301718697512904,-1173380.8969279882,299.8610027634859
62390.0,control,0.0,0.0,102.14051816222552,-0.2103099746220327,54.81098263215867,26.715922041409854,-4.456483399219581,-1174620.812828008,300.0099653658638
62400.0,control,0.0,0.0,102.95378531356323,-0.22416505587708518,53.757288388592585,26.699760340777814,-4.002203439223487,-1175244.3989464752,301.4360467065492
62410.0,control,0.0,0.0,106.71716623776292,-0.2876474776258079,54.62725000036766,25.83473491963068,-4.637277640191224,-1173232.073409114,300.23261779539376
62420.0,control,0.0,0.0,102.51262692218285,-0.2166547661284891,54.52800068314261,26.260920710809966,-4.2143329931649305,-1173274.849469822,298.7899694357671
62430.0,control,0.0,0.0,105.00104143978827,-0.2588366022619974,53.943205274623566,26.39640386596498,-4.510336604721422,-1174848.8355884086,298.3631677352888
62440.0,control,0.0,0.0,105.36401304479571,-0.2649505256381387,54.52425202147089,26.720996962928243,-5.2042216755755755,-1173575.6903753076,300.0646182309167
62450.0,control,0.0,0.0,106.13668038800998,-0.27792968104144383,54.46741174918115,26.382369403552453,-5.229049029356471,-1173349.8438664842,299.68003557316524
62460.0,control,0.0,0.0,102.24174240098027,-0.2120368291672387,53.35955040789523,26.38724889529469,-4.784329528755945,-1175297.757032629,300.9286186630447
62470.0,control,0.0,0.0,111.3834387197652,-0.3646076484687446,53.97320570711638,26.610447545968313,-4.46709055166987,-1174875.269302668,302.94035427108986
62480.0,control,0.0,0.0,102.10550196700159,-0.2097124559578284,53.63811566849482,26.591297537169893,-4.1557741051239585,-1175353.8558887467,299.22324017196723
62490.0,control,0.0,0.0,106.52926645727081,-0.2845050689544595,53.84433753977048,26.89450029055112,-3.602700310556611,-1172609.8131943792,301.2744397876541
62500.0,control,0.0,0.0,102.7686890685306,-0.2210155660706415,54.770779891824425,25.90114644256689,-4.7068292606738735,-1175918.3423180953,300.18071025734116
62510.0,control,0.0,0.0,105.53143353472898,-0.26776700149863997,54.33901032478099,26.231987182088563,-4.327958563870446,-1174574.6601974014,300.5208118247478
62520.0,control,0.0,0.0,106.19973359969995,-0.27898664109083415,53.897058979800875,26.7804054475867,-5.889849072768961,-1175544.5777925607,301.1078424749522
62530.0,control,0.0,0.0,101.59140395842222,-0.20093095396487537,52.767932661980765,26.39690182926331,-4.988620539769041,-1172914.7741699442,301.2939034796386
62540.0,control,0.0,0.0,100.48249198001683,-0.1819350612358624,52.94661499143368,26.200302538496892,-5.536075261686882,-1174401.4906162973,300.9133193108178
62550.0,control,0.0,0.0,106.45516450079907,-0.2832649554122093,53.09988086418503,26.117265240360933,-4.986619285336848,-1173072.404202154,301.43404108834886
62560.0,control,0.0,0.0,109.07472307381279,-0.32680098820861475,53.62528915843446,26.341173694985756,-4.410333651561475,-1176580.6754651703,300.2132680816696
62570.0,control,0.0,0.0,109.71718924620784,-0.33737769283097485,53.36664940012116,26.215327312373315,-5.5945604675932845,-1176118.7740602288,302.37060136849703
62580.0,control,0.0,0.0,107.70724397814439,-0.3041535046957433,53.134422980356746,26.584570872595666,-4.694015106715918,-1173422.7759242654,302.3826543039151
62590.0,control,0.0,0.0,101.7520058096655,-0.20367602542247493,52.69763681006091,26.50498579494363,-4.4124380968106465,-1172300.3308838774,300.7955478551639
62600.0,control,0.0,0.0,104.4231580839709,-0.24908135344511678,53.219073120210574,26.463608539235178,-3.7665058121437442,-1174792.5521767698,300.1425675436261
62610.0,control,0.0,0.0,104.95883254255995,-0.2581249532325435,53.4878348551135,26.662526323407764,-3.568781069004007,-1175250.5381848402,298.68385234253606
62620.0,control,0.0,0.0,109.0090855495069,-0.3257180838470512,53.24615257123429,26.905385469739457,-4.8893170530602665,-1174028.6571566928,301.0983627646766
62630.0,control,0.0,0.0,106.95093164074568,-0.2915526139788938,53.06168921668755,26.6418989915863,-3.522029495474002,-1173603.0560932588,300.80680084876633
62640.0,control,0.0,0.0,110.84307634785563,-0.35580968645433464,53.6764726962371,26.607362313594088,-4.900759216103505,-1174896.1642110236,300.0737839994029
62650.0,control,0.0,0.0,103.41264375354703,-0.2319625652922545,53.84884331955509,26.61567849783665,-3.6876404613610423,-1176422.9374294933,300.1254827293523
62660.0,control,0.0,0.0,104.68727599572937,-0.25354313159959746,53.89567756031176,26.726860996645303,-2.7593073443814973,-1174384.535513265,300.2848286376004
62670.0,control,0.0,0.0,104.9154403697918,-0.2573932079533112,53.8983105170523,26.592052076496167,-1.8654791047063821,-1175887.5426092763,300.3665436634524
62680.0,control,0.0,0.0,108.78580087276836,-0.3220310852772654,54.2696531973576,26.684765710995396,-4.992819924191535,-1174281.0789854433,300.55265165360987
62690.0,control,0.0,0.0,113.26412634045553,-0.39497037341573166,54.761033998525896,26.420223645079098,-4.900530248153617,-1175227.9097604845,300.1724665473562
62700.0,control,0.0,0.0,106.22393041080831,-0.27939216223709296,55.38746497073769,26.475618958341478,-5.215553496460284,-1175074.0713317115,301.90467557147866
62710.0,control,0.0,0.0,106.07935501322682,-0.2769684444869675,54.61997171233074,26.50079151529075,-5.070218430466023,-1175385.8982469216,302.0979610809255
62720.0,control,0.0,0.0,112.22316243911915,-0.3782150491404635,54.306823075373465,26.884892155611357,-4.070419267169316,-1174634.334026659,299.06261913666134
62730.0,control,0.0,0.0,108.90260295376027,-0.3239603986290005,55.55517584210042,26.589013608178615,-3.4395230359449647,-1176538.772255808,301.3389330568954
62740.0,control,0.0,0.0,107.78052889445281,-0.30537172051956785,55.09255427351834,26.646845312106244,-4.665869242730109,-1175610.269240113,300.48761348625624
62750.0,control,0.0,0.0,106.28799563970182,-0.28046560856911895,54.279884153186906,26.379597480332013,-3.26393273882731,-1173982.280345844,299.6689660808186
62760.0,control,0.0,0.0,103.25494546993403,-0.22928440703970976,54.80146422609108,26.402873516387256,-3.888575008048307,-1173091.8612208813,300.73744103690484
62770.0,control,0.0,0.0,103.85853922889179,-0.23952554301988876,54.827200477670154,26.33947090260092,-3.70711390706163,-1172882.7101014443,300.4214816394987
62780.0,control,0.0,0.0,105.67412612091128,-0.2701656818432862,53.9763432043486,26.52188048513247,-2.989868691123843,-1172104.8523981795,300.367240855762
62790.0,control,0.0,0.0,104.56757040847279,-0.251521591459852,55.15531972763188,26.42934987674085,-3.208168040603662,-1172833.6099580042,300.73041632456705
62800.0,control,0.0,0.0,104.26835834025962,-0.2464638350393903,54.2502006232581,26.266807052501505,-3.305762986354344,-1174582.4007533118,299.44579058062925
62810.0,control,0.0,0.0,100.4582071960372,-0.18151826928252318,55.208135012361346,26.492081003375848,-3.943723948748135,-1172370.960423179,299.7324036211733
62820.0,control,0.0,0.0,101.72421525321424,-0.20320113194485312,54.919794661090414,26.542181881587418,-5.39986266533622,-1174879.486996306,300.443114853291
62830.0,control,0.0,0.0,105.2204581116004,-0.2625337320664117,55.478018049814075,26.80626655663826,-4.531742127186277,-1175185.8417181224,300.922891045806
62840.0,control,0.0,0.0,107.23224495243717,-0.29624561530460114,54.98208737799007,26.512803818330358,-2.98016596035162,-1173480.642414393,299.0172839452174
62850.0,control,0.0,0.0,103.4248077143299,-0.23216907065384967,55.397798649206166,26.510811385881215,-4.392006243659073,-1171589.9369554203,300.8332238654192
62860.0,control,0.0,0.0,104.28374505633063,-0.24672409080742402,54.98399461248105,26.351829411600225,-4.146484851564633,-1172597.422088977,299.8546081222766
62870.0,control,0.0,0.0,102.12459382902544,-0.21003825047541563,55.87740066765538,26.40266402994468,-4.241381974882772,-1175001.0622677803,301.3995896139261
62880.0,control,0.0,0.0,102.70393243183769,-0.21991315855890514,54.949543071229506,26.280927432745628,-3.3715119636210993,-1173386.1950056572,300.89406227433216
62890.0,control,0.0,0.0,102.83121217595138,-0.22207968243769688,54.58002267407931,26.09115787255896,-5.415401357227058,-1174536.6851351075,301.29241202361345
62900.0,control,0.0,0.0,108.1569834362452,-0.3116216098983568,54.662738469150966,26.316109961695673,-4.986880422728657,-1174909.1076809336,300.47455325756
62910.0,control,0.0,0.0,104.01534201180094,-0.2421817016710877,55.249635764778034,26.47138495632896,-4.969670719501536,-1174954.5620636381,301.4172815700397
62920.0,control,0.0,0.0,104.90367972561926,-0.25719485651191615,54.545479953412645,26.75834957633184,-3.599028262164428,-1174740.6366738696,301.1529086820212
62930.0,control,0.0,0.0,106.23751106670093,-0.27961974243220294,54.991299330593,26.03371910708246,-4.392911992905914,-1174168.4868410956,300.88470895736174
62940.0,control,0.0,0.0,104.03342733250969,-0.24248794142924268,54.19974375064267,26.809621449114307,-5.038533231860255,-1173564.4359551966,297.64263993601793
62950.0,control,0.0,0.0,99.30758296146286,-0.16173442771726715,54.523687694558355,25.829379764211698,-4.745820078797107,-1175620.3237301223,301.0023640233841
62960.0,control,0.0,0.0,100.25907850933606,-0.1780994643689907,54.40000191609892,25.850520114354865,-3.904964219711047,-1173688.640960114,299.94389701748776
62970.0,control,0.0,0.0,104.02114787542199,-0.24228001531926208,54.930172996825405,26.723135638435004,-4.435582878929819,-1174974.002093019,301.58779655165523
62980.0,control,0.0,0.0,98.7769163428158,-0.15258768067565187,54.18963016265196,25.879781655226036,-3.748678136871701,-1173087.3316727877,300.7681410530578
62990.0,control,0.0,0.0,104.4550374795479,-0.24962017896443034,54.83231603677863,26.25585704513227,-5.313644917745345,-1173839.3407770004,301.0133646370126
63000.0,control,0.0,0.0,98.2106605134221,-0.14281309004949627,56.06187398446762,26.6046012837831,-4.332164237382107,-1173498.0830669552,301.9029004589217
63010.0,control,0.0,0.0,107.15030590080201,-0.2948794014979979,55.0842809679484,26.69791631027402,-4.885216111319858,-1173840.0945689995,302.3371532273571
63020.0,control,0.0,0.0,108.16760758785742,-0.31179779789421974,54.48984504699064,26.729104633158727,-4.461394058480175,-1175157.5845710598,299.29127610988155
63030.0,control,0.0,0.0,99.77007355972212,-0.16969478272779542,54.945011807301064,26.558538733316766,-3.1491087129771844,-1174213.9787732773,300.81697732055994
63040.0,control,0.0,0.0,104.00251024237765,-0.2419644059585062,55.18301520997088,26.196116482830853,-5.521484940081496,-1175520.8440338224,298.6434936849419
63050.0,control,0.0,0.0,100.85784168243731,-0.18837286522335878,56.532207039867515,26.575969677607368,-3.4793967493737483,-1174056.901688842,300.51936903591064
63060.0,control,0.0,0.0,106.398637110499,-0.2823186376486591,56.58046369763344,26.122061380649217,-4.3311163537196276,-1174647.3766767941,301.53141913902664
63070.0,control,0.0,0.0,109.03656392815212,-0.32617148113954086,55.034502803744836,26.15988333772539,-4.756887340672945,-1174584.1067045294,301.06469010534045
63080.0,control,0.0,0.0,106.00391905385007,-0.2757031058501627,55.22255807630541,26.82786535697289,-3.4433861917188135,-1174519.0493161567,301.106834739227
63090.0,control,0.0,0.0,109.72971893457066,-0.33758354747929364,55.308886611295364,26.24383111422049,-3.8751611116678992,-1174073.265887672,301.56282758972213
63100.0,control,0.0,0.0,105.49102341807205,-0.26708739993887015,55.0038837324299,26.483301565332688,-4.744257223663661,-1175658.7751833126,300.6103159293727
63110.0,control,0.0,0.0,104.65344510651677,-0.2529719208646214,54.59520190177517,26.15287843540534,-6.0672428597052654,-1173739.1703951135,300.6339010856624
63120.0,control,0.0,0.0,107.43749512985288,-0.29966519590238366,53.52162949147933,25.787188793958823,-5.242405440188097,-1174259.8455818612,300.649269138156
63130.0,control,0.0,0.0,108.4562068834444,-0.3165797277074593,53.293418729040745,26.16089684492616,-5.99669120478878,-1173022.5537400302,300.7154880228811
63140.0,control,0.0,0.0,106.36138135618992,-0.2816947935660164,54.26633657111406,26.17045142251591,-4.385951710994788,-1174191.2768442445,298.66184013645113
63150.0,control,0.0,0.0,105.86466641297001,-0.27336607285950143,54.10994762576017,26.531153923719625,-3.775574469696385,-1176792.4177228548,300.62008372963413
63160.0,control,0.0,0.0,103.05710296587479,-0.22592203354597873,54.290913677014586,26.458175169880025,-4.682325195186987,-1175206.8834618628,300.81626019806066
63170.0,control,0.0,0.0,106.55889134980883,-0.28500071540716093,54.22885508367531,26.263677171627315,-5.256229411115612,-1172886.3741188757,301.4865058701137
63180.0,control,0.0,0.0,103.27790309226415,-0.2296744002322026,53.82729729616628,26.47903129043993,-4.567613291276665,-1174397.1157459915,300.7995384131722
63190.0,control,0.0,0.0,99.22681419408693,-0.16034314596330523,54.20801563713567,26.07723322479371,-2.8432720268036733,-1173830.812048031,301.1087864628182
63200.0,control,0.0,0.0,101.27771873249111,-0.19556478655649717,52.971072496376166,26.276097486072636,-3.199275537937027,-1173684.9616290294,300.30520611885794
63210.0,control,0.0,0.0,101.59031165732966,-0.2009122784855203,53.724410778892874,26.1471516483993,-4.352587716036256,-1173836.3451965954,300.1667698335435
63220.0,control,0.0,0.0,102.53201719850591,-0.21698513972546163,53.30779361187028,26.338912178156583,-3.55259581361131,-1173721.7192238718,299.79465231994664
63230.0,control,0.0,0.0,107.40715017228514,-0.2991598734410133,53.662898163753304,26.678593442877702,-3.7564118217753935,-1174202.1992595457,301.53886698912925
63240.0,control,0.0,0.0,98.9758767438305,-0.15601860452175825,54.53086120337324,26.332595732598644,-4.344296548109472,-1174347.5673675463,301.7982002249486
63250.0,control,0.0,0.0,101.19355815583333,-0.19412405984032305,53.94220539937698,26.04094194559218,-3.9328679913891795,-1175428.879467843,302.08733321741744
63260.0,control,0.0,0.0,104.0672788156115,-0.24306108554948497,53.68179088283578,26.67729247751193,-4.259997218187765,-1173536.2811697666,298.6568453917714
63270.0,control,0.0,0.0,108.89345301954073,-0.323809310348715,54.324375174309914,26.512963872359744,-3.675078903151634,-1174483.6988859233,300.41889250472923
63280.0,control,0.0,0.0,106.75993003949537,-0.28836222230163233,54.986181882861416,26.365581742794124,-4.665192302274642,-1174846.9048574157,299.31423945771206
63290.0,control,0.0,0.0,106.89923363490146,-0.2906893956219831,54.54961718423923,26.412128172381433,-4.3052830957752795,-1174362.327332886,300.027492560754
63300.0,control,0.0,0.0,98.54207258404315,-0.14853561062327691,54.6527317393168,26.66423756299088,-3.438541271902796,-1174018.976194851,300.9585875773467
63310.0,control,0.0,0.0,106.84170324119835,-0.2897285138069969,53.478277956089336,26.694191315094365,-4.311559810240063,-1174418.8964030202,301.15719091275633
63320.0,control,0.0,0.0,105.4107505192151,-0.26573700791824395,54.06432819311282,26.460107183450457,-4.437834856111142,-1173578.1994047426,299.84723424032444
63330.0,control,0.0,0.0,105.26749918368425,-0.2633258659590497,54.103123912036054,26.211877287790287,-3.4468254526779845,-1173528.4530026,301.51447739617396
63340.0,control,0.0,0.0,110.09350742658046,-0.3435532772397556,53.8705818553087,26.226312602762277,-1.9406941656024237,-1174696.6489064135,300.37002531090127
63350.0,control,0.0,0.0,102.54221997329171,-0.2171589657148748,53.70609354876257,26.30567455616023,-4.355933770312211,-1174215.2622328214,301.15854147634326
63360.0,control,0.0,0.0,105.68613237898072,-0.2703674323331389,53.49720816825224,26.415601036761927,-2.5000980157759862,-1175779.6461209059,300.4764712604422
63370.0,control,0.0,0.0,102.88450034293741,-0.2229864153996271,53.47260175888998,26.329627211519878,-2.9399952037006645,-1172583.212414138,300.8702599484727
63380.0,control,0.0,0.0,101.2176069494006,-0.1945357888161971,54.024425466659615,26.709312829910242,-4.9667921141199525,-1174269.3356074635,300.7108736035985
63390.0,control,0.0,0.0,100.7235159786204,-0.18606989473817054,53.50780231709727,26.664715385265065,-3.875604069540412,-1173665.0542884208,298.66043930068366
63400.0,control,0.0,0.0,103.82763562417298,-0.23900183956753612,53.9609746202004,26.61438415345562,-4.420622383009476,-1172877.2232459057,300.7549541018907
63410.0,control,0.0,0.0,108.94147466790541,-0.32460217562024857,53.541636741184725,26.452089419236998,-3.2524366619645697,-1173792.2608143613,299.91958073463826
63420.0,control,0.0,0.0,107.14364578047334,-0.2947683271957383,53.014713274446294,26.802734944024806,-2.453786180345496,-1176188.6221472155,300.60717158653233
63430.0,control,0.0,0.0,104.66653982532463,-0.2531930264412912,52.81613838499766,26.58038699071945,-2.9019290436423013,-1174475.1175755057,300.375991476236
63440.0,control,0.0,0.0,108.51299756259124,-0.31751977570843115,53.24165641113138,26.340556136895888,-3.787853947580404,-1173857.902506221,300.01341152372356
63450.0,control,0.0,0.0,108.3434617874359,-0.3147125534831093,53.8276942211686,26.563664513130156,-5.056093006649029,-1173201.4252347257,299.28218751916074
63460.0,control,0.0,0.0,100.38139066308834,-0.18019967742486437,53.431171746579075,26.53397943645856,-3.208812409019096,-1176484.6080653071,300.68377892940026
63470.0,control,0.0,0.0,104.41618832544292,-0.24896354031385287,53.6303250410091,26.234407748019965,-3.315757425650445,-1174044.2720590048,299.86235274660504
63480.0,control,0.0,0.0,107.82023738942124,-0.30603158663173624,53.8390715157459,26.601939181922962,-4.036218377043299,-1173314.4344601557,298.5425638501491
63490.0,control,0.0,0.0,105.26772202940896,-0.26332961808016303,52.84278724676703,26.631573163177258,-4.490023465604344,-1172914.362868838,298.8705281002911
63500.0,control,0.0,0.0,101.76576691429553,-0.20391116163098244,52.821217073909665,26.453777095344137,-3.7127443910216473,-1174152.9068182968,298.88539085732316
63510.0,control,0.0,0.0,104.93408535345611,-0.25770764633892385,53.118603986068145,26.351417930850193,-3.975461273138454,-1172500.3039215747,301.3549005020955
63520.0,control,0.0,0.0,106.54431172976966,-0.2847567970500586,52.9596743863281,26.935763064350585,-2.698358302525045,-1174040.9820145853,300.5873894426248
63530.0,control,0.0,0.0,104.39601943480965,-0.24862259524855873,53.63754888387914,26.471384115186954,-3.51327559893294,-1173776.990328256,298.5862858015183
63540.0,control,0.0,0.0,100.18877873070626,-0.17689198408929196,53.270526522995574,26.078923744534343,-2.7092171001620615,-1174816.2918072138,299.50211534527455
63550.0,control,0.0,0.0,104.02207108503241,-0.2422956482689741,52.70178541521162,26.073300773769702,-3.2057862873009215,-1174710.0009555295,300.4268347658476
63560.0,control,0.0,0.0,104.79651637710515,-0.2553869739351026,53.07895444408574,26.278386574591966,-3.8505367341391494,-1175444.107148476,300.02267588266966
63570.0,control,0.0,0.0,102.28318950794461,-0.21274371346727583,53.125056443129914,25.77926908242572,-3.4599295191002737,-1173515.8151329216,300.634021141926
63580.0,control,0.0,0.0,104.1359558659466,-0.2442236052584379,53.04811918229026,26.034924622124645,-4.755411652123873,-1174484.8280538395,300.6497989774455
63590.0,control,0.0,0.0,110.16252705731071,-0.3446843261377149,52.83051636069121,26.43703712707563,-4.6498162827571585,-1174728.4887154773,301.0567733688958
63600.0,control,0.0,0.0,102.03125179277475,-0.20844518722560212,53.539065588393,26.95607952509524,-3.987557441626224,-1175017.1341804788,298.91449336962
63610.0,control,0.0,0.0,107.5347213974801,-0.3012836993071996,53.60727158405814,26.327826808693906,-2.6822466559674596,-1174581.2394957077,301.85828655020885
63620.0,control,0.0,0.0,104.75206581784123,-0.25463681519378706,53.71166932275895,26.661489059311577,-3.215297406054127,-1173704.2698403671,301.6926647597061
63630.0,control,0.0,0.0,106.50175989543752,-0.28404479564803004,54.72946791443824,26.736306061423768,-4.6076736451231275,-1173196.5218249783,300.692322943
63640.0,control,0.0,0.0,106.87583506321585,-0.2902986242487157,54.049503264417766,26.284301883603323,-2.5862481437698106,-1174436.9943019412,300.99396076192244
63650.0,control,0.0,0.0,104.52317792311698,-0.2507716293599696,53.9273521778729,26.51560680092266,-5.077576817509893,-1174176.7205184177,300.1157894810902
63660.0,control,0.0,0.0,107.15947068776032,-0.29503224091860114,53.238293527089766,26.88228911205487,-5.365115191219048,-1175458.8465057518,299.8666720356045
63670.0,control,0.0,0.0,109.7792543936602,-0.3383972247523873,53.13938243607686,26.824875303189515,-3.453940080292828,-1175718.8645921275,298.75344512820556
63680.0,control,0.0,0.0,103.92270697270538,-0.24061272964536146,53.4583124366497,26.096942899975158,-4.730072269324003,-1174603.4100616183,300.04594284173623
63690.0,control,0.0,0.0,107.7419390784548,-0.30473030380650773,53.36030530058105,26.086125276233663,-4.416289281632526,-1173987.1759977844,301.9459195985682
63700.0,control,0.0,0.0,102.7199733085372,-0.22018626232647576,53.225081966832576,26.575994821922862,-2.8499895706947185,-1174011.1991271041,302.22875788606075
63710.0,control,0.0,0.0,105.24878703217486,-0.2630107895790581,53.909916440932584,26.278264436524893,-4.673940473204385,-1174886.3618616126,300.53891449248613
63720.0,control,0.0,0.0,102.75887988835547,-0.22084859413108487,53.329713839621505,26.258354806225803,-3.860982149921151,-1174787.7579114009,300.3091405027877
63730.0,control,0.0,0.0,102.8895728473851,-0.2230727173336503,53.61560182455083,26.739236778212987,-3.647534452198406,-1175028.0472266413,300.5542006594819
63740.0,control,0.0,0.0,108.92129194485243,-0.324268974901137,53.14023454219869,26.753008422362154,-3.834651339077241,-1173712.5159340817,301.11112474983395
63750.0,control,0.0,0.0,106.94761991476676,-0.2914973241252603,53.85715370152995,26.538990026504326,-3.044914596721779,-1176271.6913320404,299.6291482023651
63760.0,control,0.0,0.0,107.0554316114542,-0.293296758298709,53.4361092689241,26.39952736093861,-4.209955928626581,-1174281.3588529974,301.1654893433622
63770.0,control,0.0,0.0,108.8753775677762,-0.3235108152015368,53.05826870678235,26.44340212105701,-4.153304748520898,-1174712.321194701,300.1725650424506
63780.0,control,0.0,0.0,104.70454206058078,-0.2538346228860479,54.75724833263392,26.259455047571684,-4.601608952047629,-1174733.6471875925,302.01871900438044
63790.0,control,0.0,0.0,102.02615077539778,-0.2083581124697576,54.530441612969256,26.41333425913993,-5.902442707742646,-1175048.29507716,301.50474668952563
63800.0,control,0.0,0.0,104.20662738382163,-0.24541951965974346,54.51116356045178,26.784321176118535,-4.279272130951627,-1173560.5010324102,302.1205704064299
63810.0,control,0.0,0.0,110.4952304330216,-0.3501294070997726,54.81528826574151,26.30560867536284,-3.566890326092291,-1173654.0288597643,299.3629558125566
63820.0,control,0.0,0.0,107.18549719944437,-0.29546623896653257,54.64415197393751,26.335167181483584,-4.961982248315824,-1174916.7645999175,298.8954537343569
63830.0,control,0.0,0.0,106.25250388634694,-0.2798709689608779,53.58756406699326,26.60937407416079,-4.413669191630258,-1174368.5575749576,301.1257221337958
63840.0,control,0.0,0.0,110.5681618982441,-0.35132144482563066,54.62462914850514,26.115367404861622,-4.337657173448328,-1174646.5656094644,299.0617725815017
63850.0,control,0.0,0.0,112.22688221682357,-0.3782751481329742,53.364445966137716,26.2968234449062,-4.388617938952265,-1175039.1723730396,299.73968955332896
63860.0,control,0.0,0.0,114.50090348585941,-0.4147075916046913,53.50886546592441,26.688680725202406,-3.336656941552418,-1174526.0984121803,298.341641982129
63870.0,control,0.0,0.0,107.40530636088576,-0.29912916648033605,53.90971318350898,27.086845056889228,-3.7469627876195215,-1175207.3949266654,298.37708945507416
63880.0,control,0.0,0.0,105.28011829277399,-0.2635383314537884,54.135008829305114,26.439200303807027,-4.910865846589617,-1173592.2794121765,300.39256336196576
63890.0,control,0.0,0.0,112.05790108621599,-0.3755433811511139,54.259147725752456,26.79602803268602,-4.194247723576422,-1174123.2741439585,300.3668984336674
63900.0,control,0.0,0.0,114.58176369008969,-0.41599137619100646,54.213084318963254,26.2401274321932,-4.969853739018322,-1174612.0583727118,300.0938964868826
63910.0,control,0.0,0.0,105.96550291263371,-0.275058541993074,53.97356047008792,27.075292166354465,-2.657741666247789,-1174667.1421987675,299.3873261303585
63920.0,control,0.0,0.0,108.12925657640179,-0.31116174485880876,53.85687991156056,26.713310158219375,-3.615006169959431,-1174042.2158900201,300.55184325665715
63930.0,control,0.0,0.0,111.8501306118297,-0.3721800666196234,54.27007158225674,26.396692905846862,-4.187064175822613,-1174455.3425566163,300.59767665047127
63940.0,control,0.0,0.0,113.1765083706989,-0.3935650252302869,54.01127232430482,26.269224718500592,-4.154780248519367,-1174324.024900062,300.9234259735522
63950.0,control,0.0,0.0,107.43341966480898,-0.29959733369367075,54.00468726712424,26.757437651209926,-4.65126199025781,-1175169.5438193716,300.25005564434014
63960.0,control,0.0,0.0,115.01435379386506,-0.42284529757607586,54.63218680941412,26.534129569121127,-3.8695655545900185,-1173536.3492522463,299.2504357229247
63970.0,control,0.0,0.0,109.2869682198795,-0.33029971902683847,54.114763982887844,26.200682612950104,-3.251019498087739,-1175218.8319640066,300.07155068598183
63980.0,control,0.0,0.0,108.82018362213527,-0.3225991519887171,54.78048226491378,26.632903451858002,-4.570696475152932,-1172967.6058826875,299.41631321526216
63990.0,control,0.0,0.0,113.94664185256815,-0.4058857044519862,54.28771386712008,26.20450762374616,-4.333314084845224,-1176139.5362411924,298.89341958923256
64000.0,control,0.0,0.0,117.62558358498556,-0.46369169458703274,54.29888162680057,26.229095019133585,-4.353976960643185,-1175082.3785173222,298.90953287147573
64010.0,control,0.0,0.0,111.74230828043969,-0.3704327453604278,54.24822605009552,26.688632042901176,-3.2289192332398375,-1172332.36522956,300.38359596481683
64020.0,control,0.0,0.0,112.40345979133207,-0.3811262041367546,53.79670734323456,26.220981839954216,-3.6985626072687263,-1173813.7993799187,299.875382211469
64030.0,control,0.0,0.0,105.11964322622751,-0.2608354949721028,54.30785839704234,26.09995012650266,-4.435338455053641,-1173340.7146952972,299.96944530392807
64040.0,control,0.0,0.0,108.49726897277239,-0.3172594538020968,53.32402712001522,26.245465839670118,-3.8840080173810594,-1174430.0006601699,299.8176876997584
64050.0,control,0.0,0.0,112.95598657640484,-0.3900239006315923,54.38727648018596,26.738889216235542,-3.009841143955245,-1173012.9318561163,297.4445465015116
64060.0,control,0.0,0.0,110.27776209818538,-0.3465716076784235,54.393233411742614,26.542339012310393,-4.517465310719436,-1176594.430636244,300.58719388321833
64070.0,control,0.0,0.0,106.02397887899497,-0.27603962967286566,53.80808493940962,25.98462289346385,-4.766482901598368,-1173867.2908708695,302.53294839679353
64080.0,control,0.0,0.0,108.41669871173474,-0.31592557107929825,54.48253928591796,26.19669602739003,-3.9348136881985476,-1175928.17037078,299.7838913079239
64090.0,control,0.0,0.0,111.88702836742459,-0.3727777130268699,54.32585123453944,26.27283028558296,-2.873304617312553,-1174649.431051623,299.59106653651617
64100.0,control,0.0,0.0,109.25195483293936,-0.3297228557560492,54.684524475770615,26.056749719544328,-3.4789120226372368,-1174980.6371813305,299.73923046075714
64110.0,control,0.0,0.0,108.03339786742464,-0.3095713153038081,53.79140162287285,26.126786261370874,-4.341962894709178,-1174222.1167913955,300.57325141487615
64120.0,control,0.0,0.0,115.51184239683079,-0.4306976418949761,53.713112361586106,26.78510690117277,-4.179847465898115,-1173806.7148571461,300.1954959998095
64130.0,control,0.0,0.0,112.31640760323184,-0.3797210932192762,53.80874070791127,26.92810368844666,-4.341073862984059,-1174885.2341687754,301.12789957818353
64140.0,control,0.0,0.0,111.0482091960349,-0.35915334575614793,55.1379222418478,26.169470506768093,-3.2373405247729843,-1174871.0700226352,300.63867251013687
64150.0,control,0.0,0.0,110.94061176965835,-0.3574000822783019,54.58000573700157,26.604837651668287,-4.2561061025742495,-1174246.315270098,298.142317205628
64160.0,control,0.0,0.0,111.88743554684753,-0.3727843073985374,54.66301709441393,26.839833951332555,-3.8515720006610774,-1175941.987047892,299.7401597127158
64170.0,control,0.0,0.0,110.92387502824793,-0.3571272493346,53.77613907366581,26.93792692423311,-3.919250114623214,-1172704.0581612121,301.6116262695991
64180.0,control,0.0,0.0,106.38504539785094,-0.2820910595219938,53.78031244082575,26.90639949473177,-3.957025155961325,-1174784.5893180799,300.9106747553174
64190.0,control,0.0,0.0,109.78864650922655,-0.33855147261878854,54.53196389843889,26.59692569089343,-2.5595782388037294,-1173580.0549584646,299.72979092003703
64200.0,control,0.0,0.0,112.48065589644268,-0.3823714919254656,54.36678341641426,26.7522086029433,-3.5241206007605754,-1173037.0366776641,299.9434916467512
64210.0,control,0.0,0.0,114.9389725492847,-0.4216526866256025,54.31770378759304,26.674133489743113,-3.311789404765456,-1174807.6203197073,301.54351282789105
64220.0,control,0.0,0.0,105.8961673494401,-0.27389488492273306,53.69583662301884,26.37418839606266,-4.659981108091257,-1174572.49520264,300.80239563332754
64230.0,control,0.0,0.0,109.3681467561723,-0.33163670161898684,54.550225258565426,26.503657651822948,-3.953432514496016,-1174207.7931467034,298.8789108705907
64240.0,control,0.0,0.0,108.4444885666672,-0.3163857173432881,53.79720136581411,27.345562204654716,-3.6495008377708755,-1174015.9411091823,300.61204211416396
64250.0,control,0.0,0.0,104.27350100407352,-0.24655082165547332,52.970235061117215,26.597685051603744,-3.5298459906653727,-1174861.9895848408,299.1490010910831
64260.0,control,0.0,0.0,107.91404869139842,-0.30758993562397036,53.346165429336736,25.945351393670805,-3.2569612206432152,-1174724.4155645408,299.91825909598924
64270.0,control,0.0,0.0,109.01040531504862,-0.3257398618862803,53.589401906838376,26.589042045746037,-3.9153962651440226,-1172802.600036338,300.4325802058195
64280.0,control,0.0,0.0,112.75329116660998,-0.38676393378443585,53.81641393917068,26.632613111137708,-3.442625939582174,-1173056.0103593022,301.18052095425276
64290.0,control,0.0,0.0,115.70400549657536,-0.43372207701445625,53.52589768442506,26.635678293317486,-5.052420815899891,-1176166.2005000152,300.8284466584431
64300.0,control,0.0,0.0,113.27095622615057,-0.3950798825853876,53.08121375224752,26.564153231963925,-5.238880452844532,-1174379.6439018399,301.18006030852627
64310.0,control,0.0,0.0,109.88921359207025,-0.34020252710718807,53.47037926500531,26.07348569315647,-4.039682096997592,-1174558.1145109013,299.1994394723602
64320.0,control,0.0,0.0,114.98317982591225,-0.42235218109602546,52.46614952957747,26.458767423191794,-5.708949625968092,-1174161.837909136,299.17770312921675
64330.0,control,0.0,0.0,107.47249470528011,-0.3002479254635479,52.72949461503576,26.64677688890967,-4.18981785611013,-1174528.254913453,301.40122547490944
64340.0,control,0.0,0.0,110.58430297012687,-0.35158518778975645,53.452691204892226,26.80779752978883,-3.3520204802133264,-1174822.6137906387,299.3950801954512
64350.0,control,0.0,0.0,108.950720726467,-0.32475480724951555,53.30986148584019,26.75423612927901,-2.917868821826614,-1176434.584812425,301.8773850672998
64360.0,control,0.0,0.0,111.14388546077969,-0.36071129427699444,54.02795077653875,27.258180520649198,-4.96645508584004,-1174374.8848632984,299.5967193143112
64370.0,control,0.0,0.0,109.127060769444,-0.327664161389067,53.36678784054904,26.457277559327636,-4.703188052061689,-1175204.5366942845,301.0928163459059
64380.0,control,0.0,0.0,110.18253612670713,-0.3450121283291641,53.7251599258724,26.67181991412032,-4.8071359375635705,-1173620.5393862557,301.6338684192187
64390.0,control,0.0,0.0,114.66766426514164,-0.41735427702797323,53.48268075432577,26.726636476781724,-3.6211322059346167,-1173480.2873419076,299.71738160931005
64400.0,control,0.0,0.0,113.53749601612392,-0.39934913414516315,54.09033393964685,26.569526962681188,-4.4814343814039255,-1172949.4829527978,300.56568436160364
64410.0,control,0.0,0.0,110.96455159440492,-0.3577902828204658,53.08457647287293,26.74773184312313,-4.936958469261954,-1175518.4195258878,299.8269966253984
64420.0,control,0.0,0.0,108.12675085167491,-0.31112018246058126,53.3583354738356,26.559147276442143,-3.883187444120418,-1173586.886425091,300.4668602803867
64430.0,control,0.0,0.0,110.60215480087098,-0.35187685182916334,53.538225757002685,26.690550932582244,-5.53761726010482,-1173013.2375457585,300.15861263931953
64440.0,control,0.0,0.0,105.02908863101214,-0.25930940491345394,53.23618995727485,26.659949466024806,-4.36196115721795,-1174204.3426717725,301.08696760619074
64450.0,control,0.0,0.0,105.17391203341552,-0.2617497592874869,53.55494583516204,26.756771056768937,-4.4469508572311405,-1173416.447355507,301.642761727115
64460.0,control,0.0,0.0,110.37057624679333,-0.34809066830083574,52.979103263753686,26.84675483305487,-4.843647877195945,-1172602.8217631,300.8871885179723
64470.0,control,0.0,0.0,105.60030063508272,-0.26892487439493823,53.52911137111829,26.235451039368915,-4.167598088778368,-1172429.611126881,299.7856113532191
64480.0,control,0.0,0.0,107.287109657456,-0.297160065501033,53.6726236502692,26.327398263174864,-2.8402034740829216,-1175317.125083238,300.9574204476039
64490.0,control,0.0,0.0,107.57518460035108,-0.3019570255842628,53.71673206572135,26.716942626306487,-3.6019462752070828,-1174327.409180764,299.99706888037804
64500.0,control,0.0,0.0,109.66032551531978,-0.3364432560158721,53.7660147081971,27.090503414060176,-3.201615290564795,-1174399.5290569235,300.1663525289851
64510.0,control,0.0,0.0,109.4729797517688,-0.33336227966563425,53.77889216467609,26.373894078992222,-4.793922606994677,-1174061.2212187164,300.4543290356043
64520.0,control,0.0,0.0,113.96534407691665,-0.40618400163424107,53.60016337639067,26.736386519420847,-3.088759549711452,-1175102.722485721,300.02522364923
64530.0,control,0.0,0.0,115.69081495873859,-0.4335146280686627,53.89212366162959,26.440759706929544,-4.935704642619993,-1176514.2232181393,299.27545687026856
64540.0,control,0.0,0.0,114.83097999221414,-0.41994285899151956,53.56364599619734,26.72811961980762,-3.4214776099391764,-1174017.8091967497,296.54803857396723
64550.0,control,0.0,0.0,113.38927330395074,-0.3969760651753484,53.59990251647458,26.453185116436348,-4.286277436753225,-1172641.525044093,300.45517414609657
64560.0,control,0.0,0.0,115.23534220805271,-0.42633734214229957,54.26543607781204,26.939473560572505,-4.977319999455915,-1174247.0642854478,298.9721947457257
64570.0,control,0.0,0.0,113.79161783209804,-0.40341143670291363,53.90762731831053,26.368174920719657,-3.3531441491968597,-1173863.1829049606,300.28009077897445
64580.0,control,0.0,0.0,114.4746353258321,-0.4142903648378189,53.79598087283083,26.688537719065245,-5.169606375018816,-1174381.638192298,302.2699310900031
64590.0,control,0.0,0.0,109.48355789605691,-0.33353633674836264,53.709617564221105,27.020483348798795,-2.909893554063374,-1174436.9513087478,300.04263437959906
64600.0,control,0.0,0.0,109.04821683206518,-0.32636373312230055,53.31789945659686,26.78733994176776,-4.205093158046799,-1175073.1688456219,301.8674189483114
64610.0,control,0.0,0.0,112.7586727900815,-0.38685054960722015,53.2101672826151,26.886550748284883,-3.693536932912867,-1173438.948530972,299.86705307543014
64620.0,control,0.0,0.0,116.09338694066035,-0.43983551688911426,53.739472961172666,26.54339046613275,-4.006355147240985,-1173673.147595903,300.6201931998882
64630.0,control,0.0,0.0,113.25116330513491,-0.3947625109846571,53.63782054294407,26.84708402819339,-4.3377639573868905,-1174931.097508302,299.2538952897482
64640.0,control,0.0,0.0,114.76009227302227,-0.41881969446202183,53.65431247264651,26.3879245139329,-4.8706522091187985,-1173424.8255455028,298.91212751827953
64650.0,control,0.0,0.0,114.73352741227127,-0.41839862826578467,52.9447982929316,26.80040977562354,-4.776338350252683,-1175284.2712736633,299.9914997724652
64660.0,control,0.0,0.0,109.8294839518407,-0.3392220451248245,53.36429216985267,26.38389926601294,-4.598487217960177,-1174604.4012881946,301.1291873995428
64670.0,control,0.0,0.0,115.39381214367253,-0.4288375720754427,53.090087651443525,26.135041661842767,-5.520031342684652,-1172796.5035794452,301.4644191098784
64680.0,control,0.0,0.0,110.56296682314075,-0.35123655205843685,53.23065569484965,26.32190197348612,-5.3341201409594445,-1175869.6804972608,301.5814979391477
64690.0,control,0.0,0.0,113.00350877550146,-0.3907874991840222,53.64232637076261,26.192945967013674,-3.6883850368191258,-1175985.1330649517,301.0280063004685
64700.0,control,0.0,0.0,111.71179425445716,-0.36993801005278826,53.31742595053541,26.142216280383842,-4.944555561371933,-1174305.4864514675,299.1710537535674
64710.0,control,0.0,0.0,110.28549596635688,-0.34669822030806785,53.23656380896851,26.717404700396436,-4.950248148536337,-1173466.1570024826,302.8853336870358
64720.0,control,0.0,0.0,109.72901088960252,-0.3375719151902524,53.54431232304853,26.42867562165515,-4.289994408502801,-1176338.383541217,296.90661253659977
64730.0,control,0.0,0.0,110.29391493691628,-0.3468360416983962,53.08942134413472,26.38033316150983,-4.585365265339659,-1173159.1082094982,301.0925311663524
64740.0,control,0.0,0.0,108.55499535142542,-0.3182147585154547,53.319779974527684,26.801287808669823,-5.315814083835963,-1174542.0110603105,301.63026333526176
64750.0,control,0.0,0.0,109.95105628896954,-0.34121730603697126,53.50447138768356,26.490282308135107,-3.3408479096223918,-1173949.575963959,301.24846624007387
64760.0,control,0.0,0.0,111.90029578332775,-0.372992572426167,53.238186720367246,26.960792358802923,-4.1323921865889215,-1171859.7714499068,301.77931716296257
64770.0,control,0.0,0.0,107.70163402043873,-0.30406022978959335,53.17838721411057,26.561337103660748,-4.908018959124498,-1174512.8800303806,301.67266931073056
64780.0,control,0.0,0.0,111.25285398141162,-0.36248446242512516,53.566154531610486,26.482114678488774,-4.686324087096493,-1174539.8583616726,300.1033170633266
64790.0,control,0.0,0.0,109.22398264375254,-0.32926191129232213,54.23543236174341,26.157165213493613,-4.737607243362927,-1171802.31546567,298.13977137401486
64800.0,control,0.0,0.0,111.4089380597618,-0.36502202327463,54.03833025360633,26.350071916136546,-4.156363384027071,-1173624.2030039746,301.1674387349836
64810.0,control,0.0,0.0,111.65042688322991,-0.3689427203695673,53.88050127497281,26.70814616738356,-4.459025041084521,-1172490.6840956286,300.5591621432215
64820.0,control,0.0,0.0,111.58889166507254,-0.3679442834738935,54.27231883434198,26.357947250869547,-5.120124483951265,-1172912.8450898975,300.83048735411995
64830.0,control,0.0,0.0,109.6366191246015,-0.33605359300060494,53.883856089317604,26.444579548274366,-5.495563174859052,-1174806.7685612086,301.66565274647604
64840.0,control,0.0,0.0,114.15051706371366,-0.4091351374993072,54.025819930225325,26.566938870536806,-4.808276554769259,-1176260.267994769,300.80111476318683
64850.0,control,0.0,0.0,111.69377007010395,-0.3696457279125854,54.03106340185284,26.363548023632756,-4.729964732821825,-1175939.9561444856,301.62503100074883
64860.0,control,0.0,0.0,105.67439550534456,-0.2701702086495132,53.24641471140458,26.330070990677722,-4.635313882807791,-1175097.3418057654,299.7622160303959
64870.0,control,0.0,0.0,109.69956939894952,-0.33708818288009323,54.37155281953613,26.577293121773625,-4.268184038260988,-1177178.008761704,300.46683972843874
64880.0,control,0.0,0.0,109.81494878086781,-0.33898338962928204,53.68515724541379,26.736400643991853,-4.094052125309739,-1173825.3748859428,300.38471687694164
64890.0,control,0.0,0.0,114.10165798736105,-0.4083568752019153,53.82362540344869,26.79961121986643,-4.220114139101229,-1173841.615702143,301.0863009199162
64900.0,control,0.0,0.0,101.95591843207463,-0.20715907340554124,54.148818571453994,26.330188265441706,-4.867885508074672,-1173663.5324111748,297.99375373977296
64910.0,control,0.0,0.0,116.41346933095004,-0.44484573455521104,54.16386616781939,26.69109444795339,-4.954178841277342,-1175936.811681673,301.5222437837615
64920.0,control,0.0,0.0,110.46379157540655,-0.34961537554611627,53.74671558181266,26.975964300626952,-5.086714197635618,-1172876.4762655292,297.4639396405627
64930.0,control,0.0,0.0,110.84365742704456,-0.3558191644894215,53.54170961290352,27.11775038857572,-4.978541989435356,-1173037.2626895849,299.5169160196235
64940.0,control,0.0,0.0,107.69207643372492,-0.3039013122522123,53.390441002149196,26.646000837869455,-3.4974901515073036,-1175075.873084426,302.2614346543658
64950.0,control,0.0,0.0,104.6916868615653,-0.253617599452763,54.3702207413325,26.459310862969257,-4.545104374904236,-1174466.9065732136,299.920256495742
64960.0,control,0.0,0.0,107.49529576038722,-0.3006274940659956,54.212640560151925,26.729423141406066,-3.683700741863229,-1172599.0852495562,298.5769964783398
64970.0,control,0.0,0.0,113.96897062584335,-0.4062418394418294,54.235859368053035,26.7687269434361,-4.246271458435631,-1174375.0991986487,298.9248095736539
64980.0,control,0.0,0.0,112.52559087982236,-0.3830960404569588,53.5492991708327,26.717188123700662,-4.789316770185406,-1176514.0572200213,300.29317662052387
64990.0,control,0.0,0.0,109.79397341438174,-0.3386389529930571,52.87300984215547,25.94695626490051,-5.039487060674674,-1174344.7155293766,300.96639958188257
65000.0,control,0.0,0.0,112.56199761743713,-0.38368290358109547,52.557373351536896,26.36090464402116,-3.846518109370509,-1175773.5399772916,300.09372726545826
65010.0,control,0.0,0.0,107.00519973916191,-0.292458490631614,53.60901031937401,26.766755648690097,-4.623388380395669,-1172884.9674768634,299.5359163621686
65020.0,control,0.0,0.0,107.06292228872003,-0.2934217431503433,53.28375959394896,26.260425424272018,-4.85404071392014,-1175748.1547227744,299.78296077290105
65030.0,control,0.0,0.0,108.74401391925333,-0.32134053130192,52.280411669568544,26.400691492172857,-4.171032269149038,-1175482.4875918068,301.0074954917208
65040.0,control,0.0,0.0,105.83741878593437,-0.2729085952355828,52.57018126413519,26.206489830836762,-2.965130117987292,-1174767.0788812991,301.07371300854356
65050.0,control,0.0,0.0,115.99395448265938,-0.43827630882990376,52.81988086086162,27.012962485917782,-4.579833145117794,-1174675.240682574,300.1567969654597
65060.0,control,0.0,0.0,111.40398159289731,-0.3649414842993508,52.46576356899426,26.452772559324075,-4.592248688628134,-1174963.5008724537,301.89668894730653
65070.0,control,0.0,0.0,112.39561206074103,-0.380999569811002,53.085221733480516,26.64653882872306,-3.852561473068792,-1174362.9781388622,300.2332840136256
65080.0,control,0.0,0.0,112.65154204575177,-0.3851256670254128,52.53417272668972,27.149504064969516,-3.468124322187808,-1175263.9923575372,301.74874974608474
65090.0,control,0.0,0.0,114.61117891042831,-0.416458184296382,53.127356326358665,26.546486787273317,-3.9034898690444546,-1172293.3049397338,298.4724871503735
65100.0,control,0.0,0.0,113.51724138540088,-0.3990250116153913,53.52894722642619,26.549011769956678,-4.6209958028214935,-1173539.6884106658,299.66861479037215
65110.0,control,0.0,0.0,107.1895150070503,-0.29553323139923743,52.83185389513854,26.422161998595936,-3.822175701016809,-1173639.7862146404,299.2024319500135
65120.0,control,0.0,0.0,110.51192034413796,-0.35040224762823313,53.27005377057338,26.590174192086806,-4.151171635955107,-1173670.991553897,299.90673752549833
65130.0,control,0.0,0.0,111.13663120532159,-0.3605932044856892,52.9459804994283,26.36755176396618,-3.385271925145486,-1174150.998767184,300.8699140297414
65140.0,control,0.0,0.0,111.49719689946161,-0.3664557071565856,53.77387045602887,26.649438783127835,-3.670179986798147,-1173651.4427588955,300.5098721332674
65150.0,control,0.0,0.0,110.41012679259119,-0.3487377026002522,53.18226766747123,26.65723242462522,-3.1183171138950487,-1174056.0653487537,299.4819603205657
65160.0,control,0.0,0.0,111.43405326211588,-0.36543008501221386,53.501531633564966,26.74262537099515,-4.372638260462367,-1175031.1140389144,301.3504377145684
65170.0,control,0.0,0.0,109.63558631529953,-0.3360366153591706,52.8776128787571,26.56165142209805,-3.7336564318601333,-1175357.3474778123,301.01250607204753
65180.0,control,0.0,0.0,112.25698420646388,-0.3787614355185732,52.76610742789445,26.660420084127672,-3.257660068461668,-1175358.1501657348,300.36284068748097
65190.0,control,0.0,0.0,108.50149892657961,-0.31732946558516484,52.660449789846666,26.39204906698146,-3.649880959609752,-1173818.0452743303,299.7486967499617
65200.0,control,0.0,0.0,106.7609087204878,-0.28837857787948257,54.01517043618201,26.713723510870928,-5.077774173151596,-1176117.1586401667,298.5653551618529
65210.0,control,0.0,0.0,117.18589656755138,-0.4568789821879713,52.93377466068309,26.45582092891699,-3.7867591339084865,-1177112.3119728789,299.2271810153289
65220.0,control,0.0,0.0,113.63128132191174,-0.4008492721502386,52.97096692723541,26.737482120696246,-4.392105005435953,-1173599.664787015,301.03685302180327
65230.0,control,0.0,0.0,113.1216244571889,-0.3926842458208523,52.55759284969891,26.539953856145463,-4.846414269878723,-1173854.292124346,299.3870510446708
65240.0,control,0.0,0.0,113.97812521333809,-0.4063878336153326,53.85016756376056,26.69674380656882,-4.285297195625681,-1174720.9200825356,300.96901219492526
65250.0,control,0.0,0.0,113.64235133878208,-0.4010262712430486,52.639537548284906,26.34299337464426,-2.3223914016852567,-1172775.3807838522,299.60509554084007
65260.0,control,0.0,0.0,110.88867566101838,-0.35655334964043867,52.93805291012839,26.505173522689784,-4.519890564572791,-1174489.0543985087,298.6095548768838
65270.0,control,0.0,0.0,111.44701160882313,-0.3656405995785512,52.671852064009805,26.215743512778218,-2.8692938677948048,-1173269.7411710918,300.40926245480813
65280.0,control,0.0,0.0,116.35992558678518,-0.44400858239231833,52.506649115779126,26.49878101654067,-5.313908757676396,-1175897.761539504,300.08182023610647
65290.0,control,0.0,0.0,108.91581492191712,-0.3241785466620582,53.20755902106009,25.97523299788306,-3.6758868379512197,-1174412.2618279643,299.0566493468029
65300.0,control,0.0,0.0,115.14108911628021,-0.4248487335487065,53.07571228177147,26.24622801764871,-3.8499603363215478,-1174919.061648788,298.9553522153074
65310.0,control,0.0,0.0,107.03804649127666,-0.2930066615190931,52.17689112700139,26.700279021949292,-3.493134435569939,-1172240.9986907952,300.2101334563475
65320.0,control,0.0,0.0,107.83329546316772,-0.30624855042443083,52.033761939232896,26.561366871444505,-2.2269904023163067,-1175803.5676176194,300.24287316835483
65330.0,control,0.0,0.0,108.32883829716926,-0.3144702840787085,52.408475457583904,26.428423231100034,-4.417505756563704,-1174074.0145082679,300.8620139877904
65340.0,control,0.0,0.0,113.18595364949502,-0.39371656707195113,52.583442802125774,26.60669069020755,-4.373845591849678,-1173384.8992185108,298.1937641982113
65350.0,control,0.0,0.0,110.87407669748693,-0.35631528482560576,52.83637722439095,26.52327546018824,-4.871553461843425,-1174535.019698456,298.9748033832927
65360.0,control,0.0,0.0,114.50344600883774,-0.41474797079908077,51.98116517485892,26.829035908493573,-5.0082278203696635,-1174045.528228987,301.11143964776016
65370.0,control,0.0,0.0,107.51673370831597,-0.30098432763271615,52.56710256064087,26.750523531970636,-3.74797629117608,-1173646.710924318,301.5439950563439
65380.0,control,0.0,0.0,113.15930550779053,-0.3932889917634593,53.306252236550044,26.66820906565205,-4.353761927001135,-1174089.2513882145,301.97045499330466
65390.0,control,0.0,0.0,114.92902021583717,-0.42149517560724514,51.72519395595507,27.097794826372628,-4.722159045110667,-1173878.0347151738,300.9657716566356
65400.0,control,0.0,0.0,116.00814559231513,-0.43849892157613524,52.38123642004966,26.554898499903835,-2.922453318127847,-1175591.0908817556,297.9579095374644
65410.0,control,0.0,0.0,107.60297400568201,-0.3024193668400721,52.73076503343594,26.721444520581052,-3.0249529150567427,-1175137.4355894178,300.51649247678006
65420.0,control,0.0,0.0,107.63133124450633,-0.3028910819863796,51.84512649807144,26.531809622040257,-3.8317323699822565,-1174990.09756523,300.74918611153174
65430.0,control,0.0,0.0,110.18574389547462,-0.3450646762676095,52.505781400742634,26.71591051173915,-4.603361861398469,-1174383.1872990448,300.5261135078948
65440.0,control,0.0,0.0,115.33729523052692,-0.4279462623523388,52.117440864243946,26.740461900428564,-4.831901009610709,-1175700.6104572322,299.3905380119688
65450.0,control,0.0,0.0,111.01004733184469,-0.35853165578471,52.83172853442915,26.597097501669296,-4.5697043473486785,-1174839.043745514,301.5071743420642
65460.0,control,0.0,0.0,110.90387575924252,-0.35680119254066,52.724422614562165,26.12403427928778,-4.211615018082759,-1173706.8805782925,299.62087498588335
65470.0,control,0.0,0.0,110.5602693219986,-0.35119247102994855,52.9503921761264,26.64718438518261,-3.8730601795524837,-1174721.3710363638,301.5849994808914
65480.0,control,0.0,0.0,105.55855501464865,-0.2682230452795852,53.25156832952221,26.324482683041374,-3.686711474932288,-1173195.5149059203,301.10010589637
65490.0,control,0.0,0.0,109.34227082668626,-0.3312106061074668,52.57236472993584,26.295447234354974,-3.8062527164092246,-1175265.965932222,300.55011719119653
65500.0,control,0.0,0.0,108.09684962642852,-0.31062416563202117,52.129905895724974,26.56461160495694,-4.878999042098757,-1174566.9412644897,300.0949027311724
65510.0,control,0.0,0.0,110.27101783821698,-0.34646119095893946,52.697203526523666,26.454278623658464,-4.713991087523857,-1174074.835921241,301.4873431765347
65520.0,control,0.0,0.0,112.4762905079228,-0.3823010902221244,53.44435589546457,26.505375541293976,-3.576293236697691,-1173676.5164638069,302.14015178009134
65530.0,control,0.0,0.0,107.59587678596343,-0.3023012948777498,52.614273033186755,26.525980309416795,-5.013347157211888,-1174387.8491972182,300.0843968152686
65540.0,control,0.0,0.0,109.84487421991197,-0.3394747168122064,52.08584044075074,26.539948576832316,-3.8766766897665117,-1175500.7276414745,299.7476545083362
65550.0,control,0.0,0.0,108.62860428533361,-0.3194324324444045,53.21993257245983,25.970459842046846,-3.491545535116498,-1173595.1906953324,298.75987940883334
65560.0,control,0.0,0.0,112.26800424196892,-0.3789394343016975,54.21354778159425,26.593707911083268,-4.702837199331643,-1174144.3512205165,300.5871634821432
65570.0,control,0.0,0.0,118.14957113079248,-0.4717749028731336,53.283876185185036,26.58844982483004,-3.816385061310383,-1174134.91472332,301.0087946533555
65580.0,control,0.0,0.0,115.9428701644724,-0.4374747381227884,52.9571731386027,26.73146082158099,-3.3760327855705325,-1175364.9099911135,301.0121422737557
65590.0,control,0.0,0.0,113.80096564687533,-0.40356071676673766,52.54795222706592,26.495594916925644,-2.834240256262082,-1172729.5916758645,302.13357758223725
65600.0,control,0.0,0.0,114.19772072942534,-0.40988674867113684,52.2968947556166,27.22607922600166,-2.8698961079371568,-1173749.3822570033,301.5063804229011
65610.0,control,0.0,0.0,117.0652203280677,-0.45500444655078537,52.74721198024707,26.62253999136041,-3.4143707372773737,-1174429.9107280076,299.61269644906235
65620.0,control,0.0,0.0,112.87790436469375,-0.3887686738126815,53.08005766816806,26.58555878830406,-2.7901442249928055,-1173669.5785990972,300.26714722944763
65630.0,control,0.0,0.0,111.26740597365553,-0.3627211576698085,52.86169203818551,26.318942194917796,-3.653547349634143,-1173879.1012803502,299.0391618381545
65640.0,control,0.0,0.0,115.14531658313285,-0.42491552570734126,52.415485961236634,26.168377670647807,-3.675357235237078,-1172970.268121587,302.0797264275989
65650.0,control,0.0,0.0,116.20588712039755,-0.44159804343043196,53.39898459587798,26.449272903303953,-4.0987091583393465,-1175280.0139972866,301.0252556122707
65660.0,control,0.0,0.0,112.25081635311106,-0.3786618044610499,53.774746103343084,26.74763079172378,-4.897757955390224,-1172956.8638895024,301.37127269687005
65670.0,control,0.0,0.0,113.60478766564499,-0.4004256029135435,53.7515118204955,26.403836264922834,-3.5163807687877804,-1173833.2614499275,299.1201497593857
65680.0,control,0.0,0.0,113.63996567975913,-0.40098812807834017,53.68615031203442,26.295227526864945,-3.8846507392366356,-1173128.1443400644,300.13405646425565
65690.0,control,0.0,0.0,111.11396980867364,-0.3602242693618864,53.68310338132741,26.574389808856417,-3.2373179019082166,-1175680.7191291433,300.330565200385
65700.0,control,0.0,0.0,117.33890394662642,-0.4592528215524614,54.184182653907676,26.400404862896874,-3.2752092807676334,-1174703.8834336493,298.16282146620347
65710.0,control,0.0,0.0,117.33035691948521,-0.4591203045518313,53.821740494843425,26.312926243414843,-3.991233314046143,-1174285.6343205646,300.8400352126021
65720.0,control,0.0,0.0,112.70766979968496,-0.3860295328201485,54.05481836607819,26.634248791270384,-5.333151851756947,-1174413.8212212045,300.99695574004136
65730.0,control,0.0,0.0,114.87550537607717,-0.4206480028513819,54.43126362050158,26.602552602746908,-3.759196717049064,-1175096.7344421726,298.95727299264354
65740.0,control,0.0,0.0,111.01112558724232,-0.3585492236881146,53.154967883921614,26.869097604396902,-4.377113344671831,-1173159.9619035926,301.3163983911145
65750.0,control,0.0,0.0,113.33482667673437,-0.396103698068135,53.89818970433741,26.927915040766376,-4.590986009956521,-1173664.3782344572,299.91802467289756
65760.0,control,0.0,0.0,110.40939672435377,-0.34872576042146186,53.55631386625601,26.552340766040622,-3.0921423936165224,-1173226.231502613,302.28014439665446
65770.0,control,0.0,0.0,114.80992169830155,-0.4196092726261057,52.80804478275988,26.77104700270394,-4.9478303819114595,-1174108.4692968596,300.4563587799027
65780.0,control,0.0,0.0,109.45630175215383,-0.3330878300073144,53.65787763251077,27.038991968809217,-5.036850457410231,-1172973.9925985485,301.4057202989999
65790.0,control,0.0,0.0,114.65271796998397,-0.4171172060330891,53.29648512787075,26.600858069957056,-3.6956532244459646,-1175572.0387137756,301.6637492146426
65800.0,control,0.0,0.0,115.620046778295,-0.4324012575737173,52.60019390100975,26.591719270892117,-4.608038078723478,-1175016.6507538669,299.8205209425258
65810.0,control,0.0,0.0,112.01115776260754,-0.3747871458122946,53.5918751775199,26.772609927277596,-3.6340339233792442,-1173724.863598507,300.3452982609197
65820.0,control,0.0,0.0,116.41020106871636,-0.4447946466617246,52.9329728584501,26.614271526692733,-4.492793846637218,-1173199.9569818433,301.8518322575683
65830.0,control,0.0,0.0,116.35053706454943,-0.4438617536199816,52.593981166015006,26.539839905683007,-3.9785111405119156,-1173352.3721208312,300.4215169688034
65840.0,control,0.0,0.0,108.93781405060881,-0.3245417447266056,53.03883715709324,26.542187261641047,-5.474670349392693,-1173646.7455694545,301.80046726904146
65850.0,control,0.0,0.0,110.35047615137499,-0.34776177357226545,53.36468455133913,26.44130132195149,-3.7897575198397226,-1174465.402608363,301.8124530525891
65860.0,control,0.0,0.0,115.48267091511124,-0.4302380905747085,54.30795877811175,26.920704825936376,-5.084206046349941,-1173511.2406706735,302.6174399131483
65870.0,control,0.0,0.0,114.32504659620767,-0.41191273517807936,53.276323821299634,26.864556546800454,-3.4341389328888314,-1172944.869842779,298.8159936271219
65880.0,control,0.0,0.0,115.33669805507225,-0.4279368422692408,53.19072223002793,26.98287926756818,-4.484955944585756,-1173180.6456269678,301.00723974040784
65890.0,control,0.0,0.0,113.9239263487323,-0.40552333801056484,53.456247775527466,26.54271700866902,-5.765641690049275,-1175671.5231444426,301.445052478209
65900.0,control,0.0,0.0,109.9924263751103,-0.3418959273596351,52.97387780812786,26.731510666411477,-3.6820309224969323,-1173744.7960444856,301.547408078989
65910.0,control,0.0,0.0,114.3864440007991,-0.41288895340648574,53.43126578480611,26.658960093944618,-2.7298197457144293,-1174326.1824746858,301.4934785900352
65920.0,control,0.0,0.0,111.03329118719323,-0.35891033736516453,52.738232408501744,26.374613494309724,-3.2394623085655607,-1175387.695178764,301.0325232956007
65930.0,control,0.0,0.0,113.61663785257981,-0.40061511394715854,54.102130068803284,26.66354104197509,-2.731865497998599,-1174098.077142328,300.80902516564254
65940.0,control,0.0,0.0,113.58772282425116,-0.4001526677828615,53.71743677221665,26.647840677846123,-3.643556893155015,-1174162.8355063926,300.42930034771695
65950.0,control,0.0,0.0,106.280646106603,-0.2803424810886218,52.96524521833311,26.919981584201132,-4.175039480496411,-1173858.492560584,300.37474602267326
65960.0,control,0.0,0.0,108.32601347202333,-0.3144234824449897,53.545669008457786,26.625852783498207,-3.411337842998981,-1174435.2236330323,301.71967017824386
65970.0,control,0.0,0.0,110.52233829167291,-0.35057254133239885,53.34454400666157,26.451335108034648,-4.114841328908202,-1175321.3132615257,300.7622372351361
65980.0,control,0.0,0.0,112.31542018059491,-0.37970515017907236,53.49833574083435,26.790715965131458,-3.2631437369464447,-1173576.8712152,300.28792594975533
65990.0,control,0.0,0.0,108.94468063416069,-0.3246550998693656,53.400715191465565,26.203362660821586,-4.368730849326248,-1174019.311425507,300.9474702623649
66000.0,control,0.0,0.0,115.47442393444923,-0.430108151995269,53.667515109776055,26.373902540837136,-3.839997140336017,-1173790.216788644,300.94370492470205
66010.0,control,0.0,0.0,114.41588504461303,-0.4133568976476066,52.802731572086444,26.471042772428582,-4.026428969368526,-1175542.1075093448,299.730377639089
66020.0,control,0.0,0.0,111.03626439818972,-0.35895877172377455,53.32507385894792,26.27981155461017,-2.4604417750291554,-1174827.7073716298,301.695036273644
66030.0,control,0.0,0.0,111.94807429605348,-0.3737661566080137,53.346546876412894,26.701748362869857,-3.2765446811579766,-1175253.4725219626,299.5940385749162
66040.0,control,0.0,0.0,107.3195495641125,-0.29770062521433677,52.99893472809295,26.58976124283838,-3.199359002918464,-1174621.471551694,301.3254758613424
66050.0,control,0.0,0.0,116.60246150790778,-0.4477975015590743,52.308166132312245,26.429270800444506,-3.650837604514756,-1175645.8037855271,298.3044109885665
66060.0,control,0.0,0.0,109.28918111112648,-0.3303361733881612,52.72789728594712,26.445341193883497,-3.516833032497184,-1173145.2932944857,302.53740853364764
66070.0,control,0.0,0.0,113.21580660354581,-0.3941954631497626,52.79423710778637,26.343731547345072,-3.2106650019126266,-1175831.3882890586,301.06382991668204
66080.0,control,0.0,0.0,120.13478661936163,-0.5020359136299524,53.49811514239976,26.433761846925474,-4.3533507509648235,-1174507.8390660975,301.18764539877515
66090.0,control,0.0,0.0,113.544025102192,-0.39945360450172257,53.757937662755474,26.40340739494467,-4.35077394218745,-1175087.2451410294,300.1148204845926
66100.0,control,0.0,0.0,112.9744057002739,-0.3903198955822671,53.57227148489926,26.848315680766614,-4.13125562468233,-1173349.14985138,300.9614805139169
66110.0,control,0.0,0.0,114.46321068333985,-0.41410887589632395,53.18917413853547,26.793387797148085,-3.0959041301872197,-1174896.523987608,300.4166743606043
66120.0,control,0.0,0.0,114.85243580747917,-0.4202826841852718,53.404280316055065,26.644267860240316,-4.9258793181319245,-1174237.9938590843,299.26073496501147
66130.0,control,0.0,0.0,111.74280174740325,-0.3704407452618214,52.89428669218226,26.722621880485992,-3.6732000545736465,-1173658.524739027,300.23103384844126
66140.0,control,0.0,0.0,116.25300416809348,-0.4423357150027081,53.14261034756419,26.633854651624446,-4.921484131375932,-1175279.0513061956,299.6408232861544
66150.0,control,0.0,0.0,110.43483506951846,-0.3491418378069052,53.82818036279186,26.653755766923727,-4.631831942954101,-1173873.6109542362,299.13856312887185
66160.0,control,0.0,0.0,111.26433293298342,-0.36267117511414826,54.392877593746434,26.25325471472142,-3.4980947199226877,-1174061.1741477698,298.9853550405504
66170.0,control,0.0,0.0,112.27139834598485,-0.3789942540226667,54.103302396014634,26.70899808839772,-2.9544805892974257,-1173519.662198795,300.8760493284548
66180.0,control,0.0,0.0,109.70888834736878,-0.3372413055643225,53.41915224407641,26.482769840782435,-3.816458963133373,-1174066.6391054206,300.1367237807979
66190.0,control,0.0,0.0,114.29352855764837,-0.4114114148246627,54.181705932212225,27.30895299838183,-4.491290600873588,-1173919.3260040432,301.3353426915548
66200.0,control,0.0,0.0,115.14455193230408,-0.4249034447243683,53.34416716110754,26.853906227560945,-2.292777883440129,-1174135.482058851,300.0617438268403
66210.0,control,0.0,0.0,112.30316564756563,-0.37950727768695147,53.81032154946369,26.62904569936963,-3.952086861157972,-1174368.0593346339,300.6237451863756
66220.0,control,0.0,0.0,112.44122453544652,-0.38173549211037683,53.885567884721695,26.702780503171287,-1.8295092302161757,-1173867.9720263332,302.13095405685783
66230.0,control,0.0,0.0,109.84745073502125,-0.33951701468434636,53.63292283117094,26.40762850900422,-3.7736266735072164,-1173931.7442053556,300.90572288453114
66240.0,control,0.0,0.0,107.56563194655439,-0.3017980786059192,53.739879177482926,26.326746094962957,-4.256645898835072,-1172530.8527413718,300.8001988339263
66250.0,control,0.0,0.0,110.09509648495674,-0.34357932330984386,54.35478123662069,26.84668999195131,-3.3675446222612737,-1172223.870628586,300.6434145845967
66260.0,control,0.0,0.0,110.04863179811203,-0.3428176170275602,54.28245029561469,26.221957515141863,-3.6374162103466254,-1175931.750431383,302.14118386169685
66270.0,control,0.0,0.0,111.2014580790416,-0.3616482960021651,54.742139807321216,26.33701071946841,-2.1066781608437863,-1174893.0697668083,300.36124726899044
66280.0,control,0.0,0.0,123.04364237701817,-0.5452776949879039,54.85196463158553,26.880254919454575,-1.9343353899375533,-1173475.258929072,299.5229889288592
66290.0,control,0.0,0.0,113.55780959183525,-0.39967414981121746,55.11439929736029,26.494072607160213,-3.0328355945966368,-1173241.8190394193,301.2571241725893
66300.0,control,0.0,0.0,117.30504479817219,-0.45872779397700525,53.69411796280766,26.25574983604571,-3.0821087445321593,-1173035.3206935097,298.45557166405445
66310.0,control,0.0,0.0,116.15728885283028,-0.44083686880004874,54.39966809333542,26.506066768374154,-4.054589904657107,-1174967.9054303356,302.07241246026393
66320.0,control,0.0,0.0,109.27784490177935,-0.33014941961773636,53.58270974238624,26.68972935469268,-3.656144832624616,-1175614.0474040583,299.1632911808924
66330.0,control,0.0,0.0,113.45713465738525,-0.39806286682166214,53.58068330099102,26.339227113887787,-2.466772993981893,-1173490.8888420872,300.4632268350404
66340.0,control,0.0,0.0,114.72144320820802,-0.4182070578798829,53.973814682013106,26.705287153976894,-3.4070464767405126,-1173655.800221756,300.4368316631824
66350.0,control,0.0,0.0,109.02871391873776,-0.3260419624787614,53.35944287963921,26.30930128235032,-5.101051844575906,-1173597.201484533,299.98941230236795
66360.0,control,0.0,0.0,110.24503504564083,-0.346035756994782,54.39179333656907,26.460957986059373,-2.7876435086248255,-1175080.3131284248,299.8608789112397
66370.0,control,0.0,0.0,110.85160240236338,-0.3559487520272949,54.43401321331991,26.646141216196686,-3.812344219832434,-1174577.7687028106,301.15699703828614
66380.0,control,0.0,0.0,115.3608086756324,-0.4283171358234479,54.036303315175104,27.264076290375503,-3.5621691671748863,-1174573.691007018,299.50612624190256
66390.0,control,0.0,0.0,112.73787883050466,-0.3865158573880138,53.33572666836837,26.681565963430824,-4.330768740621844,-1174533.9692480043,299.92824141230085
66400.0,control,0.0,0.0,114.41138609952606,-0.41328539720909413,53.74371994708196,26.49253231364227,-3.4103396115777027,-1176983.0747306142,300.47343707249615
66410.0,control,0.0,0.0,114.1817856517328,-0.4096330498302322,53.627195823920246,26.92238886174028,-3.6726024732309446,-1174562.449428305,300.95895420107263
66420.0,control,0.0,0.0,114.7680321284272,-0.4189455276296046,54.03228716133475,26.86314425596547,-5.178039964129934,-1174180.7856636979,300.1385922798826
66430.0,control,0.0,0.0,119.56583157957402,-0.4934232542330903,53.74618057662659,27.220378774506823,-2.7673468066117914,-1176291.3447478171,302.4800653429952
66440.0,control,0.0,0.0,107.88598000433116,-0.3071237581264831,53.86839624164154,26.7708724346942,-2.8488357838549163,-1175175.837796023,301.21086598594
66450.0,control,0.0,0.0,117.56428675214993,-0.4627435622692523,53.949172089681916,26.50368723559568,-2.5542367581999077,-1175005.3441289514,300.41983138654456
66460.0,control,0.0,0.0,109.11522614070286,-0.32746900408731844,54.01575469619342,26.38854332587583,-4.151569602372365,-1173653.2938271537,300.81934557040006
66470.0,control,0.0,0.0,113.70738707516502,-0.40206582857937706,54.41629267875671,26.828909446630984,-4.539148961789087,-1176561.7664918322,299.8766821217709
66480.0,control,0.0,0.0,107.01256349803998,-0.292581390849924,54.361214504096594,26.995645915129472,-4.602627793055609,-1176172.2899635397,301.24303939105084
66490.0,control,0.0,0.0,114.42049070648375,-0.41343009146522763,54.26384511391986,26.970349004221564,-3.9268143175544514,-1174370.1643712446,301.21520019551673
66500.0,control,0.0,0.0,111.17868118695382,-0.36127764277264096,54.90377728632742,26.721743957596498,-2.7041278129955764,-1174289.4726131987,299.48540198590496
66510.0,control,0.0,0.0,112.83403412103675,-0.388063111651924,53.49859665661913,26.3105644205677,-4.024743244938163,-1174111.1433948316,298.87462712246884
66520.0,control,0.0,0.0,109.15060247608,-0.32805233106211684,53.31382144460672,26.52257537515954,-4.683605443202789,-1174757.1916336846,300.4268280382759
66530.0,control,0.0,0.0,114.894504462882,-0.4209488121075712,53.62147756352999,26.630558701432893,-3.86777124184715,-1174748.7010011524,302.82742516513105
66540.0,control,0.0,0.0,117.12599249140493,-0.45594870943798793,54.181520868308375,27.254075317248617,-4.806551107791771,-1174487.077430142,300.9786712227322
66550.0,control,0.0,0.0,110.47775854381906,-0.34984375125175193,54.71892948136411,26.484731860389438,-2.6912514728852965,-1174858.9946020525,301.8823097080689
66560.0,control,0.0,0.0,107.48343200661814,-0.3004300043869348,53.25331272667987,26.101466708252307,-5.311827636682568,-1173473.7367270645,299.2848939276789
66570.0,control,0.0,0.0,105.326111218716,-0.2643125971548943,53.43071909847188,26.578420521054635,-4.359844026454102,-1174987.105179498,300.4676298068841
66580.0,control,0.0,0.0,112.69187567955801,-0.38577522610402065,53.45184208918118,26.46198776816591,-4.8483444796857995,-1176284.0299457517,301.0540314994648
66590.0,control,0.0,0.0,111.24985817160936,-0.3624357312160447,53.45973424679283,26.23867298893825,-4.109508018332407,-1174256.1325782612,302.12066011281047
66600.0,control,0.0,0.0,105.2403328333387,-0.26286842804683075,53.67474500740739,26.43409557660483,-4.143959668224566,-1174426.542055685,299.43335021223294
66610.0,control,0.0,0.0,104.56988490579194,-0.25156068820304045,53.12637784567967,26.7292440475655,-2.713758614624478,-1175159.7493495718,301.9537508363594
66620.0,control,0.0,0.0,110.29158588939954,-0.346797915153398,53.22057291328535,26.24433890084074,-4.106852192957468,-1173667.8160566613,301.3053250542009
66630.0,control,0.0,0.0,105.64472605590248,-0.2696715996167012,53.81587608643357,26.480125758952646,-4.097903073216451,-1175367.0286135487,300.11646966549773
66640.0,control,0.0,0.0,105.55230731144205,-0.26811799637348505,54.04358246850775,26.58506563737808,-4.809942228021397,-1174445.385449769,299.7965550486714
66650.0,control,0.0,0.0,110.35038086487725,-0.34776021431219484,53.67239296865649,26.802959793418314,-4.285638433001593,-1173764.190844342,299.9484455518418
66660.0,control,0.0,0.0,104.35117954284,-0.24786448885442436,54.05529147024254,26.390514440765138,-5.668240695808899,-1175214.5502422918,302.30252828269874
66670.0,control,0.0,0.0,113.08391574543711,-0.39207888591376855,52.976522838307915,26.589471696737824,-3.744406303521373,-1174993.6089283396,300.992668810587
66680.0,control,0.0,0.0,108.99362316903013,-0.32546291934725136,52.82792682685552,26.299198117388592,-3.83423190303907,-1173505.5504300073,299.30996795042626
66690.0,control,0.0,0.0,107.56327283028261,-0.30175882388656267,52.89156181446738,26.74025225146273,-5.10606304101212,-1175108.9295536485,300.8489615804856
66700.0,control,0.0,0.0,105.6445304515412,-0.26966831215345355,52.58797590743763,26.58533283050814,-4.429503092639326,-1174614.0254117288,299.074915358924
66710.0,control,0.0,0.0,110.64831639438654,-0.35263088364958656,53.874748626146534,26.33752209922206,-3.4253124164726425,-1173176.0508155115,300.7768274099828
66720.0,control,0.0,0.0,113.59110208487893,-0.4002067185080948,53.34631022343877,26.536660334230437,-3.0659467552698323,-1174471.6943283249,300.44749405465467
66730.0,control,0.0,0.0,107.14215899000602,-0.2947435306713791,53.2869160898588,26.47937163961623,-5.278671999610028,-1174537.8478671405,299.2683024130227
66740.0,control,0.0,0.0,111.14489109467718,-0.360727664225309,53.65100921133827,26.571576511229086,-2.7755361258172453,-1174577.7217644583,299.0673253080391
66750.0,control,0.0,0.0,110.1383126142704,-0.34428757243931346,54.27039351688848,26.531101940385202,-4.583052593932345,-1175508.2104177363,299.76674087397
66760.0,control,0.0,0.0,112.13980182015422,-0.37686780655780505,54.40848531167999,26.41301428298587,-4.429469920166901,-1171555.1689976621,299.79573014367054
66770.0,control,0.0,0.0,113.46324889857438,-0.39816075918108684,54.728662490109684,26.460623755048612,-3.6278129247144317,-1175872.918776948,299.15285400367355
66780.0,control,0.0,0.0,110.75117381498049,-0.3543101959787605,54.23149702670853,26.42402473130726,-4.23335781729692,-1173846.1195691898,299.96824572670573
66790.0,control,0.0,0.0,102.30380449184186,-0.21309526251957728,53.83373331888042,26.417964119975956,-3.727047705797811,-1173290.293343639,299.25872209714186
66800.0,control,0.0,0.0,109.29050696271771,-0.33035801474645793,54.788395537985174,26.957917295311738,-4.504889954182241,-1176615.3176407218,302.94026110272455
66810.0,control,0.0,0.0,106.76245701963884,-0.2884044526633086,53.715820987174574,26.45628237887704,-3.880681045327445,-1172519.6929934788,300.8059118053821
66820.0,control,0.0,0.0,108.07529929135931,-0.31026662517801096,53.91329787787705,26.78562610571001,-3.295724243302524,-1173933.834523037,299.91130638175474
66830.0,control,0.0,0.0,106.13476630802415,-0.27789759007666676,54.04750858922814,26.94812087310327,-5.48418721445765,-1175804.918519415,300.9299824609905
66840.0,control,0.0,0.0,108.01103466347081,-0.3092001537675781,53.64107024591356,26.51022927816164,-3.5179570863836367,-1175237.411928529,300.7483553101739
66850.0,control,0.0,0.0,106.85588666872516,-0.2899654348443795,53.9553501822523,26.636622294492636,-4.9527825124473805,-1172932.44651247,300.44003423073264
66860.0,control,0.0,0.0,113.29239098141468,-0.39542352716664947,54.23585176056337,26.588815091291558,-4.380813536784818,-1174324.660839118,298.7575919471739
66870.0,control,0.0,0.0,110.2463434789327,-0.3460571825667431,53.69932938196307,26.54166563813727,-4.709725565316637,-1173913.3722828664,300.4124736782423
66880.0,control,0.0,0.0,113.25427691836173,-0.39481243965540547,53.64143338186875,26.691020305963782,-4.170264427852649,-1174040.332264252,300.10414970455525
66890.0,control,0.0,0.0,112.76482819907423,-0.3869496151213595,53.856766574790576,26.726552425837998,-5.088188275517339,-1173974.3495587464,301.78364443236524
66900.0,control,0.0,0.0,114.63730217426945,-0.4168726583089427,53.93350597760049,27.177396643159895,-4.597291522211847,-1172887.99596834,299.84304183341743
66910.0,control,0.0,0.0,109.55633803372906,-0.33473358218233457,53.31819031378694,26.733236264573485,-4.712465448675621,-1174481.8253166266,301.3848193227108
66920.0,control,0.0,0.0,111.20507277302126,-0.3617071134361122,53.11345255181883,26.56795621617037,-4.390457634368019,-1173848.3770360127,299.75819770619086
66930.0,control,0.0,0.0,111.39248305757039,-0.36475463096219507,52.936512160474415,26.51532310423809,-5.961039873692968,-1175322.0920466427,298.6994807462729
66940.0,control,0.0,0.0,107.51264460273714,-0.3009162679262961,53.17467935370304,26.206722427803555,-3.166983248312042,-1176263.4103658684,300.3763762016809
66950.0,control,0.0,0.0,115.60670311331084,-0.4321912524922581,53.4505465463825,26.45029334903762,-5.3502216783666245,-1174310.658110205,300.8499772665571
66960.0,control,0.0,0.0,102.5329534091544,-0.21700109035377685,53.0857856340675,27.21572533756707,-3.6542765520645624,-1172861.6298664194,301.30765778892874
66970.0,control,0.0,0.0,106.62784781262668,-0.2861541129322003,54.34481244754337,26.674469307816526,-4.193890704138226,-1174593.8984768894,299.49355687773095
66980.0,control,0.0,0.0,114.75252084150121,-0.4186996926930027,54.29070188078381,26.920867717638405,-4.281468264494983,-1175024.516684303,299.7766217211134
66990.0,control,0.0,0.0,112.25585682034814,-0.37874322486361844,54.0128651381909,26.835572559955537,-5.165448446617185,-1174518.565690117,298.9844114667155
67000.0,control,0.0,0.0,108.12780216334549,-0.3111376206154634,54.175897436450484,26.743998690043192,-3.9282273084156323,-1174464.881522838,300.9371985964419
67010.0,control,0.0,0.0,108.01866335593178,-0.3093267722818235,54.31004897404962,27.015870845663507,-4.142672701049134,-1173822.0535741895,301.2809959348125
67020.0,control,0.0,0.0,115.8650117212217,-0.43625238240788317,53.80174406702548,26.617282993078568,-3.754289206564125,-1175108.9588474296,300.8217230305759
67030.0,control,0.0,0.0,113.83337993753489,-0.4040782740211999,53.21337927986095,26.842461968320446,-3.985414032537241,-1174146.229487013,301.1046637186307
67040.0,control,0.0,0.0,115.11408760836255,-0.4244220667847281,53.024787014535804,26.897221956646383,-4.003931614457244,-1174486.8474418372,302.7923185462902
67050.0,control,0.0,0.0,114.57434474991582,-0.41587362317711724,53.486109850687136,26.601821403295645,-4.029600038685465,-1174901.7883905172,299.98736433697513
67060.0,control,0.0,0.0,112.73434262416538,-0.3864589347952587,53.91860807644394,26.657250940527668,-4.499841111396386,-1174334.1783118155,300.477633340701
67070.0,control,0.0,0.0,106.10139412095388,-0.2773380308994471,54.00882167974034,26.682336406471816,-3.638034710704379,-1174318.3160197493,301.6113856289321
67080.0,control,0.0,0.0,110.0632818429007,-0.3430578029362042,54.45749974969806,26.661257108100138,-4.450647558375044,-1173840.1569748241,300.59061436404374
67090.0,control,0.0,0.0,112.5271479866402,-0.3831211436100241,54.33960900542115,26.357345385700924,-4.86492164877165,-1174698.5742113106,300.42418787883497
67100.0,control,0.0,0.0,107.78937855127458,-0.305518794677192,53.29557043293857,26.82731342812921,-4.6354977396899395,-1172735.479588708,301.02956262313006
67110.0,control,0.0,0.0,119.43406427328414,-0.49142163281802953,53.73693388437336,26.655453255392526,-3.2752299684587887,-1174781.2569612172,301.32391751648004
67120.0,control,0.0,0.0,110.20811195794779,-0.34543106773141025,53.66845135872308,26.501620536324783,-3.6852527218830926,-1175480.1060622241,297.49602902144886
67130.0,control,0.0,0.0,108.39295040864465,-0.3155322862010355,53.92609144711113,26.71012813451151,-4.070767250271682,-1173047.5259974003,300.3287888773547
67140.0,control,0.0,0.0,114.48681036796249,-0.41448375630504597,54.30458565933992,26.628592423128833,-5.4786378806616725,-1174333.8367926776,301.56711607609685
67150.0,control,0.0,0.0,110.7268865656482,-0.35391377046428046,53.18427621466444,26.591303562046555,-4.765349822460433,-1175454.5155111551,298.42621814851486
67160.0,control,0.0,0.0,109.97874959161135,-0.3416715975952722,54.062792697518965,27.11863920157639,-4.358010211695655,-1174244.6280185096,299.49716115272525
67170.0,control,0.0,0.0,108.58716136031676,-0.31874692863202475,54.176560720017505,26.293523504382122,-5.104523062853315,-1173694.7246268075,301.2120371941506
67180.0,control,0.0,0.0,111.50794974769256,-0.3666303179562153,53.643371933687526,26.619603453282195,-4.4784634384086885,-1174570.9063234609,300.83104400192343
67190.0,control,0.0,0.0,108.39555935589883,-0.3155754944451338,53.821822948665705,26.704413458385737,-4.276692968474022,-1172645.8993506208,300.9485595152471
67200.0,control,0.0,0.0,106.71735987656658,-0.28765071442317314,53.57210985274006,26.237840376976365,-5.081290819681265,-1175343.0038539395,300.923527111215
67210.0,control,0.0,0.0,107.25070146539235,-0.29655326714857877,53.5792062097977,26.131839981813172,-4.108124715741216,-1172851.0221832339,300.8507769371053
67220.0,control,0.0,0.0,107.35300409017016,-0.2982579919967721,52.67806586228788,26.39274508241232,-3.3611251760135037,-1173733.3791721258,299.3801445751447
67230.0,control,0.0,0.0,107.29873253691844,-0.29735375335573294,53.61128755253154,26.788938266407573,-5.067017480626831,-1174918.7070166636,301.1128576363275
67240.0,control,0.0,0.0,112.33550964537308,-0.3800294948032163,53.06215690095409,26.465969060192975,-3.481905503006613,-1174770.0153187122,298.7498299449664
67250.0,control,0.0,0.0,106.66022197624599,-0.2866954752143737,52.42549791599939,26.89367272238151,-4.101619574208897,-1173601.7590691205,302.2368292004893
67260.0,control,0.0,0.0,108.96626260264847,-0.3250113496085167,53.508934334739955,26.525770090458515,-1.9447102620555508,-1175264.2137609161,297.4543151708822
67270.0,control,0.0,0.0,109.84327980884343,-0.3394485415023029,53.64598473625149,26.552700837515776,-4.8030346674439155,-1173916.3131162655,301.12557885938884
67280.0,control,0.0,0.0,108.11328230210616,-0.3108967697464632,53.84088521996463,27.003790760942927,-3.881655870996023,-1174073.3599158116,300.70030965553167
67290.0,control,0.0,0.0,110.45488444822603,-0.34946972310837654,54.22688039572871,26.839797713777354,-3.9190047104157735,-1173669.055635566,300.6363259582592
67300.0,control,0.0,0.0,108.95892437359772,-0.3248902239302409,53.65934018511368,26.666667972403143,-3.652586368431716,-1175493.9029097892,299.66575580885984
67310.0,control,0.0,0.0,105.73348241666012,-0.27116297601332895,53.30134876253669,26.41437417779397,-2.9076619732931768,-1174865.4881735928,300.4855590014636
67320.0,control,0.0,0.0,110.22998743242344,-0.3457893396263476,52.59630438681426,26.366900279773034,-4.258831835678743,-1174575.7098858543,298.5682750753922
67330.0,control,0.0,0.0,105.95194727078692,-0.27483106960960757,52.60317944547829,26.745707995381302,-4.811045713400526,-1173178.909566857,299.1202923976398
67340.0,control,0.0,0.0,109.02010409226706,-0.32589990042776723,53.1159241294875,26.411310424781878,-3.481379842971615,-1174500.8642416708,302.52202839457425
67350.0,control,0.0,0.0,114.58927219193417,-0.4161105436213781,53.88461319541536,26.53911350351279,-3.8005974313514543,-1173816.3000884522,301.20910234874117
67360.0,control,0.0,0.0,111.01103601479306,-0.3585477642983216,53.31296546128798,26.572359992837608,-3.9604191537081936,-1173937.073311355,298.87634591168376
67370.0,control,0.0,0.0,113.2490203620636,-0.3947281469194755,52.9008554753552,26.64461476086586,-3.5587507797802957,-1173185.9495198112,299.2822145926523
67380.0,control,0.0,0.0,111.45041051214272,-0.3656958132997633,53.71623945349001,26.73755307370842,-4.695817780842113,-1175114.25619963,298.6185622575903
67390.0,control,0.0,0.0,109.75201728333768,-0.33794985494131574,53.339158735509386,26.93257357243782,-5.360480445231255,-1174710.354491001,300.5280465563493
67400.0,control,0.0,0.0,110.91342866293022,-0.356956943116156,53.25583404453849,26.37016382135437,-4.387067764889878,-1176083.7233392,299.9120102699898
67410.0,control,0.0,0.0,110.84674200170542,-0.3558694766522665,53.66978776682848,26.617286185233407,-3.7124096284882753,-1174969.7566802576,300.16573268752194
67420.0,control,0.0,0.0,107.49077973941594,-0.30055231975526236,54.51326860871397,26.081934453526245,-3.7302598997637477,-1174941.3749887627,300.8297630659525
67430.0,control,0.0,0.0,107.16256113137973,-0.29508377796125046,53.05408611631842,26.758388636634532,-4.603144624685261,-1174027.8531177603,300.1708642874809
67440.0,control,0.0,0.0,108.1474021488558,-0.3114627072860514,53.216593894271384,26.359224971179444,-4.785451072966747,-1175126.7423396278,301.6915442901438
67450.0,control,0.0,0.0,108.04065825154129,-0.30969180557894344,52.77645629126572,26.23734226714093,-4.797158002405835,-1175421.7633679584,301.72598636909623
67460.0,control,0.0,0.0,108.11976105063566,-0.31100423964715956,53.43881859731461,26.374767356789484,-3.565301836669259,-1175493.267917825,299.46770278771646
67470.0,control,0.0,0.0,108.59769791114508,-0.3189212286250629,53.53794281782314,26.114745482442697,-5.186392054398379,-1175153.3953070808,299.27593779243267
67480.0,control,0.0,0.0,106.3946731045422,-0.28225226641376194,53.073473420483126,26.383058794428628,-3.997029267109907,-1174160.4892509934,302.1907996455769
67490.0,control,0.0,0.0,110.29982064713428,-0.34693271569967193,53.81217905013847,26.504161896586858,-4.948545435396248,-1174897.9893273246,300.9473481948795
67500.0,control,0.0,0.0,108.00359468650939,-0.3090766622110375,52.801084590125846,26.280945073217353,-3.829384732807816,-1174168.2966759112,299.7671947000405
67510.0,control,0.0,0.0,112.84325233589902,-0.38821138647178316,52.523053445719604,26.051969987800412,-3.672138289549173,-1175693.7425504755,299.79329813047923
67520.0,control,0.0,0.0,109.83932602778634,-0.33938363148336104,53.51165378528991,26.480449526441394,-3.97485801468684,-1174090.335157888,301.9442685179252
67530.0,control,0.0,0.0,106.99119934107932,-0.2922248124100431,52.588186619316865,26.589111011986358,-4.372558748206545,-1172462.4792331439,297.22229314545507
67540.0,control,0.0,0.0,109.0412276608516,-0.3262484259714974,52.82073803695166,26.54550693658331,-4.236260730219705,-1173840.3305949587,301.9833352621595
67550.0,control,0.0,0.0,106.1043873040004,-0.27738822213548386,52.79656501932785,26.052935026357638,-5.167890065494323,-1173909.1121092103,300.97745369977196
67560.0,control,0.0,0.0,111.2429923514373,-0.36232404491518033,52.346234652300836,26.62765014981715,-5.0409965414158275,-1174963.492770629,301.0656120073663
67570.0,control,0.0,0.0,106.65337558287709,-0.2865809971292727,53.64087962985086,26.65552391583206,-4.990813687002534,-1174104.7675005551,300.4810920561779
67580.0,control,0.0,0.0,110.698338809381,-0.3534477220719716,53.18155665659769,26.02755109017523,-5.132497202324726,-1173756.6265816316,299.63502529757096
67590.0,control,0.0,0.0,107.34215780432974,-0.2980772993433643,52.75680064266548,26.95543235419529,-3.127191714579468,-1174129.8838785943,300.93567136936815
67600.0,control,0.0,0.0,105.22943656806214,-0.26268493574734036,52.180627379798274,26.416883405080977,-4.232707878411551,-1174675.1843531523,300.35552644434483
67610.0,control,0.0,0.0,108.29770735431937,-0.31395446520018094,52.40564614569371,26.64782385499349,-4.914074844865039,-1174032.2777004484,297.5651457640096
67620.0,control,0.0,0.0,105.41855886038707,-0.26586838679627883,52.603515070462834,26.772304407246622,-2.3083168347271217,-1174193.6691149212,301.465653722871
67630.0,control,0.0,0.0,113.80075421824314,-0.4035573404728442,52.744107084520635,26.623292517054548,-6.017096896491452,-1173207.263112506,300.1564940629019
67640.0,control,0.0,0.0,113.22496876034731,-0.39434241947541143,52.8129047324852,26.492516382701435,-4.37611696500329,-1174102.5989680253,299.51749651974376
67650.0,control,0.0,0.0,104.87694234256303,-0.25674387164658863,52.23314079115524,26.49641166653801,-3.8499820559713904,-1174275.1270218007,299.61159321951527
