time_ps,phase,k_pull,r0_pull_ang,alpha_deg,cos_alpha,linker_e2e_ang,cr2_sep_ang,triple_product_ang,potential_kj_mol,temperature_k
10.0,control,0.0,0.0,95.62996420088399,-0.09810336440848537,52.327624101569505,26.029638365269705,-4.405172694158372,-1173800.979034353,299.4157861105182
20.0,control,0.0,0.0,92.60810055735882,-0.045504223530286436,53.40562966969626,25.612487689414426,-5.290866683511771,-1173339.7128304224,299.9398148192732
30.0,control,0.0,0.0,96.70123590779144,-0.1166921604188017,53.3602317498952,25.77967239302944,-7.207815711576597,-1173033.6065735295,299.27406642730347
40.0,control,0.0,0.0,93.58362645300393,-0.06250530857033045,53.525771305798344,26.100023563999102,-5.701498684399565,-1174452.069778027,301.69918405289667
50.0,control,0.0,0.0,95.75126065913031,-0.10020995353444757,52.9721244777677,25.559787503469252,-4.350251801752595,-1173306.0225181654,303.3241851690817
60.0,control,0.0,0.0,92.13512442932533,-0.03725632700275794,52.78248407699685,25.97018693756696,-6.08776383215097,-1172592.656179797,298.68276555905817
70.0,control,0.0,0.0,99.1391181533558,-0.15883217780919356,52.36226023875413,26.219113384990727,-5.649933411261287,-1174035.3292113636,302.843440081505
80.0,control,0.0,0.0,96.3273762773809,-0.11020921923132006,52.079770203904566,25.68876551880024,-5.223604035227808,-1171488.2372871544,301.0857108257003
90.0,control,0.0,0.0,94.50475822642177,-0.07854188616949342,52.61588563542529,25.69812694629785,-4.549816784143515,-1172894.0148890018,299.4647679034792
100.0,control,0.0,0.0,92.68665536128754,-0.04687380010792669,53.90098954116202,25.682590578776104,-3.460907760569368,-1173728.5554667432,301.0017455530349
110.0,control,0.0,0.0,94.3076089997879,-0.07511115444366699,53.55746457614657,25.764266092083332,-6.147520435884083,-1173281.2960062306,300.5287891544327
120.0,control,0.0,0.0,95.85118958628959,-0.10194510984398913,52.95139267884693,25.9642124011284,-4.97156691142845,-1172578.372050099,299.84224461156145
130.0,control,0.0,0.0,99.54161484612796,-0.16576391735797352,53.34505907320393,25.3314376610453,-4.772297592027149,-1172886.5148980804,299.5059942745956
140.0,control,0.0,0.0,92.3682257650404,-0.041321568748725716,53.12841369506815,26.05421322550552,-6.17712263305463,-1173994.8410918284,300.4194533834613
150.0,control,0.0,0.0,91.50983481433633,-0.026348538992756465,52.77317217935806,26.135578765482546,-5.5473922827162045,-1172481.5055146087,299.48724628648426
160.0,control,0.0,0.0,100.66025562233834,-0.18498496150726296,52.2099260784584,26.22633717575954,-4.074645881022837,-1172258.2454337236,300.21111097422903
170.0,control,0.0,0.0,95.39927945677697,-0.0940957932715028,52.35157663929894,26.26372984735411,-4.507707185737635,-1173063.0419920236,299.6331556333289
180.0,control,0.0,0.0,93.47403238895761,-0.06059615831606824,51.96741780852138,26.046731628691596,-4.628571464932566,-1172592.038529044,300.04195765523616
190.0,control,0.0,0.0,96.64818720311759,-0.11577256142508514,52.290859432666096,25.40881905808565,-5.276850689458945,-1173617.0523012262,301.91639213085097
200.0,control,0.0,0.0,93.77494178891878,-0.06583750731174211,53.13124670623735,25.365677627518583,-3.511387964674449,-1172260.1542655993,301.2613229711002
210.0,control,0.0,0.0,97.63070481652653,-0.13278756379176868,52.34450508296646,25.90225940044119,-4.3615369091770635,-1174250.7786039896,301.8314586154705
220.0,control,0.0,0.0,96.7674382623541,-0.11783963745277909,52.71516735492488,26.3396414097915,-4.707606287191949,-1172366.9374686908,300.9758721719013
230.0,control,0.0,0.0,94.24454231177828,-0.07401349716291496,52.02026126955926,26.14366410087338,-4.126970263313531,-1172415.9844580106,299.6195776237767
240.0,control,0.0,0.0,88.16447864726058,0.03203041164695526,51.97672738384727,25.60557657048579,-3.7222187170538197,-1171869.8919828422,300.2388726489394
250.0,control,0.0,0.0,95.15353320563938,-0.089824889673281,51.64598535364196,25.74473711014917,-6.1972603999554705,-1174528.762427682,298.62568036618757
260.0,control,0.0,0.0,99.94316268218171,-0.17267116473675903,52.38001673313141,25.631074212837344,-5.920169542437135,-1173171.9823969826,299.6882803507165
270.0,control,0.0,0.0,91.55782675109482,-0.02718585615607691,52.79247913444696,25.584000572512068,-4.385059952617138,-1173791.730941018,300.5058720938999
280.0,control,0.0,0.0,98.73788624391715,-0.15191441852986476,52.65379070448023,26.102091512037923,-4.96881723326709,-1173193.9701032285,300.7565674024111
290.0,control,0.0,0.0,97.49343376088348,-0.13041256931130224,52.639158941533296,26.14398072514789,-5.297773909122286,-1172873.4618472792,301.47113860022733
300.0,control,0.0,0.0,93.2695110423351,-0.05703276851141782,51.57644262276505,25.336318042399643,-5.914834981741688,-1171517.3320037145,300.75768668107423
310.0,control,0.0,0.0,93.41171963831061,-0.05951055857289313,53.04467705534104,25.87550955356553,-5.3551053458947,-1172091.0625714809,301.8128625457521
320.0,control,0.0,0.0,93.1242164284362,-0.054500846065552264,53.42829818752503,25.884235058380852,-5.338104348812051,-1173793.2665825058,300.9629578853347
330.0,control,0.0,0.0,99.42316441542212,-0.1637248153887748,53.66491145412845,26.410572446436344,-5.231427897673036,-1174013.8154939022,299.1658950922357
340.0,control,0.0,0.0,96.77314896734849,-0.11793861303085569,52.93130033179176,26.070837589185548,-3.522889020586426,-1174179.551760124,300.20677297849835
350.0,control,0.0,0.0,92.29370530471026,-0.040022017638668,53.26220990105901,25.922789801296712,-5.835224182595379,-1173949.430255549,301.09063712753846
360.0,control,0.0,0.0,87.02368345079255,0.05192316407658755,53.37469971817146,25.712904591315507,-4.871404429697948,-1173783.6974584665,301.831572382441
370.0,control,0.0,0.0,94.72830871443516,-0.08243091748184261,53.61472226846688,26.077516423074957,-5.852774584080475,-1175058.7633163463,299.02351351344953
380.0,control,0.0,0.0,94.38963796549857,-0.07653870826844193,53.18219628289309,26.118104544558854,-4.64219753020293,-1174374.787056541,298.7036217496305
390.0,control,0.0,0.0,92.67896977658704,-0.04673980837138843,53.49695311580096,25.88319777253708,-4.941709383513008,-1173845.0021126177,301.6980627323541
400.0,control,0.0,0.0,93.14178170366439,-0.054806959736020414,52.60807430663758,25.701334499083345,-5.392364545844137,-1173878.1639901046,299.51470419071705
410.0,control,0.0,0.0,97.25855949399462,-0.12634716468816853,52.036192039262225,26.34938307105792,-6.624149142843525,-1173045.028172478,300.38321695185465
420.0,control,0.0,0.0,94.83265609142677,-0.08424578710939022,51.65402004794292,25.639365052688262,-5.774338361573836,-1174227.3180943541,300.88848330756616
430.0,control,0.0,0.0,100.52500562924497,-0.1826646306149333,51.779827344615754,25.86100340269001,-4.558599084928296,-1173421.5400167722,299.9832332694557
440.0,control,0.0,0.0,95.3316719710327,-0.09292099017890934,52.354345414641216,25.87737444308336,-4.707062252997099,-1172426.3915945739,300.59114755149955
450.0,control,0.0,0.0,96.29337082308793,-0.10961930811627253,52.366985055546756,25.847146015736428,-3.8889869135266526,-1172043.7752810344,298.26155314858715
460.0,control,0.0,0.0,100.53483795373377,-0.18283334712984076,51.7947563383958,26.11775817614202,-4.51227405683805,-1172610.3534034155,301.2602741084261
470.0,control,0.0,0.0,97.47109393707345,-0.13002598577676766,51.945457845344976,25.32647925609081,-4.797125052807931,-1174008.3391507212,300.932205646573
480.0,control,0.0,0.0,99.10510316808116,-0.15824601269678873,51.42174278774288,25.940125246788792,-5.199757258814487,-1174674.3880236484,299.4309961819875
490.0,control,0.0,0.0,97.14789674884743,-0.12443097926223629,52.50068436822393,25.962101870503794,-4.314898680935144,-1174160.419687029,301.596958900949
500.0,control,0.0,0.0,95.39601146572564,-0.09403900898033446,51.19768379923342,26.108343065893227,-4.850131509292385,-1173045.637432713,301.99207175885874
510.0,control,0.0,0.0,98.06794878809882,-0.14034739150126846,51.84453446682128,25.853700176584002,-7.074964351062433,-1173739.0042060763,301.92468429017015
520.0,control,0.0,0.0,99.58036913965262,-0.16643091186797174,51.90902233340572,26.135692675792036,-5.158963964875684,-1172967.2838647012,300.2734385626457
530.0,control,0.0,0.0,101.25819470894687,-0.19523059649403623,51.03584520432318,25.915867048791316,-6.022972174124588,-1173665.2511733882,300.35589404768143
540.0,control,0.0,0.0,92.42795127091615,-0.04236306251442415,51.28176180119688,25.763814948456673,-6.881749192453928,-1173358.7861643676,300.5000688237665
550.0,control,0.0,0.0,97.40182490699658,-0.12882718186908895,51.44933613955072,25.722326218041168,-5.096781132801556,-1172104.2284847721,298.4806166828591
560.0,control,0.0,0.0,93.79468400085229,-0.06618132241019797,52.0960263735673,26.12201792336762,-4.4268754869102676,-1171789.8912045658,301.2702707626862
570.0,control,0.0,0.0,91.52783982373712,-0.02666267528139303,51.73366969949653,26.207152947355038,-4.7853990382371405,-1173266.417358283,301.78269348562026
580.0,control,0.0,0.0,93.65648643171771,-0.06377441767398156,52.563382678583466,25.899454132448017,-6.558047375089954,-1173103.8840111569,300.59904276984827
590.0,control,0.0,0.0,91.01860522542155,-0.017777078496327287,52.58125679905694,25.822307977768933,-6.568349495737509,-1173977.0917622112,298.9371701011381
600.0,control,0.0,0.0,99.50449044856462,-0.16512490362596133,52.572347758338076,25.762748333204097,-7.320845296457866,-1173163.4421910942,298.88046415426646
610.0,control,0.0,0.0,93.81517776497081,-0.06653821764803772,52.442645091252345,26.017299529391376,-6.40352006980448,-1174454.3544516917,299.1103667125373
620.0,control,0.0,0.0,97.90380306318644,-0.13751029176496465,52.5038256919051,26.139188787031717,-4.760093217089668,-1174260.8625297174,300.2046815999173
630.0,control,0.0,0.0,95.22665841284838,-0.09109593255344241,52.315187733808784,26.144809516747696,-7.068430708492569,-1175375.803718906,303.1097208156626
640.0,control,0.0,0.0,97.30278361042085,-0.12711279782466253,53.54316810646321,25.790916180800558,-5.794778619952995,-1175199.438685922,299.6359689458509
650.0,control,0.0,0.0,96.50102832177497,-0.11322104598064885,53.49820822996997,25.808094084730513,-5.233602228085056,-1173002.8739397582,299.11097699312137
660.0,control,0.0,0.0,94.26236991435961,-0.07432379052705167,53.30175596471511,26.200296557303698,-5.345858648994211,-1174277.2274917904,301.6188644899562
670.0,control,0.0,0.0,96.37933153060159,-0.11111044023536062,52.700878575056244,26.03025752545826,-6.555278052457163,-1173674.8611334749,301.82474859377743
680.0,control,0.0,0.0,97.03529086240141,-0.12248067085724776,53.979394439005254,26.146194154074216,-5.458746038830354,-1172354.3746836837,301.11500032698234
690.0,control,0.0,0.0,101.64927474040076,-0.2019202877232006,53.275594439740956,25.70533709496533,-5.0175484360966305,-1174175.7699547913,298.9612365840799
700.0,control,0.0,0.0,93.95006820265374,-0.0688870959676626,53.81444095523814,25.585186919287793,-5.379677468451101,-1173103.3408044819,299.79857709781476
710.0,control,0.0,0.0,93.77073361744996,-0.0657642200391362,53.52538643013784,25.445012703474706,-4.280082070476203,-1173552.8931374718,301.34723468650293
720.0,control,0.0,0.0,102.15748960976016,-0.21059954827357497,53.27829654262856,25.766591130269887,-6.364087353156151,-1174074.9968170375,299.09502727937166
730.0,control,0.0,0.0,96.79519195850868,-0.11832064204261604,52.13061534592191,25.6511044559798,-5.4092620514182865,-1171893.2433959357,301.21130041583075
740.0,control,0.0,0.0,96.07793809951386,-0.10588119085578829,50.860666071937494,25.722859316157248,-4.519565125512517,-1171360.6923418343,300.6303242626085
750.0,control,0.0,0.0,104.67670331155755,-0.25336462876099375,52.53965044006101,25.546425695601847,-6.725503231442452,-1172749.2727598287,301.6316295053357
760.0,control,0.0,0.0,94.22530497660377,-0.07367865905430492,52.113057262589514,25.981813011463846,-5.923635188860763,-1172598.3064247463,300.7412839925691
770.0,control,0.0,0.0,94.65005174265595,-0.08106964745533976,51.82182106795562,25.85619821839944,-5.840957020694055,-1175049.698483877,301.35569551931735
780.0,control,0.0,0.0,97.08791191268628,-0.12339211485148123,52.887098498127834,25.722812171315297,-5.735423462260503,-1170867.0488051418,299.1486021787337
790.0,control,0.0,0.0,92.41203355598952,-0.04208549374905751,52.87272463571954,25.588204443791113,-6.2646498780337545,-1173627.557404587,298.54584886828707
800.0,control,0.0,0.0,97.79557444039652,-0.13563904608543648,53.38070320949652,26.066994864096515,-5.170688698488077,-1172900.230868712,301.85017663447286
810.0,control,0.0,0.0,90.81264159163938,-0.014182795887460659,52.985605147892926,25.396753401378316,-5.929430115817962,-1174333.496017972,299.3123017114737
820.0,control,0.0,0.0,90.90148980832517,-0.015733316159195793,52.88995853013418,25.749644807686998,-5.427891249413781,-1175302.1348290145,301.8141000780252
830.0,control,0.0,0.0,92.96134228302786,-0.051662164598239774,54.086714841536235,25.838846370377208,-4.793203850603756,-1173742.580635393,299.7437656573177
840.0,control,0.0,0.0,87.8700103127092,0.037166770916640834,53.09089058981221,25.78612962352364,-6.058359770433284,-1171796.6650776453,300.6049554562501
850.0,control,0.0,0.0,84.26022830422723,0.10001044063891013,53.04423183822077,26.176213753318176,-5.374509343287659,-1172669.7618960142,300.62627486089116
860.0,control,0.0,0.0,97.32032555701622,-0.12741647306150794,52.635888273273274,25.904434089768998,-4.726069106451854,-1174411.2802337855,300.69015123012974
870.0,control,0.0,0.0,93.95733926199611,-0.06901369787321047,52.54031202521326,26.15321953869987,-5.856691501642537,-1173497.855003113,300.9697770300596
880.0,control,0.0,0.0,94.50269345519004,-0.07850596038735796,52.580958643124994,26.123017999657968,-4.927969017750393,-1173565.4977040626,299.98796466135315
890.0,control,0.0,0.0,95.22960498909048,-0.09114714606092582,53.60534269670164,25.985802087380538,-6.292687331028278,-1172466.1494223718,301.0080814768097
900.0,control,0.0,0.0,95.57807746692714,-0.09720209833699849,53.328829127222086,25.865987989402214,-6.910724499711929,-1173039.5231878832,298.2636459407675
910.0,control,0.0,0.0,99.4779256623,-0.16466760749232534,53.715951022780594,25.86271921099642,-5.1461082651273165,-1173704.7472705822,300.59819969980765
920.0,control,0.0,0.0,93.76640471806661,-0.06568882986331705,53.9195471755844,26.059994905490562,-4.5522009680161695,-1172043.3332190365,300.13761896105336
930.0,control,0.0,0.0,98.9340831742323,-0.155298060263862,53.999812091219795,25.706353780328424,-4.405812129226851,-1172709.7772098891,299.48601397992326
940.0,control,0.0,0.0,94.11814349249485,-0.07181329401341863,53.943234390037986,26.036145251018997,-6.228612238648029,-1174530.457553722,299.5255396308649
950.0,control,0.0,0.0,103.72284935094596,-0.2372255775194082,53.66709184322691,26.194840995461245,-5.419503772183828,-1172944.0379596595,299.31429540382067
960.0,control,0.0,0.0,95.59777020174744,-0.09754416810090702,53.728333344875566,26.12831431856104,-5.319721101535724,-1175077.91841726,301.25389255970856
970.0,control,0.0,0.0,95.17655854474062,-0.0902251258663803,53.771740177089654,26.041154230815277,-4.870086886167403,-1172922.4743220415,299.61524712509845
980.0,control,0.0,0.0,101.1190789425937,-0.19284871684959612,53.288221059255285,25.955895324633865,-5.976010257857203,-1174273.3549691997,297.97968055641957
990.0,control,0.0,0.0,92.25405893669915,-0.039330602853557925,53.48434105572166,26.3252873788318,-6.436005006017378,-1174843.1329434048,300.1341593312284
1000.0,control,0.0,0.0,99.91952092962396,-0.17226472146966557,53.820201882198084,25.836039470158852,-4.987600245623637,-1173367.6608829591,299.23210868684026
1010.0,control,0.0,0.0,101.4410528995004,-0.1983596619793178,53.484195504547955,26.12729057794489,-5.7281423311996456,-1173465.6474558916,299.10980587355124
1020.0,control,0.0,0.0,91.35419651314432,-0.02363298741178682,53.705751727314144,25.850481010628336,-6.306211061468154,-1173510.8577575404,299.6864662623327
1030.0,control,0.0,0.0,98.59936814768918,-0.14952443952494818,51.88812309620896,26.42029389029665,-5.573210184626282,-1173306.7728534304,299.28675636892905
1040.0,control,0.0,0.0,94.34903081392369,-0.07583203958681241,52.46191186444435,25.93115416987881,-5.743135037087056,-1173855.053364914,299.0612934975445
1050.0,control,0.0,0.0,91.9529350960117,-0.03407854788126059,52.99761994204528,26.08810332803593,-8.06836576032391,-1172893.9022147376,298.7097696413805
1060.0,control,0.0,0.0,92.819216733449,-0.04918476189605178,53.512242623794585,26.394748180841834,-7.203685913498885,-1174403.3042728454,301.2016446422727
1070.0,control,0.0,0.0,89.53464814172764,0.008121832812818502,53.87112176401116,26.44299878694703,-5.86148464652631,-1173772.9467486273,300.51977873883874
1080.0,control,0.0,0.0,100.47877545580738,-0.18187127784003637,53.775399116658946,26.018823888918362,-7.513639897917202,-1172450.8117534444,298.21195152814835
1090.0,control,0.0,0.0,95.1624610855898,-0.08998007958806967,54.0454786517348,25.99657243847678,-4.37004208210378,-1172785.6931353454,299.70419983187935
1100.0,control,0.0,0.0,97.57578009390792,-0.13183737468874104,54.289267299356005,26.02054914011258,-7.835763198371634,-1172956.369309906,301.8692610257439
1110.0,control,0.0,0.0,96.80797350069216,-0.11854215205259895,52.85409439325422,26.24525543909216,-6.181984847567863,-1173869.8710191026,299.40786870613124
1120.0,control,0.0,0.0,95.7836222569649,-0.10077191084482294,52.75040991846679,26.27709587094322,-6.239293178628546,-1172810.1559984405,301.41400004181577
1130.0,control,0.0,0.0,92.76230731639306,-0.04819268323571195,53.723149758916506,25.909661742939896,-5.848025112481651,-1174376.1003639381,299.7411267810811
1140.0,control,0.0,0.0,103.62909750767295,-0.23563569054125333,52.56487443610285,26.24896904528999,-6.505827361430191,-1173312.4566805288,300.78172633437026
1150.0,control,0.0,0.0,98.55961638814557,-0.1488384041736513,52.8519562317065,25.512674422856932,-5.762937447227513,-1174408.066150913,300.3816859508576
1160.0,control,0.0,0.0,98.95006623745763,-0.15557362689342344,52.420946896459995,25.773787713539292,-5.473251713311676,-1172254.5925301164,300.2980576212475
1170.0,control,0.0,0.0,94.99629504628967,-0.08709132498928393,52.397973863079535,25.756379994281392,-6.306084863782104,-1172630.4340403248,300.5984309221549
1180.0,control,0.0,0.0,93.90400984084853,-0.0680851133583407,52.46776500754059,25.57362385617484,-6.31238929746675,-1172273.1760383882,300.8752381735343
1190.0,control,0.0,0.0,100.51235080768205,-0.18244747390590305,52.36516190741813,26.12284170079935,-5.120016935607566,-1171220.041185528,300.126515836274
1200.0,control,0.0,0.0,99.2784145125421,-0.1612320237658757,52.830986961142926,26.29516109790406,-6.693542261058068,-1174352.9599130377,298.9724770954771
1210.0,control,0.0,0.0,98.17638383504972,-0.14222095579767233,53.29788681811206,26.358927783262732,-7.287337774660337,-1174734.1628816891,302.6019229696136
1220.0,control,0.0,0.0,101.5710193189891,-0.20058241815023106,52.50078560227207,26.158107183171808,-6.047037437345154,-1172386.01177641,300.2664123105996
1230.0,control,0.0,0.0,97.36641450701245,-0.12821427922663298,52.84469194427211,26.262758889720637,-5.597321503016984,-1173642.6277608704,300.1382246444751
1240.0,control,0.0,0.0,100.95650934413796,-0.19006383132156524,53.172246877409044,26.094870414311416,-5.769029313468932,-1173108.9549806584,300.69728092652673
1250.0,control,0.0,0.0,97.74880630108119,-0.13483028656772578,52.876783903372385,25.708188031612305,-5.391771708746648,-1172987.5042002555,299.9149647090663
1260.0,control,0.0,0.0,99.90170360768032,-0.17195839101379756,53.559640406501224,25.982198325538366,-5.686792396190753,-1173806.0938508473,300.52539020485034
1270.0,control,0.0,0.0,99.4272131862203,-0.16379452581933562,53.49593349590506,25.45247381906978,-6.07081655880812,-1173614.8039398715,301.35635434513216
1280.0,control,0.0,0.0,103.28367553850308,-0.22977245401035906,52.88023498624348,25.746180436313434,-4.334904049839343,-1172873.155536987,299.082308043491
1290.0,control,0.0,0.0,94.41018330359356,-0.07689623526983398,52.2959477109665,25.78008678860298,-5.539737487411083,-1173658.4424324445,298.71209676621095
1300.0,control,0.0,0.0,95.24347316242668,-0.09138818114541995,52.37457803831957,25.698847188293648,-6.043924712484472,-1174367.5053637065,300.8611305056654
1310.0,control,0.0,0.0,92.27597389645032,-0.03971279222106777,53.163253762799926,25.809323628933907,-5.547984540480948,-1173996.8399111778,301.00822626954925
1320.0,control,0.0,0.0,99.54759762239313,-0.1658668910079919,52.38795941052478,26.111044461954027,-5.6735424182382355,-1172915.538600415,300.78670043427707
1330.0,control,0.0,0.0,95.4191842510889,-0.09444165040302233,52.64126260142331,25.612813347780758,-5.44985031651502,-1173713.8727687355,298.7653852981073
1340.0,control,0.0,0.0,98.29446441784182,-0.144260598149541,52.062918858056904,25.939582930126353,-4.9859634786070375,-1174022.92189016,302.32416729625
1350.0,control,0.0,0.0,97.09210435409781,-0.12346472724718531,53.384907312386865,25.807266770973513,-6.622288396266809,-1173268.9031611886,298.89356374880145
1360.0,control,0.0,0.0,102.24236901504779,-0.21204751695597937,52.458209207326334,26.20350638127598,-5.540042048937092,-1173898.9878191836,300.1873897789237
1370.0,control,0.0,0.0,97.31356673653494,-0.1272994699902907,53.63898272555333,25.905675569675562,-6.936520426279821,-1173199.2086838204,300.26011232804365
1380.0,control,0.0,0.0,95.28360491832528,-0.09208565888213768,53.323619496946314,25.366159711974205,-6.934442800583836,-1172511.64900155,299.9565787266112
1390.0,control,0.0,0.0,93.18314833191263,-0.055527844088309256,52.91179683164247,25.897572041717304,-4.033815250977496,-1174011.5013162792,299.6985158551568
1400.0,control,0.0,0.0,96.11577796883091,-0.10653788560617941,53.30581099309677,25.74629708871282,-4.27676004544022,-1173214.303328609,299.7681444059183
1410.0,control,0.0,0.0,102.93649510075706,-0.22387095424837855,52.7222720299883,25.76286435433728,-6.671375978399712,-1174610.4472826868,299.44069160446605
1420.0,control,0.0,0.0,90.77901063116528,-0.013595881525122422,52.080315245274086,26.19128823194701,-7.119075487335357,-1173811.3917971067,299.62390339987064
1430.0,control,0.0,0.0,95.04406776418901,-0.08792191770975874,53.27569778613346,25.892442320419224,-7.390393591799771,-1172600.705215145,298.2590584606079
1440.0,control,0.0,0.0,96.5830815642995,-0.11464381998481274,53.02190053740881,25.8991834940054,-6.7208605621467665,-1172414.7096118834,300.18246415938853
1450.0,control,0.0,0.0,99.6476441293196,-0.16758859093734818,52.708869340434,25.70752899596835,-6.809602603458221,-1173138.8112313095,300.992402247852
1460.0,control,0.0,0.0,100.09020591633313,-0.17519843353451356,52.42279934297092,25.535492039819818,-5.778283890053026,-1175086.0941132903,299.28868997696947
1470.0,control,0.0,0.0,101.35418664180868,-0.19687345838391299,52.59421782543656,25.71078163215367,-6.802133532749745,-1175045.6494141277,299.9667250949383
1480.0,control,0.0,0.0,96.87458396855646,-0.11969644639318516,53.057483290198135,25.563276061008555,-4.375351255686976,-1173035.3389487881,300.5256584632588
1490.0,control,0.0,0.0,98.66992012060388,-0.15074184712004654,53.161276867975616,25.48409758793717,-5.012950979394541,-1175203.735295549,299.49632070024734
1500.0,control,0.0,0.0,93.090411701246,-0.05391170972978165,53.37582280504152,25.72221608737822,-4.403549471745276,-1172960.3920979537,300.00275828396667
1510.0,control,0.0,0.0,96.78819139658208,-0.11819931658534662,51.777878528761164,25.902851952759285,-5.965204894179049,-1174165.7568996493,301.37273261893984
1520.0,control,0.0,0.0,99.07934479037313,-0.15780209290978786,51.94124950841658,26.25471814343026,-6.115423866981234,-1175140.5529027693,297.41896543217115
1530.0,control,0.0,0.0,105.48539321616529,-0.26699270284952875,52.446982761408194,25.800408908034026,-6.943600314638238,-1173575.451152224,299.39349818501194
1540.0,control,0.0,0.0,98.98696416636378,-0.15620974390240083,52.86324254678698,25.741570317782823,-6.1093894066920456,-1176898.1976019796,299.87948675464736
1550.0,control,0.0,0.0,98.20701212491463,-0.14275006607180302,53.15313862768217,25.51541922809483,-7.9692590962127134,-1174263.6799302455,300.2814936311852
1560.0,control,0.0,0.0,101.14890267298321,-0.19335944200817934,53.04596783198172,25.847912964840663,-5.895057871924933,-1173185.4183054548,300.34529742926696
1570.0,control,0.0,0.0,98.13376581062995,-0.14148465270253943,53.362465246974004,26.09349574565737,-5.1039577110955525,-1172883.9665254783,299.94498043684166
1580.0,control,0.0,0.0,94.10772701098404,-0.07163196032452328,53.395819541968756,25.87158453899547,-7.055161937431939,-1174416.9300290048,300.2206930889902
1590.0,control,0.0,0.0,103.75870048557303,-0.23783338993752332,54.28571638908535,26.092995988589735,-5.3011162771572655,-1172352.7139508594,300.03122938065644
1600.0,control,0.0,0.0,97.26636336191669,-0.12648227518472277,53.12116110079528,25.884190269888673,-6.600999729175199,-1172265.597094724,301.4946857977583
1610.0,control,0.0,0.0,98.54177942140544,-0.1485305507267905,53.07825019546898,25.723418147278824,-5.347235088514397,-1171535.6948547754,299.8545953644281
1620.0,control,0.0,0.0,99.58393257931031,-0.16649223789181605,53.57301336551733,25.903836158424397,-6.4227002261831,-1174319.793882208,301.17445240986143
1630.0,control,0.0,0.0,94.79065234514117,-0.08351526704551653,52.40455942230748,25.610721336996555,-5.836465242798623,-1173102.9616121054,299.98984899507576
1640.0,control,0.0,0.0,99.32458872972552,-0.1620273195756643,52.671158700103064,25.517365777802475,-4.510874038840248,-1173440.325462712,299.859806533602
1650.0,control,0.0,0.0,95.7316960874093,-0.0998702003393082,52.58710494352262,25.952955853509728,-6.544962018807255,-1174236.4672638588,300.86314366341617
1660.0,control,0.0,0.0,103.35774753725926,-0.23103047223356535,52.70568052051369,25.81625370275892,-5.436811275858326,-1173320.0678630471,299.24454355191443
1670.0,control,0.0,0.0,97.75300849011496,-0.13490295853183035,51.98481169516475,26.09315986939996,-5.988544019603634,-1172651.917557031,301.0490351111222
1680.0,control,0.0,0.0,97.90828421194881,-0.13758775916832702,50.65807421534765,25.961510932393338,-4.875711268525037,-1172248.6559611857,298.7007686764555
1690.0,control,0.0,0.0,101.68627467709679,-0.202552714683541,50.42145340445306,25.86590678475964,-5.303895461016765,-1174126.890110787,298.996185937993
1700.0,control,0.0,0.0,100.39333619165782,-0.18040474936018625,51.659399841876066,25.756137451271677,-4.5391459530257645,-1173258.0346018858,301.11969900918433
1710.0,control,0.0,0.0,96.33098890831174,-0.11027188722783729,50.66137987653767,25.90680478457797,-4.243646818276722,-1174452.0460876096,300.2409296939202
1720.0,control,0.0,0.0,97.20917274944689,-0.1254920642424055,52.200471375318074,26.09393149733995,-5.652285826896158,-1171762.2509702668,299.9995023633839
1730.0,control,0.0,0.0,105.0936984983739,-0.2603983225035574,52.80602715977261,25.70290530117284,-3.5705561502007033,-1174014.2951879725,299.1368037772696
1740.0,control,0.0,0.0,101.9525167661906,-0.20710099067386278,52.6065490579266,26.000791449643312,-4.120021223317111,-1173806.8525345884,300.5740025583041
1750.0,control,0.0,0.0,101.77770256112025,-0.20411509668856248,51.311576970473155,25.814923494111536,-5.035256784455084,-1172354.7286135182,300.9811079787574
1760.0,control,0.0,0.0,98.64595209888385,-0.15032829313389,51.89638798013771,26.489368961304503,-7.090286847156233,-1172424.5671533216,301.88177799213855
1770.0,control,0.0,0.0,103.41877881977638,-0.232066720509073,50.94962824942522,26.608356313753426,-5.671707777927838,-1172577.405220231,299.6177371289156
1780.0,control,0.0,0.0,104.06785763074525,-0.24307088481099187,51.3628497067999,25.43398470962437,-7.1778078413747455,-1173707.808640726,301.6432607342107
1790.0,control,0.0,0.0,100.86592782461943,-0.1885114665872536,51.5665164212823,25.74999759403514,-4.807757130528347,-1173292.368979022,299.9121461120307
1800.0,control,0.0,0.0,100.1263491573597,-0.17581946041236085,51.565075284501766,25.871164727265644,-5.632720491499328,-1172663.5809199084,299.80706678502844
1810.0,control,0.0,0.0,98.56073138117164,-0.1488576476869859,51.41709433501203,26.211367064230608,-5.521660564159302,-1174325.8275308777,299.951010043738
1820.0,control,0.0,0.0,105.46561609990671,-0.26666004153690287,52.600763868696696,26.262929360889547,-5.885232041927055,-1174383.4669085648,300.5888545142579
1830.0,control,0.0,0.0,97.08329047535847,-0.12331207155156099,53.07767828437255,26.006496369903324,-5.596400692555415,-1172819.4673395474,300.56410825486086
1840.0,control,0.0,0.0,104.10548119964035,-0.243707793458732,52.835009917211785,26.05266446419731,-6.05034787302259,-1174064.153570626,301.17944829455456
1850.0,control,0.0,0.0,94.76877149269826,-0.08313470219021779,53.12431394473773,25.311218629843786,-5.872250303385596,-1172412.0207349304,302.2716250848375
1860.0,control,0.0,0.0,96.9570693100021,-0.12112561240756378,53.91562283866079,25.966050532545818,-5.88121572681706,-1173295.524089653,299.4150865306008
1870.0,control,0.0,0.0,98.95152912317052,-0.15559884814289857,54.499985989318866,25.903845872292045,-5.730648159024749,-1173403.4751923345,297.83089240729186
1880.0,control,0.0,0.0,99.37253380413846,-0.16285300492015212,53.440824363775555,26.324030791666917,-7.797225611442971,-1173257.6654054895,300.02356348418573
1890.0,control,0.0,0.0,97.92848973668248,-0.13793704966185882,53.58431786710956,25.569111753807412,-5.639097215169078,-1174451.46501383,302.0605509438702
1900.0,control,0.0,0.0,99.70168979862196,-0.1685184504002224,54.07266431670748,25.521109363399457,-5.979032057503216,-1173610.0820133593,301.00183591945006
1910.0,control,0.0,0.0,102.51342146737794,-0.21666830416211708,53.253926243573794,26.196341882170707,-5.202499536215345,-1174419.9651578125,300.72043907139823
1920.0,control,0.0,0.0,94.1548957747552,-0.07245307136820164,52.87491904557785,26.13160479199495,-5.857436830759113,-1172581.9989839438,301.7971418641322
1930.0,control,0.0,0.0,99.08239908529909,-0.15785473228577507,52.64243512116977,25.50023605829688,-5.869511429460303,-1175072.4846979082,299.3550022759043
1940.0,control,0.0,0.0,95.80596448467828,-0.10115986361333953,51.967952344956366,25.268419414366438,-6.380261280278072,-1173534.360595245,298.7451919714558
1950.0,control,0.0,0.0,94.09994687229057,-0.07149651945224436,51.96968199822105,26.319015953951922,-6.32982126025604,-1172785.2077543046,301.6624265878661
1960.0,control,0.0,0.0,100.11261207779863,-0.17558343292934214,52.489097652250635,25.94500836946815,-6.605405365120925,-1173936.0171625316,299.9426600697192
1970.0,control,0.0,0.0,96.06354631127908,-0.10563141538736004,51.56223733452723,25.657691991178105,-6.547183926451973,-1172355.9084692374,302.07516029390735
1980.0,control,0.0,0.0,98.86924896647906,-0.1541801192808214,52.48236065289299,26.038791202196762,-6.269520622884665,-1173488.6122706532,302.33997681989297
1990.0,control,0.0,0.0,99.70281117603639,-0.1685377421909062,52.84403911882897,25.98994795684846,-7.316679853003522,-1173469.1355401184,301.9407367651109
2000.0,control,0.0,0.0,95.57581614546618,-0.0971628176482474,52.67039406347091,26.227495739546985,-5.6512157326686046,-1173261.14963096,300.80525168205196
2010.0,control,0.0,0.0,97.87241313995827,-0.13696761810429048,52.82137725580852,25.63802948146401,-5.280990394648133,-1173535.1026979517,299.55251381118836
2020.0,control,0.0,0.0,100.67458559769499,-0.18523074449213633,52.74887732246859,25.922844145088096,-4.962820254069892,-1173811.4765184708,300.48547966369864
2030.0,control,0.0,0.0,97.99143674776657,-0.13902509696480925,51.84469271889502,25.862655288897084,-3.747255661710918,-1172895.8381918874,301.1179880013558
2040.0,control,0.0,0.0,92.14308233937048,-0.03739512194813424,52.71619252777276,26.076270251002658,-4.290481710993478,-1173492.0427767243,301.22632341142594
2050.0,control,0.0,0.0,98.00390758373105,-0.13924063711857476,51.64387613839396,25.785819649547307,-5.572006390229369,-1173387.6989436988,297.27449390189753
2060.0,control,0.0,0.0,99.68952908727476,-0.16830923756786176,52.089471244018036,26.336926955069703,-6.183878898713622,-1173274.0210450348,301.12253580268055
2070.0,control,0.0,0.0,96.07311413754589,-0.10579746973373577,52.65191074022992,25.455340349145697,-6.364936163237989,-1173306.3945184983,301.4343739888471
2080.0,control,0.0,0.0,94.62415633978857,-0.08061916680361797,52.513395187188294,25.862797542806074,-4.748140034841644,-1173135.2832864057,299.86459810506227
2090.0,control,0.0,0.0,97.54170133403663,-0.13124775651718784,53.025118377143734,25.90015964249797,-5.300373058832063,-1172082.550516151,300.6997383080044
2100.0,control,0.0,0.0,96.70624303702778,-0.11677895382136208,52.19799357552495,25.970718263683647,-5.468409655513868,-1173709.1914417502,300.17195025571976
2110.0,control,0.0,0.0,91.43957776658212,-0.025122728406625078,52.26531938933925,26.186835138580527,-6.251711260205526,-1173395.3654479627,300.6839445031615
2120.0,control,0.0,0.0,97.99569950524754,-0.13909877323249292,53.33655584344718,25.793520788881512,-5.03077823746707,-1174869.4794014357,300.7290742269074
2130.0,control,0.0,0.0,101.14679194633813,-0.1933232979759601,53.208558969320876,25.427718324949016,-7.508423069329069,-1175346.21980373,298.98265518823865
2140.0,control,0.0,0.0,100.78175899454257,-0.1870685786208513,53.402727151856006,26.26605702606086,-6.015624444729057,-1172675.4060753863,303.0426489539707
2150.0,control,0.0,0.0,93.95464757276409,-0.0689668309685987,53.179681524445854,25.989298198274685,-5.260540501352528,-1172297.7506316602,299.347829695823
2160.0,control,0.0,0.0,96.02995787227444,-0.10504844816271364,53.897592387920966,25.669028132214052,-7.09398041876692,-1173357.646030631,300.13214785550275
2170.0,control,0.0,0.0,96.69562841244668,-0.11659495923331828,54.05229758461737,25.79379429210495,-6.306460634741893,-1174537.1145866662,299.5287247490141
2180.0,control,0.0,0.0,98.07899163400542,-0.14053821529414162,54.5917069525635,25.69554395850212,-5.630451829782412,-1172613.605419198,300.0652237473841
2190.0,control,0.0,0.0,100.2688071409563,-0.17826654382862173,53.91532814884485,25.644318107855984,-5.88494075306964,-1174388.6493260898,301.13633177984116
2200.0,control,0.0,0.0,92.61754335175377,-0.04566886004751727,54.29877936371008,25.772427092713084,-4.373278654189196,-1173272.3540784083,300.74850717809517
2210.0,control,0.0,0.0,99.3398316636767,-0.16228983785185616,53.43918162174685,26.16494378667867,-6.367348406864119,-1174328.6674295831,300.5774869048418
2220.0,control,0.0,0.0,96.14512718102857,-0.10704719664982484,53.575839769785205,25.586112894700236,-5.096085482302401,-1174002.2945315763,299.7120747967153
2230.0,control,0.0,0.0,99.84527380211495,-0.1709880925174306,53.30654656664701,25.86107409719197,-6.005261826797896,-1175209.6479243003,300.7678564879219
2240.0,control,0.0,0.0,95.79136983293014,-0.10090644229913659,53.980329740089665,25.83593776557497,-6.788466093779319,-1174778.1632126458,299.7812883778641
2250.0,control,0.0,0.0,92.72296309886038,-0.04750678367946096,53.327386487369864,25.697542363675748,-4.62621147034646,-1174105.452985447,301.0708365381248
2260.0,control,0.0,0.0,91.31079948806448,-0.022875771278211665,52.99598893040836,25.585560466369934,-5.694148185362403,-1174138.7714478076,300.6159078210923
2270.0,control,0.0,0.0,89.37302402512256,0.010942576703416612,53.311858390271816,25.825174209151164,-4.913365965429624,-1173474.7621551305,299.9157746832398
2280.0,control,0.0,0.0,92.39923659150949,-0.04186234142119033,53.5165759542935,25.266581232446683,-5.920643628504943,-1174534.9401158653,299.24440683666694
2290.0,control,0.0,0.0,96.06247725822536,-0.10561286126102329,52.4374669553249,26.019838851316354,-5.760915580279458,-1171291.3915597033,299.30488970669484
2300.0,control,0.0,0.0,97.72664302539265,-0.13444698654244933,52.537513750075135,25.79112744042664,-6.53096218571005,-1173076.9838880785,299.6637719361082
2310.0,control,0.0,0.0,97.34993838166417,-0.12792908469545064,52.06769163557243,25.427977918158266,-4.796329382989115,-1172988.2447602767,299.07644323326923
2320.0,control,0.0,0.0,101.63418428940483,-0.20166232773926035,53.10430630673642,26.020216160966026,-4.371898809175008,-1173162.539309185,299.9069741836292
2330.0,control,0.0,0.0,99.69701572481206,-0.16843803854959277,53.50727883437166,25.673827213200266,-4.757281564118882,-1172902.0913927779,298.6208479298625
2340.0,control,0.0,0.0,97.18330241463964,-0.12504409840001512,53.06816254520932,25.784442435584165,-4.29550744413071,-1174333.3086091336,299.480819365987
2350.0,control,0.0,0.0,96.58144071776681,-0.11461537058447585,53.53884503885274,25.710642142020173,-5.604319093285629,-1172459.933813341,300.2285431348589
2360.0,control,0.0,0.0,101.55904919683262,-0.20037774160750793,52.41967782684155,26.369608917367977,-6.571880388261034,-1173736.2201634776,296.17202714478185
2370.0,control,0.0,0.0,93.97293789001611,-0.06928529361383814,52.55327871113856,26.27594434638394,-5.299823994943576,-1173974.765024988,299.8109334897151
2380.0,control,0.0,0.0,93.81571329309499,-0.06654754366063556,52.88419283586699,25.882114986585844,-4.437418794081273,-1173926.8907630388,301.3426680996106
2390.0,control,0.0,0.0,96.36662088139592,-0.110889968459805,53.40915073671085,26.172826357071944,-7.277449189786801,-1174240.5349341724,300.49860308832905
2400.0,control,0.0,0.0,97.97539092450727,-0.13874775869860267,53.397734614490226,25.997465927196355,-5.956407406351166,-1172275.1261846274,299.7295068830896
2410.0,control,0.0,0.0,95.64380620001572,-0.09834378463612523,54.46847934178031,26.19916379511752,-5.794077344077965,-1175856.1001939513,299.32883602054
2420.0,control,0.0,0.0,99.17852246492602,-0.1595111447840332,53.54133811313611,26.058281275556038,-5.321481656662805,-1174556.5112343095,300.2300779748839
2430.0,control,0.0,0.0,97.54417884055046,-0.13129062299143102,53.74221028364011,26.041530842436533,-6.591157645510677,-1173298.2180056982,299.2215889914123
2440.0,control,0.0,0.0,97.85431199478796,-0.13665466411582128,53.900478460327136,26.133337244513882,-5.376247601113797,-1174246.1320694666,299.7683607991713
2450.0,control,0.0,0.0,98.99131369558707,-0.15628472513557168,53.48362328075611,25.823034886324415,-6.076490411280445,-1173604.1607527547,300.13468359148817
2460.0,control,0.0,0.0,96.95645109985534,-0.12111490204127598,53.52632427730786,26.03056149383582,-4.987231018325105,-1175513.3558754455,299.6164363945379
2470.0,control,0.0,0.0,98.76465283230992,-0.15237614495177187,54.50849704441148,25.839147409079786,-5.3770849020047065,-1174765.9399703126,297.8660301397996
2480.0,control,0.0,0.0,97.8599468872528,-0.13675208825924812,54.82637135903196,26.11544722900081,-5.551033687587418,-1173282.7739812601,300.1817808391016
2490.0,control,0.0,0.0,96.7606192785734,-0.11772145211156669,54.285855595467545,25.803859201583087,-5.734983825228769,-1174179.7560781501,300.4315872201897
2500.0,control,0.0,0.0,95.4108479857202,-0.09429680443180635,53.88829557644137,26.317299803168073,-6.787229939612393,-1174346.2470529247,298.74555243744896
2510.0,control,0.0,0.0,95.92542100412918,-0.10323385662124598,54.76467663459385,25.799167908625744,-5.711472114664217,-1173151.6052878425,299.1960621832756
2520.0,control,0.0,0.0,98.60347350795458,-0.14959528568443506,54.63508635940321,25.9746635205391,-6.651300775643754,-1173502.642440401,299.84100869228286
2530.0,control,0.0,0.0,100.72180894835695,-0.18604062165202373,55.2065953940323,26.530102819148105,-5.527986489153473,-1173576.352593705,302.5853936198987
2540.0,control,0.0,0.0,95.00510978643203,-0.08724458563154727,54.255457189682176,25.925265461755295,-5.685395951642123,-1173404.4385530818,301.7937345396613
2550.0,control,0.0,0.0,95.37073731936242,-0.09359983758005387,54.797166359196375,25.64883494035602,-6.743931027951084,-1173732.1170708928,300.70638593029037
2560.0,control,0.0,0.0,97.88345028588542,-0.13715843461897134,54.735998822911284,26.630462134364652,-6.297596143265018,-1173933.9224462286,300.0779130262095
2570.0,control,0.0,0.0,93.65494537354002,-0.06374757586396387,54.461446241886264,25.476782797126464,-4.927831452944867,-1174401.9167921264,301.43137097253106
2580.0,control,0.0,0.0,97.45265662856713,-0.12970691913469212,54.603552080196444,26.18922889093308,-4.3957217767051615,-1173300.2443769984,300.5607598063175
2590.0,control,0.0,0.0,103.15044656593902,-0.22750876506184295,55.074085839228296,26.456237954601107,-4.64892632791795,-1174729.7950567584,302.06326660898037
2600.0,control,0.0,0.0,101.23818410071618,-0.19488805410387033,54.887044845126795,26.159143848463096,-5.989758361301982,-1173372.919277994,301.4636542569346
2610.0,control,0.0,0.0,99.22882922312252,-0.1603778597167678,54.57225484725586,25.39765380616154,-5.423621680526149,-1173683.3921473809,297.7054879271968
2620.0,control,0.0,0.0,99.26360421539958,-0.16097691186012852,55.35804720891417,26.265745694387128,-5.066466068946684,-1174485.51182241,302.5699972504193
2630.0,control,0.0,0.0,98.36194291519074,-0.14542590049828263,54.86693152948658,25.674397591935627,-5.259594520593045,-1173893.1092921682,299.4441743858377
2640.0,control,0.0,0.0,101.80899841430927,-0.20464978235837872,55.33768157912182,26.02731207018254,-5.85926702165061,-1175166.6947341058,301.0058842019255
2650.0,control,0.0,0.0,103.1811078436226,-0.22802983920860992,56.01081291408678,25.735475302933697,-4.279758272060457,-1176824.7131508403,300.3107667247633
2660.0,control,0.0,0.0,97.69522928348351,-0.13390367102430037,55.26125046309701,26.091389905741135,-5.122648555972463,-1175753.9621301796,299.20752572080403
2670.0,control,0.0,0.0,96.50194321533988,-0.11323691119478385,54.901147671227804,25.672561909477288,-4.456960853079498,-1173654.1412210874,300.72372019417577
2680.0,control,0.0,0.0,96.64915594744534,-0.11578935549452535,54.822355136062704,25.523174142967214,-4.714925679656545,-1173903.3295378499,300.5553628423159
2690.0,control,0.0,0.0,101.74022287682692,-0.20347468092856474,55.30339312020674,26.060998515029716,-4.701945592224321,-1173743.6286349576,298.29242621654
2700.0,control,0.0,0.0,100.89700992951133,-0.18904419767051672,54.32310928832196,26.105235814165965,-6.511170618438125,-1175546.2211303655,298.85348469136215
2710.0,control,0.0,0.0,98.29016859361279,-0.14418640573925307,54.315060093302584,25.519105265524963,-5.279076000871863,-1172250.8647026364,302.22483214334903
2720.0,control,0.0,0.0,95.96927126056616,-0.10399506858636354,54.59234375328543,25.965568624036433,-4.177262661418402,-1175867.463574797,299.97125785961777
2730.0,control,0.0,0.0,96.34972553992002,-0.11059690291830074,54.086764264751835,25.813567872994764,-6.0815692701798065,-1173248.406045584,298.84490226264097
2740.0,control,0.0,0.0,96.83271042712191,-0.11897083760873595,54.79266991166152,25.879834565456843,-5.461813770991924,-1171750.2468779366,302.48583987567264
2750.0,control,0.0,0.0,96.25542053474022,-0.1089609182359359,55.149291478933534,25.906766849410573,-5.929701970401329,-1171903.7085895427,299.1529472714185
2760.0,control,0.0,0.0,103.72102183237172,-0.23719459167296825,54.72876266991652,25.590156013655843,-4.751749042505199,-1174244.4256775845,301.31569564867505
2770.0,control,0.0,0.0,98.93083945319087,-0.15524213325845565,54.333672858018474,26.276354430422455,-4.190083543225254,-1172493.8769694827,300.0293693803004
2780.0,control,0.0,0.0,93.77183443452637,-0.06578339131721173,54.473779184560264,25.948152853134335,-5.781518410004624,-1173481.0436337963,299.9921974181759
2790.0,control,0.0,0.0,98.32172290203452,-0.14473135562824144,54.1563601557511,25.947371244109345,-5.615327391832066,-1174169.2631013878,300.0530698605524
2800.0,control,0.0,0.0,99.49168017341516,-0.16490438719943393,55.04253089375092,25.848201935352254,-7.0772313069359045,-1173701.3685526773,301.26055031489005
2810.0,control,0.0,0.0,89.60716876086717,0.006856144812272286,54.9159653844936,25.860588865613718,-6.461532298612122,-1174636.412551688,299.7121021472818
2820.0,control,0.0,0.0,98.11400670720803,-0.14114325203488737,54.22646554867493,26.07296863063865,-5.443907641428196,-1173114.5877570752,299.7740921515437
2830.0,control,0.0,0.0,98.7116042332388,-0.15146101886372987,54.77907513025645,26.01154671899297,-4.414438218739372,-1173158.3833981697,300.8961892942408
2840.0,control,0.0,0.0,98.36841890691733,-0.14553772536955395,54.80105442187862,26.035725245090887,-4.848834546030597,-1173094.5567240566,300.1192888668507
2850.0,control,0.0,0.0,100.69133414587867,-0.18551799534989166,54.09481351732689,25.93992348038498,-5.427830524271614,-1174739.0573351067,300.9935754316593
2860.0,control,0.0,0.0,98.73545079078679,-0.15187240506404692,54.44719842876193,26.42975064749317,-5.494051112105391,-1174686.7727561872,300.98755016592463
2870.0,control,0.0,0.0,97.41538761345329,-0.12906191961806496,53.80221904789558,26.107817089505485,-5.096860418820667,-1175976.1193253603,298.97363936315514
2880.0,control,0.0,0.0,106.4765462671044,-0.28362283298861296,54.15191867949334,26.386334476271315,-4.389834296465052,-1175076.630586477,301.577304301109
2890.0,control,0.0,0.0,96.92167438406214,-0.12051237977443066,54.85978043318402,25.716898781121067,-5.964306244541942,-1174443.9790597036,298.1653526727265
2900.0,control,0.0,0.0,99.01734665183508,-0.15673348662380993,54.61125536404041,26.339740291663297,-5.495850927797394,-1175235.7556842193,299.7146435456144
2910.0,control,0.0,0.0,99.39128511522902,-0.16317589934002505,54.74762845698122,26.35083655754395,-5.462241060720522,-1173531.8986600451,301.6684021378115
2920.0,control,0.0,0.0,100.94791595420735,-0.1899165801650847,54.75152526156894,26.120743045495608,-6.146692659314828,-1174432.5672043432,301.55340925389925
2930.0,control,0.0,0.0,95.26256236529146,-0.0917199513093886,54.04843309375499,25.66291960696777,-4.848423086473113,-1174659.6407860108,300.56804946918425
2940.0,control,0.0,0.0,96.63194158224101,-0.11549092379297474,54.14585695031901,25.23710595724521,-6.415295381224088,-1174248.9641090743,301.5061575381528
2950.0,control,0.0,0.0,99.87216347488337,-0.1714504754619277,54.82167037993503,26.12902211630633,-4.7916599776402276,-1173259.0731201824,299.7982278947086
2960.0,control,0.0,0.0,104.70159715868927,-0.25378490773043744,54.18142753739291,25.480017939621813,-4.734125311421216,-1174107.3056392837,300.2665239442606
2970.0,control,0.0,0.0,95.4445412582223,-0.09488222632144279,53.88369185795157,25.943092496300174,-5.2604070760246024,-1173623.0193242114,297.70625720596723
2980.0,control,0.0,0.0,101.3623550487974,-0.19701323181474278,54.280028925227235,26.00983501024962,-5.105064229449963,-1173493.900644187,301.26924026874076
2990.0,control,0.0,0.0,100.76049805689351,-0.18670404299719984,54.93895584401594,25.8282349099593,-4.175453411584922,-1174015.880804466,302.10921899362756
3000.0,control,0.0,0.0,98.54579712773888,-0.14859989475731744,54.837288581308066,25.989014889802554,-4.9578001614326475,-1173614.9298870768,298.463723010089
3010.0,control,0.0,0.0,98.254329097031,-0.14356739666821441,55.03533157721643,25.69085584369604,-5.085850171283553,-1174692.33610804,302.9401556264019
3020.0,control,0.0,0.0,99.0041214828546,-0.15650551246123234,55.32084567733392,26.13823031127005,-5.705247840219842,-1174379.566918878,298.0639652605349
3030.0,control,0.0,0.0,92.95467995701188,-0.05154604000191794,54.99755197988862,26.102919093078228,-4.3584088675428525,-1173572.0263099223,300.1509571025482
3040.0,control,0.0,0.0,95.49939597771531,-0.09583525887136926,55.02528972009677,26.055460124835932,-4.483821265591669,-1175555.214490693,297.49315032030023
3050.0,control,0.0,0.0,100.47503637246629,-0.18180710650970844,54.951500167532714,25.47770170300935,-4.077184836105899,-1173903.7101170905,300.9717338053813
3060.0,control,0.0,0.0,98.9538663172984,-0.1556391429162557,56.03299944926983,25.42521931711101,-5.98878631807436,-1173748.0928021036,300.11119197913547
3070.0,control,0.0,0.0,94.46173596384524,-0.07779330357243963,55.08835595709927,25.873527457598282,-3.825005461529382,-1173033.0103933532,300.7165379605753
3080.0,control,0.0,0.0,91.99668017012526,-0.03484158997870708,54.83152563823866,26.19013461254798,-4.775390441205457,-1172354.929688625,300.51828298243464
3090.0,control,0.0,0.0,95.64728178067098,-0.09840415073012895,55.589239606456296,25.627389656387123,-5.0442408580548,-1172756.2427581772,301.0281265089229
3100.0,control,0.0,0.0,97.6991686022554,-0.13397180561558467,55.507325103175695,26.116323134043544,-5.90703255229355,-1174337.8687809072,300.07417902941825
3110.0,control,0.0,0.0,98.11994799483848,-0.1412459082348486,55.31556920001696,26.01366822178967,-5.104387525913041,-1174942.8713634163,299.7696037930757
3120.0,control,0.0,0.0,99.9976561710836,-0.17360789146727856,55.734712959674965,26.36875346260234,-7.541622828056315,-1174287.7790891714,300.30596437498974
3130.0,control,0.0,0.0,98.17103249632262,-0.14212850609887925,54.652653345021534,25.69093208515884,-5.775064051113309,-1173492.0557903722,301.59878293949174
3140.0,control,0.0,0.0,93.6357183231732,-0.06341267948840254,54.97867609625501,26.230694149337744,-6.610689069925763,-1172846.085331723,298.68270467579123
3150.0,control,0.0,0.0,96.20476609225109,-0.10808205278828184,54.34184143889508,26.091669634179343,-5.918846089164673,-1173098.4028095584,300.2939071145813
3160.0,control,0.0,0.0,99.31487342168356,-0.16185999370796011,54.38724706393774,25.975137800515782,-6.143792615613453,-1174139.525900688,300.48408824680774
3170.0,control,0.0,0.0,98.12786697754329,-0.14138273356508177,54.852195014938864,25.97701766705795,-3.9514286517973582,-1173699.6173613053,299.16182087309494
3180.0,control,0.0,0.0,98.334518218213,-0.14495232107024342,54.123882331455434,25.853078411953508,-3.9899463799982824,-1173303.418541627,299.823036670757
3190.0,control,0.0,0.0,93.66464728828596,-0.06391656089664959,54.78935622712094,26.246314980884865,-4.657162070061411,-1173203.0046486072,298.7058914044735
3200.0,control,0.0,0.0,100.26904576195864,-0.17827064183969155,54.809993108492996,25.93273862238796,-6.280720254945536,-1173316.311917955,299.4109322682361
3210.0,control,0.0,0.0,105.71669605156099,-0.2708809638896742,54.41273925274988,26.148910639314508,-5.695799961833075,-1173860.148223307,301.9291803215582
3220.0,control,0.0,0.0,102.54255502579885,-0.21716467393088618,55.09758909782045,26.170015029694884,-4.45786099779932,-1174269.5984828193,301.00673838641853
3230.0,control,0.0,0.0,99.06891809662208,-0.1576223902347984,54.26103237655089,26.44334889400953,-4.836361956889337,-1173181.952085223,298.8224531196391
3240.0,control,0.0,0.0,98.8518589209768,-0.15388022781787264,54.379884116406515,25.963503775259003,-4.089761060757341,-1172853.2517745942,298.51532053543343
3250.0,control,0.0,0.0,103.2976555199244,-0.2300099155898869,54.77944953915744,26.128336341430447,-4.424804244268527,-1173878.5328759123,300.4977030110398
3260.0,control,0.0,0.0,100.16831592277507,-0.17654046149702346,54.99366686204077,26.16477142396967,-3.902608142026219,-1174443.867708739,301.20341217068045
3270.0,control,0.0,0.0,101.55218563765504,-0.2002603779937409,54.42927628967716,26.389841943116657,-5.753977478962333,-1174097.0076784417,301.0767044168959
3280.0,control,0.0,0.0,97.76547730237166,-0.13511858784203834,54.21771763298459,25.885977186086247,-5.015618493289577,-1173284.7137794234,300.3817654094105
3290.0,control,0.0,0.0,103.09625338547716,-0.22658761792435642,54.30739909939023,25.88152085567215,-4.8528070900617255,-1174066.0733941346,300.82842506900414
3300.0,control,0.0,0.0,94.26894286455769,-0.07443819236438035,54.06848417445555,26.02996663170209,-5.706964717476555,-1173951.9722108766,300.77728800398063
3310.0,control,0.0,0.0,100.48877380858572,-0.1820428689257042,54.47080021158713,25.99499080799647,-7.012036135859992,-1172338.1601510923,301.23766377740895
3320.0,control,0.0,0.0,102.97834784107368,-0.22458282241664973,54.36290981073887,26.29656557869521,-5.170523057867421,-1172035.5883448608,301.68420243966114
3330.0,control,0.0,0.0,97.34346214775019,-0.12781698101832706,54.27500965833359,26.142270216900872,-5.559902703953546,-1172769.932539083,300.2528513687609
3340.0,control,0.0,0.0,101.63772795626294,-0.20172290533376663,54.70997768604115,26.488431015229388,-4.588091288889308,-1174821.4511838742,300.8747396438663
3350.0,control,0.0,0.0,104.54356323958554,-0.251116035527488,54.992629485865365,25.886449570806565,-5.412676106792421,-1175161.8683039993,299.43394340999345
3360.0,control,0.0,0.0,102.13899473569134,-0.2102839804039821,54.55225715587408,25.61291970276966,-4.718851385408938,-1173422.1929459553,299.96218380580456
3370.0,control,0.0,0.0,101.17260853012351,-0.1937653624995181,54.252136638411066,26.171116781357462,-4.216427885837677,-1175227.2944768406,300.9488437416107
3380.0,control,0.0,0.0,94.34063142591009,-0.07568586390704186,54.52253644704524,25.952765090873744,-3.5411107754835403,-1173918.8518576566,300.7528507294448
3390.0,control,0.0,0.0,105.10888915501714,-0.26065429378017935,53.910850373141415,26.22409727859791,-2.7896795568680295,-1175686.9305196647,298.47132252329646
3400.0,control,0.0,0.0,90.77817479411065,-0.013581294763416532,53.781296798260676,26.09234199042244,-6.215816116070672,-1173004.7605174184,300.91865345110483
3410.0,control,0.0,0.0,95.74648356541867,-0.10012699686099824,53.48772175408721,26.149072115076553,-5.811011265305245,-1172105.054039888,300.46793667334697
3420.0,control,0.0,0.0,95.28933287185345,-0.09218520529964458,53.7872911296316,26.070534699399623,-3.587273061623481,-1174424.8338336255,298.7003135796428
3430.0,control,0.0,0.0,95.8487355065652,-0.1019025011316346,54.26669940618449,26.27129325042138,-5.146423485487357,-1172911.3836955018,302.2672503293525
3440.0,control,0.0,0.0,100.11531171349787,-0.1756298182741109,54.071797714984754,26.6378004197547,-4.871084851903196,-1172148.7797808219,300.51456573756343
3450.0,control,0.0,0.0,96.17140228245063,-0.10750313734034625,54.509997703259465,26.406568986258854,-4.450478389862647,-1171705.856273787,298.7090728746525
3460.0,control,0.0,0.0,97.606802198835,-0.13237406719304945,53.7994810991298,26.079800995139074,-5.182497033114786,-1173250.6747677084,300.87755390349787
3470.0,control,0.0,0.0,91.9449446402921,-0.0339391687934158,53.565605624302634,26.16496355403337,-4.2178770578218145,-1171903.70062509,300.83664870850026
3480.0,control,0.0,0.0,98.47317078870319,-0.14734628027958502,54.47164591630433,26.237848904900407,-5.17456840952575,-1174068.784828715,300.4845916902864
3490.0,control,0.0,0.0,93.52365501387173,-0.06146062213374226,54.33531636721951,26.5278728708433,-4.1151795077504465,-1175044.1034000665,298.09329372594397
3500.0,control,0.0,0.0,93.52240544614429,-0.06143885427791,53.97806408512112,25.945851270859432,-4.5657316459620665,-1173989.6412614435,300.6346258147621
3510.0,control,0.0,0.0,95.9457207779385,-0.1035862550510617,54.694551509725535,26.441709708531636,-3.634062593738391,-1173045.4079381973,299.0817988657607
3520.0,control,0.0,0.0,98.84650120846982,-0.15378783116844663,54.004439184901166,26.716396489448496,-5.237680266655849,-1171875.5864784867,299.1675527790014
3530.0,control,0.0,0.0,98.56632023501066,-0.14895410410739207,54.187326042093176,26.21183021129517,-5.758232518205462,-1174239.3816622142,301.72275215326465
3540.0,control,0.0,0.0,97.11019671784635,-0.12377807642488528,54.731890282139055,26.78967946142745,-6.456946558822982,-1173684.4841444287,300.1903711401614
3550.0,control,0.0,0.0,104.44915873966482,-0.24952082231383024,55.11538628768089,26.62094677233693,-5.649400167315336,-1173861.2454580292,302.1331655012465
3560.0,control,0.0,0.0,98.09510815333444,-0.1408167043617557,54.51091377565892,26.358197453324955,-7.300238279621555,-1172489.238859754,302.3986149108184
3570.0,control,0.0,0.0,95.86247417013222,-0.1021410348873636,54.95185620189182,25.758941720023287,-4.684259644949581,-1173687.7458983306,300.403821264339
3580.0,control,0.0,0.0,97.34933001317168,-0.12791855389998577,55.68556423235572,26.606421568524453,-5.494360871749661,-1173406.8686442226,300.6704601854276
3590.0,control,0.0,0.0,99.13720811796443,-0.1587992645003555,53.862765628883444,26.308721996745387,-4.76853493359792,-1175097.4376434647,299.2124620560591
3600.0,control,0.0,0.0,100.90617851862709,-0.18920133189206711,53.83628783816536,25.94250821217928,-4.269387579076845,-1173793.6723837014,299.3069605571714
3610.0,control,0.0,0.0,99.61201484188983,-0.166975504987248,54.11454827220759,26.319856343910036,-4.968270286804026,-1173349.720003469,299.49474889242373
3620.0,control,0.0,0.0,100.56194506381524,-0.18329846022040236,53.65882217769662,26.371760829443947,-5.6893527882315285,-1174266.1410055216,301.07693490343934
3630.0,control,0.0,0.0,95.87390500520891,-0.10233949513236679,53.96768182162402,26.442124556349007,-4.387150092261849,-1173353.9782468881,298.9910194028428
3640.0,control,0.0,0.0,93.92997452540082,-0.06853722401468462,53.784881010608345,26.63654492949973,-3.7803220945268814,-1174163.3141962849,299.62254394229933
3650.0,control,0.0,0.0,93.32424438053773,-0.05798646440820959,53.77244602226381,26.742972422292265,-5.218179589364201,-1173855.0318559501,301.48936895266604
3660.0,control,0.0,0.0,100.5652979042085,-0.1833559865565792,54.36723865400692,26.1658148304867,-4.025439221878137,-1173846.8849963509,300.519891707679
3670.0,control,0.0,0.0,95.19935438062154,-0.09062135838351074,55.41898745886415,26.054336123512588,-3.861201975066659,-1173252.519415779,299.49208369706975
3680.0,control,0.0,0.0,98.0499187137469,-0.14003581503780185,54.555335810487556,25.81150686243309,-5.6899723869055405,-1172666.1441482287,301.9269945352687
3690.0,control,0.0,0.0,96.3246344689451,-0.11016165702489197,54.65364638675958,26.28484822513423,-4.757873446029534,-1174612.6724403147,301.1869498670897
3700.0,control,0.0,0.0,92.42542892639898,-0.04231907877710449,55.22088722311446,26.34419872615181,-5.493616515487532,-1173428.8372387663,300.27191168293234
3710.0,control,0.0,0.0,100.1487885107423,-0.1762049867077441,54.587714108826795,26.20342690798366,-5.528020384260273,-1171263.2522186115,300.7620421662333
3720.0,control,0.0,0.0,94.88737743963277,-0.0851974209782676,54.79773432362698,26.57229630807869,-5.735951782408164,-1173810.7864352092,299.48878598454945
3730.0,control,0.0,0.0,97.77026299268309,-0.13520134744233944,54.19600110559485,26.193693729695227,-5.5306946639644545,-1173547.999393655,298.4112271708317
3740.0,control,0.0,0.0,96.94110908799027,-0.12084910026176604,54.145405317121416,25.97644602393512,-2.6600721730336874,-1172492.3040378373,301.25015201233873
3750.0,control,0.0,0.0,92.93763529838036,-0.051248947783832245,54.13419564140443,26.351425247622874,-5.133491222139748,-1173060.799529815,299.32660127674706
3760.0,control,0.0,0.0,100.86448767711921,-0.18848678186346945,53.81175334335083,25.884910988580764,-4.843715554339031,-1174001.8674387727,301.2732787156488
3770.0,control,0.0,0.0,90.30322060286248,-0.005292173176453113,53.76839141829918,26.137440326988777,-5.118679116382554,-1174857.2487657107,299.62461152530113
3780.0,control,0.0,0.0,98.43209745974396,-0.1466372022575418,54.193879992384254,25.748864313292692,-4.694914031607867,-1174506.2868647762,299.5649519751777
3790.0,control,0.0,0.0,101.79619678500546,-0.20443107552115647,54.53269185946243,26.540364279756346,-4.729697281451737,-1173795.2974600326,300.5280981220949
3800.0,control,0.0,0.0,101.02328369936147,-0.19120789053209727,53.350654227636284,26.029323103225693,-3.2612310184166375,-1174166.0388016943,301.0976839196115
3810.0,control,0.0,0.0,103.89657116237962,-0.2401699499988279,53.177633559465676,26.17923287068987,-7.5452265295009315,-1174490.2032774426,301.2889419272917
3820.0,control,0.0,0.0,97.16470299691251,-0.12472201862973906,53.748029924653,26.94359352071154,-3.074225564858038,-1174452.6308497544,301.52162059661015
3830.0,control,0.0,0.0,94.02059991726605,-0.07011512979718879,53.492307869638665,25.297306512440933,-5.377060950076789,-1174703.3249504007,299.52699920479716
3840.0,control,0.0,0.0,89.48334569276301,0.00901719655363234,53.597090702850664,26.00806513076343,-6.081541589927971,-1173199.915779991,300.66117165483877
3850.0,control,0.0,0.0,96.94336052266775,-0.1208881071194565,52.21776721092049,26.145227638869287,-6.607114060092902,-1174790.2796759997,300.5267418117387
3860.0,control,0.0,0.0,98.05771911037783,-0.14017061485432214,52.47329591086652,25.72905446858828,-5.21252009227544,-1173727.7114326004,299.38472991742384
3870.0,control,0.0,0.0,96.0593319740315,-0.1055582725500016,53.686492222747454,25.937528847158525,-4.70514804745645,-1174959.577140538,302.2303731255096
3880.0,control,0.0,0.0,102.61165501321899,-0.21834175626426044,53.8091949260249,26.637871820274288,-3.6232546962358354,-1173902.3605870232,300.9950437283285
3890.0,control,0.0,0.0,98.92855586119546,-0.1552027601347021,53.58758946447473,26.567553460473032,-6.462720818058629,-1174462.8893110417,299.82289618427836
3900.0,control,0.0,0.0,95.93424836854788,-0.10338709880839834,53.95743001907139,26.14911270233408,-5.428693651091969,-1172704.0319339875,299.93197239758786
3910.0,control,0.0,0.0,95.57322923754579,-0.09711788111608852,52.86384236945194,26.34684435219831,-4.281267665233431,-1172019.5729606226,299.31688540316435
3920.0,control,0.0,0.0,96.61284496725656,-0.11515984883397427,52.58643378276057,25.898158283071833,-5.027014969910403,-1173366.477016762,301.1599238489182
3930.0,control,0.0,0.0,96.04544542177962,-0.10531725746384535,53.8277885544412,26.07385800496805,-4.533581964053356,-1173731.1284363773,301.85711954343554
3940.0,control,0.0,0.0,100.12625112988866,-0.175817776161677,53.66178857196,26.110256728319015,-4.214725270745458,-1172711.9239048827,300.5423997273741
3950.0,control,0.0,0.0,92.39878875071851,-0.041854531975443726,53.95321230914221,25.878077009441125,-4.496813940802157,-1174305.4500367716,301.66648536389977
3960.0,control,0.0,0.0,96.15829197836234,-0.10727564261418909,54.36391016799784,25.961768054320483,-6.109368614387306,-1173519.5434382241,301.59619123238696
3970.0,control,0.0,0.0,97.96046180793242,-0.13848971197508603,53.84869125060542,26.66800368925877,-5.196604110574435,-1171946.5484093186,300.77148155613867
3980.0,control,0.0,0.0,100.36256020874008,-0.1798763943107179,54.03461955222659,26.337499643604826,-3.755479627604619,-1173674.9536047522,299.6360417925149
3990.0,control,0.0,0.0,103.79434361423117,-0.2384375835585686,54.16225985858704,25.977262055045443,-4.735355899213211,-1170726.5951432697,300.32643760829836
4000.0,control,0.0,0.0,103.39951109462278,-0.2317396027808215,54.28558556666204,26.436105453018293,-5.315071074595761,-1171753.7527841572,299.24123656850537
4010.0,control,0.0,0.0,96.85642043514166,-0.11938170607879299,53.89045343686347,26.1648800785721,-5.646252096537246,-1173281.5353251826,300.0121679619143
4020.0,control,0.0,0.0,98.88446282565786,-0.1544424707472276,53.43585152492383,26.657277821065783,-6.807283858716261,-1173571.4761388004,299.0153152109457
4030.0,control,0.0,0.0,100.62320802049736,-0.18434947973633417,53.10236412054137,26.11511435273265,-5.355224852426193,-1173143.3968052138,300.4829136870227
4040.0,control,0.0,0.0,103.8535691626823,-0.23944132321238695,53.68206315537192,26.97181106120211,-4.636851425156225,-1175232.1908968799,300.45145902628144
4050.0,control,0.0,0.0,95.09942787779,-0.08888435097733162,54.349732349687315,26.204246588457288,-6.152508662610357,-1173184.7662852723,299.1086287688205
4060.0,control,0.0,0.0,99.88803477916112,-0.17172337368917345,54.96416452868532,26.36827404293077,-3.8854936616994262,-1173830.5890907124,301.38258224685205
4070.0,control,0.0,0.0,96.87464915284215,-0.11969757589420148,54.52340538111624,26.34006467315622,-3.107673582961465,-1174650.953542797,298.991801030519
4080.0,control,0.0,0.0,97.60294407929722,-0.132307322580077,53.20745558415369,25.96663492512955,-4.625724242275433,-1173374.5904450417,302.0415232514971
4090.0,control,0.0,0.0,90.76292699626066,-0.013315194554120259,53.630782890695556,26.208480916072435,-4.075548791359876,-1173815.756663207,302.346640868633
4100.0,control,0.0,0.0,95.26172419157365,-0.09170538407159035,54.219483099875944,26.328280747084307,-4.135025097314513,-1172775.8594681416,300.48583550044526
4110.0,control,0.0,0.0,96.06815191924802,-0.10571134835440343,54.37903835922663,26.546001440611008,-3.1701127781605036,-1173060.1129120775,300.96562450991695
4120.0,control,0.0,0.0,98.58524313999783,-0.14928067855172894,53.56101354781585,26.318184948024882,-4.918368258193977,-1175627.3177641276,301.0005177667358
4130.0,control,0.0,0.0,97.11530456367146,-0.12386653909986278,53.487276765444555,25.984303913927466,-4.309739182455266,-1173301.1547331177,300.0272785149896
4140.0,control,0.0,0.0,92.24709120371456,-0.03920908677638968,52.94854272270225,26.48356949822018,-5.477890832426901,-1173687.4560303148,301.19876094064836
4150.0,control,0.0,0.0,92.94578984633503,-0.05139108394885197,53.669060348786985,26.133090157853356,-5.715741493055651,-1174099.2843759004,301.3129691274411
4160.0,control,0.0,0.0,97.07574947988299,-0.12318145977876552,53.153910228548135,26.081110388931815,-5.50598172883446,-1174661.08774277,302.313133202566
4170.0,control,0.0,0.0,97.52956587820103,-0.13103778210096406,53.345845033289784,26.420041225842784,-6.599264246538101,-1174067.9745404776,300.4710165279914
4180.0,control,0.0,0.0,95.38603103104552,-0.0938655880356325,53.5151396297699,26.58328161988642,-4.824704965019703,-1173904.7851553615,300.1478606969725
4190.0,control,0.0,0.0,96.69789339686203,-0.11663422095551806,53.07542885341591,26.74563682690463,-2.780605086795327,-1174305.9406587724,300.9698680853768
4200.0,control,0.0,0.0,99.50064821355463,-0.16505876415358986,53.086844275585285,27.03628880305717,-4.844130990306972,-1174953.9706311952,299.6120011184264
4210.0,control,0.0,0.0,96.9454404583517,-0.12092414253393466,53.721199644135964,26.800810709822958,-5.19684192011183,-1171738.744400926,301.0328112671868
4220.0,control,0.0,0.0,93.93876232339782,-0.06869023856248146,53.47769533187879,26.217351094292976,-3.0924396880857534,-1175023.3367230315,299.90946221570726
4230.0,control,0.0,0.0,94.30364202146814,-0.07504211301311846,53.9349744770238,26.440632171487227,-4.879018211567677,-1174634.5143115912,299.606723155017
4240.0,control,0.0,0.0,95.49319042448798,-0.09572744948981758,54.55553011988924,25.853360878298595,-4.5625356780851325,-1172052.2608940545,299.1011637644394
4250.0,control,0.0,0.0,96.85126350928199,-0.11929234393913576,52.626307765067416,26.606767694365523,-4.0589977095629814,-1175017.4273936525,300.68004521704097
4260.0,control,0.0,0.0,97.02425374826475,-0.12228948496504292,52.717277196057324,26.440957062973023,-4.230181694206052,-1172813.9648604747,298.88945576390324
4270.0,control,0.0,0.0,104.09682055581543,-0.24356119149674005,53.63075618140173,26.656463190739508,-3.654532590236438,-1173587.1860055625,299.92963295750724
4280.0,control,0.0,0.0,96.78145040786204,-0.11808248807615573,53.54495234324623,26.638003036366726,-5.116830600750943,-1172786.0950303841,300.7067260139187
4290.0,control,0.0,0.0,98.54703790579428,-0.1486213099507069,52.90008352710191,26.63887197560938,-4.746645029029783,-1173451.440489944,301.75759311258344
4300.0,control,0.0,0.0,98.7141464335308,-0.15150487659625006,52.1360030581314,26.838527856605378,-4.187453418228055,-1173474.2595701572,297.9439216146392
4310.0,control,0.0,0.0,99.30945885548455,-0.16176673710636683,52.2703266632041,26.507442542847446,-4.29186575672452,-1173900.037511127,300.7406661102711
4320.0,control,0.0,0.0,100.5175927402837,-0.18253742653774074,52.52533083933386,26.466981329338388,-4.162129165668356,-1173552.7372303754,301.34123729481155
4330.0,control,0.0,0.0,93.91010402138068,-0.06819122967370818,53.65307586602357,26.531338159240214,-4.014222876918954,-1173155.1771114059,299.344736768246
4340.0,control,0.0,0.0,98.45533401659829,-0.14703836070645704,53.79368282519504,26.598226379200188,-3.770309160339937,-1173042.9857584164,299.4632033812671
4350.0,control,0.0,0.0,101.53901246356699,-0.20003511490170284,53.86319344908013,26.64328344063179,-5.710122386390316,-1172990.1177466586,300.1878041336088
4360.0,control,0.0,0.0,97.11988958439483,-0.12394594613942189,53.24418990898014,26.219381013472923,-5.094253584206643,-1173453.16427207,300.4766527035549
4370.0,control,0.0,0.0,97.54698950133997,-0.13133925349201747,53.31999907212568,26.25961766803006,-4.434427137443837,-1174298.3011642788,301.11298472137685
4380.0,control,0.0,0.0,99.93971958721961,-0.1726119737119078,54.16065531803355,26.758794060202558,-4.92408253522427,-1173057.199282039,300.8743629927992
4390.0,control,0.0,0.0,96.41083671566734,-0.11165688786679938,52.26159473335288,27.035126705198433,-6.68709602565351,-1171814.0754114352,299.521368358106
4400.0,control,0.0,0.0,95.61279334154266,-0.09780511760253387,53.26504852690127,25.90347318672362,-5.907550013933593,-1173757.6671534982,299.9025103909291
4410.0,control,0.0,0.0,92.7941967101409,-0.048748603951912044,53.31090892516497,26.487270290708274,-3.552488438092256,-1174893.1634982824,301.08481459659276
4420.0,control,0.0,0.0,89.41817547712735,0.010154579069165427,52.96147622411698,26.574098371309397,-4.328659390564981,-1173469.5635873433,299.9208217979618
4430.0,control,0.0,0.0,93.66869659781192,-0.06398709001013253,53.37640811515494,26.58742422190846,-4.446970121114731,-1173019.3500121385,300.51219615138035
4440.0,control,0.0,0.0,97.75753936641418,-0.13498131394627483,52.482666360244494,26.86907750581717,-4.458842672425051,-1173011.715999186,299.4842880941522
4450.0,control,0.0,0.0,94.74701422801434,-0.08275627482492146,53.5226991033697,26.644128234902617,-7.042563332031957,-1174603.5877543055,298.8483877522655
4460.0,control,0.0,0.0,96.38280458752968,-0.11117068097764334,52.997396635882374,26.07716303221273,-6.066265397210011,-1174062.8466097657,300.5518004901396
4470.0,control,0.0,0.0,93.96524610961707,-0.06915136870711158,54.244738024916956,27.07727801566962,-5.483402058234274,-1171913.1274168696,300.57765113412853
4480.0,control,0.0,0.0,93.19527149996455,-0.05573910558931085,53.02304708865298,26.612657512334238,-4.900446946845393,-1174486.0835802741,300.4118894451023
4490.0,control,0.0,0.0,95.3366991315772,-0.09300835071408678,51.54433507765884,26.445878600011827,-5.5656516084847265,-1172505.5410169847,302.0332590306127
4500.0,control,0.0,0.0,97.59416173353459,-0.13215538770811117,51.8765804026392,26.15387908795543,-3.3945575905030765,-1173368.1939061545,301.65567842226994
4510.0,control,0.0,0.0,92.67491887171786,-0.04666918389693002,51.901990442834546,26.37851717893585,-2.582899719946534,-1172450.0073341876,300.68900185672624
4520.0,control,0.0,0.0,98.3884477769773,-0.14588356422543536,52.61684421753728,26.682219500860455,-4.974849695310771,-1171908.305182254,298.96539003114043
4530.0,control,0.0,0.0,95.13255936212805,-0.08946030081808193,53.29900421179201,26.87332457920419,-4.0884959929595475,-1172047.1391251031,299.06700633378523
4540.0,control,0.0,0.0,95.29359991618375,-0.09225936189757117,54.04208535798585,26.906280104510625,-6.443969391041058,-1175034.472166963,299.5677547158777
4550.0,control,0.0,0.0,98.77314159493758,-0.15252257004542233,53.71456071396333,26.64574997757599,-4.625962609992005,-1175038.4130303413,299.54298216948513
4560.0,control,0.0,0.0,96.16588936500011,-0.10740747589303208,52.999883260282814,26.768021681672113,-2.956946322366653,-1174159.5972501226,299.5463298596728
4570.0,control,0.0,0.0,96.17898171056419,-0.10763465574440081,52.7435545799121,26.575426053520943,-5.098641110651379,-1174427.935614312,299.9968927599179
4580.0,control,0.0,0.0,98.39715364767083,-0.14603388309375606,52.99631603705703,26.31347328283251,-3.940019315191,-1174715.2524123173,298.61050581225714
4590.0,control,0.0,0.0,99.38904435659106,-0.16313731477234045,53.81244113180569,26.880072391144942,-4.425070183464638,-1172353.4281831793,301.09862045307614
4600.0,control,0.0,0.0,99.2543946150385,-0.16081826824750012,53.93694547365932,26.348940152842058,-4.629533110498304,-1173805.681782538,302.45642092004294
4610.0,control,0.0,0.0,89.05508097390837,0.016491200588224106,54.89583321537657,25.84679792238884,-3.673571544282054,-1172762.193887055,301.94292738379835
4620.0,control,0.0,0.0,98.63373588066403,-0.150117499415158,54.45318164265349,26.516331584389032,-5.6158495948811655,-1172868.0914852377,300.92835183074857
4630.0,control,0.0,0.0,96.48643743532206,-0.11296802080503844,55.19267285781108,26.2058767610178,-3.6440683907779015,-1174046.9349693134,300.3378769810045
4640.0,control,0.0,0.0,95.08703268571821,-0.08866886825764297,53.907919309684914,26.67601065033215,-4.983015753739443,-1174472.3861561753,302.7942413198522
4650.0,control,0.0,0.0,99.17966776246746,-0.1595308780258478,53.648078493809976,26.796046470351676,-2.140901288081495,-1175298.9623766076,299.86558977316525
4660.0,control,0.0,0.0,101.38689022835085,-0.19743304065408496,52.37210752367724,25.893351082611858,-6.475494437198865,-1175260.7079547532,299.79166698645713
4670.0,control,0.0,0.0,95.920214284799,-0.10314346733127033,53.930714664732676,26.62064051525587,-3.3185380673964646,-1173034.4294894803,300.3374093971905
4680.0,control,0.0,0.0,89.77796277521736,0.0038752709347569386,52.05194864937768,26.368566781756595,-4.700002390832158,-1171708.237556873,300.6656137679023
4690.0,control,0.0,0.0,94.62958589191274,-0.08071362154543106,53.077987780935736,26.180540718896,-3.1662647314517587,-1175281.2853801548,299.78288445180664
4700.0,control,0.0,0.0,98.73233631826633,-0.15181867758438833,53.909351170216816,26.697529950594593,-4.153051538429682,-1175346.6210272443,299.677533547017
4710.0,control,0.0,0.0,102.37813891494285,-0.21436266427684297,53.52964016942048,26.348088405066402,-3.8173892896737502,-1173883.1020250637,297.89477373636265
4720.0,control,0.0,0.0,99.1665423345995,-0.15930472577608434,52.88763856908131,26.177233505772637,-5.2091974037776145,-1172717.070504751,301.48227224380156
4730.0,control,0.0,0.0,99.59537390570071,-0.16668913628361998,53.745308374103544,26.50062249597722,-4.494987172401296,-1173154.775830401,301.1559783039665
4740.0,control,0.0,0.0,96.39317532710295,-0.11135056072534719,52.89270601954474,25.91997055390569,-6.012193496429159,-1174311.9817710165,300.43544426485175
4750.0,control,0.0,0.0,93.09987139167934,-0.054076571630644235,53.462255546295474,25.706871807411282,-6.661210270514263,-1172807.5558323245,299.4954644747101
4760.0,control,0.0,0.0,92.35722612668276,-0.041129752052739194,53.34491639772364,26.487981086095225,-4.141534606833005,-1174675.6082465965,302.5398747105888
4770.0,control,0.0,0.0,94.11405288627064,-0.07174208361757367,54.14585493308336,26.19628050307031,-4.234632212042027,-1172505.3708808422,300.74987489352594
4780.0,control,0.0,0.0,92.90204557679536,-0.050628596373069254,53.48324031435807,26.07109359990241,-4.779044450492393,-1173753.2590204924,299.71557889431887
4790.0,control,0.0,0.0,99.88855454819392,-0.17173231060515523,53.14726647973703,26.391551363471724,-7.094719758157295,-1171927.2661082651,299.9667607070967
4800.0,control,0.0,0.0,100.93150510773947,-0.18963536191292352,53.1956134184509,25.914643621525215,-3.8100314436628633,-1174401.2131199464,301.5032545306167
4810.0,control,0.0,0.0,96.85390207770809,-0.11933806667191232,53.444128038853215,26.500013553846234,-5.500280133162315,-1174558.359689271,300.2561979291629
4820.0,control,0.0,0.0,95.60699183236657,-0.09770434712507185,53.09763233959366,26.293040781679366,-6.9400486932325585,-1171510.100614259,299.4470338538554
4830.0,control,0.0,0.0,96.8148621173139,-0.11866153250405355,52.747123035389436,26.621666380742603,-5.517988293131124,-1174053.495160479,301.1273980000706
4840.0,control,0.0,0.0,96.96598637591178,-0.12128009720935712,52.406468519579185,26.20939047039158,-6.931154505923983,-1174829.3638923299,302.96195372733024
4850.0,control,0.0,0.0,96.31587635268467,-0.11000972811549822,54.466261964673905,25.56497459746536,-6.967484096377653,-1172816.569959348,300.19877880283804
4860.0,control,0.0,0.0,99.34685174057948,-0.16241073581182286,53.2268071973039,26.088829217231776,-6.137277648515177,-1174248.1405404452,300.1766137922554
4870.0,control,0.0,0.0,99.12082824663783,-0.1585170029260866,54.445828234315144,26.840035524474285,-6.2685547168371585,-1172978.997763088,301.2536663175658
4880.0,control,0.0,0.0,95.35182717075699,-0.09327123706108227,53.96783121697357,25.98289965645454,-5.865628519705768,-1173751.6364328153,302.11290594608465
4890.0,control,0.0,0.0,94.21763040321648,-0.0735450758816947,53.59710738684834,25.84023230968435,-6.073382745241023,-1173571.8098941222,300.04366532814686
4900.0,control,0.0,0.0,95.41636898072132,-0.0943927341689444,54.65169895291299,26.225289185376205,-5.840537958152443,-1174281.7041111942,300.87609342105395
4910.0,control,0.0,0.0,100.6007608556851,-0.18396440342438472,54.220149444257046,25.77027170237643,-5.727447709140362,-1174394.0180376153,302.08728233738674
4920.0,control,0.0,0.0,95.66114577322554,-0.0986449457599776,53.74150455662534,26.015263288553548,-3.460061479855203,-1173807.51634535,299.13364200845933
4930.0,control,0.0,0.0,94.7684247274264,-0.08312867094374043,53.38806023122487,26.04502058965071,-5.880964669184092,-1173202.4851788636,300.19208083884166
4940.0,control,0.0,0.0,98.21946375803286,-0.14296515904931972,52.647651901554504,25.924546119497535,-5.322762483592925,-1172718.7639279217,298.45633362389174
4950.0,control,0.0,0.0,99.04712787647155,-0.1572468218527311,52.97256954939942,25.953628417594793,-6.349920196421142,-1174543.7239253297,299.84821095425843
4960.0,control,0.0,0.0,99.15616880367158,-0.15912598303178097,52.58553015556257,26.184771511450265,-6.323955547874804,-1175659.4919925816,299.77627053557677
4970.0,control,0.0,0.0,98.27979452330716,-0.14400723368909063,52.82369034045542,26.413607121306356,-6.665033022896984,-1173604.6115623638,301.14823148086884
4980.0,control,0.0,0.0,95.37118561049138,-0.09360762738455826,54.07760602839417,26.03354846463933,-4.760066331838713,-1173638.4908809327,297.8225158084471
4990.0,control,0.0,0.0,96.1467647826081,-0.10707561391426249,52.44152944920508,25.593905721846177,-5.36682096864266,-1173166.968155738,301.1163481927685
5000.0,control,0.0,0.0,97.1372331382853,-0.12424630843097598,53.86748921049021,25.782479190046036,-7.071338929085595,-1174524.9734851923,300.5357065820397
5010.0,control,0.0,0.0,91.14598271116476,-0.019999837939787185,53.79358357850776,25.604113745164323,-5.780550033009855,-1172756.8572574519,301.4857871236297
5020.0,control,0.0,0.0,93.04168323645062,-0.053062455021086724,53.643158385756315,25.51790061420728,-6.2685418109311986,-1173473.2530728634,299.7075864703897
5030.0,control,0.0,0.0,92.20087983160893,-0.03840315372280719,52.880482491721025,25.7097129156511,-4.87876378801675,-1173498.461516887,300.2697228283679
5040.0,control,0.0,0.0,85.4266290359808,0.07973564839179473,53.060618848266365,25.744236482211477,-3.2358688521518415,-1172968.99808776,302.28186891758105
5050.0,control,0.0,0.0,93.76099728950024,-0.06559465597885655,53.73352258285115,25.97265508291273,-6.880782196729345,-1173472.0688846242,300.26024370894504
5060.0,control,0.0,0.0,88.93914216204476,0.01851440426703216,53.324273359852604,25.919986650856863,-4.5855954410858075,-1172332.83765297,300.17110847445787
5070.0,control,0.0,0.0,92.67177321633339,-0.04661434160429491,53.02854007502763,26.464607282986687,-5.179437365057983,-1174325.7043435182,301.02436088477776
5080.0,control,0.0,0.0,92.91121782859797,-0.05078847641518254,53.31556434375304,26.690456249208026,-5.29751303610178,-1174232.905644806,299.72030773108514
5090.0,control,0.0,0.0,92.86425490408655,-0.049969859610418804,53.20990459512476,26.24079534020278,-4.9217659942096414,-1173032.4382302836,301.4656528613063
5100.0,control,0.0,0.0,99.06640447822008,-0.15757906757606133,53.336054543130324,26.542412382428978,-5.028744961560552,-1173854.301077664,300.02382347853876
5110.0,control,0.0,0.0,91.02929914897652,-0.01796369286719443,54.050092585450315,26.261546025299648,-4.366047168027782,-1174404.3466844372,301.0491053412063
5120.0,control,0.0,0.0,98.36100616832962,-0.14540972496906154,54.216681482770305,26.433090971808443,-4.983116160950626,-1174347.2000999656,299.3009655209732
5130.0,control,0.0,0.0,95.80630605230901,-0.10116579451001909,54.08730121698109,25.364168131131176,-5.559100599389776,-1172425.512984028,301.1754358539028
5140.0,control,0.0,0.0,96.41130393448124,-0.11166499137810712,54.786674888553776,26.276873695026683,-5.497271911765229,-1173470.9085423592,299.71402980454684
5150.0,control,0.0,0.0,95.77516327845693,-0.10062502425900022,54.65132477392624,26.16130125406536,-5.441134937441931,-1174392.8690413628,299.20280736758724
5160.0,control,0.0,0.0,92.63328014911748,-0.045943230679232734,55.2385493770771,25.966589355988113,-5.545672219021938,-1175036.9323083125,300.2678956761809
5170.0,control,0.0,0.0,99.05170274634487,-0.1573256745493174,54.69684178847086,26.43399435707209,-5.387772350985305,-1173552.573695844,301.2583663555179
5180.0,control,0.0,0.0,92.35387442249754,-0.041071303209249496,54.073246486126415,25.926240521090985,-4.173748181535308,-1174367.25000621,301.02083941136044
5190.0,control,0.0,0.0,95.86430397397312,-0.10217280390883837,54.67034300421936,26.296809780476394,-5.191162642364679,-1174576.3737199828,299.3302387387185
5200.0,control,0.0,0.0,97.30328520501708,-0.1271214812830347,54.761279428038115,25.86265906910479,-6.209427588098247,-1172973.6761443615,301.67578987829677
5210.0,control,0.0,0.0,95.5686080093752,-0.09703760642167678,54.776981547597906,26.449320351630544,-4.080493095290241,-1172860.2270824052,301.4763109537553
5220.0,control,0.0,0.0,94.65314429531642,-0.08112344490068663,54.49181923768886,26.286439157230223,-5.398399409620668,-1174275.9863917958,301.88069324874715
5230.0,control,0.0,0.0,98.5173888843421,-0.14810956399108205,53.55460038180101,26.078147681623655,-6.92679506188792,-1175363.8001688588,299.41982418254554
5240.0,control,0.0,0.0,95.91531020267172,-0.10305833108151274,53.655824783015035,25.83204773679431,-5.32663047653858,-1175410.6821997967,299.3974315857915
5250.0,control,0.0,0.0,92.9813933495,-0.052011651229862246,53.85412936371014,25.984885253710516,-4.825140912755087,-1171548.145105334,300.5253676001728
5260.0,control,0.0,0.0,97.73085011005512,-0.13451974699555108,53.96069698780089,26.087050283397843,-3.600436725070006,-1174508.2737358175,298.974502586231
5270.0,control,0.0,0.0,94.22311246348448,-0.07364049643479115,53.75174040921737,26.112786830330883,-4.724810453367249,-1174569.297981428,301.1212380665456
5280.0,control,0.0,0.0,98.2224255292954,-0.14301632051712207,54.28775504606233,25.964920634160087,-4.564255810009827,-1174054.0050128214,300.51487333617865
5290.0,control,0.0,0.0,92.71207825101851,-0.04731702088937612,54.250963446515485,26.118060859905487,-6.134798025806634,-1175126.4232029915,299.02719673678877
5300.0,control,0.0,0.0,101.98475605061488,-0.20765144034054017,54.35270401737753,26.654564919269077,-5.025587901493848,-1172816.7371534817,300.27167486159595
5310.0,control,0.0,0.0,91.5353695507115,-0.026794046857344794,54.952437951648434,26.0897756402115,-3.8904827934641357,-1174317.5623327177,299.34335921725307
5320.0,control,0.0,0.0,95.86683897929612,-0.10221681645360409,53.72468075977521,25.800605967568156,-4.635288253738356,-1174543.90555601,301.78315488496656
5330.0,control,0.0,0.0,101.49193625937673,-0.1992300189927288,52.906796307514014,26.109323436753744,-4.575906142694611,-1172281.3906494472,301.30262728971513
5340.0,control,0.0,0.0,95.16325767308278,-0.08999392625699187,53.83587260089572,26.110980996237007,-6.944252107915137,-1173740.2923761662,300.1371740714765
5350.0,control,0.0,0.0,98.05718445024702,-0.1401613753958386,53.82303899327243,26.32819719496997,-6.060838541158098,-1175404.4470440764,299.706699798279
5360.0,control,0.0,0.0,93.46634131667456,-0.06046216991035051,52.887596012383725,26.316230554243187,-4.497756496181235,-1175156.7497486062,301.1865864583149
5370.0,control,0.0,0.0,92.88248085167348,-0.05028756247405875,54.09931189684157,26.27841721255167,-5.010165459977133,-1172713.3270606883,299.44864521087067
5380.0,control,0.0,0.0,95.91941442389174,-0.10312958157173917,52.96693639337057,26.329243341489363,-4.451663554311667,-1174259.0980148818,298.7545674481394
5390.0,control,0.0,0.0,100.91766868175291,-0.18939824715292025,52.87898112826211,25.998863968239156,-5.662839079453647,-1173165.6314703487,298.6602651404688
5400.0,control,0.0,0.0,101.58986584077901,-0.2009046561726203,53.13094883546376,26.653718364334296,-4.983484608961226,-1173068.941874545,300.421016142669
5410.0,control,0.0,0.0,97.39239927493966,-0.12866404265108777,53.82959538489902,26.201881610417708,-4.317739524256941,-1173499.2033098452,299.74705983209935
5420.0,control,0.0,0.0,96.64657403978684,-0.1157445956890657,53.33652444359099,26.626833301628857,-4.867389130135271,-1173841.2096701618,300.4890497142653
5430.0,control,0.0,0.0,100.7461229824176,-0.18645755638384587,53.776442687859934,25.840819776122583,-4.840735148259105,-1173601.316174062,301.13701326587403
5440.0,control,0.0,0.0,96.54358006978198,-0.11395890730736966,52.22885197021726,26.42251847127344,-4.260956604127867,-1173637.8019422423,300.22539712927534
5450.0,control,0.0,0.0,98.88852783709652,-0.15451256694469986,52.52704175565182,26.184392517291815,-4.217393930661974,-1174797.7172363438,303.0105592198498
5460.0,control,0.0,0.0,103.38730658385245,-0.2315323871874378,52.5954173547964,26.61317893279396,-4.629622191071672,-1172869.3419284355,301.4796090240956
5470.0,control,0.0,0.0,95.99234769198172,-0.1043956360100129,52.81490190414693,26.453216466296194,-5.320056242900106,-1173497.3304381352,301.97658135129456
5480.0,control,0.0,0.0,95.43124346329313,-0.09465118053759226,52.198983035644716,26.405076562034242,-3.9375345705196363,-1174890.7510712612,301.4124544842073
5490.0,control,0.0,0.0,91.43662479307528,-0.02507120552992323,52.57107469819082,26.6773562252467,-5.085493286016284,-1174622.2897973545,300.4664204126101
5500.0,control,0.0,0.0,91.92081888325339,-0.03351833448270258,52.68693341193812,25.625711857987955,-6.055046694748079,-1173948.796494864,299.86969163708864
5510.0,control,0.0,0.0,91.26421348005351,-0.02206289735145244,52.66004822681164,26.094763364379876,-4.1029629709034445,-1175031.795051787,300.3307695670743
5520.0,control,0.0,0.0,92.6417611161123,-0.04609109467096764,52.63198192238006,25.92849423908244,-5.720701920110365,-1172817.38341688,302.40940101318256
5530.0,control,0.0,0.0,92.30280880435247,-0.04018077587523683,51.8233372023694,25.827163924337885,-4.944141993735408,-1174367.2132818494,298.5543440509429
5540.0,control,0.0,0.0,94.6572891874013,-0.08119554826755851,52.246128851425176,25.99644806215868,-5.80801133040207,-1172944.9416752048,300.11096957869336
5550.0,control,0.0,0.0,90.45979432043247,-0.008024838640380033,52.76103329347037,25.841095483590593,-4.77967452339959,-1173173.2755063623,299.6181168088753
5560.0,control,0.0,0.0,97.36634620826237,-0.1282130970269771,53.564188557442066,25.96621287383094,-3.010291020920768,-1174398.5687133651,300.0564938154686
5570.0,control,0.0,0.0,92.77242986773506,-0.04836914904978075,53.737129932884464,25.818121368344727,-5.774320862586376,-1175465.883728616,300.94295011410446
5580.0,control,0.0,0.0,92.52741923040907,-0.04409748272219721,53.37874035872592,25.48940845305001,-4.209627821672712,-1173340.6904203426,301.5813250575173
5590.0,control,0.0,0.0,95.88611431982692,-0.10255146670971277,53.7320150253364,26.164558184976155,-3.8980327577862495,-1173551.9888032563,298.2907226991549
5600.0,control,0.0,0.0,94.82278648277511,-0.08407414106691333,53.62530846934742,25.690272477104696,-4.705946861406534,-1174785.582783686,299.20931903695794
5610.0,control,0.0,0.0,93.09823272717644,-0.05404801336551078,54.30470707843733,25.93647762907706,-4.768968804413166,-1173767.4010118544,300.59116913779997
5620.0,control,0.0,0.0,90.63729937089973,-0.011122742987865357,54.414210510105285,26.215194787189763,-3.683662661954127,-1175918.7125145104,301.80293148105665
5630.0,control,0.0,0.0,95.84282620501783,-0.10179990071103885,54.673065818674836,26.51445810010175,-5.855050857537357,-1172970.324489165,300.3919389834935
5640.0,control,0.0,0.0,91.1748686960038,-0.020503890080289876,54.920708632343676,26.154417881101235,-4.853885015460129,-1174311.2898222916,298.94319834319975
5650.0,control,0.0,0.0,100.30232007472617,-0.17884205537037542,53.967458723910305,25.631622875312257,-5.137505775714503,-1175159.3334636241,298.154153545406
5660.0,control,0.0,0.0,101.02794629514338,-0.1912877660937197,53.1881916994366,25.764258016576182,-5.301396561082139,-1173181.0542519782,299.43439440192583
5670.0,control,0.0,0.0,97.32496891385493,-0.12749685396059454,53.919188338747986,25.99281523269377,-7.448199997754199,-1173592.9005433638,300.68446186697116
5680.0,control,0.0,0.0,99.07749814717614,-0.1577702666414291,53.452359216396445,26.18796474142772,-5.175361604368099,-1171851.7273293324,300.52158925272033
5690.0,control,0.0,0.0,98.49825973120286,-0.1477793712668546,53.02973585651679,26.15460105101504,-5.132589470322529,-1174518.2148237806,298.69886913374586
5700.0,control,0.0,0.0,102.60745984707398,-0.21827030282942608,52.83206775586236,26.524206221929727,-6.16416278694403,-1172965.253964927,299.1639679112438
5710.0,control,0.0,0.0,94.34980163451381,-0.07584545419966535,53.69712137460956,26.46587367780979,-4.838835883319422,-1174439.8763706852,298.0330938361256
5720.0,control,0.0,0.0,99.78451567270349,-0.16994318401157257,52.54400017796411,26.178360142032673,-4.829860258089477,-1174739.1586623173,300.2207566502135
5730.0,control,0.0,0.0,96.3555627551519,-0.11069815597895195,52.06563631445284,26.655893506711895,-4.154477223495451,-1176044.8406904563,300.03905527302624
5740.0,control,0.0,0.0,90.29577166955441,-0.005162166540699245,53.602183290953256,25.632078738738876,-4.708401140201441,-1173411.002084056,298.73443745639906
5750.0,control,0.0,0.0,99.50378780117609,-0.16511280844847206,54.0117720533985,26.465946288431176,-4.080159638547199,-1174874.519073492,302.05070324855257
5760.0,control,0.0,0.0,93.5725840148538,-0.06231295735963775,53.481503037579856,25.698442905475268,-6.3034271591882085,-1174641.3428228833,299.76330284594366
5770.0,control,0.0,0.0,97.03523277016345,-0.12247966459012435,54.03665937430608,26.302889034940385,-4.20279148391467,-1174431.8885049,300.68230173109316
5780.0,control,0.0,0.0,91.7024655156671,-0.02970925648396086,53.782042515227864,25.666604647463572,-4.394824214510613,-1173615.3641100284,300.8743710527183
5790.0,control,0.0,0.0,94.60957963629802,-0.0803655808423991,54.70342869789791,26.180758423582656,-5.045643151081007,-1174221.7432979848,299.7535375541729
5800.0,control,0.0,0.0,97.48039447913094,-0.13018693109938406,54.0475324322088,26.15969848876953,-4.8190684925587455,-1175607.9466920532,300.76919763805023
5810.0,control,0.0,0.0,100.08880482688015,-0.17517435807878004,53.70927305621601,26.20178101621362,-5.033519925565972,-1172797.5774586182,300.8636729707029
5820.0,control,0.0,0.0,96.55851874745402,-0.1142179340131148,52.920738222742095,26.495745477015866,-4.598316760673067,-1174945.324354522,300.5111289575453
5830.0,control,0.0,0.0,98.11215394350143,-0.1411112388522142,53.756439572850326,26.431637912696154,-5.020746406194829,-1173788.0560405608,297.98477508048944
5840.0,control,0.0,0.0,93.46644321130705,-0.06046394505348615,54.068888353627116,26.32267923399892,-4.018517227355194,-1174005.267029427,300.407491772836
5850.0,control,0.0,0.0,93.21199941683493,-0.05603060654982442,53.86788364855204,26.49947524628458,-5.160956869419386,-1172188.1404055543,300.35675739194915
5860.0,control,0.0,0.0,99.79404385812953,-0.170107060871677,53.8563105771228,25.984676868678463,-4.231053636860432,-1173671.661775479,299.4692593015736
5870.0,control,0.0,0.0,93.11397866425729,-0.05432242807522875,53.818935388102055,26.27186968014268,-5.332116797674404,-1175264.9430757947,299.30258365848454
5880.0,control,0.0,0.0,96.11284671844912,-0.10648701666603569,54.34822534895828,26.390211392726115,-4.317975642999373,-1173297.1194864865,300.25373568621706
5890.0,control,0.0,0.0,99.25342554526881,-0.1608015749113217,53.96383974143719,25.854691076526436,-4.809663882909527,-1173066.6510937586,300.0089379465455
5900.0,control,0.0,0.0,98.07467993627124,-0.14046370844451056,55.04739061426694,26.25973742902536,-4.843097829920504,-1171484.5323562361,300.3265073049527
5910.0,control,0.0,0.0,99.49108872087938,-0.16489420572014923,53.829819699048876,26.332571658014217,-3.7202506923312217,-1174355.9194949921,301.8855081443578
5920.0,control,0.0,0.0,102.20887233507399,-0.21147614819876034,53.75777680969758,26.3623494484636,-4.625211893493006,-1175245.060845239,300.8539673465277
5930.0,control,0.0,0.0,99.75000288330273,-0.16934955344528596,53.74532886160685,26.571063978770994,-4.236850138905364,-1174125.2276216168,299.77612279455286
5940.0,control,0.0,0.0,101.23875635409097,-0.19489785029035872,53.51169583546398,26.138499422340526,-3.0859440048526485,-1173777.7115571667,303.680963230804
5950.0,control,0.0,0.0,97.88593926751227,-0.13720146485909035,54.66380111448834,26.499313428855785,-5.331446251484632,-1174705.250849381,300.9136491598012
5960.0,control,0.0,0.0,101.13819027890531,-0.1931760005174129,54.07677666437447,25.947286334797543,-4.066323437888133,-1172832.6759235915,298.283099038722
5970.0,control,0.0,0.0,97.90389993747188,-0.13751196647821642,54.72141764237706,26.39218148710685,-4.934063748753571,-1174510.7028840054,300.0204005145037
5980.0,control,0.0,0.0,100.88930269882957,-0.18891210493345056,54.99201200855226,26.50350411209297,-6.2700431871089926,-1173560.2288324442,301.1816358278332
5990.0,control,0.0,0.0,103.53713916995706,-0.23407560572665181,53.90098609380949,26.806300104637216,-4.311387584262171,-1173329.611440191,301.30400363904306
6000.0,control,0.0,0.0,98.78103842789176,-0.15265878176906178,53.85661852332624,26.153079322624425,-4.482458772877919,-1172931.6302164178,300.0593354852564
6010.0,control,0.0,0.0,92.94474148293794,-0.05137281072529368,54.21097908233831,26.379712892800093,-3.9809980784671914,-1173928.1586856823,299.86647528618414
6020.0,control,0.0,0.0,105.88241897615539,-0.2736640986026972,54.133470229134886,26.38889623181878,-5.041392446247526,-1173581.2941766195,300.99553820474574
6030.0,control,0.0,0.0,99.79142335689336,-0.1700619908999581,53.490941892992325,26.332310655039223,-4.739371591304871,-1173956.4204206225,297.99525477814575
6040.0,control,0.0,0.0,101.2251990661671,-0.19466576304397623,53.885294330835364,26.803114507889795,-5.240034728914774,-1173653.0479685143,301.0199403459519
6050.0,control,0.0,0.0,95.9230237420866,-0.10319223996226529,54.661495625640576,26.345257833302295,-4.224017324475823,-1173551.6608039588,300.53080434540834
6060.0,control,0.0,0.0,100.76323863607496,-0.18675103384336966,53.51571752283729,26.836387476025653,-6.7121524288864425,-1174603.0496556014,300.63166861908803
6070.0,control,0.0,0.0,99.59938233563639,-0.16675811739619167,53.61938303085981,26.353677561379858,-5.374696597840803,-1174565.5148823448,300.6298094979573
6080.0,control,0.0,0.0,97.91629169093987,-0.137726185550843,54.294382533791676,26.35898775561525,-4.954765558661279,-1173644.4923127927,300.0086206058155
6090.0,control,0.0,0.0,102.0242277249653,-0.20832528542344314,53.44505229736785,26.203900639167106,-5.075430982501414,-1174086.9262497816,300.0478330316591
6100.0,control,0.0,0.0,102.00240469293011,-0.2079527433027364,53.978693778943516,25.9520108927661,-5.361889621131097,-1173896.375170732,299.28233918750635
6110.0,control,0.0,0.0,97.40357064298867,-0.12885739675518482,53.56766773469812,26.27916402764909,-4.941811151976256,-1172991.6904249918,302.7126146294331
6120.0,control,0.0,0.0,96.4821186460315,-0.11289312590845135,54.47996129540799,26.652772118224703,-4.120001114823398,-1173563.607211234,299.70449467113036
6130.0,control,0.0,0.0,97.0173270343675,-0.12216949748056366,54.97109201132883,26.50043152362838,-4.997223134643904,-1173686.7751574274,298.7730519575079
6140.0,control,0.0,0.0,97.33654313477417,-0.1276972110267245,53.67422564061073,26.553303487029687,-3.807233895053833,-1173995.1965742856,297.9094586949184
6150.0,control,0.0,0.0,97.86605976679891,-0.1368577750365529,53.6402362421667,25.859041753334076,-6.060075361970994,-1174313.7606051397,300.085529007048
6160.0,control,0.0,0.0,92.23721189070957,-0.039036792245774374,53.88991681421125,25.78221494867506,-4.886630683991421,-1174186.639608914,299.36603734009583
6170.0,control,0.0,0.0,98.42631836864061,-0.14653742765151886,53.887907596416014,26.293845918274357,-4.173390646122709,-1173194.7116899304,298.84687045190594
6180.0,control,0.0,0.0,102.30898395229057,-0.21318358395933093,54.545678681705056,26.999108754386135,-5.478523476606459,-1175469.4939849172,299.7154143560567
6190.0,control,0.0,0.0,96.42132779821583,-0.11183884494447584,53.99513768753112,26.36831842240943,-6.48336561306489,-1173209.482682811,299.2781331348498
6200.0,control,0.0,0.0,99.97234717476803,-0.1731728568907116,54.136316042589904,26.532197604528793,-4.972039061044298,-1173787.771940058,300.86135624374793
6210.0,control,0.0,0.0,94.6790055756389,-0.08157331344269025,53.794451329014024,26.024067567423426,-4.822586473675584,-1173682.7766120248,299.23144385639125
6220.0,control,0.0,0.0,98.82630961061565,-0.15343960406771154,54.64076951282247,26.4016492878497,-5.569756420825547,-1175346.481571257,300.5939037468517
6230.0,control,0.0,0.0,105.16101700573408,-0.2615325385366478,54.859901099072864,26.462657751886724,-5.851690406556653,-1174286.0762669593,300.6162259978283
6240.0,control,0.0,0.0,102.7236573158292,-0.22024898191539766,53.365839042783065,26.837151666636178,-5.11300363664848,-1175187.1875002757,300.7586678198246
6250.0,control,0.0,0.0,100.09166301668168,-0.17522347133574795,54.03752708254994,26.277585135715857,-4.767774929159948,-1174809.8353025764,301.40941322795925
6260.0,control,0.0,0.0,98.57711111402963,-0.14914033677290056,54.28983885155819,26.695690358819558,-4.418935746436876,-1173097.240061067,299.0749263452652
6270.0,control,0.0,0.0,101.76573288439411,-0.20391058017603073,54.508994954240904,26.17417613733673,-5.020852475677453,-1172580.52471512,300.3241074286958
6280.0,control,0.0,0.0,93.26788947054895,-0.05700451278844307,54.94149535138755,26.3419210554798,-5.314964399934477,-1174160.0727212932,299.7910265938628
6290.0,control,0.0,0.0,92.19385126514,-0.03828057229915492,55.01339388797518,26.886212412111703,-5.286610116904977,-1172030.8007128425,300.7529324579069
6300.0,control,0.0,0.0,101.32921671627746,-0.19644616151454497,54.20223493369371,26.211584676712118,-5.143973755472426,-1172173.6895982847,304.28401585766386
6310.0,control,0.0,0.0,98.8373904253952,-0.1536307077003656,54.74658113259628,26.544302590218255,-4.467160454389965,-1174836.2854750399,300.4890327109666
6320.0,control,0.0,0.0,96.76477490337088,-0.11779347681559561,54.89978474036973,26.284815264158066,-3.817323544959592,-1173289.8416078296,300.31741315382175
6330.0,control,0.0,0.0,99.96694571988371,-0.17308000728044184,54.805977995564994,25.856470322987022,-5.296514636027269,-1174804.604938114,298.3685643447957
6340.0,control,0.0,0.0,96.19549613590051,-0.1079212078915173,54.56787039520536,26.26917241036579,-5.782829001402911,-1175400.6349499114,300.3847662868172
6350.0,control,0.0,0.0,99.40228606811104,-0.16336532576416699,54.82078766088524,26.248778857147126,-4.524286558838456,-1174589.144593211,299.87989570508654
6360.0,control,0.0,0.0,101.26614778983846,-0.19536673103935592,53.76833058308568,26.267490596141286,-4.627918527298633,-1174631.863738304,301.3527616770765
6370.0,control,0.0,0.0,98.60639135337422,-0.14964563844565887,54.93572428961063,26.058514122237327,-5.148307085420532,-1175880.973285634,301.3458759967247
6380.0,control,0.0,0.0,103.0475517771518,-0.22575964067299742,55.77161448409853,26.16144723637548,-6.3855598652071865,-1172250.4694533218,299.9367865182365
6390.0,control,0.0,0.0,100.24454543406739,-0.17784986386057028,55.20350793321545,25.831054997819443,-5.423596282424807,-1173464.1700935923,299.822908198024
6400.0,control,0.0,0.0,99.63429530057074,-0.16735890042387705,54.588499898224505,26.188365513611032,-5.573092628752245,-1176433.380841894,299.4343715393958
6410.0,control,0.0,0.0,98.81009244691231,-0.15315990680938912,55.72396589537937,26.1389336293024,-4.854031054098639,-1174202.0277998373,300.86453739407136
6420.0,control,0.0,0.0,100.7704478066032,-0.18687464254380182,55.330181986944574,25.8533843367683,-5.597919958617032,-1174722.211757591,300.9046907605576
6430.0,control,0.0,0.0,99.26777954277233,-0.1610488342427841,55.22289445210962,26.11290351055833,-4.531996953870291,-1173034.2771943454,299.97312071538124
6440.0,control,0.0,0.0,97.88183613813857,-0.13713052862369635,55.17716358051782,26.79603477193595,-5.987780811288632,-1173796.9035680033,299.82833993149035
6450.0,control,0.0,0.0,101.79545445002276,-0.20441839293667402,54.60274764554887,26.491351584737867,-5.5183327117581245,-1174675.8499490842,300.06909304010804
6460.0,control,0.0,0.0,98.82822629998756,-0.15347266037807591,55.44224659790848,26.411454343716407,-5.318021431353673,-1176119.0234467275,299.29656120804
6470.0,control,0.0,0.0,102.14935091657433,-0.21046068492720824,55.24070674204171,26.441493087718772,-4.245616506518445,-1173674.9163774978,298.3930649925151
6480.0,control,0.0,0.0,97.48989091865974,-0.13035126287647122,54.58481166199261,26.267764227597144,-4.0979419217852655,-1173498.5605843738,298.6933133662125
6490.0,control,0.0,0.0,95.11955650044476,-0.0892342657199168,54.67447152295967,26.32769825954459,-5.017729032992363,-1173685.8104274794,299.0618961352917
6500.0,control,0.0,0.0,98.67037609679385,-0.1507497144630512,54.9054066639416,26.42648965667942,-4.636933773626444,-1172808.1122813597,301.66008880164134
6510.0,control,0.0,0.0,96.2493830614778,-0.10885617123618196,54.83985113690616,26.487875623548693,-2.8779416956278077,-1174173.896066321,300.0450943596331
6520.0,control,0.0,0.0,94.53373829058333,-0.07904611113591697,55.24218000614187,25.92683319348634,-5.028713250786192,-1172175.5396046676,300.6596042871988
6530.0,control,0.0,0.0,102.71664064308226,-0.2201295234875215,54.551539219431135,26.550313221413937,-4.824934018448252,-1173472.474773433,302.1302664798127
6540.0,control,0.0,0.0,95.18111220116448,-0.09030427772658599,54.814663308844494,26.409397227054306,-4.883670931891833,-1174828.827172624,302.11048927264034
6550.0,control,0.0,0.0,103.04326963532182,-0.22568683206337264,55.03151183307476,26.364054347503657,-4.301411070124805,-1172345.0337213762,302.24319873762914
6560.0,control,0.0,0.0,94.4930161297523,-0.07833757936584562,54.53140409948099,25.925955401573592,-3.318573369797921,-1174649.6015781555,300.64448704895045
6570.0,control,0.0,0.0,98.6059015540891,-0.14963718608995658,53.95755235761762,26.61967258252817,-5.526720879829222,-1176340.7766603697,300.241647217022
6580.0,control,0.0,0.0,95.23769703509929,-0.09128779010664774,54.52807652705375,26.461637380919047,-4.407936115630198,-1173471.7225454971,298.52309093864443
6590.0,control,0.0,0.0,95.78536063870631,-0.10080209683689952,55.16936777552319,26.093107589509977,-4.765048915119503,-1174091.3394315448,299.8494262311555
6600.0,control,0.0,0.0,97.24697270528618,-0.12614655512807568,54.199427481292936,26.57179834949239,-5.381793621451106,-1174679.5772027373,298.7793826427541
6610.0,control,0.0,0.0,98.72984838457268,-0.15177575814622818,54.47415240555366,25.936896041154178,-4.882358065033388,-1173402.451840859,301.45011927223527
6620.0,control,0.0,0.0,99.38448525857424,-0.16305880897125455,55.15374675654433,26.466138680661466,-5.496041413928847,-1174611.1119881105,300.6791471312726
6630.0,control,0.0,0.0,99.09741752791906,-0.1581135617461583,54.597716379409896,26.449866922629358,-3.6372528009368548,-1174908.9685464334,299.25169783332416
6640.0,control,0.0,0.0,100.85545168280186,-0.1883318984667167,54.548510826991595,26.14678627789532,-6.246367809362141,-1172627.0044364706,301.21054943473507
6650.0,control,0.0,0.0,96.71866378409769,-0.11699425076382487,54.15605619819166,26.17819311810586,-3.551381369059765,-1173109.3023617826,300.9523632935183
6660.0,control,0.0,0.0,97.8402075355382,-0.1364108001005105,55.45453317009479,26.223519174023927,-4.885518396013848,-1171563.8049670719,299.169337011448
6670.0,control,0.0,0.0,98.32784624972943,-0.1448371021172809,54.97965819830016,26.77751037884313,-4.561501831988082,-1174422.5154827144,300.7833333679403
6680.0,control,0.0,0.0,94.79556325566412,-0.0836006788630217,54.36752731622744,26.46055318517677,-4.932497456861617,-1174423.4809817206,299.47234647859807
6690.0,control,0.0,0.0,94.45292964926546,-0.07764006925377831,54.70310037196794,26.697924598902222,-3.457771951084344,-1174732.2889066208,300.2210244595361
6700.0,control,0.0,0.0,99.64458968996945,-0.16753603463835773,54.83738661980578,26.740443462072676,-3.9265161092506595,-1175176.6207284704,301.46441274567616
6710.0,control,0.0,0.0,98.93407892657173,-0.15529798702763822,55.40131831199627,26.436538017878128,-3.9950624237186974,-1173677.3818735518,299.02257525691556
6720.0,control,0.0,0.0,95.25552654382032,-0.09159766998199086,54.87054790721047,26.118911607047643,-3.221862629626692,-1174168.3180271052,299.747845033034
6730.0,control,0.0,0.0,96.11656734226727,-0.10655158435080281,54.249688775937116,26.180702759406742,-4.645769977052722,-1173022.6574796624,300.92531854443115
6740.0,control,0.0,0.0,94.8223975117378,-0.08406737627550347,53.67808287333556,25.920834868492904,-4.495562165732151,-1174091.8727536611,300.8398794398999
6750.0,control,0.0,0.0,99.36087254028332,-0.16265219112105225,53.78861739284159,26.141571547407228,-5.572687930579315,-1175118.9684440978,299.6238429351794
6760.0,control,0.0,0.0,94.14734419158015,-0.0723216171428993,54.097163412597375,26.22592759708009,-4.5766452747434165,-1174304.2772501744,300.84112405267325
6770.0,control,0.0,0.0,100.41872072094175,-0.18084050599933973,54.67452639909815,26.02082575872451,-4.0946584128821595,-1172758.6277835444,300.2230936547801
6780.0,control,0.0,0.0,93.23839362549528,-0.0564905427506663,54.74881918993959,25.93056684009157,-3.6454004160698172,-1175066.965503782,300.46571671519985
6790.0,control,0.0,0.0,93.89691898839904,-0.06796164129532699,54.61900192952818,26.475433507247974,-4.887528468432196,-1172797.8197639603,299.6465860785562
6800.0,control,0.0,0.0,88.12770023454675,0.032671980034953876,53.923285673697556,26.21191552314095,-2.222780979455367,-1174685.7175371088,300.3559582305745
6810.0,control,0.0,0.0,90.83069016932743,-0.014497770600833682,54.05834209586924,26.757459103471405,-2.367223321961683,-1173541.678821018,301.6551371276699
6820.0,control,0.0,0.0,90.33173503748517,-0.0057898362998425185,53.70067024602004,26.410643350411345,-3.8972149862296854,-1173945.9406968132,300.06043020894566
6830.0,control,0.0,0.0,96.96563369015502,-0.12127398711748727,54.63629158650023,26.5001213813549,-4.196201531997346,-1172743.133446375,300.4139293503994
6840.0,control,0.0,0.0,95.77934967016806,-0.10069771945563138,55.1699393700699,26.700657732998582,-5.616387121056891,-1174997.761890525,301.9953249054709
6850.0,control,0.0,0.0,91.55063770226194,-0.02706042974531292,55.38388890130046,26.326352886701187,-3.999651107382155,-1172632.403514037,300.7591646671939
6860.0,control,0.0,0.0,96.2787625268,-0.10936587818444055,54.81140415658903,26.47700045672132,-4.343769090007012,-1174475.1887177192,301.62744273135297
6870.0,control,0.0,0.0,94.74638680287522,-0.08274536174815895,55.304965205249246,26.04811669949177,-0.9212964078627817,-1173950.3262615707,300.70286356406245
6880.0,control,0.0,0.0,94.71919342258958,-0.08227236600878182,55.46278106450524,26.293652012769382,-4.352072070229505,-1173752.643856749,299.3088747727583
6890.0,control,0.0,0.0,97.85213776846437,-0.13661707260362724,55.94889291392834,26.449296340999187,-4.7220035585223386,-1173663.684190182,301.53121752527096
6900.0,control,0.0,0.0,94.61557078662364,-0.08046980748091229,55.40984459632569,26.74805641212965,-6.399657697993264,-1172539.50618623,299.3012547104379
6910.0,control,0.0,0.0,96.29833966540616,-0.10970550774090458,55.62553227798444,26.83692811466104,-4.905389762858533,-1173850.446288349,301.8821079532968
6920.0,control,0.0,0.0,94.2278391843136,-0.07372276903431824,55.39095963687711,26.49893861840267,-4.366239412153044,-1173545.9429449793,300.00747673347223
6930.0,control,0.0,0.0,97.00162604843953,-0.12189751171566843,55.4166215937462,26.49911596227511,-3.8427235743671755,-1174625.7563304156,299.4005339548547
6940.0,control,0.0,0.0,96.48606673644589,-0.1129615923031137,54.617962323584976,26.91642885676771,-5.29582109205093,-1174575.6076844968,301.88390767687054
6950.0,control,0.0,0.0,100.36895964159426,-0.17998626259199313,55.40175552557068,26.550296549766546,-4.690830581478611,-1173906.7297994215,301.063431334823
6960.0,control,0.0,0.0,93.24729551855185,-0.056645661310945256,54.98246179606008,26.67498705916285,-3.1451030358467884,-1172801.6455589794,299.93457302660124
6970.0,control,0.0,0.0,96.16364249856335,-0.10736848745000066,55.418250614161565,26.0778280899493,-3.4946764800847108,-1173863.8815119117,300.73048909456753
6980.0,control,0.0,0.0,95.22057335642751,-0.09099016935461915,55.491563510900605,26.044591410895798,-4.040951527032565,-1173625.100516053,299.78225908120265
6990.0,control,0.0,0.0,92.45488144372074,-0.04283265605596735,55.316326164716244,26.2303399985642,-3.045052740704178,-1172112.0643453207,300.7287985852371
7000.0,control,0.0,0.0,93.84628227353838,-0.06707988082318789,54.79865431031044,26.29535957823329,-3.8945581842689307,-1174205.8284053337,302.1248992053326
7010.0,control,0.0,0.0,101.24307492082956,-0.19497177755434159,54.427953690699795,26.428768502771593,-3.260287236633517,-1174324.6081875004,301.2485641755622
7020.0,control,0.0,0.0,94.10636788366,-0.07160829999437489,55.481065333952586,26.671483654780793,-3.418269813473307,-1175228.5501198024,300.3319729959348
7030.0,control,0.0,0.0,94.52478880539805,-0.07889040093905723,55.63713861658713,26.81890855018952,-2.9915099503063782,-1172083.5320608746,298.3892227463952
7040.0,control,0.0,0.0,99.51986687833254,-0.1653895830069852,55.021091994861386,26.426891554555574,-3.553989154566171,-1174161.7117317766,298.43356835783294
7050.0,control,0.0,0.0,104.36327797676867,-0.24806905160279338,53.61069026929962,26.462534949970177,-4.225057376237059,-1173230.2258741502,300.74683074352697
7060.0,control,0.0,0.0,94.95207365864134,-0.08632242292908586,54.72486013553909,26.08191303559613,-2.9279437403528794,-1175282.9574594237,301.5189972398019
7070.0,control,0.0,0.0,95.17352052461835,-0.09017231854737676,54.80654574192499,26.323058474991488,-2.6263101320687454,-1174893.096121151,301.12950310497257
7080.0,control,0.0,0.0,97.52685559972169,-0.1309908865497375,55.008501490582,26.340612568767543,-5.857832633059958,-1173309.7792799026,300.1724193339263
7090.0,control,0.0,0.0,101.71581131503963,-0.20305751347517034,54.79613536428727,26.470730522319894,-4.468561068444929,-1174229.0958757605,302.025518338805
7100.0,control,0.0,0.0,101.9341544871721,-0.20678744600935065,54.03526959513818,26.325454670074542,-4.604085483202284,-1172260.406502502,300.46991765407193
7110.0,control,0.0,0.0,95.56794388386052,-0.09702606994034049,54.91143528169015,26.10140265195773,-4.506975899239432,-1173754.3339787144,302.3829453182225
7120.0,control,0.0,0.0,101.14127864019859,-0.19322888701690366,54.45444935591898,26.721387496018043,-3.687432128934934,-1174452.5047658477,300.72007447948073
7130.0,control,0.0,0.0,100.23448225395605,-0.1776770255396835,54.75202830714934,26.511530184233887,-4.30806816326707,-1173801.6620889828,299.59822924682686
7140.0,control,0.0,0.0,95.47303842779475,-0.09537734012191743,54.87184004571339,26.873291728020728,-4.243981544710886,-1174702.2906183489,302.15752873704656
7150.0,control,0.0,0.0,97.0794154049395,-0.12324495470898009,54.61201213111338,26.64392421527198,-5.635772991378799,-1174043.9739236627,299.7904572210949
7160.0,control,0.0,0.0,99.26937426883313,-0.1610763040781803,55.546153165701774,26.409736706047763,-3.978432807457164,-1174067.570832627,300.6036280135702
7170.0,control,0.0,0.0,93.87317838693852,-0.06754824181923519,54.9649359438773,26.590426365306847,-5.806043754318388,-1173521.6700277925,298.0517690515586
7180.0,control,0.0,0.0,100.38157606935836,-0.18020286040145062,54.57006508345094,26.2079848825941,-4.204793448938497,-1173277.1436590962,300.4285629662847
7190.0,control,0.0,0.0,101.46916797770739,-0.19884058819681488,55.15985252652865,26.67693436974285,-3.245161877805943,-1172972.180649016,300.61655013838515
7200.0,control,0.0,0.0,102.22315223236103,-0.21171973602962335,55.143512316933666,26.49986646324041,-5.666632339022675,-1173676.5965876598,298.42013945527236
7210.0,control,0.0,0.0,98.13873389735471,-0.14157048938310182,55.04186851540815,26.253282900088074,-5.098398948015721,-1174729.5746954381,299.9962904850418
7220.0,control,0.0,0.0,99.02464142569616,-0.1568592296458348,55.560508352034006,25.999737822353858,-6.5278448744346225,-1172835.6676104702,302.3175086863024
7230.0,control,0.0,0.0,99.76154642024137,-0.1695481126719058,56.38883972739691,26.334753755518577,-5.119033636442416,-1173509.9361114595,300.7712105889644
7240.0,control,0.0,0.0,97.85939224637647,-0.13674249888695683,55.713458454355234,26.674975198595043,-3.775419435360611,-1175543.6283525098,300.3995205319305
7250.0,control,0.0,0.0,97.02338129190032,-0.12227437200313591,55.39283887337775,26.412971304186257,-3.5319616221714494,-1174086.6008764785,301.00737513735857
7260.0,control,0.0,0.0,100.54710373437857,-0.18304381267596803,56.053948771507756,26.534607937441145,-4.678802231637112,-1173602.324303532,299.83007720158383
7270.0,control,0.0,0.0,97.28305277006965,-0.12677121558787519,55.63890471567688,26.688424831176217,-5.0942315099878765,-1173036.8730912786,301.24331204769084
7280.0,control,0.0,0.0,97.4602434220836,-0.129838213935644,54.88014552498681,26.12126520931738,-5.8764336870321685,-1172969.2711607385,300.2437785727598
7290.0,control,0.0,0.0,95.89566279463713,-0.10271723896775935,54.17226625211085,26.22222976968806,-3.0411903667230664,-1173699.8088530842,300.1610071237439
7300.0,control,0.0,0.0,98.26080047092562,-0.1436791724663963,54.61547563771753,26.77289193873118,-6.376910585806428,-1174761.5766547024,302.41327828478313
7310.0,control,0.0,0.0,101.94394270956603,-0.2069545872164624,54.52065634904086,26.30993126695382,-4.7793197396791545,-1175316.5089992564,301.0954193400623
7320.0,control,0.0,0.0,100.64126918068095,-0.1846592945369803,55.12326304035367,26.573240441100378,-5.153860995432892,-1174785.3189530727,300.34741121647727
7330.0,control,0.0,0.0,94.22688426650646,-0.07370614791746123,55.56194016605297,26.193654930598935,-2.52186473659801,-1175094.8284101784,299.576437555564
7340.0,control,0.0,0.0,100.22015566242418,-0.17743095231619233,55.14869225423113,26.25529830344826,-4.902556974882861,-1175512.2099058516,300.7967342616707
7350.0,control,0.0,0.0,96.22150359938095,-0.10837246150769989,54.65268477637234,26.128314669482826,-5.546396991845155,-1173729.1125122923,301.656223790104
7360.0,control,0.0,0.0,89.83343495162799,0.002907104418038941,55.33703641074861,26.17597825285806,-3.918542334215152,-1173534.8193867728,300.9758759050111
7370.0,control,0.0,0.0,98.10726742313224,-0.14102680586173197,54.82164114159089,26.60927317227781,-3.9736811025897385,-1172113.9291950464,299.69222663864133
7380.0,control,0.0,0.0,96.21207781723655,-0.10820891801898261,55.0710520549702,26.439728006205844,-3.5170716409356757,-1173818.3997894712,300.3013229806903
7390.0,control,0.0,0.0,94.4057975513108,-0.07681991587155149,54.76047107070223,25.823607709969032,-4.998239290817024,-1175501.4032991435,299.1253499662876
7400.0,control,0.0,0.0,95.70696545426097,-0.09944071802524658,55.17528839596456,26.662603590261384,-4.466834449854392,-1173063.6282848269,301.07836308315984
7410.0,control,0.0,0.0,93.63990696814118,-0.06348563783167396,54.08509883707414,26.331782810275445,-4.308160613761833,-1172761.761760177,300.676786935794
7420.0,control,0.0,0.0,94.89504369544228,-0.08533073513051621,53.982261715180165,26.625444021227594,-4.618506585591112,-1172356.290267855,300.59708939760685
7430.0,control,0.0,0.0,98.62813433375791,-0.15002084112317865,54.56733945747018,26.38025664863147,-2.722135080706085,-1172937.065271316,300.2824164987988
7440.0,control,0.0,0.0,94.93288246194709,-0.08598871880532294,55.044119071403685,26.34201575684212,-5.340547297447928,-1172879.0119974334,299.8634142001251
7450.0,control,0.0,0.0,96.9501641909247,-0.12100598180961243,55.56751730152941,26.24883507092875,-4.115579637415601,-1173769.2078447994,298.7991493723136
7460.0,control,0.0,0.0,100.11112400164988,-0.1755578645257464,55.20340860275071,25.964833741923258,-4.049917879761659,-1173652.303133227,299.7973847682671
7470.0,control,0.0,0.0,102.32717168247363,-0.2134937118254952,55.35332330815145,26.525282255297306,-4.4134480820290385,-1173216.1448864415,299.87611722146806
7480.0,control,0.0,0.0,97.17973949694309,-0.12498240158929076,54.879918773263455,26.44836814115499,-3.931671843588065,-1172987.8723289445,299.8240987635149
7490.0,control,0.0,0.0,101.95084823078226,-0.20707250051477602,53.99431928085004,25.682303125109723,-3.7918851321455973,-1175700.1647792812,300.5877613554672
7500.0,control,0.0,0.0,96.0076416097913,-0.10466110296693266,54.261331011429384,26.32337339913294,-4.069659358559674,-1173488.1368487347,297.27704665241464
7510.0,control,0.0,0.0,94.34089908526313,-0.07569052204388446,54.66237829848431,26.226920208141927,-3.3792978686271065,-1174289.4184544422,300.2606970348263
7520.0,control,0.0,0.0,97.7872343476535,-0.13549482780878536,54.013997849556965,26.324764306015414,-4.981713051612262,-1173379.8795916568,298.22739663009054
7530.0,control,0.0,0.0,97.82710133703875,-0.13618418845617716,53.668156471762885,25.804595088606206,-6.239031490494954,-1174527.4581253193,302.34844296689346
7540.0,control,0.0,0.0,99.40380244135041,-0.16339143586295982,55.22739530081079,25.892883174446403,-3.96011018778637,-1172685.1989313494,300.2360802106759
7550.0,control,0.0,0.0,93.11879093675765,-0.05440629386745804,54.17713162054121,26.194330322249023,-6.396494340482741,-1173089.3039345946,301.2830329727901
7560.0,control,0.0,0.0,97.14353414919319,-0.12435542892697105,54.87402764660562,26.130965479010467,-4.670977628405652,-1172664.8709914442,301.9653618079383
7570.0,control,0.0,0.0,95.50144728414224,-0.09587089607169062,54.9823487351113,26.580090940170344,-4.70640606482574,-1175570.959743712,299.3242022685243
7580.0,control,0.0,0.0,92.4688211653373,-0.0430757255444052,55.569936147520636,26.03485640417249,-3.3868863620554013,-1173294.3135654721,299.9278657111307
7590.0,control,0.0,0.0,97.63927210448735,-0.1329357655531439,55.505152665469225,25.76909847679768,-3.011899473913247,-1173797.3019054364,300.61435758845334
7600.0,control,0.0,0.0,102.19639334220668,-0.21126326960875452,54.67065525521628,25.89262863122643,-4.953336980300603,-1174169.5940066576,303.31463280404375
7610.0,control,0.0,0.0,96.90004456185868,-0.12013761095277978,54.75696484752402,26.279465170495822,-4.348538455284097,-1172752.7073941436,301.735254335661
7620.0,control,0.0,0.0,92.08776462058421,-0.036430303636552246,54.30472442553878,26.471854545671814,-4.898808791080609,-1175132.8287024144,300.4714761810334
7630.0,control,0.0,0.0,92.95285051939393,-0.05151415271249624,54.45518783671115,26.036596594182534,-3.5320429298949794,-1172304.7595171165,299.2677619462178
7640.0,control,0.0,0.0,94.74949367090787,-0.08279940075024607,55.46777760341847,26.35229160434659,-6.563745275541485,-1175716.6632961463,302.3749080340085
7650.0,control,0.0,0.0,93.3371578079008,-0.058211465524371966,54.49739732704237,25.948091856941062,-5.266368551265089,-1171316.4119288158,301.10025664452104
7660.0,control,0.0,0.0,98.17746834345547,-0.14223969160783634,55.59139823992786,26.004570811081923,-3.7136341693012564,-1175341.7413014714,301.0923903695308
7670.0,control,0.0,0.0,97.65981152419319,-0.13329105586615,55.19031080376575,26.19451676990593,-5.948887460703095,-1173969.9979615156,300.06293019960157
7680.0,control,0.0,0.0,94.3204530022382,-0.07533468944333764,56.05737443074579,25.6660000087394,-3.835574111362962,-1174483.421213014,300.52932679444194
7690.0,control,0.0,0.0,94.01504094743763,-0.07001834592189231,55.520685538288205,26.600460565251172,-3.7334012386802584,-1174981.1330983136,300.3107765136301
7700.0,control,0.0,0.0,98.15097037840559,-0.14178190202837054,54.654708352402636,26.0920205679574,-6.202177210966355,-1174768.7303409837,300.6015277088243
7710.0,control,0.0,0.0,99.47782144414674,-0.16466581337241237,55.06699230360549,25.924265132429152,-5.325134656414182,-1173851.3892274406,302.5015253701492
7720.0,control,0.0,0.0,95.64669652180768,-0.09839398560753024,53.93744139911678,26.42922846438735,-5.676910158716831,-1173203.1107291952,301.1510055840484
7730.0,control,0.0,0.0,99.82933658908168,-0.17071402545446698,53.93259249884399,26.370926754653997,-4.489119439575617,-1173768.3066937234,301.8358898127015
7740.0,control,0.0,0.0,93.68377586092804,-0.06424973124766756,53.963850002377946,26.677783979451128,-3.833387658267541,-1175201.9939125478,300.78249879635433
7750.0,control,0.0,0.0,99.92438635886514,-0.17234836914649468,54.12511744314449,26.692060432285317,-3.8972934599017304,-1173286.0655216873,299.3450289503426
7760.0,control,0.0,0.0,98.4140203820066,-0.14632510093500808,55.18630025927706,25.872302207351485,-4.81814778071872,-1172643.29308258,299.6265567634123
7770.0,control,0.0,0.0,101.22736005367123,-0.1947027577250624,54.466151338620314,26.568436306137325,-3.542727909090196,-1173688.648797648,299.9319650040119
7780.0,control,0.0,0.0,97.55124946609418,-0.13141295947803336,53.9563287703886,26.168502702108164,-4.954097295469404,-1174133.5047914628,298.5350958445881
7790.0,control,0.0,0.0,94.47881511594193,-0.07809048419807887,54.25567242688308,26.174132136723244,-6.006696772763599,-1174057.1983904727,300.18460279140726
7800.0,control,0.0,0.0,96.81627044484974,-0.11868593875742695,55.39436532255553,26.450738574620424,-6.471285122482618,-1172880.2960330844,299.213671445687
7810.0,control,0.0,0.0,102.4627333834065,-0.2158045607129178,55.66571434364548,26.58898344858621,-6.534758789537877,-1173982.5594701488,298.21240801199286
7820.0,control,0.0,0.0,100.9617192138473,-0.1901531024309139,55.13025758321164,26.31313209339837,-4.326218695085307,-1175340.900832411,299.71159120906697
7830.0,control,0.0,0.0,95.33970188513004,-0.09306053135127931,54.4325187583487,26.043279744864847,-4.00378121138043,-1172908.1416287925,301.0970893384335
7840.0,control,0.0,0.0,98.93794629930144,-0.15536466614870062,55.148738504152206,26.330407468539917,-6.289530251660257,-1172895.6464269198,299.4066336665767
7850.0,control,0.0,0.0,98.32443103091362,-0.14477812357021808,54.16849173769083,26.98960885932113,-5.1243465125359124,-1174718.594998883,301.0840890424802
7860.0,control,0.0,0.0,97.47356396836942,-0.13006872985453474,52.67060331987439,26.699668280593965,-6.06771735197524,-1173214.643994268,299.66027852208555
7870.0,control,0.0,0.0,93.73089385082224,-0.06507037436401109,53.83356376893506,26.686756294837842,-4.46999835616488,-1173878.3726413473,301.7523774843681
7880.0,control,0.0,0.0,98.24788240631153,-0.1434560453853103,54.23135592198303,26.47881644823675,-5.297311249194836,-1175150.6853284538,300.9025984846743
7890.0,control,0.0,0.0,97.07993772161359,-0.12325400135061779,53.933784377950566,26.526189982302814,-5.7126229074308466,-1174996.568473611,301.6841968554303
7900.0,control,0.0,0.0,98.07930012727572,-0.140543546078347,55.07084136977775,26.391805767319507,-6.259622841050049,-1174337.4959879965,298.9641019835794
7910.0,control,0.0,0.0,91.13589899602036,-0.0198238788026121,53.87320207354163,26.35725826544971,-2.9973098917698806,-1175179.2606970463,299.99941590414016
7920.0,control,0.0,0.0,100.12692114828752,-0.17582928801573644,53.813949074700716,26.3457314536635,-4.225294039252339,-1174669.9303690977,300.83954910910404
7930.0,control,0.0,0.0,104.12661988200384,-0.24406559246430728,54.2730248115246,26.22479421725509,-3.449300814297149,-1173505.8267337661,298.8346473685723
7940.0,control,0.0,0.0,95.2893818824564,-0.09218605705361864,54.117328668801605,26.07786333060686,-5.3105790765913685,-1173795.1136344597,299.6820027385398
7950.0,control,0.0,0.0,97.63485233582969,-0.13285931028224177,53.40925243760855,26.416012884672007,-3.486285479130377,-1173926.717184633,302.0381893214921
7960.0,control,0.0,0.0,99.0650195087753,-0.15755519725257763,53.47183658623842,26.10913905485959,-3.838737172231264,-1174701.7903541122,299.2315187113273
7970.0,control,0.0,0.0,92.6698897707757,-0.046581504986360336,53.42239435994081,26.642823685990475,-2.5365309771891518,-1173466.8819020763,301.51774737581525
7980.0,control,0.0,0.0,95.50897151765405,-0.09600161299170343,53.32535044586828,26.315897762063386,-4.626723198961114,-1172383.1630829498,299.1537897352429
7990.0,control,0.0,0.0,92.20588698483803,-0.03849048041982229,54.55195402133477,26.090163439745556,-4.299630621788552,-1175116.1145731937,300.9314211359553
8000.0,control,0.0,0.0,94.02079060128877,-0.07011844967014849,53.54193656632885,26.795939292619586,-3.1676570652589433,-1175588.6567183677,300.3964376601851
8010.0,control,0.0,0.0,96.66173793081288,-0.11600747268169904,52.60088283439785,26.231336820415898,-5.255488200251207,-1173830.7950416226,303.2981816094662
8020.0,control,0.0,0.0,97.82058635064938,-0.13607153896904856,52.949267568106166,26.384718071076364,-3.5035954184922034,-1173463.6537298504,298.101832705164
8030.0,control,0.0,0.0,92.23955283839584,-0.03907761831546605,53.707714488351556,26.238211185951155,-5.11769359061474,-1176512.0791589282,302.4740267795765
8040.0,control,0.0,0.0,96.72583953513889,-0.11711863025044635,54.50584241292081,26.595015274574486,-3.0869505040417105,-1173411.200109424,299.44146179530526
8050.0,control,0.0,0.0,94.96640321188876,-0.0865715845591666,54.55132162333407,26.33781683238935,-3.764673465220026,-1173703.4089617059,300.81514293280145
8060.0,control,0.0,0.0,87.05030167488597,0.051459209512631506,54.21944946293531,26.273873880925613,-5.311689697783018,-1174940.5955038294,300.9527209028886
8070.0,control,0.0,0.0,95.41552135428972,-0.09437800634063502,53.83973695740508,25.970665010514963,-4.031606398065087,-1172064.809190696,300.9592595096162
8080.0,control,0.0,0.0,93.61001762088983,-0.0629650140287164,54.097278553909796,26.079116352113978,-4.089609728422516,-1173444.1038180627,303.67438509577084
8090.0,control,0.0,0.0,90.95886156392066,-0.016734510196732486,54.61129528673145,26.40218679064432,-4.1826209490396185,-1172953.881047966,303.2822901272199
8100.0,control,0.0,0.0,92.49024116034802,-0.043449224960949315,55.02346185650222,26.001064400363823,-4.7643839085840565,-1173528.3755466733,299.88249699222655
8110.0,control,0.0,0.0,95.59844255797957,-0.09755584696309384,55.39414844165689,26.56133685465797,-4.021554232844373,-1172786.5185185485,300.7115603742442
8120.0,control,0.0,0.0,90.97720545474466,-0.017054625793361353,55.231130317607935,26.1625998573044,-3.8250246088193283,-1174649.9409352113,300.36229927373796
8130.0,control,0.0,0.0,96.55709731751034,-0.11419328770005374,54.777064742416705,26.353208138246842,-3.5784207503746748,-1175067.466527043,303.7673895908708
8140.0,control,0.0,0.0,91.32859587014062,-0.023186294351215907,55.00525577301607,26.070101625856072,-4.518184160430162,-1174034.654794382,299.74958803266446
8150.0,control,0.0,0.0,95.40457152088155,-0.09418774700771022,54.594614134787584,26.221136611226974,-5.259025375828154,-1174504.0592530891,302.1045310688305
8160.0,control,0.0,0.0,90.24030778966343,-0.004194149851245964,53.67623948244583,26.24666557944757,-4.820949576075817,-1174317.5280929413,303.0712267918024
8170.0,control,0.0,0.0,91.23673648607885,-0.021583447552630405,52.96670901252793,26.031481274107808,-5.814700647612019,-1174072.4781706054,301.85363259356654
8180.0,control,0.0,0.0,101.07082070677717,-0.19202219401472936,52.910795799170316,26.13815431684129,-4.112521993196125,-1173469.2715646084,298.9685835662621
8190.0,control,0.0,0.0,93.79322737104755,-0.06615595513976202,53.31571958525846,26.384275949277036,-4.3039453029280486,-1172917.1663176734,299.0356452992266
8200.0,control,0.0,0.0,93.98288822132864,-0.06945854127201567,54.030172273870605,26.174183093591243,-4.540765634548411,-1173001.2268347386,299.8964556394059
8210.0,control,0.0,0.0,95.86157453248589,-0.10212541535647779,54.41827273983905,26.330681219684923,-4.25887339604421,-1173479.221848188,300.09957795446917
8220.0,control,0.0,0.0,92.94985745491142,-0.05146198317163112,54.14691427836042,26.296092681155503,-5.400363944734158,-1172940.4808740783,301.443711750635
8230.0,control,0.0,0.0,93.60031664120092,-0.06279603505470782,54.827864290383125,26.89704753228697,-5.846166355065252,-1174270.668876581,301.25861119556134
8240.0,control,0.0,0.0,95.77508260947504,-0.10062362346566885,56.014557491734536,26.07762173553677,-5.122620898056336,-1172633.4210349042,300.01089373420416
8250.0,control,0.0,0.0,91.74145158120308,-0.030389384403975248,55.5740240406433,26.61519686130064,-3.6135132630178957,-1173327.404676348,301.9821207518624
8260.0,control,0.0,0.0,94.67989904985548,-0.08158885552997153,55.38315051559339,26.843975772669403,-4.380926797269346,-1173741.3804154936,300.42624612328314
8270.0,control,0.0,0.0,94.01525120405988,-0.07002200658529563,55.94482082358377,26.44416458511869,-5.2179196455637396,-1173101.3211719468,302.44654860046165
8280.0,control,0.0,0.0,98.73978733036368,-0.15194721356290594,56.11654035226697,26.54144087314648,-4.345357306264429,-1174705.838774398,303.4102592388264
8290.0,control,0.0,0.0,97.84087315566977,-0.13642230876014977,55.76113039889948,26.50637785225944,-4.222635132739501,-1174786.312967429,300.58437264496683
8300.0,control,0.0,0.0,97.2176357682761,-0.12563860273238447,54.81941799278356,26.493764109591595,-6.213223082972366,-1172737.1033811402,297.9503207805493
8310.0,control,0.0,0.0,98.30076048318342,-0.14436933490018836,55.445190752832694,26.40480836109831,-6.053965526107754,-1172269.135648042,299.8462256467466
8320.0,control,0.0,0.0,96.9290684446544,-0.12064048892881078,55.23320024489259,26.679139615919407,-4.855522695100669,-1173578.0059033502,303.2632611944834
8330.0,control,0.0,0.0,97.9272010713401,-0.137914773169639,54.89784547816363,26.41316829093171,-5.00664719367964,-1173728.5368936192,299.0528752675515
8340.0,control,0.0,0.0,96.27615304110749,-0.10932060714748727,53.95024905385087,26.268257293831095,-3.667260727673824,-1175260.947318945,299.08323364739726
8350.0,control,0.0,0.0,96.813912878801,-0.11864508220252229,54.66080278023697,26.329117901646086,-4.970510192909062,-1173995.5443517081,300.08719653977914
8360.0,control,0.0,0.0,97.23222851925748,-0.12589127204987416,54.48219488133526,26.477347190398,-5.192247937109068,-1174909.6016654205,298.23374271399894
8370.0,control,0.0,0.0,95.50826603731157,-0.09598935690098365,53.641381882094954,26.335708378220815,-6.309494403433151,-1175344.956109034,299.9646470924804
8380.0,control,0.0,0.0,97.72255601569591,-0.13437630206101686,54.28288016157967,26.281929751700222,-4.790009892051266,-1172137.5014460012,300.46635655125147
8390.0,control,0.0,0.0,100.4732586406767,-0.18177659624315268,54.26364660526797,26.183211702269798,-6.970027508215091,-1174645.3078055736,300.59112300148917
8400.0,control,0.0,0.0,95.1308248607482,-0.08943014939913294,53.37833826288484,26.112012577360883,-4.7175887864809365,-1172692.4612037744,300.03600027509043
8410.0,control,0.0,0.0,98.48176812397755,-0.14749469260737497,53.49742824463082,26.542680165003002,-4.206475614357365,-1174189.1999432892,300.4388298037328
8420.0,control,0.0,0.0,96.25010349608718,-0.10886867046295262,53.67850613329439,26.552879921440642,-5.586912129122127,-1173367.9938860256,301.3405199887944
8430.0,control,0.0,0.0,92.86045574227893,-0.0499036344549548,53.87596002453579,26.84955793654102,-5.165369686933785,-1174200.163264092,300.5672100527772
8440.0,control,0.0,0.0,96.30366959822094,-0.10979797065702294,53.21936371753895,26.48318788376021,-3.820072175148008,-1172357.0159285944,298.4992378846116
8450.0,control,0.0,0.0,98.62611690661392,-0.14998602876994724,54.422640644115816,26.265929324249228,-3.5640937573397933,-1173382.2704449054,298.68402233893886
8460.0,control,0.0,0.0,99.27494223213294,-0.16117221363816803,52.64825713596045,26.6191137976636,-3.4021127493127716,-1174079.8085523844,298.9431736119701
8470.0,control,0.0,0.0,91.6048956785936,-0.028007051018117894,53.19129776792486,26.376011692054725,-4.874922435502856,-1174295.0196036492,299.61172722912386
8480.0,control,0.0,0.0,98.3235478053417,-0.14476287077099578,52.473846034364286,26.4556737035506,-4.830999406391548,-1172946.996589383,298.43166694255507
8490.0,control,0.0,0.0,88.66842018385039,0.023238360001295907,53.586673476488386,26.401383912964278,-4.804902400407366,-1173101.7397247367,299.7565391317126
8500.0,control,0.0,0.0,93.86549420873496,-0.06741443331781262,55.108948149329585,27.0277755534879,-4.106704013565773,-1174927.0824472774,300.55896592091204
8510.0,control,0.0,0.0,93.3177046147348,-0.057872515641373544,54.05502034464481,26.3818552172301,-6.259422399190335,-1174441.586818125,299.9784974050698
8520.0,control,0.0,0.0,94.79660974694103,-0.08361887962880783,54.664046938731175,27.025970337139064,-5.031972578937843,-1173429.6288717613,300.4710714753623
8530.0,control,0.0,0.0,96.76858489347072,-0.11785951048321784,54.47776817748015,27.0025341810631,-5.423077337608069,-1174381.8826925065,300.8745557471996
8540.0,control,0.0,0.0,98.5431131354269,-0.14855357018704227,54.47146372874572,27.228840781349877,-6.956457933761011,-1174046.3511344679,299.8053994068886
8550.0,control,0.0,0.0,97.83613922433689,-0.1363404580645609,54.86208998504515,26.575450376177745,-6.150060696694547,-1174204.511332536,298.9461295620908
8560.0,control,0.0,0.0,89.72814181088565,0.004744802694963343,55.3683648800711,26.8551817320982,-4.475296489024135,-1172798.6426850408,301.08454168464533
8570.0,control,0.0,0.0,100.51601037840504,-0.18251027304635184,55.71920924405407,26.531692565465445,-4.604722237772034,-1174576.4328623507,298.8541829585732
8580.0,control,0.0,0.0,92.1685598615775,-0.03783947386560331,53.94005454056304,26.811879653005878,-5.194591913933003,-1173842.902091004,299.2338260813419
8590.0,control,0.0,0.0,97.4114880360655,-0.12899442807554237,55.253926164867146,26.293096279593687,-5.002923381658649,-1173437.525283603,299.83556217255443
8600.0,control,0.0,0.0,99.19653774873822,-0.15982153704162802,54.06012028888148,26.702521084151634,-3.6819902814225713,-1173934.0372260269,302.10038694606413
8610.0,control,0.0,0.0,94.59570599177098,-0.08012422092760534,54.13224183340315,26.423150008664408,-6.127339250993697,-1175256.8554511815,301.4873342982644
8620.0,control,0.0,0.0,95.34270311984821,-0.09311268533937149,54.76304395605756,26.829416450191214,-4.847047799741672,-1174816.1254788302,300.1797669483218
8630.0,control,0.0,0.0,97.04405987594535,-0.12263256526562055,54.53839657409538,26.300351974215335,-4.413557881837347,-1175540.7772585321,301.00409667088854
8640.0,control,0.0,0.0,95.61544223512435,-0.0978511277576039,53.970699883192445,26.4924102950703,-3.272294910985366,-1173057.361987181,298.91756640653864
8650.0,control,0.0,0.0,96.71138741189172,-0.11686812530594705,53.21525766796832,26.52857644661396,-6.645759324712835,-1175086.0833711438,300.15599609670045
8660.0,control,0.0,0.0,95.82303421825395,-0.10145625388230953,53.020906326438585,26.702297986131292,-4.614987321549347,-1175216.6210066974,302.5766416845313
8670.0,control,0.0,0.0,92.63052768619995,-0.045895241813031395,52.974408597261025,26.373402062835858,-3.7788148014556207,-1174251.7554686721,301.25628295893534
8680.0,control,0.0,0.0,100.6360168882461,-0.18456920044737885,54.04177229947644,26.820092836589495,-4.270365542433751,-1174040.2529083919,299.86676720641043
8690.0,control,0.0,0.0,94.84588924771528,-0.08447592593867286,53.848832229681896,26.514900832639817,-4.122564675593857,-1172644.9724590238,301.69907572437666
8700.0,control,0.0,0.0,93.09803529475201,-0.05404457255599568,53.42381807580849,26.807611250902983,-4.310552704591103,-1173477.1031194292,300.8715940258453
8710.0,control,0.0,0.0,92.55455490114778,-0.04457062384890283,53.67255903175598,26.53374973269992,-3.5506624422427038,-1173997.5257260837,300.5868224575714
8720.0,control,0.0,0.0,96.81257992302385,-0.11862198202659682,53.643574677568495,26.614407145317784,-5.446505397765235,-1172117.8980034012,299.4527609346381
8730.0,control,0.0,0.0,92.78857839243832,-0.04865066215864999,53.30605327503596,26.630961923485945,-2.8757890114394327,-1173152.000750985,299.2045342361038
8740.0,control,0.0,0.0,93.86490255350917,-0.06740413047428301,53.57093426552554,27.033208812450525,-4.052257607850129,-1174537.4572059307,300.6703682506886
8750.0,control,0.0,0.0,94.65812295105451,-0.0812100521322219,53.425402028161336,26.681916839821266,-1.3895071463541555,-1173302.3425189368,300.9386079430419
8760.0,control,0.0,0.0,97.7016479318737,-0.13401468786017268,53.3875428908244,26.564826386809536,-4.573878076314334,-1173547.9120852798,299.5751301736418
8770.0,control,0.0,0.0,93.48207589371201,-0.06073628538219382,53.336509358997354,26.459896938084654,-3.953094121230018,-1172925.178179428,299.34210191064443
8780.0,control,0.0,0.0,97.40271856383589,-0.1288426491366581,54.16455534723778,26.492602731007338,-4.580564268771826,-1174970.2284349557,297.6547291819863
8790.0,control,0.0,0.0,95.80138868584386,-0.10108041021653474,53.718642690448604,26.643940004156736,-5.322037881905474,-1172902.4603065345,298.8760382261721
8800.0,control,0.0,0.0,96.18784528100339,-0.1077884542250142,54.58440815005603,26.34838706004038,-3.630649240671471,-1173225.6515999269,300.82589732699154
8810.0,control,0.0,0.0,91.63274821691525,-0.02849297549670119,53.15689780718531,26.396498992718282,-2.5777910473973247,-1173491.8145713825,300.45113531351194
8820.0,control,0.0,0.0,99.6607142191696,-0.1678134764349867,53.07122398449564,26.644305031656394,-4.565206967873947,-1174435.7669872679,302.00513048955526
8830.0,control,0.0,0.0,92.61541736244219,-0.04563179321739462,53.61642655725849,26.900348943267353,-3.819257090768726,-1175166.1585112642,300.50511096841603
8840.0,control,0.0,0.0,97.2645354336538,-0.1264506279738476,53.54440761813698,26.25529228758446,-3.5860796808203697,-1175368.4302967824,298.6676781957042
8850.0,control,0.0,0.0,97.6025884609714,-0.1323011704316508,53.250376512724856,26.503072857101802,-5.007832633128491,-1176132.1099893209,303.63342612156293
8860.0,control,0.0,0.0,95.14222041394163,-0.08962824061961541,53.166101309028434,26.777812517636153,-5.585148180449391,-1172569.767075736,299.6482202384976
8870.0,control,0.0,0.0,96.4092975272709,-0.11163019190606067,52.23883342141977,26.613364183626143,-2.5445823547439375,-1174670.8377663326,301.0079657792683
8880.0,control,0.0,0.0,98.26593107284897,-0.14376778868687234,53.566693431169384,26.681858723861758,-3.8338101562796396,-1172245.4145485424,299.16539720006296
8890.0,control,0.0,0.0,96.71882052271552,-0.11699696758181781,54.31694185328553,26.960028023885698,-4.4013957189280575,-1173852.74548324,300.4020260126749
8900.0,control,0.0,0.0,95.86018769183913,-0.10210133694582404,53.514979753207875,26.58942808496518,-5.358680488339205,-1173693.5116690937,299.0024492843175
8910.0,control,0.0,0.0,103.98969801863267,-0.2417474291278986,53.13896462887774,26.486235740625972,-4.930904952319353,-1174431.1540977918,299.97920144775287
8920.0,control,0.0,0.0,102.50510064521625,-0.2165265259315201,53.07149312968499,26.862473926515015,-4.852976402457872,-1172821.9337503314,299.746599098623
8930.0,control,0.0,0.0,95.29974970700856,-0.09236623768527054,52.71594008260749,26.266657041657748,-4.190251671926124,-1172781.968773635,300.55905510380734
8940.0,control,0.0,0.0,94.80025642234237,-0.0836823030497201,54.697372788963335,26.51629655038261,-3.213555670568118,-1174770.6401170082,300.2630098422671
8950.0,control,0.0,0.0,102.38988731321363,-0.21456294147800511,54.62867724671769,26.555614390523317,-5.2609160696126525,-1174424.279483404,299.1192923871607
8960.0,control,0.0,0.0,101.79623566448186,-0.20443173976513457,55.789340306675086,26.888765904513793,-4.861637913001935,-1173600.578119412,299.4804695786426
8970.0,control,0.0,0.0,105.13663405823362,-0.26112176400666104,54.06364449485954,26.56098616118056,-5.246962404501351,-1173377.094276879,300.08202138709464
8980.0,control,0.0,0.0,98.23790534878599,-0.1432837118143075,53.84293790918901,26.78058168602473,-3.853501112703146,-1173560.0877474304,299.2004335700957
8990.0,control,0.0,0.0,96.99798910991586,-0.12183450828236124,54.93602618809643,26.68331668374752,-4.731211442601197,-1174437.2502430286,301.7057696863148
9000.0,control,0.0,0.0,102.18633073509712,-0.21109160473787342,54.2377863679182,26.199386657571402,-4.998706132951936,-1174959.8616769053,299.6505958324553
9010.0,control,0.0,0.0,99.69133325888431,-0.16834027700867524,54.865315802469475,26.57359855193857,-4.974583205552708,-1174551.3291007355,302.5246839857947
9020.0,control,0.0,0.0,102.46841705627344,-0.21590142099282053,53.3956695276902,26.429891539657635,-4.573978201986206,-1174852.916194398,298.6154069116817
9030.0,control,0.0,0.0,97.28070125330217,-0.12673050489632415,53.66230825339132,26.605170269846887,-2.7165937897866677,-1173741.292130163,298.7809713880791
9040.0,control,0.0,0.0,94.49440104308815,-0.07836167635946337,54.46300641860342,26.391093996385386,-2.3627906828870167,-1173606.9023716263,301.44968887052397
9050.0,control,0.0,0.0,103.1941086418279,-0.22825076201842973,53.62876556713098,26.3737283771732,-4.171531021783236,-1174097.5090864692,300.6368558234547
9060.0,control,0.0,0.0,91.62058502375679,-0.02828077327846256,52.80389373708585,26.091782763620788,-2.803691563189121,-1174003.8920942042,300.07436846895064
9070.0,control,0.0,0.0,97.49427953720236,-0.1304272048119336,52.77532157573965,26.6980698366915,-4.9767667115498035,-1173312.0833214447,300.2957632174651
9080.0,control,0.0,0.0,93.37803837986395,-0.05892374132671154,53.55223001010413,26.470607892323322,-2.205631028293121,-1173813.5507937986,300.57909847111466
9090.0,control,0.0,0.0,96.24198416122935,-0.1087278025429465,52.20312003602058,26.345168746451,-3.4540222648600984,-1172260.4101529773,301.4860409601584
9100.0,control,0.0,0.0,96.52380924917648,-0.11361608255849653,53.003233217719355,26.10683545823853,-4.0463916616374265,-1173745.0128931385,301.25195093507256
9110.0,control,0.0,0.0,100.27235709193867,-0.1783275093853427,52.982935011553636,26.687055538123182,-3.942173401746662,-1173078.9493943676,302.0170399609159
9120.0,control,0.0,0.0,97.62014474500998,-0.1326048856558794,52.92333320321731,26.518552067314715,-3.5644252048628573,-1173387.423842812,301.91492986899755
9130.0,control,0.0,0.0,93.17527660135471,-0.055390667918608597,53.57774304468604,26.49832996419299,-3.81234242120925,-1172436.8462494481,301.3158216486695
9140.0,control,0.0,0.0,102.08157590485523,-0.20930413499713524,52.85141380654335,26.411532999747884,-3.189656989001426,-1174396.1492910944,298.09228269628926
9150.0,control,0.0,0.0,98.49951645749859,-0.14780106441524232,52.63861534452366,26.298708703525808,-3.2424640887754297,-1172642.2386260442,300.011614403445
9160.0,control,0.0,0.0,102.45789709491756,-0.21572213975508633,52.3158043424662,26.977744814332276,-5.0005664699293995,-1173079.3257295396,298.3419490681923
9170.0,control,0.0,0.0,98.79974090838533,-0.15298136751201324,52.51911996857266,26.672412311545113,-4.462162725799631,-1173413.1890881825,300.46947544014984
9180.0,control,0.0,0.0,98.385101644504,-0.1458257877356492,54.10197840616636,27.21084734866414,-3.6220581147416855,-1171729.959660953,302.88106037256034
9190.0,control,0.0,0.0,102.71880189721121,-0.22016631905987777,53.35357137080089,26.721808166642287,-5.3381655809577575,-1174850.17139286,302.88273916460633
9200.0,control,0.0,0.0,97.39472757947624,-0.1287043413634692,53.70619113247774,26.417122377448177,-4.612000130372862,-1173365.0523887835,300.0328338877205
9210.0,control,0.0,0.0,97.9262537422116,-0.13789839713576446,54.45724044713079,26.366594148925625,-4.338293293455947,-1174084.8807017077,301.44793456619476
9220.0,control,0.0,0.0,101.50044410480642,-0.19937552989686086,53.53057110231281,26.620998236185216,-3.53181169633826,-1173284.0312046316,300.6800474772859
9230.0,control,0.0,0.0,97.1512445312173,-0.12448895477372074,54.19259455850362,26.408338421718824,-5.227685052717213,-1173555.9138565902,300.49414809213334
9240.0,control,0.0,0.0,99.1350923937087,-0.15876280660034148,54.62553914523289,26.78440423151498,-4.082646904983809,-1173182.1179078296,299.52912689625083
9250.0,control,0.0,0.0,98.38811339378796,-0.14587779057116013,54.834881081176846,26.321447740147416,-3.8275219988987903,-1172928.4560587145,299.0676734749358
9260.0,control,0.0,0.0,95.00938868019956,-0.0873189814090684,54.039643954956105,26.505614952964827,-5.376375174465647,-1174551.698893901,300.45239578802807
9270.0,control,0.0,0.0,93.02230736363609,-0.05272475563663436,55.32630105220241,27.009928558800215,-3.961938619793089,-1174936.9770448748,300.39475335246044
9280.0,control,0.0,0.0,98.96798464201386,-0.15588254666718443,54.52480602685216,26.467597200113353,-4.454825600662633,-1174141.5624349266,301.3067595816881
9290.0,control,0.0,0.0,99.12449017604996,-0.1585801072308337,54.70659153818292,26.327928808137184,-4.397420483594581,-1172771.3185197357,298.6765757438662
9300.0,control,0.0,0.0,90.70834095963168,-0.012362567049149599,55.18450485771829,26.340524056318767,-4.8134917567996105,-1172789.8028001152,300.4484747291728
9310.0,control,0.0,0.0,93.06171502544835,-0.05341157989686141,54.54205236235987,25.88697563488947,-3.075323859872464,-1173261.8046956602,298.5934341181953
9320.0,control,0.0,0.0,92.14135422119605,-0.0373649816752441,53.59303090336259,26.296535207040648,-3.5843986397614396,-1175422.7433438152,300.93109850833105
9330.0,control,0.0,0.0,96.87110819166254,-0.1196362185619546,53.47573616078343,26.595448207486406,-3.767970461056141,-1171147.5124962032,299.82718051923683
9340.0,control,0.0,0.0,97.34444134238225,-0.12783393099252377,53.78404820567068,26.594431577462846,-3.449782172149331,-1173138.0844668895,300.45727352182286
9350.0,control,0.0,0.0,93.68794727909875,-0.06432238563297869,53.93175142536508,26.501997200723178,-3.4179747492273878,-1174339.4081437774,299.56118547407897
9360.0,control,0.0,0.0,92.15693933437046,-0.037636801879088994,54.958184291800414,25.86406636773827,-5.596371220629132,-1173654.2528635226,299.1935424509577
9370.0,control,0.0,0.0,97.38207497619322,-0.1284853452782719,55.160262481137394,26.55750730426833,-4.363832795705273,-1172627.283136882,300.9784663743835
9380.0,control,0.0,0.0,101.92300685455855,-0.20659708450723055,54.85655355629187,26.330639393008717,-4.178614165507218,-1175566.7446185704,302.41469113095303
9390.0,control,0.0,0.0,99.24128847907778,-0.16059249615730783,54.55345602198245,26.258902478536925,-1.823410564740474,-1173431.0111241098,299.15496103342775
9400.0,control,0.0,0.0,99.57938166980242,-0.16641391761203891,54.3585967573993,26.311852993501375,-2.3776182175226097,-1174273.9874755014,300.446138300317
9410.0,control,0.0,0.0,97.79626309915471,-0.13565095435929056,54.65329039939992,26.5892481479575,-4.565957661601783,-1175163.2547370885,298.07389405713894
9420.0,control,0.0,0.0,99.50137422070115,-0.1650712615536844,54.235123336124374,26.411870588946996,-3.3336540243712047,-1175508.9813993424,298.1123611908634
9430.0,control,0.0,0.0,94.73392057237461,-0.08252852915484908,53.516006198010245,26.514443064040165,-4.861233664871111,-1173133.2330242563,299.2995473079093
9440.0,control,0.0,0.0,95.25615834715349,-0.0916086506681692,53.89172818742326,26.3912322131406,-4.373243233852912,-1174548.4166817944,298.8243633300309
9450.0,control,0.0,0.0,101.05371540265875,-0.19172919731273758,53.32515158233474,26.512928719174692,-4.488624667988227,-1174335.777876515,300.01174519210804
9460.0,control,0.0,0.0,91.3692584717284,-0.023895793939170865,54.4136106621546,26.189808605511477,-5.141162291303501,-1173371.449682964,301.91572775860834
9470.0,control,0.0,0.0,99.02648746614396,-0.15689105020242058,54.655226025149865,26.214516586070594,-5.811056749797666,-1173435.2447047066,300.42282712122704
9480.0,control,0.0,0.0,107.39946490279637,-0.2990318803941149,54.79272950523799,26.50419271750988,-4.196999382267134,-1172533.7013750207,299.9771492099878
9490.0,control,0.0,0.0,101.33106412554483,-0.1964777765121325,54.64939533048004,26.180899646406257,-3.453943564601971,-1173905.7760161106,300.1659471312192
9500.0,control,0.0,0.0,99.00639753109448,-0.15654474735138607,53.795429056184446,26.07618947213402,-4.98718031084897,-1175210.02459253,302.6523361355891
9510.0,control,0.0,0.0,97.33842675272945,-0.12772981714906373,53.7163871789651,25.76535685307094,-2.444299743635808,-1173526.5876720808,298.4259800063488
9520.0,control,0.0,0.0,100.0226898876105,-0.17403816095509103,54.314100836614436,25.881781306925394,-5.711652333425167,-1175065.0236432664,300.2260321539558
9530.0,control,0.0,0.0,99.28365962214663,-0.16132236980342685,54.6179321367043,26.25874865479401,-4.767600354108307,-1174149.0583685692,300.74058833035417
9540.0,control,0.0,0.0,94.49452569648392,-0.07836384528144177,53.99094164945814,26.47585339297722,-3.364606620634624,-1173028.7602096293,302.3279486224867
9550.0,control,0.0,0.0,102.96873837191089,-0.22441938670935913,54.256437702772104,26.132260308328963,-4.677794201609203,-1174496.3450325876,301.4898662215134
9560.0,control,0.0,0.0,96.88785069248965,-0.119926326489917,54.99874000639021,26.488690462595134,-3.76937579214829,-1175047.5703960229,300.04562981514823
9570.0,control,0.0,0.0,92.05207592112687,-0.03580782477194763,54.00295317927654,25.532845817247445,-4.406709543059421,-1174209.0616290625,301.3354738473567
9580.0,control,0.0,0.0,94.88360687142794,-0.08513185123897854,54.75595570313513,25.889792560660737,-3.9234495603415382,-1173607.476526238,298.6446893840457
9590.0,control,0.0,0.0,102.08234456990951,-0.20931725356372233,54.25578361876269,26.115864443446906,-4.592736760008012,-1172162.9373305868,300.0820458564166
9600.0,control,0.0,0.0,93.43090429399334,-0.05984479720138605,53.93372972440095,26.39331068209441,-4.875303822114954,-1173883.9586068634,301.89629126424404
9610.0,control,0.0,0.0,93.1123377891806,-0.05429383166677765,53.08126310804864,26.006754145779244,-3.892749936653427,-1173582.2000730392,300.087576146348
9620.0,control,0.0,0.0,99.52746789884982,-0.1655204173947564,54.89332997059627,26.091821805570472,-5.890224580562961,-1176066.522070976,302.4276465821478
9630.0,control,0.0,0.0,95.58371633122557,-0.09730004857784152,53.793307744758934,25.69433638737319,-4.982837494110472,-1174935.145765623,299.9515507732303
9640.0,control,0.0,0.0,90.91148962759293,-0.015907824086867806,53.936293558720266,26.166301267677166,-4.2296621390357325,-1174214.5978646595,300.47121350951414
9650.0,control,0.0,0.0,94.86188881910647,-0.08475416968487666,53.78662574459614,26.17191535946098,-5.003757838251365,-1175002.6360721495,301.7040156234753
9660.0,control,0.0,0.0,99.5650251663355,-0.16616683806313576,53.64444950073678,26.31886451144391,-4.352367975948166,-1174606.5804202799,302.186979560353
9670.0,control,0.0,0.0,95.12988739539679,-0.08941385309053868,54.22430272705469,26.406672582678972,-3.5579850228512155,-1172979.4155918006,300.29787200488335
9680.0,control,0.0,0.0,91.48150051387795,-0.025854180648121283,53.676374886449494,26.3520444423046,-4.329921662400961,-1172670.1813157443,299.98204674520053
9690.0,control,0.0,0.0,95.26611965878428,-0.09178177591210931,53.268971504951956,26.10861073737206,-4.500909426747983,-1173709.1441125367,300.5475470654726
9700.0,control,0.0,0.0,93.43157097497061,-0.05985641212057288,53.31366325341874,25.72864115130142,-3.809916842060174,-1172852.3178812582,300.8247875493865
9710.0,control,0.0,0.0,93.79971858182567,-0.06626899952395404,53.84213197401848,26.019909687008877,-3.1405692611426153,-1173120.0709800553,301.8683899877366
9720.0,control,0.0,0.0,98.98619513988385,-0.1561964866144861,53.05252074663304,26.214037976030472,-4.402614747172673,-1174400.8106814306,300.3895980587285
9730.0,control,0.0,0.0,93.66830692482593,-0.06398030286930806,54.03625125347564,26.167265059456085,-3.9639657181283283,-1173446.70665426,299.27167138729095
9740.0,control,0.0,0.0,94.59790943832438,-0.08016255462068234,53.33614877763217,26.331299429834072,-3.826462324491052,-1172919.4427710138,299.27135519160305
9750.0,control,0.0,0.0,95.80796376705156,-0.10119457861171198,53.47775684242099,26.84578059977981,-5.020383337287761,-1174679.787584845,299.41831670162765
9760.0,control,0.0,0.0,97.69804800200029,-0.13395242373994784,53.36751566166416,26.558276098462706,-4.681025034344601,-1174474.549791459,300.81402525660826
9770.0,control,0.0,0.0,97.94760428079125,-0.13826746471424706,54.1553401619696,26.32999025025226,-4.28824983479892,-1173497.9332501255,299.75813609229346
9780.0,control,0.0,0.0,96.61547642873875,-0.1152054708215071,54.079625036497475,26.38197666517264,-5.5285916721849935,-1173667.7998278197,301.02180423754567
9790.0,control,0.0,0.0,92.52071961548221,-0.04398066582789833,54.60053552879791,26.663069953169853,-4.083463041084231,-1173132.7424162086,298.4636271600414
9800.0,control,0.0,0.0,96.22063198037439,-0.10835733847052374,53.87369972360741,26.580977402658988,-4.791423356757306,-1173177.0716991946,301.6329576464656
9810.0,control,0.0,0.0,94.62957768090871,-0.08071347870394453,54.21996822888645,26.45928145216387,-5.424192033327849,-1174610.3649120852,299.2997897078774
9820.0,control,0.0,0.0,93.84256941534535,-0.06701522504085787,53.9466502161876,26.500326582659522,-3.310940048261041,-1176135.3693660554,300.7844477426441
9830.0,control,0.0,0.0,92.25274739534449,-0.039307729839974076,54.51751106430537,26.58258645340101,-5.922674583579216,-1174277.7140519824,299.4952156613515
9840.0,control,0.0,0.0,95.87614299881584,-0.10237835032613912,53.78668056213843,26.762848648681164,-5.199769424443002,-1175454.285021508,300.82654255347387
9850.0,control,0.0,0.0,100.20211246216545,-0.1771210269205559,53.589073505623624,26.26931689416512,-5.104838721953099,-1171562.3054220583,299.4950508293992
9860.0,control,0.0,0.0,96.59001108295146,-0.1147639646444969,53.04558728288871,26.944287314644445,-5.688012003481058,-1172961.4678576626,302.01231581838783
9870.0,control,0.0,0.0,95.98551241508572,-0.10427698904328024,54.31609587631306,26.81566153959208,-4.182668606931706,-1173321.8912056852,300.83197157435706
9880.0,control,0.0,0.0,99.92411949362585,-0.1723437811647406,53.08972643578435,26.711134566897304,-2.846537562945965,-1175317.414430255,298.69017916904943
9890.0,control,0.0,0.0,89.9347502476841,0.0011388227678635343,54.17607599116104,26.396625851081144,-3.9980395147810146,-1172685.1557231713,301.03596664993546
9900.0,control,0.0,0.0,90.06214315713387,-0.0010846024869225895,55.168603531603075,26.134381919550798,-4.382830192231152,-1174170.4890139382,298.9786445396548
9910.0,control,0.0,0.0,98.49675448123479,-0.14775338810040994,54.881093825121496,26.397223509895472,-5.271073156108751,-1173954.8971528318,300.92952500265704
9920.0,control,0.0,0.0,92.24385416398059,-0.0391526331570744,54.90831698113434,26.77368639287154,-5.705444690434682,-1173576.4306068718,299.8740161923928
9930.0,control,0.0,0.0,94.69373604287868,-0.08182954908793122,55.25847568983983,26.764932512271148,-5.7675269249385535,-1173839.2938447017,300.5470978118301
9940.0,control,0.0,0.0,93.35833740519348,-0.05858048841478192,56.00531862779436,26.375795343059202,-6.011443635371479,-1172980.6302805785,299.72766256887286
9950.0,control,0.0,0.0,90.97268936654311,-0.016975816595762944,54.90814378787146,26.310866473506362,-3.477827179567898,-1172142.9801508915,300.7724490907013
9960.0,control,0.0,0.0,101.16979420263431,-0.1937171738983411,54.45517580327963,26.496781841507428,-4.15585722054481,-1174695.9304225314,298.91838022117923
9970.0,control,0.0,0.0,97.87031282818236,-0.1369313061327821,54.88495773093051,26.43218751453631,-5.316461286186524,-1174585.9481983427,301.8950703320429
9980.0,control,0.0,0.0,101.0908686190366,-0.19236557285646766,55.33802870671165,27.023049039076003,-4.68644304787283,-1174030.7337132432,300.61014725220883
9990.0,control,0.0,0.0,98.71561840774564,-0.15153027078135245,53.932819764140234,26.70162033539928,-3.901459881954314,-1173690.287700558,300.38159583543467
10000.0,control,0.0,0.0,100.94632827288682,-0.18988937414612178,54.417436605648895,26.580812931126477,-3.3154322811195147,-1172573.1286969893,299.7479034249971
10010.0,control,0.0,0.0,96.84690875185767,-0.11921688147701785,53.521400770450725,26.69897830910797,-4.159959648833354,-1174067.365713302,297.69351167348566
10020.0,control,0.0,0.0,98.86870758625264,-0.15417078338888113,53.970696308038455,26.137165304172655,-3.975186006276549,-1172834.3496209644,299.4693835978786
10030.0,control,0.0,0.0,101.75516726128386,-0.20373004623540727,54.122832043045115,26.247535992345192,-4.4825560057765355,-1172743.1139026005,301.75354922055
10040.0,control,0.0,0.0,99.83292690210283,-0.17077576805176348,54.296723625894714,26.97387313084554,-3.9544445874179415,-1174947.759507509,299.1554413474126
10050.0,control,0.0,0.0,102.47286497675097,-0.21597722028849425,54.01559399660927,26.546836630545094,-3.786698129264547,-1174391.749522034,299.986936020408
10060.0,control,0.0,0.0,96.69211664015617,-0.11653408506434101,53.977436761412946,26.238115990616922,-3.8729854929429735,-1174873.7331742402,301.3589196874787
10070.0,control,0.0,0.0,100.79286892291606,-0.18725905690288816,54.10222175139758,26.304617641738353,-4.339502463758894,-1174867.0350879785,299.03883930219064
10080.0,control,0.0,0.0,93.15585211295468,-0.05505216394336729,54.74197771367815,26.39024913279403,-4.205696556355214,-1173846.522447979,300.30060388828565
10090.0,control,0.0,0.0,98.12477890049759,-0.14132937764368214,54.542906679534546,26.731394859960293,-5.489560761548301,-1171716.5070051234,299.22234928516895
10100.0,control,0.0,0.0,93.22286908371744,-0.05622001898916546,54.53551011620212,26.224980851239984,-3.4053536817167958,-1173806.5348431803,300.5613881151472
10110.0,control,0.0,0.0,101.7155540398591,-0.20305311672138143,54.0700215939119,26.49880882892709,-5.586013294976284,-1174817.786309218,301.490588073835
10120.0,control,0.0,0.0,95.04178335915829,-0.0878822016539346,54.32247424923006,26.43880991538212,-4.565291213075011,-1173707.4587989897,300.3398635288536
10130.0,control,0.0,0.0,93.58455480137125,-0.0625214796154212,54.384402016122166,26.169731589425417,-4.1188491861783865,-1172607.7288780436,299.916328310579
10140.0,control,0.0,0.0,91.84138297954827,-0.03213266367342059,54.8902522203446,25.77705186630912,-4.453835777495965,-1173095.2750176638,299.37930713669925
10150.0,control,0.0,0.0,97.70489260867183,-0.13407080709623784,53.98377809683906,26.44496293354606,-6.226677516053254,-1173880.3572411835,299.07985870748274
10160.0,control,0.0,0.0,92.02348378793842,-0.03530911349858646,54.778128790198764,26.32529487272426,-4.1264566739929425,-1173727.294765778,301.2396134665423
10170.0,control,0.0,0.0,99.41757238764657,-0.16362853231271057,54.34225716938128,26.79773379908784,-4.870273655671887,-1175144.3893825207,300.0743315169937
10180.0,control,0.0,0.0,100.88150456111043,-0.1887784506792257,54.36931818789199,26.470286050952975,-5.06597637989637,-1174330.5618412364,300.55142117830206
10190.0,control,0.0,0.0,92.57807224972528,-0.044980667351341326,55.17297089248698,26.419968225707894,-5.207622073600863,-1175565.498903649,300.5716542925086
10200.0,control,0.0,0.0,92.67794466505353,-0.04672193634618377,54.20118945142127,25.91480623295877,-6.3231586732173986,-1174112.2602061182,301.25817340028556
10210.0,control,0.0,0.0,93.62691222025259,-0.06325929257876234,53.96402007927092,26.051479305052133,-4.223776381282224,-1172671.6604562998,298.7980820644048
10220.0,control,0.0,0.0,98.52020289572611,-0.14815813589853782,53.913157430084944,26.12365200551134,-4.334559402357613,-1175099.5873820651,299.9204679443565
10230.0,control,0.0,0.0,98.26961873690705,-0.14383148164200157,53.97920202729268,26.061443387712544,-6.568019270868842,-1172019.5492663588,301.2770605252471
10240.0,control,0.0,0.0,92.93166148362398,-0.05114482177975799,53.27801653967271,26.22075511938069,-5.557221757027026,-1172577.4799476862,300.9466336230987
10250.0,control,0.0,0.0,98.0672428160873,-0.1403351919091729,53.834585878932636,26.543410435554186,-3.3258229247912325,-1173564.6433044039,300.5327953379033
10260.0,control,0.0,0.0,94.86616447255756,-0.08482852517318724,54.12049962857094,26.540188797939344,-4.231455715108526,-1174492.40518504,301.0837704635329
10270.0,control,0.0,0.0,102.67939536723974,-0.21949536969677846,53.396349578741855,26.505689195614316,-4.740386649912183,-1173289.2269804906,301.907817662462
10280.0,control,0.0,0.0,97.22772521475785,-0.1258132994884488,53.567494489638754,25.86531776226798,-5.443757903277398,-1174194.4776200615,299.86879142030654
10290.0,control,0.0,0.0,100.47479916182044,-0.181803035399494,53.802996289332015,26.366637815869495,-4.192181892857355,-1174555.2254708912,298.33768214608597
10300.0,control,0.0,0.0,95.07357355999288,-0.08843488501272828,53.61916645533938,26.016476821378372,-3.919038363739686,-1176328.6935352609,300.7276745655008
10310.0,control,0.0,0.0,94.10360081300237,-0.07156012939742544,53.374575973877505,26.20297650359252,-3.6899023522238528,-1172020.4297404885,301.3385752482602
10320.0,control,0.0,0.0,90.81265704706401,-0.014183065608375942,52.78870867634295,25.987368189065144,-2.983873521937422,-1174103.283889506,298.9399999500279
10330.0,control,0.0,0.0,94.95837278214363,-0.08643195247241259,52.71633110597712,25.940804423481154,-5.056618215629244,-1173824.6611664928,299.429261038198
10340.0,control,0.0,0.0,88.23989510180019,0.030714794220470416,52.9994542008905,26.579955937443202,-4.264701950376713,-1173930.414486777,301.1818109370354
10350.0,control,0.0,0.0,99.55805902758084,-0.1660469450537656,53.84808181952763,26.647605347025745,-4.048117149368871,-1174571.0063115936,299.73076803707755
10360.0,control,0.0,0.0,95.82503692306658,-0.10149102725173052,53.448473328748236,26.328897793808032,-5.503907319808667,-1174939.370457638,301.83628106848505
10370.0,control,0.0,0.0,95.4565148811907,-0.0950902605838457,52.66482841362682,25.97760774518323,-4.876104564848371,-1173366.929145962,301.24795715836143
10380.0,control,0.0,0.0,89.40190413442092,0.010438552517632642,52.39623290216777,26.365043240491964,-2.9545410490447708,-1172433.1263284702,301.63948329420975
10390.0,control,0.0,0.0,101.6664439154322,-0.20221376490639692,53.352841651884596,26.072765765717687,-4.974490562911344,-1175133.7514143828,300.3550247610087
10400.0,control,0.0,0.0,94.00796018986092,-0.06989506616241262,53.714171827959895,26.13448273368594,-4.5864548070162785,-1173378.07609017,302.4680547645768
10410.0,control,0.0,0.0,95.3236378875365,-0.09278137472557821,53.75303337974332,26.873477921575457,-5.754702406913604,-1175008.980783999,301.2047926561605
10420.0,control,0.0,0.0,95.24188649898909,-0.09136060449285194,53.21486063479396,26.38340361341354,-5.255670362840793,-1175044.5071136113,299.56369113142813
10430.0,control,0.0,0.0,96.6050732706151,-0.11502510850796116,53.8899973092627,25.98372818140668,-3.3931225091357113,-1175008.223019991,300.4728497596282
10440.0,control,0.0,0.0,96.94366328073292,-0.12089335248980967,53.868919280790266,26.543004513504318,-4.070188495749373,-1174207.2446507793,299.9949972221374
10450.0,control,0.0,0.0,106.41745100331508,-0.28263362916141643,53.45270730976911,26.32883928748786,-4.789094239299952,-1173389.9431761485,299.00415467373756
10460.0,control,0.0,0.0,93.11621796320038,-0.05436145346488928,53.265908565108504,26.6225702217536,-4.724284841408236,-1172543.4652570244,296.4606990553755
10470.0,control,0.0,0.0,97.02998751256024,-0.12238880631707809,53.21725625657644,26.233263853194334,-4.1099350475010406,-1173895.5857459586,301.2789885232396
10480.0,control,0.0,0.0,99.96442240339195,-0.1730366315963926,54.18252291258232,26.35270929657642,-5.2902067162415305,-1171835.2820799965,301.80333877041494
10490.0,control,0.0,0.0,98.82060854015924,-0.15334127916318938,53.49845191744279,26.63832005527899,-6.459416339462021,-1174728.9137378428,301.645080103733
10500.0,control,0.0,0.0,100.65374264856787,-0.18487324931549312,52.839943305820555,26.624144995903066,-5.532262679307156,-1174605.2591139693,300.74332638513295
10510.0,control,0.0,0.0,98.62159262064885,-0.14990795784407748,53.53122174781918,26.794113577584593,-5.229756351007841,-1172470.7771797515,302.1680580202007
10520.0,control,0.0,0.0,99.25045657547437,-0.16075043072139086,53.72933289743793,26.850351164194958,-4.152723362601385,-1172548.8557436,298.99482093563137
10530.0,control,0.0,0.0,94.07758516168037,-0.07110722733970697,52.9482537476207,26.099778607631734,-4.510991676787213,-1173617.2239575796,301.2619262533789
10540.0,control,0.0,0.0,99.37740220642654,-0.16293683966570657,53.05757474787663,26.131696848118153,-5.789526584482279,-1172114.5385819357,301.59981061218144
10550.0,control,0.0,0.0,98.87332191209134,-0.15425035520613942,53.63473449746662,26.256824947554566,-4.934763613839914,-1173204.7920109686,300.49561857958054
10560.0,control,0.0,0.0,94.87411318429969,-0.08496675550001134,54.53605343006389,26.66240855610641,-5.085626192969768,-1172215.2004731465,299.4215100280597
10570.0,control,0.0,0.0,98.89669157651063,-0.15465333839070058,53.816953275725076,26.43225583148588,-3.789290976005047,-1174219.3269835394,301.09838433431923
10580.0,control,0.0,0.0,99.41860571289288,-0.16364632413956332,54.00653305345558,26.197840974413303,-5.499643091861402,-1173220.5112059712,300.26978649178915
10590.0,control,0.0,0.0,100.70073805541271,-0.18567927289397734,53.97771536896585,26.535098705412285,-4.628056464151705,-1174128.2550183777,300.938978547524
10600.0,control,0.0,0.0,103.90029322796715,-0.24023301040060369,53.57190680961815,26.314601999676725,-4.509652254829558,-1173552.6725525316,301.564738821324
10610.0,control,0.0,0.0,99.30980805117588,-0.1617727514458882,53.294947969867906,26.101236951899256,-5.236757035406475,-1173846.5291854218,300.6231332856193
10620.0,control,0.0,0.0,97.53078439342782,-0.13105886579577075,53.53000946227555,26.379782588752143,-4.107788452884675,-1173213.0377803333,299.4973871574207
10630.0,control,0.0,0.0,96.47939216827186,-0.11284584397764325,53.609278562330225,25.98910360100246,-5.049159473534385,-1172628.5840937868,299.4166403156218
10640.0,control,0.0,0.0,91.94181702304269,-0.033884612971804264,53.65707411453058,26.61670229806719,-5.108569124124323,-1174010.9286487661,302.2178401339484
10650.0,control,0.0,0.0,94.20824833436579,-0.0733817703512562,53.71055853535719,25.998930863707756,-3.9372741245028458,-1175348.5194600224,296.6888379738065
10660.0,control,0.0,0.0,96.70919066220748,-0.11683004743583303,54.308602343242605,26.08394996797956,-6.149433767302264,-1172590.682053486,299.6004916473591
10670.0,control,0.0,0.0,97.23814848006822,-0.1259937721538578,53.54617354093948,26.37999680742185,-4.621658717995508,-1174567.346676724,298.9083334278814
10680.0,control,0.0,0.0,96.24055224150081,-0.10870295895700127,54.33777255221329,25.80900534086889,-6.132193948957066,-1176067.1260387544,300.79309544095815
10690.0,control,0.0,0.0,100.07281970024653,-0.1748996721248668,54.09530483623903,26.02361435350144,-5.883754531903257,-1175194.083919363,301.7624330180778
10700.0,control,0.0,0.0,99.714445061342,-0.16873788373483548,54.34316472305902,25.706476933572286,-5.91817447653799,-1173097.1406131964,298.07639246753484
10710.0,control,0.0,0.0,104.38970122824044,-0.24851578276969108,54.50673219781594,26.159699271944163,-6.383405584988713,-1175159.0318345334,299.73414615660766
10720.0,control,0.0,0.0,93.27500906475674,-0.05712857065116216,53.86992288446259,25.823884395630902,-4.316517144157152,-1173126.7583479043,300.63935814774123
10730.0,control,0.0,0.0,91.38713623225163,-0.02420772945739317,53.54475538204336,25.78587108016588,-4.703365328733805,-1171650.7507522795,299.75947865687345
10740.0,control,0.0,0.0,95.12536660155885,-0.08933526611522144,54.00352983011266,25.992437570605205,-5.511056782178794,-1173056.4609333742,298.97708604461747
10750.0,control,0.0,0.0,92.4922358657931,-0.04348400623499757,53.25493049066484,26.031030016937926,-5.612150764854585,-1173239.5380909294,300.29136318828404
10760.0,control,0.0,0.0,97.62458983632074,-0.1326817816119657,52.727971222659775,26.020428548467347,-5.925704518302169,-1175625.43712301,300.8843430880716
10770.0,control,0.0,0.0,99.37879379149682,-0.1629608027897526,54.04533672123469,26.04585926393604,-4.463525589352921,-1172325.269915294,302.6434495398373
10780.0,control,0.0,0.0,99.53420028661323,-0.1656362978003606,53.56335103884985,26.022597548299697,-4.984616701328834,-1171913.276981702,298.5545109477564
10790.0,control,0.0,0.0,95.00220006435818,-0.08719399493282365,53.6709686107028,26.511503236508677,-6.084073553654467,-1172805.2434200328,301.49413097050353
10800.0,control,0.0,0.0,100.51449386843571,-0.18248424944981448,53.309132455892644,26.62866891688984,-5.988983142466015,-1174621.4318141937,302.15922002811084
10810.0,control,0.0,0.0,96.85866249680129,-0.11942055749479291,54.46323707403481,26.088634025861847,-3.9237465366111177,-1174094.4701005146,299.55912412854923
10820.0,control,0.0,0.0,99.54112630688752,-0.16575550869547884,53.97630171425979,25.87556804917108,-5.2171997225054865,-1174341.2883220688,300.9482357712563
10830.0,control,0.0,0.0,93.88750230014993,-0.06779766815663663,53.835985881940914,26.357259462221506,-5.6289130214843395,-1173425.4964706413,301.3220119878943
10840.0,control,0.0,0.0,100.2228355104702,-0.1774769821716779,55.43857885614911,26.602200975639594,-7.010458115355391,-1173410.823171772,301.91862542075506
10850.0,control,0.0,0.0,95.22340110104456,-0.09103931796930151,55.608311716769045,26.44407752347901,-5.2810820710427135,-1173530.0852536298,299.3047099908136
10860.0,control,0.0,0.0,99.83133588586908,-0.1707484074352847,54.751573878850145,26.524033964166303,-4.754952397075552,-1173444.645139074,300.63367537462693
10870.0,control,0.0,0.0,100.39877944882622,-0.18049819254391822,53.891611477229326,26.328538463937896,-6.114795883138815,-1175087.750408521,300.6528959753378
10880.0,control,0.0,0.0,101.0698869806789,-0.19200620066462704,54.34974794879304,26.563280477136644,-6.750942377546427,-1174268.4234949648,297.7911878835086
10890.0,control,0.0,0.0,96.69342860074981,-0.11655682705448063,55.05176927004049,26.346412906888887,-5.567307234524249,-1174765.4108676706,300.8265992769173
10900.0,control,0.0,0.0,99.04136535312504,-0.15714749727208874,54.47928969898954,26.066307644347706,-5.596442893426293,-1174758.2247258462,300.5182416899067
10910.0,control,0.0,0.0,95.90546370953872,-0.10288739090267482,53.71903520436731,26.450438445274024,-5.417261702338798,-1173575.2772744726,298.9445238419854
10920.0,control,0.0,0.0,97.44726168322232,-0.12961355442512115,53.678820812682574,26.139552949252266,-6.100222715620514,-1173870.716928482,300.20382354502675
10930.0,control,0.0,0.0,94.68937654135783,-0.08175371636805825,54.0372247614696,26.55907978991855,-7.133313393143384,-1173882.5998104177,299.2775752259494
10940.0,control,0.0,0.0,95.49846562230526,-0.09581909583266014,55.05040572102108,26.279346805303287,-6.137228300234285,-1173513.5566472113,301.32308381880074
10950.0,control,0.0,0.0,91.71921663560677,-0.030001488352676235,53.46968242254059,26.247099604693062,-5.035528998305079,-1173633.7980213147,302.3992421783426
10960.0,control,0.0,0.0,91.37399423323251,-0.023978424886649884,54.08082365555384,26.54157718312751,-5.556031478113438,-1175132.0774078649,302.1686980056183
10970.0,control,0.0,0.0,99.09629849809717,-0.15809427663983033,53.98271167959424,26.400336119653634,-5.867422275545231,-1174642.6075492632,299.80990213980544
10980.0,control,0.0,0.0,91.37773267925094,-0.02404365426708543,52.97621910243295,27.012650842288362,-7.1566524219073155,-1174988.7684586775,300.1417194744615
10990.0,control,0.0,0.0,97.35625015746172,-0.12803834002815184,53.362606247969765,26.14348513247473,-5.847686293369686,-1174187.7255453616,299.652220018112
11000.0,control,0.0,0.0,93.8602833760888,-0.06732369374986316,53.78028239752052,26.752172666077016,-3.6031041145196188,-1174517.1960383002,300.59444162410614
11010.0,control,0.0,0.0,92.07266248791129,-0.036166895401581474,54.11380046523969,26.37450979493015,-5.362287358043683,-1174812.1273688152,299.2240892149794
11020.0,control,0.0,0.0,98.62047682928721,-0.14988870364230533,53.446923107329056,26.370961754650605,-4.595370917855749,-1176002.2846307661,297.91674688339356
11030.0,control,0.0,0.0,96.58126540914975,-0.1146123310350417,53.77028385853059,26.65564127790866,-4.234060857777326,-1172697.2674145307,299.65540539897756
11040.0,control,0.0,0.0,94.977246191031,-0.08676011819675275,53.279987052576914,26.665628022689724,-5.623608203044925,-1173577.7660032436,299.505437590108
11050.0,control,0.0,0.0,93.79227521732078,-0.06613937331871939,52.79381652109072,26.505303057003335,-4.947984891434379,-1174174.8684213217,302.3182261271773
11060.0,control,0.0,0.0,97.28568940259628,-0.12681686209903467,52.810817703049935,26.564664377170594,-4.384727480590502,-1173958.1231223047,300.8475402063236
11070.0,control,0.0,0.0,94.58675504267939,-0.07996849869411128,52.51693604088021,25.888984570260583,-5.519836502787333,-1171705.3832190447,300.12052445109555
11080.0,control,0.0,0.0,96.2435148803508,-0.10875436020798591,53.39665138377282,26.184494535597842,-6.284170423747295,-1175261.4842340332,298.8727859071539
11090.0,control,0.0,0.0,100.30693498386508,-0.17892130158068095,53.37810590405265,26.37130967890767,-5.905326297998421,-1173726.3355402984,299.5869187009773
11100.0,control,0.0,0.0,98.53606736445812,-0.1484319616141124,53.618201174626314,26.449869384253912,-6.242713010710862,-1173175.303851558,300.27989325010907
11110.0,control,0.0,0.0,96.62282207192578,-0.11533282189974958,52.39886858726128,26.267217491407102,-4.265248006747496,-1173460.2503173705,300.80281154366975
11120.0,control,0.0,0.0,96.04957067518686,-0.10538885603387786,52.72099646131063,26.544133759870014,-5.9949373327673765,-1175962.4224340487,300.9304418546
11130.0,control,0.0,0.0,102.29012552471185,-0.2128619970204686,53.01777344839228,25.989504613421648,-5.375892262481659,-1174369.0707846656,301.99418590334545
11140.0,control,0.0,0.0,92.86684236104486,-0.05001496278586738,52.92645378857678,26.184611987849156,-3.905403920493959,-1174105.9646720774,301.9577681884317
11150.0,control,0.0,0.0,90.60689387090441,-0.010592098188381584,53.81037328020122,26.149674142996755,-5.6215004608089085,-1175424.7042459138,301.86544700030356
11160.0,control,0.0,0.0,90.53230373956713,-0.009290319229643282,53.06065453989854,25.890576983963342,-3.826620726947623,-1173054.1543915328,299.03618599439255
11170.0,control,0.0,0.0,95.46677164550721,-0.09526846219152478,52.72884906812396,25.665870617646824,-5.10834637726212,-1174410.53322272,300.9103243142737
11180.0,control,0.0,0.0,86.79779201471493,0.05585998147709749,53.42559888217794,25.872622488262255,-4.94418061441215,-1174800.7053444684,298.23908176487663
11190.0,control,0.0,0.0,99.0827583443359,-0.1578609239214645,52.974442190521394,26.29508290052937,-6.378545812959157,-1174435.3907284532,298.0700666478685
11200.0,control,0.0,0.0,92.39400328218863,-0.04177108283667989,52.38055279961372,26.27000619852245,-4.684723235490605,-1172387.4922088664,300.96783168745014
11210.0,control,0.0,0.0,94.31594570147648,-0.07525624551996848,52.674766956928536,26.202127725680317,-4.809475466012535,-1173403.2424475104,299.6610545591473
11220.0,control,0.0,0.0,90.75541634401714,-0.01318412045036109,52.72415038583413,26.15023394317152,-3.666263986228288,-1173296.274970416,300.9846456387338
11230.0,control,0.0,0.0,94.19748046215105,-0.07319434091954043,52.51105813517876,26.19567622566255,-4.415003939316658,-1174737.7383472342,300.5486498523469
11240.0,control,0.0,0.0,98.79687406914641,-0.15293192050423582,53.18618774968865,25.980127476164807,-4.9781658396192885,-1174589.1096489597,302.88191394792756
11250.0,control,0.0,0.0,101.20712666359728,-0.19435636459249112,53.639237473410155,26.028198230879536,-5.918093564525811,-1173992.7405731156,300.67888530313
11260.0,control,0.0,0.0,97.02018238120203,-0.12221895922939867,53.13081874820825,25.98173495355045,-5.45449460919901,-1173593.1006527096,300.3064028214503
11270.0,control,0.0,0.0,88.78867501939234,0.021140034322591823,53.80091922626668,25.924431491897053,-5.321659939985523,-1174947.8286495935,300.5297890396295
11280.0,control,0.0,0.0,93.06960234854209,-0.05354904264959688,53.87214077758738,26.129969560315068,-5.9689406987626255,-1173087.8375457488,302.4683033108011
11290.0,control,0.0,0.0,97.00443454851117,-0.12194616360338659,53.31519798610517,26.08656514468274,-5.506184307424874,-1173983.6699722968,301.1455412577679
11300.0,control,0.0,0.0,93.40821564494799,-0.05944951062912777,53.5898604161124,26.165679570465027,-6.46937757758587,-1173260.7361995708,298.7234976660289
11310.0,control,0.0,0.0,96.35973068273657,-0.11077045266565079,53.89300951913451,26.219802149748013,-6.64576344556722,-1173650.6201625876,300.88168967859417
11320.0,control,0.0,0.0,99.6042624260208,-0.16684209782076947,53.69341438164064,25.797589117286574,-5.817910279687617,-1175150.5649053846,300.9252490788809
11330.0,control,0.0,0.0,96.80868068382587,-0.11855440768973055,54.73730844473173,26.023006922285646,-5.607440175340757,-1172854.9606670216,299.30759308171235
11340.0,control,0.0,0.0,94.71697508089385,-0.08223377983702561,54.011260567068184,25.75405854391073,-7.058196128253508,-1174928.4873629697,302.39197851157394
11350.0,control,0.0,0.0,94.89210975886502,-0.08527971493305714,53.96524075657833,26.358214134347516,-3.903557231618831,-1172690.8367486894,301.1936792085821
11360.0,control,0.0,0.0,95.68449639976005,-0.09905049514854868,54.30402556624528,26.140016240310967,-5.669480762556046,-1175686.8971494623,300.7476101487537
11370.0,control,0.0,0.0,95.7953492679422,-0.10097554179895493,54.513582361179616,26.300355856838276,-5.321592110780296,-1175056.281028919,299.7660802684966
11380.0,control,0.0,0.0,99.98262838241378,-0.1733495839334769,53.66179319028757,26.44619233650883,-5.613128355708257,-1173902.9064978398,299.19908458867116
11390.0,control,0.0,0.0,96.8135557747714,-0.11863889358197247,53.59169696337886,26.034893646571486,-6.026913866941301,-1173193.4276515674,301.404606987771
11400.0,control,0.0,0.0,102.34616554527545,-0.21381756248779474,53.934577687011185,26.235110812070264,-5.233338682092411,-1174055.0727029145,302.226523005454
11410.0,control,0.0,0.0,99.21178299824295,-0.1600841909702933,53.250693477248994,26.25102511615509,-5.791277871971694,-1174403.0854380596,300.8897481366423
11420.0,control,0.0,0.0,98.9569221809813,-0.15569182763762388,53.49681710532982,26.158415815487967,-4.5338907359168035,-1175055.3034419306,299.4419909700961
11430.0,control,0.0,0.0,95.06660761934565,-0.08831378210945261,52.61071843088686,26.43831708068377,-4.479707635830824,-1175491.8135136627,298.661215760229
11440.0,control,0.0,0.0,97.73441885846457,-0.13458146701789658,53.50293157125819,25.76139628653255,-4.879744373836753,-1174335.4604328517,299.8258598750373
11450.0,control,0.0,0.0,94.24209359756979,-0.07397087619038634,52.73908328702184,26.553925505653346,-4.453705632624864,-1174897.9979548547,300.58320084712534
11460.0,control,0.0,0.0,96.46509415648661,-0.11259788706637726,53.469332670840046,26.3370935365793,-6.301025708775355,-1174531.511718979,297.3534071675528
11470.0,control,0.0,0.0,97.4900275387205,-0.13035362700139133,53.008834752476695,26.203711903690557,-5.019931550379025,-1171715.4112372324,300.84273136479345
11480.0,control,0.0,0.0,95.91344841713138,-0.10302600976134167,53.0798020201134,26.15360798454121,-4.56788962311187,-1172377.7846759483,301.26124429863313
11490.0,control,0.0,0.0,101.34689457454265,-0.19674867703115853,54.102682029403894,25.902028911035266,-6.239292851480018,-1172773.925928522,299.3941632382417
11500.0,control,0.0,0.0,97.75950892721414,-0.1350153745893161,54.34359522520789,26.101817836843622,-5.72771627645872,-1174735.0854618382,298.3675021391927
11510.0,control,0.0,0.0,93.78174424970894,-0.06595597459395441,54.29434213986197,26.42235403410158,-4.186180668511625,-1173164.6543070804,299.7969665502301
11520.0,control,0.0,0.0,94.04808701212342,-0.07059368133128574,53.87220985996345,26.218008059021013,-6.689585375647298,-1173246.6178352907,298.9102196952367
11530.0,control,0.0,0.0,105.12437772139764,-0.2609152661421152,54.778358691139566,26.416636550172598,-5.769847550779921,-1174256.2662984207,297.6803589138508
11540.0,control,0.0,0.0,97.07614528099677,-0.12318831519799803,54.466476623145695,26.107820903215636,-5.972249151152974,-1175262.3633062635,301.5411190865705
11550.0,control,0.0,0.0,94.96376553205377,-0.08652572110650546,54.44401259045508,26.163830940663836,-6.33681518732235,-1175144.563851675,300.1859609818291
11560.0,control,0.0,0.0,104.10745642537164,-0.24374122806485368,54.750940988200746,26.990028800732517,-5.730950870103189,-1174682.1227935627,300.2313337088506
11570.0,control,0.0,0.0,90.249219994416,-0.004349695748309953,54.61333633539232,26.519764809236587,-5.416903133153595,-1175559.3480523322,301.478810779559
11580.0,control,0.0,0.0,95.0162751845608,-0.08743871386746342,54.14516255727281,26.395297048011457,-7.319450523883581,-1175261.973708177,301.1776404299987
11590.0,control,0.0,0.0,103.60980304450068,-0.23530840771938963,54.816796771433346,26.149440950995437,-4.766778410355851,-1173669.7951128446,300.04685374448627
11600.0,control,0.0,0.0,98.78807032459622,-0.1527800718484817,54.80359539319315,26.3188717300507,-4.991362680331818,-1174656.5287277773,301.4928218985377
11610.0,control,0.0,0.0,92.3822445689917,-0.04156603281906447,54.83144353319516,25.72353891892902,-4.248674202373589,-1173339.1166615337,302.7032049982464
11620.0,control,0.0,0.0,101.73455398486529,-0.20337780892466667,53.98462124132696,25.78891807401253,-4.384383928419311,-1172960.4710309487,300.88978743624216
11630.0,control,0.0,0.0,96.02412540722061,-0.1049472151249079,53.93177557002942,26.032103153593415,-4.729934699519527,-1171719.1409367174,300.5408294081624
11640.0,control,0.0,0.0,100.2418918395781,-0.1778042880631342,53.93254976343727,27.06181402427513,-5.02905159392988,-1172536.7457639389,299.5033036040688
11650.0,control,0.0,0.0,97.37159132621294,-0.12830388551732194,54.430652044456686,26.453492965667976,-5.417640762342192,-1173868.1877680533,301.05105118904015
11660.0,control,0.0,0.0,102.12518988362795,-0.2100484215188528,53.25352535258003,26.32280147433914,-3.2713418533009833,-1174330.519600561,300.40845133651777
11670.0,control,0.0,0.0,95.06425857813953,-0.08827294372519906,53.40292385836057,25.868807651020187,-4.352390318841568,-1173807.3630537353,301.11749595972077
11680.0,control,0.0,0.0,95.11137596664615,-0.08909205714771246,54.18988527337143,26.234101788777984,-5.761717508043518,-1173708.2426847797,299.7293178184142
11690.0,control,0.0,0.0,98.88058314518658,-0.15437556963270876,54.230630720980194,25.952128753011454,-4.921669542053195,-1173259.7020528894,298.47111801200646
11700.0,control,0.0,0.0,96.58345331088684,-0.11465026540541823,54.523346970676506,26.20079448365345,-4.607244974627398,-1173376.2710364591,299.64413034058776
11710.0,control,0.0,0.0,104.41010911329926,-0.2488607775020364,54.24046522237295,26.5587490642552,-4.217720778122069,-1172124.2013339177,301.62264788415473
11720.0,control,0.0,0.0,100.21610098415644,-0.17736130723596316,54.62150692750637,26.11162015288989,-3.720563523189643,-1171950.5353353694,300.7227319852742
11730.0,control,0.0,0.0,92.00839601276208,-0.035045945126977965,54.32936976150542,26.13875201497912,-5.091373842160585,-1172604.7534425054,300.3007769477058
11740.0,control,0.0,0.0,95.84997907784114,-0.10192409253618886,54.80779429290115,26.306651036908377,-4.994273481275901,-1173103.3457231428,299.19504375985673
11750.0,control,0.0,0.0,93.26292371640515,-0.05691798474508009,54.98547275225198,26.47464415135296,-4.949706018266666,-1172363.1461988017,300.8079908270016
11760.0,control,0.0,0.0,98.68473962334426,-0.15099753564956153,55.142339073498505,26.403460633081128,-4.948525464138896,-1172084.5589322764,298.1058125303453
11770.0,control,0.0,0.0,98.11939738836307,-0.14123639467605742,54.99898986450245,26.363196892230825,-4.031927158943158,-1173685.320950577,303.334548433172
11780.0,control,0.0,0.0,90.74780835315524,-0.013051347385390074,54.55546216221116,25.757656072062154,-3.047438557458321,-1174989.6059737578,299.12985340289214
11790.0,control,0.0,0.0,95.9433099645882,-0.10354440468108192,54.95776032762898,26.179580648288763,-5.136663656446048,-1173321.8697826527,299.039280597752
11800.0,control,0.0,0.0,91.53861130604258,-0.026850605805119165,54.21526978821501,26.083122506916897,-3.6140896436508907,-1173859.3947300296,299.8552351459336
11810.0,control,0.0,0.0,94.91628425733113,-0.0857000948726934,54.25516909399415,26.061762325827143,-4.194653722696623,-1173400.5440634582,297.48695513965106
11820.0,control,0.0,0.0,101.023201512847,-0.19120648257239695,54.38603548803083,25.74066543349371,-4.914829986132101,-1172933.3460604865,299.2767461247973
11830.0,control,0.0,0.0,97.44430580215938,-0.1295623995776591,53.48579170739255,25.757866953559592,-4.364152937947137,-1173458.339315109,298.4806300957572
11840.0,control,0.0,0.0,96.47856417232987,-0.11283148501776168,53.529467579311735,26.166888763066392,-4.473417394258825,-1174105.8347056843,300.53972625583435
11850.0,control,0.0,0.0,104.98728706262766,-0.25860471658521444,53.06226346838574,26.272249602091627,-3.9431768161593155,-1174047.1401492227,299.10837510472624
11860.0,control,0.0,0.0,96.73141663531078,-0.11721529856417619,52.81300977953207,26.230866080470147,-4.873849194534383,-1174580.1063992735,300.9662564269742
11870.0,control,0.0,0.0,93.90843682525825,-0.06816219931569298,52.81371094915606,25.696676536781,-5.057784847190595,-1175575.8771324754,298.9621201320685
11880.0,control,0.0,0.0,98.15819135880682,-0.14190665762131766,53.62265827614527,26.35749937173942,-4.7063807683295575,-1174242.846076047,298.40140876577595
11890.0,control,0.0,0.0,98.17009011098021,-0.14211222532640433,53.5671095226056,25.991931900950227,-5.082778552421103,-1171968.7129708566,300.0038209027592
11900.0,control,0.0,0.0,92.77581944354603,-0.04842823897897973,53.33290800247608,26.37651883520438,-4.552298470004354,-1171212.1463145334,301.3880634437142
11910.0,control,0.0,0.0,94.22169510561898,-0.07361582601695425,54.218228033526984,25.817396597801363,-3.7771313128436272,-1174228.4197149463,299.97911716371516
11920.0,control,0.0,0.0,101.29176373280917,-0.1958051788803849,53.9824472932784,26.12676713509224,-5.361945708579054,-1174658.5976028293,299.73011652130873
11930.0,control,0.0,0.0,98.649963916292,-0.15039751649670666,54.10871707380557,25.866682900477453,-6.17993801199213,-1174138.5239246357,299.8243986534869
11940.0,control,0.0,0.0,99.88303776009198,-0.17163745415285325,54.096384743375836,25.922331401919376,-4.522021569450688,-1173465.3856292814,301.35358321191256
11950.0,control,0.0,0.0,97.13261127566791,-0.12416626636014944,53.73353182481867,26.578424670550184,-5.681942482690308,-1173750.0673681982,302.0537034605584
11960.0,control,0.0,0.0,100.32004267461166,-0.17914637764685692,52.96236699737284,26.216092302180964,-3.653549406897735,-1172533.6071504727,299.01158015611594
11970.0,control,0.0,0.0,92.85848802200076,-0.04986933401825862,53.06513220610483,25.745104985087675,-5.352713507835595,-1173729.3448634353,299.087088674322
11980.0,control,0.0,0.0,96.69869555040816,-0.1166481256122083,53.23359490938338,25.798800478440306,-5.0538015869048145,-1175329.4912793916,300.2852934471136
11990.0,control,0.0,0.0,96.0325143888899,-0.1050928208147226,53.65243362179123,25.97954097334254,-5.671113627935989,-1173550.2800448406,299.4920195790651
12000.0,control,0.0,0.0,99.91198001233374,-0.17213507367846917,52.721143342418046,25.527288817506548,-6.0953836455506885,-1173226.4128676783,298.92185708060754
12010.0,control,0.0,0.0,90.97785597591235,-0.017065977877196534,53.03228602469605,26.02884428561635,-3.566286879809695,-1174426.6487861108,299.8621999583455
12020.0,control,0.0,0.0,95.29039498704941,-0.09220366375647121,51.835506934399305,26.267200752149865,-5.480136761263821,-1173351.1597765107,300.811952480288
12030.0,control,0.0,0.0,97.20775895770107,-0.1254675839510056,53.08216547059951,26.46799401132257,-4.583076027862175,-1173680.0953767747,300.20085502713783
12040.0,control,0.0,0.0,95.44173179639188,-0.09483341306652386,52.417052471340746,26.197154299971974,-3.707979919255089,-1174122.6503461972,300.7184621588365
12050.0,control,0.0,0.0,96.55484015468312,-0.11415415038823414,52.955216771522046,25.912262734329513,-4.27555662218618,-1175645.4029014148,303.8953748946201
12060.0,control,0.0,0.0,97.75628636697981,-0.13495964508996372,52.871989889381986,26.28988470226226,-3.8163819208009784,-1172426.6866181027,299.797157910269
12070.0,control,0.0,0.0,100.09526328203954,-0.17528533531128668,52.575936161472136,26.042560977942458,-2.178133083563454,-1173819.053373009,302.9551510237936
12080.0,control,0.0,0.0,96.22905723369199,-0.108503519889523,52.78725799540803,25.870995658214405,-4.490042554122227,-1174464.420706965,300.13714587368617
12090.0,control,0.0,0.0,96.82502967390501,-0.1188377341957184,52.26275613015094,26.005705842407423,-3.993388405713816,-1174063.87400477,299.4114362355219
12100.0,control,0.0,0.0,99.45123949252739,-0.16420818617715677,53.270282739819066,26.378672214246176,-4.475810938223143,-1173944.039995594,301.3007276743284
12110.0,control,0.0,0.0,97.82539386248064,-0.13615466498323786,53.22898560223555,25.77854988160744,-4.9411962107959475,-1174228.927667942,299.97463972210994
12120.0,control,0.0,0.0,96.9555581728564,-0.1210994322359601,53.806631873568094,26.544782738697332,-5.528062394819633,-1174219.196714852,300.7769180406631
12130.0,control,0.0,0.0,96.56390282773827,-0.1143112884711244,53.74031673383259,26.542979847493523,-5.360475395323813,-1173153.1299054008,301.3996352786657
12140.0,control,0.0,0.0,104.72073700828649,-0.2541080102767125,53.74091727320689,26.4001858647671,-4.593106346515585,-1173423.6742463503,300.2938187995563
12150.0,control,0.0,0.0,101.23094560032473,-0.19476413930836228,53.88593484402362,25.765189859168643,-5.37128314422006,-1175024.020964004,298.748810949588
12160.0,control,0.0,0.0,106.43396565816127,-0.28291010057870597,53.22292351855097,26.251947457126338,-3.5537498809686587,-1173922.0332795866,303.31155953568015
12170.0,control,0.0,0.0,103.15642926629874,-0.2276104433913375,52.72537854604069,26.05873957823853,-3.793335198381615,-1173837.0852830764,300.144310370831
12180.0,control,0.0,0.0,95.84367470707058,-0.10181463291930111,52.83913530853067,25.91214922246312,-4.884243081601694,-1175372.0202683266,298.44327958468904
12190.0,control,0.0,0.0,100.72221207677245,-0.18604753473289565,51.57814083079654,26.478313465303646,-5.046369609822322,-1172072.5057608653,299.29459021980557
12200.0,control,0.0,0.0,96.38337731577994,-0.11118061500389005,52.488006884291785,25.991559622487777,-6.1187692003731815,-1172238.9740810785,300.6020634900732
12210.0,control,0.0,0.0,100.36771602644951,-0.17996491183528204,51.151546011873016,25.788493762087935,-4.494778208451586,-1174723.494288979,298.7778747425911
12220.0,control,0.0,0.0,97.70784669164868,-0.13412189990978804,52.81076762726689,26.213144197885924,-4.444581526406003,-1174681.1501624528,299.56275239679917
12230.0,control,0.0,0.0,98.95523993767132,-0.15566282491962408,53.32852990512729,25.8698734824406,-4.89969538276273,-1176237.0536701158,300.41481455174744
12240.0,control,0.0,0.0,100.28249922904622,-0.17850168295726784,53.25090688746524,26.11555941646162,-3.595730637285504,-1174936.184904782,300.1055340324087
12250.0,control,0.0,0.0,95.89879728858124,-0.10277165668501098,52.27230304393968,26.242679994972573,-4.1446582130185945,-1171943.2111453004,302.9240502720311
12260.0,control,0.0,0.0,97.45803238399435,-0.12979995060045743,51.624746590038555,26.25532384117585,-4.910516257255201,-1175522.9342566226,300.6966307151583
12270.0,control,0.0,0.0,105.30905044435724,-0.2640254082134915,51.87637420351306,25.892606997217612,-5.8586733061662315,-1173097.8609038312,299.42409723155583
12280.0,control,0.0,0.0,105.56046789660932,-0.26825520784667545,52.177988241421424,26.435943676794338,-3.157679558400278,-1173199.246984221,298.37943121800714
12290.0,control,0.0,0.0,101.96760211174939,-0.20735856422364743,52.77142743826728,25.965991217218505,-4.467537004809033,-1176074.3116571251,300.89843612637065
12300.0,control,0.0,0.0,106.78816801242012,-0.2888340974711555,51.883258719233645,26.182904546067046,-3.839809945640753,-1175213.8028974365,300.8873275957572
12310.0,control,0.0,0.0,95.18772142911855,-0.09041915860844262,52.18769528668949,26.03153575607429,-5.97872040758945,-1174840.9264450613,299.11360496698666
12320.0,control,0.0,0.0,99.73566445912067,-0.1691029100709763,51.613569282213625,25.720942188338427,-2.51260383897905,-1173577.4256412368,301.51780398700635
12330.0,control,0.0,0.0,99.94593695969843,-0.172718857515898,52.535260025336754,25.935469721060407,-3.5281301311404167,-1173849.6260122936,298.78021431333127
12340.0,control,0.0,0.0,93.67317586512716,-0.06406510756920773,52.021782177461795,26.166423876530775,-4.3285324692021705,-1173685.1180040613,298.49311349086526
12350.0,control,0.0,0.0,98.54673928628317,-0.1486161559373435,52.2668982940998,26.45492763980915,-4.901599436578361,-1173024.2656297646,300.48478334068676
12360.0,control,0.0,0.0,97.44249563061676,-0.12953107235222927,52.67058037697598,26.165532749226262,-4.002130899699662,-1172063.8157213982,300.96841811433336
12370.0,control,0.0,0.0,104.96667907603558,-0.2582572577041406,51.402044038803275,26.311002113279358,-2.857908853261433,-1174008.9215126596,300.106565397783
12380.0,control,0.0,0.0,98.99975665172904,-0.15643027010069388,52.19144857599297,26.643968320748932,-4.532997125490666,-1174796.3797856066,297.7128079940498
12390.0,control,0.0,0.0,98.59921097301104,-0.14952172714789916,52.763566755970984,26.405731547374486,-3.807983628033102,-1175161.5879091863,299.3275093191794
12400.0,control,0.0,0.0,100.8795747521744,-0.1887453746560241,52.26457607302145,26.053494548384602,-4.88497243426978,-1174524.215618156,298.6003194624642
12410.0,control,0.0,0.0,102.0188098972677,-0.20823280022165222,52.13840145496432,26.64893183320606,-4.679010036382245,-1173008.3336310182,299.67272093250716
12420.0,control,0.0,0.0,102.62337370586958,-0.21854134664760455,52.443003344920605,26.621231113910614,-5.420175352562297,-1174205.8038544059,300.05780431062647
12430.0,control,0.0,0.0,105.80770919734579,-0.2724097118497997,53.534750611100606,26.25326050105879,-5.1020823678044085,-1173797.496332718,300.9796414273583
12440.0,control,0.0,0.0,99.63871300956512,-0.16743491602792113,52.90844881007082,26.378809068509213,-4.120875179779124,-1174063.664366085,299.6759824675787
12450.0,control,0.0,0.0,97.7254516484029,-0.1344263818504355,52.70214964714846,26.04720885611207,-4.706471477891846,-1175284.3322067354,299.60332091824546
12460.0,control,0.0,0.0,103.1929135069336,-0.2282304535588977,52.716868961321666,26.147964424422447,-5.1709955995034615,-1173354.633971922,298.87575964799834
12470.0,control,0.0,0.0,95.08939385419819,-0.08870991602621107,53.2928520912557,26.156685339846298,-3.1926745780289485,-1171551.0327055007,299.53777597384527
12480.0,control,0.0,0.0,102.06440107182331,-0.2090110076619827,52.898087525208446,26.572850378761107,-3.0368238410999195,-1174303.037417885,298.9618645277668
12490.0,control,0.0,0.0,99.4935628468342,-0.1649367961081086,53.09531124988226,26.425589475184605,-3.3228550235948147,-1172484.48537964,300.48706358979854
12500.0,control,0.0,0.0,101.46106176281876,-0.19870193116466006,53.320873285277216,26.282493311921492,-2.513177630658947,-1173226.4210383743,299.82102015307134
12510.0,control,0.0,0.0,97.46640715835721,-0.12994488005358443,53.35400487081251,26.45220166731488,-4.151235932446639,-1173463.536165569,299.2852609581926
12520.0,control,0.0,0.0,88.61530683877469,0.02416510229767592,53.33559448671574,26.635828431070458,-2.6626542421057557,-1175654.789104212,302.2177211582813
12530.0,control,0.0,0.0,92.83477241097012,-0.04945592927557202,54.01901411941461,26.292011444653212,-4.338536779352936,-1172895.7996793333,299.6272988102531
12540.0,control,0.0,0.0,100.48501616765061,-0.1819783811841964,54.17496234504481,26.417555395497516,-4.100023959086024,-1175445.8939922098,300.74862194880194
12550.0,control,0.0,0.0,97.43347289349718,-0.12937492095852174,53.36316827377985,26.354972303442917,-4.712802377200341,-1174227.2694720812,300.291088540197
12560.0,control,0.0,0.0,99.80013380750502,-0.17021180046897044,53.10737199816979,26.546109904328233,-6.4751485471038785,-1173896.8846626133,302.5378961835014
12570.0,control,0.0,0.0,99.09986535339911,-0.15815574680542246,52.694996781837965,26.256174830801175,-3.6663562553668188,-1174308.6836833209,300.1957163952049
12580.0,control,0.0,0.0,100.21951239377509,-0.17741990328756513,52.04369746780339,26.334953407848214,-4.590661030045137,-1174646.5494186822,301.03282718422395
12590.0,control,0.0,0.0,98.85755136162858,-0.15397839556088452,53.26066156428817,26.15598943013799,-5.033063705982431,-1173774.5855088606,301.13745508873575
12600.0,control,0.0,0.0,99.91780579771986,-0.172235234196689,52.37393355305909,26.306932460415613,-3.7264872750461517,-1173139.5933361892,301.6158221983186
12610.0,control,0.0,0.0,94.620892899326,-0.08056239429072735,52.956859443013606,26.14850556856004,-4.329353916964212,-1174391.8704008646,301.04140704660244
12620.0,control,0.0,0.0,100.41672901204261,-0.1808063171507479,52.687777970329066,25.982699965814685,-4.973474475698065,-1173730.990203647,300.49159041622215
12630.0,control,0.0,0.0,99.01459024482392,-0.1566859726392105,53.26538739651479,26.219453587504844,-4.595849281420271,-1174197.1259341352,300.3544521092182
12640.0,control,0.0,0.0,101.88876219590327,-0.2060122599257407,52.42547368371889,26.345108667744732,-5.588428872981874,-1173588.7778435275,300.06028158450414
12650.0,control,0.0,0.0,100.09686810085826,-0.17531291096458865,53.34945213279734,25.993087875362765,-4.527501098005855,-1174249.4710961003,300.95915986526063
12660.0,control,0.0,0.0,104.73386083934454,-0.2543295391656488,52.85803932665715,26.686628839865673,-4.565370185236377,-1174263.8660554066,301.3437525595643
12670.0,control,0.0,0.0,101.6927522309497,-0.20266342456215874,52.80788515778317,26.16172290699695,-3.1883250388157878,-1173738.3277693614,301.30695980112466
12680.0,control,0.0,0.0,102.72529873484817,-0.22027692649795239,52.50939518230117,26.57436304700581,-4.499627646519921,-1173974.6777485423,300.64819191845726
12690.0,control,0.0,0.0,106.18581777900708,-0.27875339940637306,53.338955054890064,26.53751209791293,-4.440246982935388,-1175035.7826296072,302.4469203643105
12700.0,control,0.0,0.0,101.01224280639735,-0.19101874244679884,53.54552365575047,25.942504909574982,-5.152359210360108,-1172869.7863127347,300.1380873142441
12710.0,control,0.0,0.0,99.60186791538362,-0.16680089135403806,53.08605678074353,26.223111941667685,-4.433828924036604,-1175360.5632387493,297.88725373475614
12720.0,control,0.0,0.0,101.44121034236029,-0.19836235527223453,52.9373393797613,26.37815760366968,-4.436898209208668,-1173777.224632524,299.7053938201957
12730.0,control,0.0,0.0,99.60510121227625,-0.16685653219094115,52.928299267617945,26.144750333378628,-3.96077654740294,-1174280.602730358,300.6807046267732
12740.0,control,0.0,0.0,98.45674947681833,-0.1470627965851051,52.425665077655694,26.17470805693963,-5.408295977223679,-1173842.991957385,301.1722019232353
12750.0,control,0.0,0.0,100.65672619702764,-0.18492442419829638,52.941002300617384,26.73754639345043,-4.767371597647365,-1174428.5911707412,298.8812341131402
12760.0,control,0.0,0.0,99.7396852117768,-0.16917207438914592,52.75442962424676,26.715673496726833,-3.6199063096433175,-1174178.093866123,301.8635644032595
12770.0,control,0.0,0.0,99.90968325347238,-0.17209558588544446,52.643727756914295,25.88310642569381,-5.327820496657242,-1173443.8924447708,299.07737034432085
12780.0,control,0.0,0.0,97.55167114709423,-0.13142025537069624,52.31981601884202,26.403020446446746,-5.39387905758127,-1174764.8423775677,300.36947246089784
12790.0,control,0.0,0.0,97.4016698488398,-0.12882449814448058,51.73339600381886,26.307061186119693,-6.650136789356482,-1174147.8082946464,300.25996559282487
12800.0,control,0.0,0.0,98.41155189572798,-0.14628248130984495,51.62776850358231,26.215434701808746,-5.055871032016969,-1174224.7473202627,302.10992261233855
12810.0,control,0.0,0.0,100.26256352628519,-0.1781593166191384,51.327599167466296,26.493720704660753,-4.847647149909563,-1175281.4254058525,301.1435565997149
12820.0,control,0.0,0.0,103.54532741373832,-0.2342145448304354,52.089091264275645,26.57475267460675,-3.125957972622045,-1172928.2993829045,300.25002597020426
12830.0,control,0.0,0.0,98.96497332219086,-0.15583063148952475,53.19548240406943,26.54106850269112,-4.91453517770986,-1173780.716154758,300.4027035528302
12840.0,control,0.0,0.0,102.00851578107604,-0.20805706905141716,53.01830292894105,26.57692820792832,-4.745066200081549,-1171885.6317354385,300.68273730302536
12850.0,control,0.0,0.0,98.64147326952681,-0.150251010672831,52.98437348962135,26.48945236938239,-3.388423970057528,-1172544.8905589376,301.0026034571227
12860.0,control,0.0,0.0,99.72761575566929,-0.16896445511177538,53.49228533709062,26.31485356536411,-4.679437150064787,-1173099.0008623283,299.64155202571493
12870.0,control,0.0,0.0,98.6469876239394,-0.1503461610482264,52.6127831723347,27.09114913615057,-2.479697503049982,-1172309.9112960547,301.02329069326913
12880.0,control,0.0,0.0,94.56834754463952,-0.07964825203152982,52.27461581101634,26.304398785179295,-4.291393103480881,-1174416.5048569161,301.7183120727287
12890.0,control,0.0,0.0,99.14408158491842,-0.15891770574239147,52.54494646154906,26.663099254486745,-5.806154531399375,-1174662.4055364896,300.24859890638857
12900.0,control,0.0,0.0,91.22646286126923,-0.021404180397464022,52.60011368303721,27.006339532806624,-4.254037259907118,-1173742.5369836409,299.653954099813
12910.0,control,0.0,0.0,100.48381516865571,-0.18195776975953679,52.47110008857536,26.375248131917633,-5.719230703148153,-1174915.2430814113,299.0561477094009
12920.0,control,0.0,0.0,104.40432443249159,-0.2487629908374041,52.34602819106816,26.474264290861925,-4.115461111290452,-1174860.113001028,297.9474784210607
12930.0,control,0.0,0.0,100.64404925611429,-0.18470698134608918,52.726353357054535,26.55108523059262,-5.592784889846962,-1173179.315023305,300.5907409550979
12940.0,control,0.0,0.0,92.63011115454542,-0.045887979623551685,53.01391772781885,26.70891060133206,-5.254075800309291,-1172968.672446724,300.9249102661666
12950.0,control,0.0,0.0,100.05833881190507,-0.1746508230171455,52.7362705805159,26.900628397371314,-4.920248606776131,-1174720.315307349,301.126850779236
12960.0,control,0.0,0.0,95.46217359466932,-0.09518857577146547,51.59284979083093,26.32723438650434,-4.667135700389585,-1173355.736990923,301.821577213182
12970.0,control,0.0,0.0,98.21361772218282,-0.14286417383852568,52.05693783751668,26.87042832410143,-5.545676296419592,-1174275.7534796316,300.1359625272645
12980.0,control,0.0,0.0,98.6870689197539,-0.15103772328450896,52.60092627200242,26.500528879226536,-3.3251382533071174,-1173660.5492765158,300.20426963863764
12990.0,control,0.0,0.0,96.30514517204787,-0.10982356853392487,52.19186255045262,26.40988724014302,-5.607226627960353,-1174001.886834342,302.5372676897601
13000.0,control,0.0,0.0,93.42103557789791,-0.059672863435356355,51.68152801321039,26.278461833126336,-4.7186329128366316,-1173203.5870725624,299.81542634495906
13010.0,control,0.0,0.0,94.27416706925743,-0.07452911866168895,52.29984358167709,26.095750972075656,-4.816671279167073,-1174662.0316934995,302.03165467269804
13020.0,control,0.0,0.0,96.32649126874873,-0.1101938669962443,52.76774237079935,26.528308315487624,-4.5337677857140015,-1173015.8114678897,297.9977740602554
13030.0,control,0.0,0.0,97.96370606099703,-0.13854578902532189,52.32419820805646,26.692097083656712,-5.812452557983751,-1173444.340696063,299.0006826990232
13040.0,control,0.0,0.0,93.14487203338426,-0.054860815016735356,51.76841240575585,26.38358599378514,-3.617885726760175,-1173215.335828023,300.4412080468276
13050.0,control,0.0,0.0,98.00937553774274,-0.13933514062397637,51.81070091562365,26.461279707940577,-4.990871502614228,-1174873.8763118275,300.2494890800378
13060.0,control,0.0,0.0,96.89665669887961,-0.12007890963849263,51.783514039944535,26.291717352562774,-4.27577802616694,-1172844.9754779898,300.46072146817073
13070.0,control,0.0,0.0,90.24429044888319,-0.004263659746048427,52.74918547965929,26.37955904473386,-1.2689627087526265,-1174364.9165626261,298.0909495222889
13080.0,control,0.0,0.0,95.50978134136315,-0.0960156817893575,52.741540239056114,26.15886497645239,-4.003345334808637,-1172741.6938120723,300.8608767123443
13090.0,control,0.0,0.0,95.59281183709514,-0.09745804063826985,52.26486407412241,26.258322889193877,-5.368050949283635,-1174663.6628690306,299.3567106304852
13100.0,control,0.0,0.0,97.3476952529381,-0.12789025629856685,52.3636692460919,26.776052729437065,-5.980644484499583,-1174181.2396178078,300.04090011006485
13110.0,control,0.0,0.0,101.54115512661501,-0.20007175545545547,52.42211926438352,26.447956527974466,-5.349678082765552,-1175642.9599001855,299.7040928267715
13120.0,control,0.0,0.0,100.67023718780631,-0.18515616323166503,52.41166417185535,26.45325679535942,-6.711893059248986,-1174127.029622594,300.710461172921
13130.0,control,0.0,0.0,99.40143919858474,-0.16335074365341998,51.540081567894845,26.52058668926646,-5.181435060089938,-1174201.7933159973,300.08497353168246
13140.0,control,0.0,0.0,97.46963591657524,-0.13000075450871426,52.35441292301328,26.835418686003635,-5.68035825496591,-1172523.6880444344,299.0524134429547
13150.0,control,0.0,0.0,102.42109970345906,-0.21509498124446208,52.202718432443206,26.33343594036689,-6.139894717130759,-1174159.9833419845,299.251100821949
13160.0,control,0.0,0.0,101.81647857665266,-0.20477757094540114,52.34726290234845,26.145328601085204,-5.869638374310974,-1174789.7070996836,299.7337394389482
13170.0,control,0.0,0.0,99.40883219144447,-0.16347804120906692,51.572643944567744,26.139684259198475,-4.764128706659814,-1174161.5703158583,302.4733942013768
13180.0,control,0.0,0.0,101.43548934481134,-0.19826448818850106,52.473850397713655,26.638887264458013,-3.5132301889502937,-1174232.8050753865,302.38035063596004
13190.0,control,0.0,0.0,92.61821975937848,-0.04568065326696395,51.8220683951706,26.129395092089855,-5.909051607946084,-1173352.1639656425,301.0034750483636
13200.0,control,0.0,0.0,98.35197839701011,-0.14525383349984305,52.140611290303575,26.424911356836283,-5.796677545555701,-1173064.9580482077,300.13064850567685
13210.0,control,0.0,0.0,99.3263434025146,-0.16205753964915243,52.19828372182572,26.742761206125135,-5.030358231602266,-1175587.6349137742,298.840441645726
13220.0,control,0.0,0.0,104.5049626898303,-0.25046385949146804,51.55844142040102,26.93958009921556,-5.6656980224073195,-1175322.019180974,300.63159761953665
13230.0,control,0.0,0.0,98.19384872678314,-0.14252267053646103,50.53687038547144,26.178021278304044,-4.37285802484204,-1172383.7479418255,300.4679659845723
13240.0,control,0.0,0.0,102.70148910003941,-0.21987155812733622,50.52945477433441,26.682956329729333,-5.340646789208866,-1171864.1803139728,301.54982247147296
13250.0,control,0.0,0.0,105.61060034508155,-0.2690980116077989,50.76707276169333,26.69479041388992,-5.62016532666875,-1173106.2653331961,301.37989483273293
13260.0,control,0.0,0.0,96.35913658986759,-0.11076014759295351,51.271578081946394,26.21428273326561,-3.604236655258357,-1172466.8141374923,298.688790614148
13270.0,control,0.0,0.0,98.08415098453312,-0.14062736867818407,50.86071005290208,26.375367572607168,-4.9594563435149475,-1173234.9501617067,301.80737884315266
13280.0,control,0.0,0.0,98.8326258608324,-0.1535485370463306,51.1042883324603,25.848380947059574,-4.396140658336726,-1173200.8412542753,299.9918724432074
13290.0,control,0.0,0.0,93.24872591960559,-0.05667058641580253,51.72355333493039,26.073519509587804,-3.1896535129938766,-1171472.095542511,301.2132167883094
13300.0,control,0.0,0.0,100.88792053105662,-0.18888841586557786,51.978832219685245,26.5285976632498,-5.134513545832816,-1174028.0310231522,299.9819073408659
13310.0,control,0.0,0.0,99.28307105911605,-0.16131223198200156,51.341834190973394,26.248949206890092,-6.430207264617419,-1172878.1300396882,299.25697043734107
13320.0,control,0.0,0.0,103.44488680645107,-0.23250992687046143,51.968498409889925,25.843615320932585,-5.617107576297206,-1173656.397452375,299.9080004655595
13330.0,control,0.0,0.0,97.63387414769306,-0.13284238900941317,52.26083365237653,26.339234746038933,-5.369393920954702,-1173282.4914625864,299.036364104164
13340.0,control,0.0,0.0,93.49135916386196,-0.06089800909344119,52.009648731348165,26.466199044642106,-6.347256053275629,-1174488.5309161302,302.6261000921438
13350.0,control,0.0,0.0,98.31389657105939,-0.14459619724763517,52.23177842085474,25.82066841702215,-5.780679378371774,-1174757.7270191144,300.8966487911455
13360.0,control,0.0,0.0,97.44753264135498,-0.1296182436432039,52.20389416080687,26.314791483754842,-4.172762882198185,-1173699.9741594642,300.4415256630195
13370.0,control,0.0,0.0,98.02589310167059,-0.1396206085575832,52.74991129591584,26.769845788226274,-3.9542808118590056,-1173465.4240026847,299.41465558401484
13380.0,control,0.0,0.0,101.69768672939321,-0.20274775986482793,52.01986528212371,26.61175847310262,-4.349265237752876,-1173728.866224233,301.7417075552621
13390.0,control,0.0,0.0,98.6715482202745,-0.1507699380573733,52.53378764422818,26.277402849502018,-5.39034221229716,-1173782.9659878034,302.1072359334295
13400.0,control,0.0,0.0,98.60073628064173,-0.14954804946641279,51.84345166590383,26.3416336485027,-4.401683840375207,-1173802.4835585877,299.89835093175975
13410.0,control,0.0,0.0,91.88927415897362,-0.03296807948797093,52.08594467005901,26.806073124912658,-3.246490368413146,-1174087.865888724,299.14328765959215
13420.0,control,0.0,0.0,94.52827594084005,-0.07895107309897365,51.89914549974491,25.63942537481558,-3.3303418449207447,-1173835.9115780853,301.9183459950595
13430.0,control,0.0,0.0,95.86577425186053,-0.10219833077165029,52.22428558158421,26.08349091729244,-5.312707143703744,-1176475.336896615,300.74267700072903
13440.0,control,0.0,0.0,101.2823655215923,-0.19564432167114149,52.79090339041791,26.451721816984055,-4.06618620745833,-1174139.0590624008,301.94744399401986
13450.0,control,0.0,0.0,100.58197092797195,-0.18364204451969704,52.70726300770327,26.253790843637162,-5.142932665950446,-1173382.6357665285,302.8792033613849
13460.0,control,0.0,0.0,102.0760630329599,-0.20921004742922314,52.94613672730209,26.526337547772282,-4.639152724831988,-1175626.2409896161,300.29627158679125
13470.0,control,0.0,0.0,97.77304998060883,-0.1352495427730195,52.604742867618675,26.268642052633133,-4.728571608120649,-1172474.3527546432,299.3871026546843
13480.0,control,0.0,0.0,105.95859997363343,-0.27494270816268496,53.050025185559285,26.614331550847083,-5.3904813554847655,-1173681.5626252834,302.7371325042819
13490.0,control,0.0,0.0,97.85707777048198,-0.1367024829980077,52.29172326686616,26.833605013051198,-3.7833575230640166,-1172818.4818913974,299.36422540969676
13500.0,control,0.0,0.0,100.79582220639765,-0.18730968938114737,51.70067487710017,26.550247413661356,-4.049135748172164,-1173937.5717524644,301.5932049841852
13510.0,control,0.0,0.0,101.26028713011473,-0.1952664132685763,52.40397092776296,26.59000712140193,-5.111086855895163,-1173331.3420535382,301.74075615589504
13520.0,control,0.0,0.0,100.46689091980956,-0.1816673089959742,52.49501378181711,26.12883571745631,-3.5926134478682057,-1172213.9812065829,300.22568334699906
13530.0,control,0.0,0.0,100.59048885935995,-0.18378818010350073,52.61189444847434,26.590947993064347,-4.273478641541622,-1172494.8116683941,296.9852614526837
13540.0,control,0.0,0.0,98.60179925231867,-0.1495663931650245,52.53389581507488,26.524899695099666,-5.501404013674359,-1173393.929480819,298.6627469415702
13550.0,control,0.0,0.0,100.33813037734208,-0.17945695158530994,52.5976156343255,26.021474504701715,-4.041246262930133,-1174568.558932254,299.9198696591493
13560.0,control,0.0,0.0,98.90077968112475,-0.154723830445706,52.21164132918151,26.25879586156149,-3.725446205396022,-1174303.7896088269,301.3716822083051
13570.0,control,0.0,0.0,91.80311426797665,-0.031465086441152534,53.24826360031777,26.361626507795357,-3.1472519479990293,-1173636.434404226,300.2339717702201
13580.0,control,0.0,0.0,104.69116619906747,-0.25360880927985624,53.01204205804703,26.531725853700156,-4.80528209594975,-1172687.429666603,300.07470850020314
13590.0,control,0.0,0.0,93.63260318590807,-0.06335841941713806,52.27294231419056,26.60304315693762,-4.772883059505725,-1174155.0744565632,298.9188255045447
13600.0,control,0.0,0.0,91.92142452343391,-0.033528898956575307,52.59143421220526,26.92569557223248,-4.774233272072636,-1174047.4531161096,298.82496967554977
13610.0,control,0.0,0.0,94.39709587722525,-0.07666849090967548,52.53330622554932,26.374287719455733,-3.5006736413673583,-1175566.2183306888,299.69485501966557
13620.0,control,0.0,0.0,99.59574956499961,-0.16669560104306488,51.52359376926278,26.394555674077175,-4.719550555008145,-1174186.3973891716,300.1069133184065
13630.0,control,0.0,0.0,100.72061328825397,-0.18602011772199858,52.23135533812888,26.501148859348202,-5.686069560851043,-1173189.3937425297,301.9619322566045
13640.0,control,0.0,0.0,98.39609279633763,-0.14601556621223638,51.70938537170985,26.64174354257515,-5.892082584688815,-1173922.636489166,301.3439390168287
13650.0,control,0.0,0.0,92.68026047356669,-0.04676231065175909,52.20321333132112,26.572228206289903,-4.656011149288776,-1174378.634098798,298.09558302831573
13660.0,control,0.0,0.0,97.85245059054554,-0.13662248118565828,51.175029090986925,26.319533170633772,-4.048601919862504,-1174334.4240542296,298.89794815391423
13670.0,control,0.0,0.0,93.43842804777671,-0.059975875605301834,51.372321295027554,26.14818099953093,-5.235172267746769,-1173501.8126644064,300.60289454711904
13680.0,control,0.0,0.0,96.86791271044333,-0.1195808472709833,51.83957161516358,26.397961365757165,-3.297859372272412,-1173036.4116186462,301.20582855559536
13690.0,control,0.0,0.0,99.30609518204686,-0.16170880288199047,51.500444207214635,26.785619162641943,-3.7858122012249416,-1173006.4374524243,299.8894814388963
13700.0,control,0.0,0.0,98.95619724162793,-0.1556793293362035,51.32609761844653,26.463879673487725,-2.899976959580856,-1173247.2030981071,299.5453454196542
13710.0,control,0.0,0.0,99.7418381828532,-0.1692091090969035,52.24707217628317,26.334207844607104,-5.9744771663921465,-1173590.6100413352,298.65464015994144
13720.0,control,0.0,0.0,92.6617930911332,-0.04644034420057975,52.148355775915036,25.96095165343011,-5.620544549000877,-1174698.2470393274,299.4982619724914
13730.0,control,0.0,0.0,98.52003254597038,-0.14815519554654644,52.569393651090095,25.905479761587667,-5.23012226114483,-1173500.345950516,300.29378199005816
13740.0,control,0.0,0.0,99.60506844383919,-0.16685596829139618,51.1858468400513,26.021496116146412,-5.225263668835005,-1170381.3829162251,301.0446323465751
13750.0,control,0.0,0.0,100.11577949709651,-0.1756378557276512,51.039259575606195,26.215158678923665,-5.185269022818961,-1174238.9766543861,299.27297343976716
13760.0,control,0.0,0.0,102.90063041891274,-0.22326084118343603,51.617401810107694,26.274699422146355,-4.772984315524518,-1174024.9405772462,299.6765800772889
13770.0,control,0.0,0.0,97.28125113963662,-0.1267400248360638,52.52414243024132,26.40968198128505,-5.029488202279907,-1172675.4863813836,299.4526355143156
13780.0,control,0.0,0.0,97.78123889436537,-0.13539115165529203,51.1287700649168,26.288504978217482,-3.481251279552257,-1174682.1185319517,300.0613423527764
13790.0,control,0.0,0.0,96.30957032047326,-0.10990033443882931,50.708092556081795,26.463417988310194,-3.1644036835438065,-1174829.197614178,300.1378235895992
13800.0,control,0.0,0.0,104.92029322709108,-0.2574750516057552,51.656876649662614,26.445269003261995,-4.0666385306815105,-1173806.8444626518,298.9231247576588
13810.0,control,0.0,0.0,99.29352002550907,-0.1614922097573572,51.09394974170955,26.692441559826854,-4.568829158786507,-1172242.8725773282,298.1937131097889
13820.0,control,0.0,0.0,96.31340460619721,-0.10996684973713443,50.37927441043282,26.820980398875953,-4.438302378997527,-1173102.9084992167,300.70474940076036
13830.0,control,0.0,0.0,100.83825014949653,-0.18803703895641316,51.556668111086275,26.51294063962537,-5.180602730378915,-1174520.8668591008,298.9753895943581
13840.0,control,0.0,0.0,99.43743768692109,-0.1639705643352049,51.36944057890603,26.71344123942709,-4.356074846148128,-1172573.1038738117,300.0031348814782
13850.0,control,0.0,0.0,96.29757992718828,-0.10969232783307331,52.66112148894037,26.60553563464707,-4.6030551576984085,-1175012.493189469,298.5922925375385
13860.0,control,0.0,0.0,99.65618009892688,-0.16773546281937385,51.24498100622184,26.433163140186853,-4.712812141168125,-1172842.913081063,299.42529385297547
13870.0,control,0.0,0.0,108.78304235933656,-0.32198550449746793,51.85399789047767,26.19587521658005,-5.558775317634055,-1173201.239972772,299.76335819347685
13880.0,control,0.0,0.0,98.65561157798871,-0.1504949648801325,51.96170654178929,26.465057083059104,-5.907622305537566,-1172539.8269352075,300.4037949407764
13890.0,control,0.0,0.0,102.59338576722416,-0.21803057997618583,51.23642993864851,26.547630837496452,-4.952735545164037,-1173910.2794316374,299.6645974838554
13900.0,control,0.0,0.0,96.47626260810888,-0.11279157157239082,52.3786003241712,26.243864034880524,-5.460139528056821,-1175533.872076638,301.4621199701496
13910.0,control,0.0,0.0,97.28642860729727,-0.12682965947910846,52.400413671065316,26.47150268603809,-4.6758431511480385,-1173280.5183481183,302.53035970307855
13920.0,control,0.0,0.0,97.1680350898152,-0.12477972031291718,52.086739171432214,26.243809822194304,-6.891398378047686,-1172967.059071403,302.34882482196736
13930.0,control,0.0,0.0,100.48733877561673,-0.18201824132302583,51.65418462118313,25.947124475861816,-5.318249614709614,-1172688.1859679334,300.9237578327057
13940.0,control,0.0,0.0,97.39514224414854,-0.1287115184316718,52.08066490340892,26.218093126220165,-5.161570796767208,-1173261.5113203283,299.86530904178
13950.0,control,0.0,0.0,97.04126478394613,-0.12258414977281071,51.98866623371255,25.930494831815434,-5.044697782990145,-1174285.3182227705,299.0623299093811
13960.0,control,0.0,0.0,92.32560539041307,-0.040578326855629676,52.04640940426514,26.110793078742542,-3.526775110254297,-1173043.7279926743,299.67747815564843
13970.0,control,0.0,0.0,95.33233137874532,-0.09293244921530808,52.39612620919057,26.272367915799027,-5.868446771847152,-1174554.9052087981,300.3197242869251
13980.0,control,0.0,0.0,95.60833198125255,-0.0977276251990021,51.98743089420182,26.115336418652632,-4.960826892842587,-1174556.445060864,299.20337186369693
13990.0,control,0.0,0.0,99.37100873913442,-0.16282674279008097,51.98135089671872,26.199779688123037,-6.722503283122791,-1174689.7439362314,301.81270940077457
14000.0,control,0.0,0.0,99.57085307173693,-0.16626713924810946,51.758416733032234,26.516123974528778,-5.717502517350865,-1172003.7857219279,300.58179082484247
14010.0,control,0.0,0.0,96.56856175400122,-0.11439206868377313,51.93030342787462,26.327584325102023,-5.728356341235531,-1172858.6970565412,299.91735476853995
14020.0,control,0.0,0.0,100.11821591997216,-0.1756797181340582,51.620504145894465,26.512892128616667,-4.446978664223593,-1173827.4106672574,301.16350160331103
14030.0,control,0.0,0.0,93.88696867924186,-0.06778837614127517,50.850793053284406,25.930891490506184,-5.784741940800355,-1175396.5717234015,299.7599900681934
14040.0,control,0.0,0.0,97.74189619819352,-0.13471078281133025,50.83374029844226,25.949918494732138,-3.8669899857144383,-1174244.977958398,300.31469075758224
14050.0,control,0.0,0.0,100.5766373624922,-0.18355053858090717,51.10019008513993,26.306695139560873,-4.396831067652006,-1173424.7388216741,303.64023002898654
14060.0,control,0.0,0.0,101.46020778967758,-0.1986873236985992,51.364335690883635,26.119196337844766,-3.4274295759464675,-1173890.765898997,299.60298860318153
14070.0,control,0.0,0.0,96.1936110778936,-0.10788849952112115,51.62928299243734,26.324294377805025,-5.92333534230759,-1170922.1268280745,298.8550832276915
14080.0,control,0.0,0.0,93.68512503486713,-0.06427323010458418,51.73959110442387,25.986871430967906,-5.713096516136643,-1174436.7430346068,302.3312445590421
14090.0,control,0.0,0.0,96.14132028145701,-0.10698113526682473,51.393995183382316,26.53942187781634,-5.686152695366291,-1173828.6002352852,301.1183842974037
14100.0,control,0.0,0.0,97.7259203184515,-0.1344344874377965,51.35419249486995,26.688005479550814,-4.109166630996681,-1174242.4297527205,298.2018934861415
14110.0,control,0.0,0.0,97.44816543171436,-0.12962919474073142,51.059670822744515,26.1198309436687,-5.104478226959852,-1174186.5318790823,301.71717587529866
14120.0,control,0.0,0.0,101.0007384695473,-0.19082164728354162,51.75196902252086,26.58907460578583,-4.475080026829146,-1173837.0397752281,303.3884937511119
14130.0,control,0.0,0.0,97.48669441884053,-0.13029594922975746,51.89729560284416,26.612329902422548,-6.076295282051414,-1173556.564441219,299.15814406696217
14140.0,control,0.0,0.0,105.80496203817997,-0.27236357785398135,52.226077861503036,26.571277444366313,-5.4104774403352796,-1175330.819920186,301.1211374578976
14150.0,control,0.0,0.0,99.0362079452299,-0.1570586012948364,52.14818073481793,26.6899288609959,-6.303456498943499,-1173117.2019469347,299.2451364713985
14160.0,control,0.0,0.0,95.67729482405555,-0.0989254212571207,51.61326220822816,26.11791541300321,-5.075272002360887,-1174104.582849497,301.3247084552222
14170.0,control,0.0,0.0,94.5904572285903,-0.08003290692316029,51.08045873584778,26.61191485987534,-4.817701665654621,-1173550.9048166014,301.1207205481257
14180.0,control,0.0,0.0,99.81930786287097,-0.17054155794323286,51.58430741478371,26.530420494032875,-5.650880467607082,-1174184.370586438,300.7899091382425
14190.0,control,0.0,0.0,97.88961795856339,-0.1372650626684848,51.40958737472243,26.532040425505073,-4.843190636292325,-1174111.8327876888,303.0702104657968
14200.0,control,0.0,0.0,102.18129758923328,-0.2110057384300847,51.48200268103008,26.73473923708607,-4.495912986553079,-1173985.0800436642,301.161142614028
14210.0,control,0.0,0.0,93.43984336379394,-0.06000053304371724,50.84931024511733,26.348307406770136,-4.746009174834905,-1172568.4154489916,300.6749784666853
14220.0,control,0.0,0.0,99.51417051013576,-0.1652915309956548,51.97849277780654,26.63663074258224,-3.897137128605193,-1174680.2155273333,300.8471396335239
14230.0,control,0.0,0.0,90.0022621334968,-3.948167762857224e-05,51.111340212656714,26.653248777347162,-2.6168538339413097,-1172600.80558669,300.29236069756024
14240.0,control,0.0,0.0,88.86143391259391,0.019870419159691524,51.644779578489384,26.535129147296978,-3.468412182025274,-1173067.8050814923,300.63953130622696
14250.0,control,0.0,0.0,98.11692311748679,-0.1411936432535102,51.45295492300347,26.544205698428716,-3.688947295731225,-1174963.612694122,301.27465104401745
14260.0,control,0.0,0.0,90.28456972289527,-0.0049666581964498205,51.22176292922806,26.398439764828016,-4.389621002582744,-1174478.4881740138,300.39526980198895
14270.0,control,0.0,0.0,94.61424125083089,-0.08044667793415196,52.462684125096104,26.366211960570723,-4.826717971201072,-1172619.8565155305,300.43134098876334
14280.0,control,0.0,0.0,93.0656346375826,-0.05347989225916427,51.427973279746624,26.7381101094717,-2.7213001627511666,-1173374.8792133331,299.7921463443659
14290.0,control,0.0,0.0,97.12470768584387,-0.12402938900128786,51.02673281905365,26.025276298299282,-4.673938665322551,-1173989.2068207934,301.55351164401964
14300.0,control,0.0,0.0,99.06237409133895,-0.15750960251073554,51.35485337294105,26.946986104591463,-4.279505600033254,-1171981.259893449,299.5605642775404
14310.0,control,0.0,0.0,93.42901325793322,-0.05981185151798678,52.52553732612711,26.092508331689974,-4.185616200216093,-1174070.4774129726,302.4076463011543
14320.0,control,0.0,0.0,95.99584757991371,-0.10445638660765402,51.45242284265743,26.34593124403518,-5.851018201418432,-1173487.3558201678,301.0419609668426
14330.0,control,0.0,0.0,95.72912050334665,-0.09982547255717023,51.7548855841122,26.22476560753309,-5.317569540395026,-1173933.5721894912,302.8212177301342
14340.0,control,0.0,0.0,96.98299906821464,-0.12157482753151884,51.495820298549155,26.346832624546007,-5.762323607644428,-1172606.2531401627,300.9903868336533
14350.0,control,0.0,0.0,101.34206315172679,-0.19666600030136222,51.860714541246644,26.626888474352274,-4.285570145764453,-1174022.1750700902,300.46564320641545
14360.0,control,0.0,0.0,99.95077849498227,-0.17280208768317923,50.863190307768775,26.67883914817119,-4.496813892473883,-1174313.1777248178,299.74775763223414
14370.0,control,0.0,0.0,99.99460701187932,-0.17355548147492733,51.32014040035831,26.508868948261856,-7.61166060121192,-1172869.9741340857,301.5722857789857
14380.0,control,0.0,0.0,99.64913243265966,-0.16761419929923324,51.647083096793274,26.67965402203303,-6.464618039561046,-1175867.5403708573,300.8087289841433
14390.0,control,0.0,0.0,95.30581897167889,-0.09247171298431639,51.379233875088886,26.24231409528158,-6.794411468836314,-1172140.4382167459,301.53714931885935
14400.0,control,0.0,0.0,101.95159576444331,-0.2070852646365639,51.79882402709542,26.405270495612392,-4.736990822599408,-1173996.400851611,300.1284488745142
14410.0,control,0.0,0.0,95.66592760990417,-0.09872799715652819,51.83815641655722,26.543349925198847,-4.786120182166883,-1173230.888660401,301.78931716537437
14420.0,control,0.0,0.0,100.62721724857559,-0.18441825421010305,51.42640220008184,27.055228205155007,-4.016307402351641,-1173720.5674965102,299.93565483365535
14430.0,control,0.0,0.0,103.0651418799072,-0.22605870929507896,53.20320537805006,26.969841932576855,-4.3698398135016205,-1173109.8173986245,302.31429190202954
14440.0,control,0.0,0.0,99.83631998041426,-0.1708341181882977,52.48968353341639,26.37443460337918,-3.454562482009573,-1173787.7085862365,300.9809527667213
14450.0,control,0.0,0.0,96.87279231946276,-0.11966540097474122,52.71579455954284,26.198837153641136,-6.446240161025708,-1173096.4169367775,303.2365268098291
14460.0,control,0.0,0.0,102.65927719572566,-0.21915279061695114,52.671237129263126,26.748411045886275,-5.1966926176031585,-1174612.2313375473,300.15372472274765
14470.0,control,0.0,0.0,103.51279175880286,-0.2336624476995473,52.50136791126016,26.639370324499012,-5.330122197265119,-1172782.0888545401,301.03085510237275
14480.0,control,0.0,0.0,97.21338628207376,-0.1255650225589476,51.616956891717074,26.249152913961638,-4.22203269811029,-1174989.522489896,300.9374649546997
14490.0,control,0.0,0.0,98.2746235852181,-0.14391792391526098,52.04032758956329,26.38716306864021,-5.288572915083796,-1173777.5790918432,301.6583707683394
14500.0,control,0.0,0.0,101.18266142487765,-0.19393749036733365,52.00379784720729,26.734755031666218,-4.949916200689261,-1173698.647134941,298.0804716757878
14510.0,control,0.0,0.0,105.47721701981867,-0.2668551788579297,51.373130797292525,26.805627560772066,-3.341295607802392,-1173621.3847330138,299.3562602655385
14520.0,control,0.0,0.0,95.26887864633814,-0.09182972597392719,52.285538365921944,26.383758093266703,-5.322154584615327,-1174256.8177687414,300.36575757870173
14530.0,control,0.0,0.0,95.91708636027798,-0.10308916576606242,52.26160983539661,26.78675597338379,-4.666690088585991,-1174933.9725495279,299.6116753516257
14540.0,control,0.0,0.0,101.73331391255545,-0.20335661787091022,52.21907376911682,26.64334202788847,-6.220123175444923,-1173575.7349919043,300.9618146478308
14550.0,control,0.0,0.0,101.92767576776812,-0.20667681371770896,52.41474724430985,25.89394611874602,-5.5379729663157065,-1174921.765008131,301.9691631276841
14560.0,control,0.0,0.0,95.24908927463636,-0.09148579017699814,52.70298330371768,26.130335092299863,-6.695649908188667,-1174129.2544275858,301.71590951472166
14570.0,control,0.0,0.0,101.9791181678537,-0.20755518454639507,52.46718411616209,26.584056598584343,-5.8785129620359635,-1173968.4074144606,300.7822716699518
14580.0,control,0.0,0.0,101.09502110159913,-0.19243669326217125,52.627834463078045,25.98609100238641,-5.4762242591159955,-1174477.0705330875,300.3044405996309
14590.0,control,0.0,0.0,98.79466088657509,-0.1528937474510966,52.799640408147326,26.598294457502334,-6.132660634003592,-1173367.0185122564,302.5793653353773
14600.0,control,0.0,0.0,98.49281636387292,-0.1476854090357065,53.4422537767517,26.629980209946083,-6.53890345680022,-1174114.4359331913,302.7172858344891
14610.0,control,0.0,0.0,98.46439741452052,-0.14719482564304442,52.100887554409546,26.36389762705036,-4.068692818440578,-1173431.165031217,300.4259117101704
14620.0,control,0.0,0.0,98.45309682201116,-0.14699973858645685,51.604464920711344,26.248666360380664,-5.549934506557292,-1174448.312410185,299.62159094944445
14630.0,control,0.0,0.0,104.02703076444887,-0.24237963074042046,52.03574898624263,26.130396815033652,-4.956613549460425,-1173508.0922145396,301.1018326672852
14640.0,control,0.0,0.0,96.65168558110784,-0.11583320885290553,52.114254333080865,26.222912481680304,-5.162307153042597,-1171480.9739075825,300.01347408622803
14650.0,control,0.0,0.0,94.04789433792011,-0.07059032692132164,51.70553536339765,26.09348988338486,-4.721741575769665,-1174482.5465277787,300.7864848160429
14660.0,control,0.0,0.0,101.30207243346501,-0.1959816137187562,51.318117715801655,26.19652386878542,-4.8841142945232185,-1174548.344875643,300.2469319467991
14670.0,control,0.0,0.0,103.18759650421788,-0.22814010260910977,51.808748672097686,26.612262842560913,-4.657113595493819,-1176517.2463737838,299.1492666417169
14680.0,control,0.0,0.0,103.36839825752816,-0.23121132940124822,52.61497753894934,26.30792080911053,-4.756734536971987,-1174559.6718289815,300.5892014473757
14690.0,control,0.0,0.0,100.09744623192407,-0.17532284497556233,52.15514893226175,26.26400031158964,-4.726409393082572,-1173688.0469447058,301.2175409631889
14700.0,control,0.0,0.0,93.04953353375537,-0.05319927503254821,51.87145162154757,26.533905258209863,-7.059207714230636,-1173869.5474266745,300.8255619914715
14710.0,control,0.0,0.0,102.0352930657889,-0.20851417089136862,51.46919013499467,26.525852192064747,-4.94625694317563,-1174463.9800860956,302.7875004060168
14720.0,control,0.0,0.0,97.2322692328736,-0.1258919769830989,51.59047260505114,26.020913971924163,-3.275969227125948,-1174561.5343244877,299.4123900082942
14730.0,control,0.0,0.0,100.85262501066069,-0.1882834463251765,52.586535028680885,26.314811353944147,-6.39828623529513,-1172887.2826667763,300.7594297253221
14740.0,control,0.0,0.0,100.17381317183269,-0.1766348988073742,51.7900382003252,27.158141196134423,-5.700638212935815,-1174129.1090044845,298.00902474749023
14750.0,control,0.0,0.0,99.54577078982527,-0.16583544833623717,51.6946119909897,26.335171521493816,-4.8549121058452345,-1173443.578298198,299.4982584937749
14760.0,control,0.0,0.0,98.07434399464236,-0.14045790328421942,52.17878456287641,26.224918995926352,-5.111321827814495,-1173999.2473703586,302.1201417976151
14770.0,control,0.0,0.0,95.56440767144106,-0.09696464240378572,51.944144849915695,26.463772409242264,-5.748488728840007,-1175468.5057174861,299.1724695657975
14780.0,control,0.0,0.0,99.77051927254693,-0.16970244905527782,52.27265293325178,26.234874669546524,-6.1996007010093415,-1175776.8487622142,298.8798712491129
14790.0,control,0.0,0.0,95.42422622659987,-0.09452925578993393,52.686411665070146,26.102657767994817,-4.966872583000956,-1173603.6690833531,300.59185899931845
14800.0,control,0.0,0.0,101.49510894105588,-0.19928428233764367,53.3162698312938,26.26630834067843,-5.768379732519985,-1174246.6102537494,300.1023958314068
14810.0,control,0.0,0.0,97.04751339997514,-0.12269238545802794,53.229122772069445,26.657776557051605,-4.824258442232777,-1174033.3623463642,299.83229822910556
14820.0,control,0.0,0.0,99.68856489411985,-0.1682926492679119,52.93957771933073,26.30871107163309,-4.630813532663814,-1173837.7094868198,300.0848234198415
14830.0,control,0.0,0.0,96.32133394527851,-0.11010440243944443,52.271033909997435,26.41659548583461,-6.00378748723469,-1173655.0133532658,299.6229823626874
14840.0,control,0.0,0.0,95.52185631850251,-0.09622545406983342,52.775305610909776,26.447433515034458,-5.428827113561759,-1174305.4983363952,298.45574792496654
14850.0,control,0.0,0.0,98.24485921124943,-0.1434038262396286,52.5067563389699,26.75988965680533,-4.475977329701899,-1172231.35440946,300.75877273863017
14860.0,control,0.0,0.0,101.79662010169672,-0.20443830775245297,52.55176291222355,26.175550295081965,-4.312499247440584,-1174711.8099452127,300.8344391650031
14870.0,control,0.0,0.0,97.6228109544979,-0.13265100870247143,52.69179482409128,26.557147268529054,-5.021930122851984,-1172369.3080751598,299.4833301341867
14880.0,control,0.0,0.0,100.99020952370608,-0.1906412560192725,52.45443400907534,26.734149821292014,-3.924164599821773,-1171731.9228646737,298.9645895781907
14890.0,control,0.0,0.0,97.8548817874849,-0.136664515573387,52.42594741043257,26.406437498785532,-6.55834168359989,-1173474.6722641755,300.74513551499746
14900.0,control,0.0,0.0,102.01995064533658,-0.20825227355298578,53.0198457431476,26.00912626484081,-4.3829604441646115,-1172017.240175506,300.9618516333756
14910.0,control,0.0,0.0,97.63829870000079,-0.13291892720495313,53.068255319998826,26.50353042138782,-5.153144910232653,-1174916.188267868,299.4089160808478
14920.0,control,0.0,0.0,102.14241771735212,-0.21034238651177906,53.63663451242017,26.700218461573122,-6.10065437990289,-1172117.8875213135,300.2588337108041
14930.0,control,0.0,0.0,95.03510315288345,-0.08776606057021125,53.170975803588426,26.451188909058477,-4.009879118327355,-1174329.9945583101,301.05578087120364
14940.0,control,0.0,0.0,94.8450194070784,-0.08446079861211435,52.7549546555935,26.247697502467027,-4.496034109498776,-1174216.8947515804,300.8277529064425
14950.0,control,0.0,0.0,97.78708375475118,-0.13549222370477032,53.816769214394554,26.310541489520833,-5.8675476635220765,-1174015.0761500783,299.2228252037656
14960.0,control,0.0,0.0,95.17327545079878,-0.09016805862663044,53.306731700657515,26.644782807461876,-4.632699620905127,-1173006.123856498,299.0786431022357
14970.0,control,0.0,0.0,102.88017647498104,-0.2229128491424782,53.82034612573465,26.320675916573645,-5.412653371271766,-1174042.1376195997,301.85810519628467
14980.0,control,0.0,0.0,101.00965109638763,-0.19097434129738308,52.703462014101156,26.636861374114805,-3.0844576459595814,-1174394.307882147,301.7653500875864
14990.0,control,0.0,0.0,100.85071470741234,-0.18825070145336342,53.11844725268462,27.373910656123478,-4.205304327238818,-1171541.584723698,299.2007773689595
15000.0,control,0.0,0.0,98.32632554492533,-0.14481084062491859,53.084662856863844,26.334108353737363,-5.685877104155368,-1172669.0689213872,301.7592147058322
15010.0,control,0.0,0.0,94.27876594336068,-0.07460916068515033,52.864379247204404,26.224740659725224,-4.376023464294781,-1174944.4704964813,300.27722783104934
15020.0,control,0.0,0.0,94.49269991604116,-0.07833207735465708,53.18318407953328,26.279463171508194,-5.007224408643682,-1174145.8526059873,300.78076664760545
15030.0,control,0.0,0.0,93.30271656967238,-0.05761136136040028,54.53397382458481,26.48027894931034,-4.874566778162469,-1171231.4634389281,300.67592926870833
15040.0,control,0.0,0.0,102.05067038483368,-0.2087766489514409,54.281147426252204,26.299016058478404,-5.296200392758671,-1174855.4497798122,299.8710990709466
15050.0,control,0.0,0.0,100.90165083930123,-0.18912373567656898,53.15092135549726,26.651342340308275,-3.1062023127954195,-1173431.441211637,297.9643322875903
15060.0,control,0.0,0.0,105.32605472515152,-0.2643116462210683,53.28986004439173,26.20161859929942,-6.33268579165786,-1174981.8606323376,299.9075683731292
15070.0,control,0.0,0.0,100.58361506552538,-0.1836702520367212,53.25692630543543,26.387070629830493,-4.805132202841158,-1174376.8141432274,300.4698735215302
15080.0,control,0.0,0.0,102.94178752644915,-0.22396097907859855,53.81723559083189,26.630683376810808,-5.8230236379975935,-1175831.520615084,300.8062195790229
15090.0,control,0.0,0.0,102.07663301435811,-0.2092197753277711,53.28937174974098,26.10591966274502,-4.8689279253437245,-1174645.2734733783,298.6585381410962
15100.0,control,0.0,0.0,103.11578520408705,-0.22691963289669653,53.40902738532403,26.816828618403964,-3.658530103243609,-1174242.006671058,299.4356161594638
15110.0,control,0.0,0.0,98.0308047853451,-0.13970549342572894,53.12996304738862,26.603447512954087,-5.297255966117071,-1174138.7912288662,301.19536211592725
15120.0,control,0.0,0.0,101.9846588865248,-0.20764978147123248,53.75388628337,26.652324044722615,-6.06044712527304,-1172633.686173752,301.4465410573254
15130.0,control,0.0,0.0,96.51251936805616,-0.1134203106801496,52.82735387034743,26.435368333602284,-5.416350743720692,-1174682.8104694374,301.11086975505816
15140.0,control,0.0,0.0,101.18495124554714,-0.19397669634417983,54.46708814783108,26.410300335587905,-4.990821503265268,-1172752.2083209436,300.2447404373105
15150.0,control,0.0,0.0,103.24557541689741,-0.22912522244388853,53.286568277209305,26.767407208972596,-5.807029221934911,-1174215.430279987,300.5635795635712
15160.0,control,0.0,0.0,98.07830433296354,-0.14052633867182798,53.64320228262159,26.486344341954684,-4.530362126231755,-1173592.3038061075,299.3124155813767
15170.0,control,0.0,0.0,98.31124834283122,-0.14455046253208934,53.243889642416256,26.683354700901386,-3.2583168374612796,-1174404.873119032,300.1030860421289
15180.0,control,0.0,0.0,100.4980031765712,-0.182201257823687,53.15214851549424,26.998241927463148,-2.638840754147724,-1173701.0009834599,299.3205306487543
15190.0,control,0.0,0.0,99.30693520667486,-0.16172327109712398,52.72748831723514,26.927008905490627,-4.353106476343438,-1173510.7808387242,301.37721375784196
15200.0,control,0.0,0.0,102.31959491997479,-0.21336451936179918,52.3999801138203,27.10633471220845,-5.4947460236748,-1172702.276402818,300.3159478111473
15210.0,control,0.0,0.0,101.33943778586075,-0.19662107368120593,51.88943315635287,26.792913282966822,-4.408715914143894,-1174709.3806181792,299.99395735554907
15220.0,control,0.0,0.0,98.72526862574922,-0.15169675180551898,52.73772976008249,26.843097799443203,-5.002165577204677,-1173712.5633797087,300.2724975886661
15230.0,control,0.0,0.0,103.33459963383882,-0.23063737606089052,51.816501980489,26.584051115585094,-5.6955048542896805,-1173599.0733425338,300.9582322897697
15240.0,control,0.0,0.0,104.87565194484446,-0.25672210483135954,52.854241446729816,26.84503352323316,-5.230555510714836,-1174233.760698326,299.73573299636735
15250.0,control,0.0,0.0,104.5618600594446,-0.2514251298608677,52.49875875683188,26.7976807894146,-4.705356926796675,-1173371.1280292794,298.90280607352537
15260.0,control,0.0,0.0,98.82755011686281,-0.15346099856057696,53.53238542600493,26.605355384978353,-4.578209893978144,-1174294.764380619,300.96127124123325
15270.0,control,0.0,0.0,105.65871145949089,-0.2699066399100822,52.59552628028451,26.44496332843815,-5.750288918590164,-1175598.5147614796,299.4960364748268
15280.0,control,0.0,0.0,100.70997085699756,-0.18583761106153143,53.52574957337999,26.686484453772945,-4.865918827362971,-1175556.1089247242,299.5737186520132
15290.0,control,0.0,0.0,102.58065986483808,-0.2178138092126922,53.67347452812374,26.829445895735212,-5.2204422850149825,-1173577.4494307507,301.05286159431137
15300.0,control,0.0,0.0,104.71911050539298,-0.25408055415004205,53.80675540403626,26.624487526620772,-4.415705598336002,-1174282.6329368688,300.672872141663
15310.0,control,0.0,0.0,96.47850554378209,-0.11283046829091264,53.62441788939655,26.609292338955346,-4.377727420294044,-1173332.4643207174,300.2697569232244
15320.0,control,0.0,0.0,100.25018013993184,-0.17794663933128319,53.43539996012665,27.030504855261658,-3.3600330404910794,-1173176.8073527198,300.44779063204993
15330.0,control,0.0,0.0,99.73268806219723,-0.16905171004993022,53.845908260315454,26.760545951197763,-6.380495875369319,-1174444.1425636373,300.6757747540666
15340.0,control,0.0,0.0,99.01346230447312,-0.15666652949149606,54.47295007961553,26.496488371791504,-4.607455910946325,-1171735.4742028154,301.1067748039512
15350.0,control,0.0,0.0,103.93173100049277,-0.24076559852561144,54.58965390646498,26.690155614480055,-5.844930464728134,-1173261.7236459032,300.91302162579063
15360.0,control,0.0,0.0,94.17169790902663,-0.07274555009326021,54.823469687892484,26.18420263730479,-4.4607631295696155,-1175988.2213910595,300.4128960341558
15370.0,control,0.0,0.0,100.76334807899073,-0.1867529103776956,53.61349086890992,26.55934012874538,-5.165298990800486,-1173262.4107266683,302.3575987317759
15380.0,control,0.0,0.0,99.40680847546457,-0.16344319576785923,54.20967242590242,26.545238597310092,-4.225441163422005,-1174199.584552642,300.848895047836
15390.0,control,0.0,0.0,95.9038776151056,-0.1028598552042637,54.69991317132755,26.677470223863587,-4.934928539351785,-1173902.2778998408,300.58285445240136
15400.0,control,0.0,0.0,98.0827391159351,-0.1406029717549413,53.92322148417654,26.86614565311472,-4.932447248746611,-1173105.1004107818,299.0623476217189
15410.0,control,0.0,0.0,101.93639796243781,-0.206825755558199,53.5884140871458,26.665593881462065,-6.014834909885764,-1173217.2255000751,300.51709604473825
15420.0,control,0.0,0.0,97.99238495940243,-0.13904148564710325,54.385006447487946,26.28358040905039,-4.945463488938006,-1173071.043941617,300.97332378130045
15430.0,control,0.0,0.0,99.93469577611626,-0.17252560711984122,53.28235041590364,26.951426366702414,-4.45099325137442,-1174968.4771968797,300.4499541167879
15440.0,control,0.0,0.0,98.12139392361189,-0.14127089140306662,52.86113875215865,26.778525282171785,-4.6350050243282634,-1172592.8327980023,300.71850314167403
15450.0,control,0.0,0.0,98.2038539372773,-0.1426955095869312,53.077607908450524,26.57625265782941,-3.9023041818565503,-1172653.0811270215,300.00739146726374
15460.0,control,0.0,0.0,99.23331050384832,-0.16045505991514097,53.498953534506605,26.655169633044913,-4.179176661348754,-1174614.1211820077,299.6935373810132
15470.0,control,0.0,0.0,96.83775568330906,-0.11905826808127006,53.34379915139525,26.513763586592837,-3.945527338988695,-1172706.0303750597,300.3202725860471
15480.0,control,0.0,0.0,98.39295516582874,-0.1459613909331435,53.920233421981294,26.885356216236698,-4.108402205869346,-1174316.7781817652,301.40574798595134
15490.0,control,0.0,0.0,94.95543781489611,-0.08638091921295582,54.004881986901054,26.500629180969025,-5.816674258860884,-1173151.5138294864,301.8287342202409
15500.0,control,0.0,0.0,100.10925021403094,-0.17552566858686125,53.78634026644312,26.26835549967765,-3.4497662796341526,-1174249.9518712796,298.7294216832975
15510.0,control,0.0,0.0,101.54473304668859,-0.20013293896092946,53.63628707231783,26.58203699791283,-6.561799009888933,-1173841.4510010611,298.5208700228593
15520.0,control,0.0,0.0,97.45365238656956,-0.12972415155738773,53.569870872053954,26.567077512843607,-4.675880354483777,-1175512.7130350973,301.9032464417581
15530.0,control,0.0,0.0,92.19070431877049,-0.03822568792396148,54.05247091644046,26.247203930945222,-3.5571185009088477,-1172655.1665589157,299.3227913732905
15540.0,control,0.0,0.0,96.66979120679854,-0.11614707872938529,54.26096269766189,26.52506477813855,-5.177758827312639,-1174378.68005348,301.36193667942194
15550.0,control,0.0,0.0,103.85620105183538,-0.23948592187648865,53.50597817988487,26.332948455987985,-5.5004133855690185,-1174141.434608817,300.2346092328167
15560.0,control,0.0,0.0,101.16970040650503,-0.1937155678567789,53.3240721801924,26.89591471381167,-4.148383360759041,-1174653.2912087906,302.0871317554912
15570.0,control,0.0,0.0,100.86169692969159,-0.18843894695938126,54.1526708549884,26.92249887183148,-4.940712555386767,-1173075.6890069675,300.4850654519809
15580.0,control,0.0,0.0,94.99690457668102,-0.08710192287451889,54.650705864624086,26.54307721497157,-4.401885196807767,-1173321.2570228167,300.29633063913434
15590.0,control,0.0,0.0,103.5649815209298,-0.2345480185552519,54.157795839594066,26.57702718677791,-5.148801932076475,-1174148.2683099005,301.1493213345869
15600.0,control,0.0,0.0,96.02850751254961,-0.10502327463374396,54.03420526574583,26.528329909823086,-2.8477529594517357,-1172665.9338664524,299.832104118318
15610.0,control,0.0,0.0,93.36197843473005,-0.05864392711840639,53.79948233887506,26.497016230039655,-4.612882914137369,-1174247.8984845653,299.99513819362835
15620.0,control,0.0,0.0,102.9560386139093,-0.2242033823755833,53.88902347595362,26.56733410074528,-4.902894002948399,-1172938.2135638334,299.6290889894568
15630.0,control,0.0,0.0,108.33024005519721,-0.3144935080875646,54.21151672528672,26.96233477129575,-4.538431483181196,-1174532.1173017472,299.9657780947799
15640.0,control,0.0,0.0,99.20077381285914,-0.15989451952721034,53.79367066443766,26.394914075491464,-4.864732103592239,-1174536.7122357227,300.0674965950245
15650.0,control,0.0,0.0,99.1552832118531,-0.15911072346194016,54.14051891961518,26.6843000473127,-5.476769276463848,-1173821.5291843154,298.9794347966489
15660.0,control,0.0,0.0,103.52206636316004,-0.23381983603311174,54.25378542287562,26.9402027880095,-4.1631920541791505,-1171815.4370131362,301.8746527127709
15670.0,control,0.0,0.0,101.04885924286108,-0.19164601305091283,53.7920364459602,26.552235903329297,-4.4870433495327084,-1174374.2173116617,299.287304885563
15680.0,control,0.0,0.0,97.69211393545311,-0.13384978741070294,53.91082466301936,26.990717990131323,-4.795920400450149,-1173674.7836184464,299.82569991023524
15690.0,control,0.0,0.0,99.90526246071046,-0.17201957915256272,54.33080966598455,26.357928430120165,-3.825395779038587,-1175984.7378212698,299.98004968202645
15700.0,control,0.0,0.0,93.54413608711835,-0.06181740458293869,54.6545126600318,26.62843339546758,-4.861971785566682,-1173887.9083099253,300.8971729471074
15710.0,control,0.0,0.0,106.00476309365462,-0.2757172661515256,54.17520011823978,26.527984707599376,-5.819228885297633,-1172618.1393784732,300.4038497260485
15720.0,control,0.0,0.0,101.63789574076806,-0.20172577352491736,53.89376055600988,26.40275504368654,-4.4777719144538795,-1172860.1174948663,302.3531364366932
15730.0,control,0.0,0.0,98.90416103137555,-0.1547821351901307,54.231632279255315,26.81030915833806,-5.431729707379098,-1173126.5236041285,303.12851496544266
15740.0,control,0.0,0.0,99.22755460674773,-0.16035590138695435,55.0374131325804,26.442437323217167,-5.468040257519423,-1173225.1300235372,300.64295337087964
15750.0,control,0.0,0.0,98.92285368946042,-0.155104443635246,54.34562804708926,26.554825354669845,-3.879018129162377,-1173545.3320616428,300.20406498421175
15760.0,control,0.0,0.0,100.05061233452231,-0.1745180415836509,54.81607236916497,26.340715571938862,-4.977656131149816,-1174512.178224923,301.0180923519389
15770.0,control,0.0,0.0,97.16829362819675,-0.12478419739126954,54.443774406545316,26.157607144209777,-4.194505899120135,-1173637.8742794823,299.62446199691277
15780.0,control,0.0,0.0,97.22472098948748,-0.12576128233395842,53.95607922999375,26.900325433578118,-4.740667325053387,-1173906.2629299443,301.1629881374691
15790.0,control,0.0,0.0,102.20074489558922,-0.21133750370488213,53.43016497121679,26.74885391956682,-4.185008668186349,-1174319.2856063265,301.0979654838388
15800.0,control,0.0,0.0,97.11049531687232,-0.12378324788224854,54.64198490325057,26.816068987441326,-4.141774927216401,-1173039.569378227,300.50148081021996
15810.0,control,0.0,0.0,99.52774448601707,-0.165525178162761,54.38571423671733,26.763728039535923,-5.895458541966333,-1173701.5013988316,301.7332646330121
15820.0,control,0.0,0.0,101.144753201595,-0.19328838631100032,54.2237298766094,26.615389408194886,-4.564672231037686,-1172517.3296750989,299.9405237149382
15830.0,control,0.0,0.0,102.38984239616006,-0.2145621757855421,54.04911833661005,26.07061598615422,-4.234134075398597,-1173705.1650419068,297.8729076080685
15840.0,control,0.0,0.0,97.56981133932703,-0.1317341088550169,54.08627764655527,26.22587840617366,-2.8652718008489106,-1174226.8437804766,300.6703877663499
15850.0,control,0.0,0.0,99.80464235544422,-0.1702893406786978,53.436539111272445,26.543199824976547,-4.931826198363914,-1173584.0506546274,300.5127173129747
15860.0,control,0.0,0.0,96.80965788974676,-0.11857134285062379,54.09210111979548,26.389804054041512,-5.5910228170825995,-1173919.2009522263,300.0694267242837
15870.0,control,0.0,0.0,96.02449912528463,-0.10495370171416459,53.08157989796717,26.428387097275632,-4.184996291699871,-1174937.8371927496,300.2726870975894
15880.0,control,0.0,0.0,96.05159437760172,-0.10542397954288074,53.788092513452355,26.60701549410035,-5.45891575917682,-1174918.1564697064,300.1863729459416
15890.0,control,0.0,0.0,94.01936023448606,-0.0700935464841657,53.75395490360174,26.71369876219828,-5.403755344485619,-1174091.3621280584,300.58756504040707
15900.0,control,0.0,0.0,95.15148513199476,-0.0897892884865379,53.125161091228875,27.170138543829555,-4.773746877962951,-1174471.4084224757,301.11842609647164
15910.0,control,0.0,0.0,97.3565968833132,-0.12804434172488202,53.4182945553021,26.335314427237247,-5.7099587362342685,-1175121.9028966185,302.4776080593759
15920.0,control,0.0,0.0,97.79469802009059,-0.13562389101421313,53.041491390287234,26.50084602020053,-5.1990016533509475,-1175181.52627334,300.586450872758
15930.0,control,0.0,0.0,96.6597916258205,-0.1159737325344295,53.31979399815874,26.55318406346846,-5.571897538404089,-1174559.0792650562,300.6140666869457
15940.0,control,0.0,0.0,94.96703340168435,-0.08658254214691447,53.01265982098464,26.1477517601147,-6.004532531165717,-1174835.156346878,301.60899372248724
15950.0,control,0.0,0.0,100.18858803524114,-0.1768887083103951,53.92806410904646,26.706675833856707,-3.622300259809668,-1172156.059889013,299.6587487703453
15960.0,control,0.0,0.0,98.63141744599554,-0.1500774935088771,53.30496022993522,26.592639011210363,-5.2500259795690685,-1173922.8776785005,299.30968589573644
15970.0,control,0.0,0.0,98.60003718705111,-0.14953598518264014,53.29341122593687,26.161758616543356,-5.8945548136657155,-1174375.595557928,299.19460491942624
15980.0,control,0.0,0.0,100.47174065792018,-0.18175054377278932,53.00988696926403,26.661069403369737,-5.458663364059316,-1174262.6705888622,301.1521176271779
15990.0,control,0.0,0.0,101.37028107613894,-0.19714885394632162,52.93553960828834,26.31770160800504,-5.94403804832712,-1172915.2405762933,299.94111277049797
16000.0,control,0.0,0.0,96.81253981206251,-0.11862128690106771,51.89444729283611,26.699302239996133,-4.637569906439479,-1174713.931727713,299.3654130776223
16010.0,control,0.0,0.0,98.43863800308145,-0.14675012135200347,51.367781598865534,26.58123791399475,-4.825038640358832,-1172643.5076058432,301.274842458246
16020.0,control,0.0,0.0,102.15537066293398,-0.2105633949610797,52.53991613858259,26.366527126779054,-5.27797328338367,-1172606.933610415,299.6346286957459
16030.0,control,0.0,0.0,91.80344744931851,-0.03147089867269885,52.5802910519191,26.511999719688955,-4.928067808852758,-1173356.8011872321,300.53111118553755
16040.0,control,0.0,0.0,100.9626000146266,-0.1901681947955431,52.29314331647634,26.54558684268333,-5.824550255157378,-1174903.059067145,300.3669902100245
16050.0,control,0.0,0.0,93.38290873324341,-0.05900859712088803,53.32707495186225,26.351848955670466,-5.168404463685121,-1174167.1972320639,298.29576742867073
16060.0,control,0.0,0.0,96.68443321119622,-0.11640089655592183,52.10598089469965,26.45766272469786,-5.34391261516585,-1173444.9584251922,300.52632673294016
16070.0,control,0.0,0.0,98.70254971301377,-0.15130480895225895,51.57325671155967,26.600568321475773,-5.331946546357714,-1173222.338750368,300.40784984190924
16080.0,control,0.0,0.0,98.94775997455432,-0.15553386498117325,51.30846197648294,26.250086261729695,-5.5900280923110754,-1175124.851670796,301.3480257884258
16090.0,control,0.0,0.0,98.53059673251377,-0.14833753807207598,51.670758717872474,26.58491998443841,-4.051389129595693,-1174707.419139728,300.7263985603637
16100.0,control,0.0,0.0,99.03562514815141,-0.15704855579723714,51.791196282935964,26.733310420615965,-5.750742470617297,-1174424.0329543017,302.1165630407159
16110.0,control,0.0,0.0,97.93139538448997,-0.1379872778387755,51.97796127248331,26.00006898470395,-5.2734359537849675,-1173475.6731742714,299.42034367492425
16120.0,control,0.0,0.0,100.25889187370855,-0.17809625903965784,51.90776866635404,26.872769848698585,-4.597308613536454,-1174847.7543777414,299.1761011629982
16130.0,control,0.0,0.0,101.47318772264852,-0.198909344570319,52.1717979048591,26.704087672753783,-4.730866075327003,-1175097.495787168,299.922790659152
16140.0,control,0.0,0.0,97.06037984737532,-0.12291524761131714,53.423128854362176,26.498864023033953,-5.545333246931129,-1175040.515740579,300.5257652922718
16150.0,control,0.0,0.0,97.52699986308691,-0.13099338272498476,52.73920081682009,26.157940626598478,-5.523024858709892,-1175663.8897329476,298.4359030460091
16160.0,control,0.0,0.0,102.09710682180537,-0.20956918899750004,51.139775833988246,26.241139642342702,-5.400058197428188,-1171422.997763265,301.1036515291838
16170.0,control,0.0,0.0,96.84126604714761,-0.11911909948611485,52.50005498535307,26.4855423308637,-5.662961018830794,-1173098.1231497526,299.79075790123125
16180.0,control,0.0,0.0,95.71687617027479,-0.09961283381165885,52.57022477174527,26.497479199557855,-5.296623292985839,-1172752.0822694004,302.119578860596
16190.0,control,0.0,0.0,100.63350263459127,-0.18452607217904998,52.33937807817727,26.64619771109181,-5.214855870903056,-1173312.8928389437,300.3844301947471
16200.0,control,0.0,0.0,101.79587175065728,-0.20442552240491998,52.776496884468294,26.62772669168033,-3.965466645302463,-1174115.4495031536,298.2364568120081
16210.0,control,0.0,0.0,101.00722030302923,-0.1909326966152789,52.62641835264396,26.422577200608384,-5.279814734243838,-1174762.5150442608,299.8146431825006
16220.0,control,0.0,0.0,104.25721572711129,-0.24627535426891467,51.381290711953206,26.635084364819107,-4.068727971570368,-1176760.8446918912,300.5904902749867
16230.0,control,0.0,0.0,101.95077666814163,-0.20707127858231977,51.951376136913396,26.33241159187909,-4.9790501568938375,-1174916.4593822919,301.50617756074223
16240.0,control,0.0,0.0,99.49688050412666,-0.16499390682901072,52.26814631013096,26.58211940294242,-4.374647168285447,-1174191.279880477,299.76506512692896
16250.0,control,0.0,0.0,105.82448008640526,-0.27269133761606396,51.02129048675809,26.064736735102933,-5.779986076472735,-1173045.2891453076,300.7691519403957
16260.0,control,0.0,0.0,100.95654760101266,-0.19006448685878172,52.218459018366964,26.242612512484605,-5.727456897760749,-1172868.9040302243,301.15285306744425
16270.0,control,0.0,0.0,101.34304348694633,-0.19668277619939617,52.45110411089409,26.26501221498571,-5.896275922177953,-1173366.1402660701,299.882787819854
16280.0,control,0.0,0.0,99.48383977092544,-0.16476941822941166,52.44973524314124,26.607476668428365,-5.616080274548527,-1174615.553825397,298.187846610483
16290.0,control,0.0,0.0,98.96008453028423,-0.15574634776163024,52.86716176624903,26.48823195608377,-5.660671671583708,-1172972.4407749027,302.6034421878805
16300.0,control,0.0,0.0,102.90933814508281,-0.22340898096754064,52.92158705891302,26.495346150326426,-5.1333341211712895,-1175715.7932568528,300.82948849007283
16310.0,control,0.0,0.0,102.87874078730073,-0.22288842208223353,53.06899491136282,26.468724027856634,-5.559561351234517,-1174725.672166055,300.0718077576561
16320.0,control,0.0,0.0,93.21729682876396,-0.05612291834459063,52.832377478124855,26.183179927895633,-4.933109007019883,-1175057.3035136424,301.0317111457385
16330.0,control,0.0,0.0,95.69284055222842,-0.0991954108682199,54.08889214119357,26.544819823200086,-4.256009868228912,-1174469.1891468968,299.29744051382016
16340.0,control,0.0,0.0,91.61660386391382,-0.02821131665536277,53.860339172552244,26.290618715632714,-4.385631848782073,-1173098.3824070897,301.6266939317406
16350.0,control,0.0,0.0,98.91710823211565,-0.15500537925415409,53.79244965171725,26.245215680898685,-4.475851821770506,-1173628.2512764763,301.00477377040005
16360.0,control,0.0,0.0,96.75046922824893,-0.1175455302653714,52.50160428993665,26.252237448059905,-6.101030923794596,-1173671.724039305,300.6345670487176
16370.0,control,0.0,0.0,95.64199444301897,-0.09831231674549917,52.55396592931989,25.918126406869426,-5.405634698222136,-1173957.903890634,301.45253384694627
16380.0,control,0.0,0.0,98.26709823128378,-0.14378794779199766,52.250952804119315,26.170734348770427,-5.566871064436169,-1174188.7140497416,300.6805503164123
16390.0,control,0.0,0.0,93.96570648458521,-0.06915938452937347,52.41581663639393,26.49648693901742,-5.207633371995787,-1173757.955911355,300.9632701700665
16400.0,control,0.0,0.0,96.7767772652957,-0.11800149658227613,52.9866593611657,26.62932214890516,-4.365878944335954,-1172028.5134384483,299.096550618875
16410.0,control,0.0,0.0,93.24768992068049,-0.05665253387261576,52.11602042159577,26.367428861977935,-3.7471282625736944,-1175385.141087344,302.2155238006307
16420.0,control,0.0,0.0,100.78339992513098,-0.18709671260599617,52.07327193806076,26.242618340727653,-6.402910453489294,-1173292.6160445418,299.3836036060181
16430.0,control,0.0,0.0,94.70263789264507,-0.08198439364073885,52.685750437375134,26.378279013797886,-5.093760657166678,-1173103.5435423478,302.4049345713421
16440.0,control,0.0,0.0,96.32429751393526,-0.11015581184210832,52.354085692439654,26.171327943523426,-4.27221687595287,-1174792.702985771,301.12631120323834
16450.0,control,0.0,0.0,98.86303009083096,-0.15407287635437775,52.01076955830407,26.788944142240172,-4.423331357686626,-1173526.6164225806,300.2813184953457
16460.0,control,0.0,0.0,95.91520585074244,-0.10305651949436423,51.92119429241533,26.238267817175597,-5.504263728077648,-1173166.9647440072,298.88467185822867
16470.0,control,0.0,0.0,93.92478778917624,-0.0684469109750192,52.834192865795785,26.466839078143998,-5.712499724900651,-1174052.6351863593,298.95315674755057
16480.0,control,0.0,0.0,96.27520182328281,-0.10930410475217193,52.300056507518576,26.14415948945731,-6.68666310186419,-1174770.5287307259,300.01247590785323
16490.0,control,0.0,0.0,98.53073076774221,-0.14833985154693313,52.61698998454203,26.716464510202492,-5.92628487076218,-1173587.8379572202,299.65879014325543
16500.0,control,0.0,0.0,99.89773766923724,-0.17189020298486757,52.35158578077889,26.930262993865377,-5.094894070794054,-1174643.3205473851,299.73778608370634
16510.0,control,0.0,0.0,101.74564204203998,-0.20356728365247256,52.11836835481639,26.314347582514696,-5.8031137871944125,-1174711.51651684,301.72151058098314
16520.0,control,0.0,0.0,104.65594931976482,-0.2530142057664857,52.30144123951143,26.886104765087605,-4.215840260712977,-1174406.1963774022,301.06416200095913
16530.0,control,0.0,0.0,98.58807172869793,-0.14932949337845627,52.09656763597411,26.30760706831798,-4.256794550481313,-1174749.7085083053,299.1744586598667
16540.0,control,0.0,0.0,95.37991890467153,-0.093759381762882,52.587667089591164,26.420454463015275,-5.68286454640682,-1174655.1682933178,302.22686330047117
16550.0,control,0.0,0.0,103.61477555322743,-0.235392756578864,51.056581168078736,26.41479829078405,-5.709687317259268,-1174054.2852831408,300.6144021255199
16560.0,control,0.0,0.0,97.94507211165889,-0.13822369438393617,51.84685433764525,26.633350670884333,-4.669144438877053,-1174033.4964234196,298.9925306294371
16570.0,control,0.0,0.0,97.9897593320607,-0.13899610478577923,52.64519862412144,26.512521907226436,-3.49394647401191,-1173111.518301485,300.9062658088593
16580.0,control,0.0,0.0,105.19489017591091,-0.2621031142866243,52.38542558292137,26.291299404964683,-6.335995378881044,-1172402.739748763,299.82405520049537
16590.0,control,0.0,0.0,96.07230393243866,-0.105783408338552,52.93721211551648,25.82134355038308,-5.434545986547159,-1173521.499876285,301.2253011806094
16600.0,control,0.0,0.0,93.82146365278935,-0.06664768355664093,51.77336408049262,26.532002329811615,-5.070099937866335,-1173728.1040622946,297.33678343985235
16610.0,control,0.0,0.0,98.49840434316224,-0.14778186750907815,52.46528250698425,26.52743075907931,-4.808890418738745,-1173264.610666858,301.5735015055919
16620.0,control,0.0,0.0,98.37572764308875,-0.14566392751015744,52.043460005914234,26.286649858776595,-6.451328411894892,-1174134.154633496,299.7315625728232
16630.0,control,0.0,0.0,96.21899698561307,-0.10832897040451853,52.78822688631087,26.23547965627732,-4.0790505810040045,-1174546.8257674333,299.8716946168449
16640.0,control,0.0,0.0,95.73190988630121,-0.0998739131775093,51.99149906748211,26.862714227001625,-5.361480050768695,-1174486.9077605847,299.0909243520294
16650.0,control,0.0,0.0,100.18439276240086,-0.17681664114953896,53.06899188867246,26.16232063594271,-6.327890435368013,-1173014.0172377937,298.4640392120831
16660.0,control,0.0,0.0,91.2970921491603,-0.02263659503525664,53.4889847789273,26.29555510072826,-5.760976408064828,-1174953.6294989567,300.12983441137277
16670.0,control,0.0,0.0,98.25542257129327,-0.14358628366081333,53.63179285963448,26.539706977303343,-6.337714765937681,-1174255.1395125631,301.74111956942966
16680.0,control,0.0,0.0,99.54611127835534,-0.16584130869401123,53.349755953550776,26.69553610587017,-4.146070541806596,-1173852.1050067395,300.4140576754725
16690.0,control,0.0,0.0,99.1547311809515,-0.15910121143737793,54.41801273466159,26.817091662430382,-5.2062567098572465,-1173421.5426346567,299.22687478015274
16700.0,control,0.0,0.0,96.85064435454026,-0.11928161480919126,53.83643967941169,26.270653714871283,-5.8182617771049605,-1174093.46734095,301.2666941869903
16710.0,control,0.0,0.0,104.5390379826801,-0.25103958488895217,53.84823236794715,26.813247091172506,-5.97850383144363,-1174503.0835896134,301.97209141066537
16720.0,control,0.0,0.0,98.24618128810133,-0.14342666230241813,53.31416304342862,26.49720648184834,-5.0747000743479935,-1174355.299602447,299.38192586813955
16730.0,control,0.0,0.0,94.74297799837689,-0.08268607076408396,53.31194109042748,26.77339066624835,-6.178808159400318,-1174037.1940060854,301.628498656453
16740.0,control,0.0,0.0,97.894722743092,-0.13735331407647175,52.90777957626106,26.93456304798132,-5.164772708421058,-1173423.3601670265,300.6744047930818
16750.0,control,0.0,0.0,95.71202406154376,-0.09952856938300211,53.21330402203322,26.461427822734855,-6.201783795964477,-1173153.3025347274,300.5428916618089
16760.0,control,0.0,0.0,98.95687169397642,-0.1556909572183034,52.878374288055056,26.603404883130672,-5.607570537848913,-1174452.88947412,299.74822602219746
16770.0,control,0.0,0.0,99.34052256701025,-0.16230173651959387,53.75879900096758,26.504683329928284,-6.223748204688766,-1173430.665610928,300.96656415889
16780.0,control,0.0,0.0,98.49600622004465,-0.1477404718057209,54.06498371278288,26.45364536219566,-5.911592965850822,-1174923.3262788747,300.4626608117885
16790.0,control,0.0,0.0,97.62734355373051,-0.13272941796803098,53.4048454306378,26.767816794372173,-4.858389106748106,-1174263.9901607893,301.5471457954111
16800.0,control,0.0,0.0,99.83040853689123,-0.17073245980645482,53.29779218094967,26.421702032888284,-5.753495675354513,-1175607.7520855218,300.81216206347705
16810.0,control,0.0,0.0,99.20298717217246,-0.1599326528007011,53.50327435564738,26.33532304975596,-5.0478882804508345,-1173953.4262850452,301.47893085288024
16820.0,control,0.0,0.0,92.10680720087925,-0.03676243672360721,53.20206456768728,26.606139209566784,-5.410871056773446,-1173979.5016020704,299.3477573716278
16830.0,control,0.0,0.0,97.71291173419604,-0.13420950233166423,53.89070826868662,26.558199548144906,-4.957051464482518,-1176102.101026021,302.5562204392063
16840.0,control,0.0,0.0,99.63268690888512,-0.16733122454997484,53.10525479441454,26.800217378460587,-6.099027925658982,-1174551.7659745514,301.17283991546196
16850.0,control,0.0,0.0,102.09420318194262,-0.20951963601896917,52.70410915046238,26.299172532565006,-5.804226664213932,-1174099.3266469352,300.17505133420633
16860.0,control,0.0,0.0,96.48224771828036,-0.11289536424244909,53.31485099625421,27.019894843294523,-4.769032172031057,-1172871.512873033,298.98637750400303
16870.0,control,0.0,0.0,91.46271107868505,-0.02552635137644882,53.3292497881611,26.791867095475023,-4.995453656969094,-1173347.749942366,297.33193620623683
16880.0,control,0.0,0.0,97.40118836786795,-0.12881616473402396,53.48612343675785,26.781826421804983,-5.6210484945476615,-1173255.3412587661,300.3120927156624
16890.0,control,0.0,0.0,94.23747555583431,-0.07389049672861053,53.38382801821079,26.612343793828998,-6.412227162662422,-1173696.4312603772,300.43227447441757
16900.0,control,0.0,0.0,94.73091867535787,-0.08247631478292025,53.76787642037352,26.467270170937425,-6.622398764681757,-1173616.7376504876,300.1260553271464
16910.0,control,0.0,0.0,92.16012999089452,-0.03769244982692177,53.54653043102504,26.039171622907066,-4.934295234355989,-1173964.2004496418,299.9357988823106
16920.0,control,0.0,0.0,96.574813581685,-0.11450046671453666,52.866356389728836,26.403389872616543,-5.721628140999421,-1174975.959450515,300.32682076534957
16930.0,control,0.0,0.0,95.02787159841529,-0.0876403324831208,53.13995152257563,26.492658206683522,-5.919882669296116,-1173618.9331878908,300.88896436540875
16940.0,control,0.0,0.0,96.38593815137499,-0.11122503280617102,53.02192535822337,26.62922856507021,-5.603202623917289,-1173733.1877213567,299.0996559890294
16950.0,control,0.0,0.0,100.44422937674054,-0.1812783576649727,52.87637294165763,26.175850922754243,-5.899048059787858,-1173252.635489313,300.13777722932764
16960.0,control,0.0,0.0,94.96042007499108,-0.08646755070032358,52.38111173747883,26.63224325513409,-6.729317551399767,-1176016.889289489,299.9216059029434
16970.0,control,0.0,0.0,92.97596334744797,-0.051917007857420025,52.86214156901888,25.943991872102885,-5.6741433810913975,-1176177.800510073,301.51513899925817
16980.0,control,0.0,0.0,96.0748154856948,-0.10582699716162361,53.607975262402086,26.710449637579917,-5.328496084467466,-1174088.678095229,298.43432357060993
16990.0,control,0.0,0.0,99.18524141301987,-0.15962690997200032,53.617895434696244,26.691463611696875,-6.440198096407579,-1173479.2785489056,297.96689856822746
17000.0,control,0.0,0.0,94.57172165268051,-0.07970695409858197,53.06763090959872,26.62848498661216,-5.844348614533384,-1174861.714224184,301.47827348237587
17010.0,control,0.0,0.0,94.5341390374609,-0.0790530836008604,53.0718853409214,26.323790283957106,-5.187566881273197,-1172568.576927865,298.88126319641594
17020.0,control,0.0,0.0,94.50808610290596,-0.07859978901141484,52.809418671466624,26.43682374134984,-6.315993645190085,-1174387.1502939332,301.72931290692054
17030.0,control,0.0,0.0,93.58278367754487,-0.06249062811887345,53.181206749403835,26.871303088502646,-5.9042864328056766,-1175264.228480382,302.27967633531927
17040.0,control,0.0,0.0,99.3673812352465,-0.16276427549488137,53.99392563239904,26.873137738364353,-6.313789360914418,-1175081.8945216965,301.3419754122232
17050.0,control,0.0,0.0,99.16588349820253,-0.1592933737479147,52.93088235166162,26.075974223272,-6.034485803596635,-1173229.5290782377,298.10279693282604
17060.0,control,0.0,0.0,96.11410253235458,-0.1065088101036887,53.858559517586784,26.726949502125873,-6.412121545843945,-1172514.585522823,300.6277696551137
17070.0,control,0.0,0.0,97.09321518303237,-0.12348396651086695,53.849324536528464,26.54595474028976,-5.996974643369484,-1173360.4429629166,300.9935480330136
17080.0,control,0.0,0.0,97.06292279269394,-0.12295929371181916,52.81570438718222,26.800541149583413,-4.899011290029776,-1174731.8197929487,299.45788502884795
17090.0,control,0.0,0.0,100.21421869669545,-0.17732897587039234,53.585404328304385,26.597796700364675,-5.8067180924845285,-1174178.241685152,299.98834658456025
17100.0,control,0.0,0.0,93.74728850429025,-0.06535590595457963,53.99927069126431,26.935446600584985,-5.541701498994415,-1174241.350978773,300.156819345274
17110.0,control,0.0,0.0,99.85355491827522,-0.17113049495378943,53.098994318778786,26.37570664455192,-4.664722069634547,-1173497.3696604725,299.5846899003753
17120.0,control,0.0,0.0,99.45626386421723,-0.16429468701976002,53.63930814911596,26.434367198174865,-4.827978868418263,-1172435.7747003809,300.3499833924178
17130.0,control,0.0,0.0,93.6664935251911,-0.06394871788830161,52.68095706825193,26.50861817256955,-5.557125958169147,-1174628.3563030995,302.4986337393876
17140.0,control,0.0,0.0,93.28764016428237,-0.05734866349662235,53.48946190126138,26.31397292647271,-5.6025693519107795,-1175075.2837089393,299.57093114632846
17150.0,control,0.0,0.0,100.62938940633322,-0.18445551512214003,53.13990029353399,26.76309396356273,-5.268080450784253,-1173929.788896758,300.81985855749514
17160.0,control,0.0,0.0,100.09375891511975,-0.17525948560131635,52.72440922145996,26.404724617859248,-5.715063441484984,-1173355.0609359443,299.7952629818236
17170.0,control,0.0,0.0,98.81496244060328,-0.15324390083142544,53.764731094916876,26.562545019578184,-4.984408405560687,-1175200.4064607304,300.98602643702094
17180.0,control,0.0,0.0,98.04829386297546,-0.1400077354227772,53.694556138276006,26.34857428479042,-4.973562158486974,-1171902.1537265033,300.94988644339986
17190.0,control,0.0,0.0,97.38638823905053,-0.12856000158196718,53.66390180083652,26.82695406949313,-7.404136690140947,-1172536.9299339429,299.6225447638774
17200.0,control,0.0,0.0,96.74053226922898,-0.11737329816872721,52.814991969410706,26.427302871455336,-4.834968408830379,-1173112.413010992,300.979938786679
17210.0,control,0.0,0.0,102.88001803697188,-0.22291015345525833,52.70707976884312,26.99481981311063,-5.077615328632454,-1174924.1713571362,301.8310070715013
17220.0,control,0.0,0.0,99.84650307438018,-0.17100923136299764,51.929992348591405,26.856124816219097,-5.1269102703555385,-1173164.1296923347,299.4483255204915
17230.0,control,0.0,0.0,101.45524508912122,-0.19860243434745672,51.90999715607895,26.51546590243277,-4.786387877149001,-1174366.0753898285,298.85039367899384
17240.0,control,0.0,0.0,94.87697788011447,-0.0850165729630415,51.525633426597174,26.511062392944368,-5.475642230325945,-1173897.0965543166,297.49279015931893
17250.0,control,0.0,0.0,97.70744127506356,-0.13411488798364654,52.33217482372639,26.468289828462567,-5.702591070443657,-1173702.6446057577,299.85832275752495
17260.0,control,0.0,0.0,97.79292865304721,-0.13559329499980194,52.283777291768914,26.75872552384522,-5.669936275343677,-1175210.9452889822,299.6656186612725
17270.0,control,0.0,0.0,88.33144720947799,0.029117623872312277,53.67128022687545,26.260665652554135,-5.1797651256019765,-1173759.7805159893,299.13396530096577
17280.0,control,0.0,0.0,95.32274309102345,-0.09276582493345199,53.588108325934805,26.803050466871913,-5.76407159456188,-1173388.9382695835,299.023828702248
17290.0,control,0.0,0.0,102.9541071058466,-0.22417052927938041,53.39310986468724,26.795058354283142,-4.890013881992963,-1174598.92118074,301.98857763775476
17300.0,control,0.0,0.0,93.40505802678089,-0.059394497179114124,53.00705395981163,26.746260288420658,-6.815328771203946,-1173068.297552202,300.8052259256519
17310.0,control,0.0,0.0,99.40262799893884,-0.16337121340621644,52.49332283832071,26.292547593527427,-5.232684282055168,-1173305.5884201862,299.0330161072993
17320.0,control,0.0,0.0,102.65949449625938,-0.21915649102890683,52.44372003821392,26.696783967258103,-4.238072476330304,-1173370.8822743054,300.48654201043206
17330.0,control,0.0,0.0,101.38748169242534,-0.19744316044509633,53.561722031311746,26.950799341248498,-3.605070570989337,-1173886.2039802577,302.4130040811132
17340.0,control,0.0,0.0,102.34003608963751,-0.2137130561245216,52.693151500535635,26.714228281986426,-5.023718062113753,-1173589.9294587038,299.40187757345797
17350.0,control,0.0,0.0,98.13851588650242,-0.1415667226982565,53.64275644210592,26.256445048635,-4.467785693001925,-1175006.8530645147,299.022135183225
17360.0,control,0.0,0.0,100.78915089855339,-0.1871953126405737,53.80714318950744,26.44918399241602,-5.016923575787627,-1173639.0640900843,300.7205462188161
17370.0,control,0.0,0.0,104.76977750879782,-0.2549357405072028,53.185552933303924,26.650503515876945,-6.06127149943806,-1174195.69904593,301.06111860415035
17380.0,control,0.0,0.0,100.64894894208322,-0.18479102490964353,53.03805463881779,26.321431233127157,-5.2953560411532425,-1173724.4435589295,300.98745031682506
17390.0,control,0.0,0.0,100.72149779190164,-0.18603528575359676,52.07796818683129,26.456935863125626,-4.9345909070020255,-1174356.8442651033,302.3135822898506
17400.0,control,0.0,0.0,96.92184544772125,-0.12051534363822286,52.55583051620273,26.59440547280703,-4.482925378168407,-1172648.4312480167,301.9565943979
17410.0,control,0.0,0.0,97.809162812558,-0.13587401232916202,52.24676956418533,26.993517138238445,-5.196640636709136,-1175488.9632105995,301.0062430164497
17420.0,control,0.0,0.0,91.335267065894,-0.02330269722272395,52.85636904908263,26.94447210155924,-6.579067197348939,-1173454.2271577865,301.2709578367488
17430.0,control,0.0,0.0,100.13585922821134,-0.17598285444089248,52.62652341966871,26.443792407832273,-6.070173492339066,-1171779.439335974,299.96414103063455
17440.0,control,0.0,0.0,96.97771821321129,-0.1214833423878126,52.42770551904353,26.352942786902446,-6.364326396360264,-1174051.9764226843,299.58448614699256
17450.0,control,0.0,0.0,101.1746170407316,-0.1937997531354675,52.52244223412606,27.085266648989926,-5.654687040205079,-1175272.5005871877,300.0714682426031
17460.0,control,0.0,0.0,102.11495081990604,-0.20987369953251694,52.56920758117623,27.092407221253772,-4.463491518709597,-1174600.5708830748,301.8353166525788
17470.0,control,0.0,0.0,101.66067423709897,-0.20211514431541605,53.4452230419378,26.554780405654668,-5.613711825383291,-1173355.4848189559,299.0421032916399
17480.0,control,0.0,0.0,99.4937993196442,-0.16494086680987052,53.314683259795274,26.848552273617823,-7.1962949591203085,-1173424.5616189167,300.6286167845053
17490.0,control,0.0,0.0,105.98530835447923,-0.2753908623536987,52.683826171408164,26.54983362746383,-6.277122666554577,-1173255.1748517472,301.10541196920593
17500.0,control,0.0,0.0,102.74822835251311,-0.22066727627629443,53.21062516908984,26.618822121856983,-6.613392809875917,-1172327.7598407902,300.6709668065045
17510.0,control,0.0,0.0,100.95674650157912,-0.19006789504809474,52.978409822373045,26.410130474959292,-4.672251276910627,-1174607.2779064197,299.43989916863273
17520.0,control,0.0,0.0,94.69857600890492,-0.08191373884375458,51.92879454583263,25.8905575599134,-3.6423799015852083,-1173823.0881638397,299.95477027278156
17530.0,control,0.0,0.0,94.77417996940578,-0.08322877077786502,52.581448876803535,26.83498686641593,-5.120672188815822,-1174918.78158932,299.6187480600743
17540.0,control,0.0,0.0,99.46846077373333,-0.1645046668142926,52.050364470772436,26.043981728703013,-5.002902171026696,-1173671.2026690692,298.39011541232907
17550.0,control,0.0,0.0,98.55042393392367,-0.14867975070636097,51.58824158155201,26.353004534298776,-4.473580844509739,-1175255.9666180387,300.89316330036837
17560.0,control,0.0,0.0,97.85593419876786,-0.13668271125210052,52.11606918716396,25.8052551242104,-4.498822179672704,-1173020.569238035,301.56315655787887
17570.0,control,0.0,0.0,102.30781345058647,-0.21316362442730322,52.45680790396667,26.11857530182889,-4.964861862204959,-1174307.39954835,300.63641369538726
17580.0,control,0.0,0.0,104.19666533754284,-0.24525096293032606,53.892718378412894,26.432496935736133,-5.535808423578279,-1174747.122600736,302.95553215504856
17590.0,control,0.0,0.0,101.20004966191311,-0.194235201476412,53.25704994408793,26.617056939771942,-3.744570191002569,-1174616.3774817102,299.80757250683064
17600.0,control,0.0,0.0,102.97576416604093,-0.224538880468934,52.89152173939703,26.39812850637444,-4.188016547169179,-1174247.3920212425,300.43800340061097
17610.0,control,0.0,0.0,97.78591696553299,-0.13547204715449723,52.702430193782426,26.34700198313062,-4.971967282558921,-1173898.873284828,299.3383213338573
17620.0,control,0.0,0.0,98.00323868809605,-0.13922907640350146,52.68925226528205,26.496522257120425,-5.102668138900297,-1173895.0975679718,300.0559162651015
17630.0,control,0.0,0.0,98.7942522418065,-0.15288669910637787,50.9490080332815,26.0184081855772,-4.313110008043185,-1174877.2683140393,300.40261493382604
17640.0,control,0.0,0.0,106.94973772066467,-0.2915326813832805,51.307851128131034,26.36920839115432,-3.988508032804818,-1173160.737719331,300.9958770456826
17650.0,control,0.0,0.0,92.86129193841069,-0.049918210641285314,53.05289907406583,26.1745915466209,-4.169548180601251,-1173359.9296518322,301.158264759235
17660.0,control,0.0,0.0,100.90192070863843,-0.18912836078087086,52.255007734122685,26.3823518877666,-4.214788310751869,-1173430.3697490916,299.04852289407705
17670.0,control,0.0,0.0,102.24182901744142,-0.21203830653494032,52.57804556470774,26.976652159051973,-5.255345442188364,-1174961.6481250264,300.5983706554718
17680.0,control,0.0,0.0,97.63020916180585,-0.1327789895870035,52.71191223203093,26.653488046734317,-7.518264685808696,-1172581.6261615846,300.2147090839271
17690.0,control,0.0,0.0,94.91013655402027,-0.08559319146569527,52.51525003962073,26.262495844024528,-5.712821331436873,-1173108.7590991464,299.07611264513764
17700.0,control,0.0,0.0,91.14259729123108,-0.019940762998839415,51.96400448966364,26.21455487801083,-5.463533798836278,-1172517.0552632716,301.31906820046663
17710.0,control,0.0,0.0,94.82377494407798,-0.08409133187832928,52.102026966750024,26.07650836253527,-6.351035249378267,-1173031.0643892046,300.4110122137254
17720.0,control,0.0,0.0,92.16835610781463,-0.03783592023816121,52.742081453667446,26.26799999236438,-6.1791192876526715,-1174529.5617606118,298.8454740137464
17730.0,control,0.0,0.0,96.71622636407406,-0.11695200179974283,52.27400836797373,26.199523068995184,-5.356253031083519,-1174538.3163057975,300.24829112334555
17740.0,control,0.0,0.0,99.89835373822852,-0.17190079536927147,51.8776442571863,26.290456188424393,-5.3024765061728685,-1172118.1694284007,299.8902995898161
17750.0,control,0.0,0.0,101.99412054638341,-0.2078113163014052,52.13311708707836,25.96450954254213,-5.834980623112285,-1172576.5867281593,299.4619096096106
17760.0,control,0.0,0.0,99.26839060212603,-0.16105936001507234,52.87202520481258,26.404780224725073,-6.437635645855748,-1174404.3652359676,301.3433337884201
17770.0,control,0.0,0.0,98.40387204940896,-0.14614988326390577,52.63530853177823,26.212657843008955,-6.037120900219959,-1174293.5050342064,302.3595600959309
17780.0,control,0.0,0.0,98.43067129922181,-0.14661258008069167,52.46537032386413,26.397598268709753,-6.904503918739144,-1173869.293146668,299.5270035240538
17790.0,control,0.0,0.0,99.62558704303743,-0.16720905435498976,52.2033431675212,26.232688793930798,-4.733611673105845,-1173854.3804311864,299.4457087579839
17800.0,control,0.0,0.0,98.53885029724148,-0.14847999473585574,53.05639340504287,26.296889462411304,-6.535715435521231,-1175401.3608974423,298.41611593903554
17810.0,control,0.0,0.0,99.42734336401679,-0.16379676716510555,52.475165151865724,26.695042746369293,-5.515723879344854,-1173845.3556725197,298.1827402399562
17820.0,control,0.0,0.0,93.65600639444357,-0.06376605649600812,52.828271326074926,26.23440549132924,-5.699989304254833,-1176634.7290680688,299.2134405590369
17830.0,control,0.0,0.0,98.1150515443866,-0.14116130530458454,52.4825065864992,25.931589438186815,-5.960298139330975,-1174157.9062625952,300.689217114212
17840.0,control,0.0,0.0,97.35422198916763,-0.12800323308838096,52.862770096822246,26.218702769309523,-6.089480868007968,-1173217.5962759051,298.6441925003238
17850.0,control,0.0,0.0,100.2993430856439,-0.17879093454935147,53.57114634408638,26.24021961630973,-4.4517094921786615,-1174102.519735897,300.57193246198744
17860.0,control,0.0,0.0,92.68435723003243,-0.0468337342012767,53.92100077297391,26.094556126663456,-6.252039132140824,-1173840.389336761,303.20728061813537
17870.0,control,0.0,0.0,94.27866368246058,-0.07460738087009991,52.72420991470867,26.117406135473544,-5.884465547205247,-1174956.429161355,299.79896098514087
17880.0,control,0.0,0.0,105.32698415221672,-0.2643272908665824,53.09921695679706,25.97889626166053,-5.079913793017584,-1174093.802218886,300.81135746073534
17890.0,control,0.0,0.0,100.93693903986421,-0.18972848015572247,53.005492642235154,26.010772145444463,-5.446885529529989,-1174525.2757288832,301.45599326518766
17900.0,control,0.0,0.0,99.37930711142107,-0.16296964214532628,52.628000406096305,26.05612804863419,-4.9442662725492035,-1173307.5093317386,301.5340919145774
17910.0,control,0.0,0.0,95.26072461220227,-0.09168801162051303,52.6647748463564,26.381617406485642,-4.079887217362932,-1175175.3936590273,300.7798893676737
17920.0,control,0.0,0.0,95.8611313159995,-0.10211772021170999,51.75691380047374,26.085630053978324,-6.125526115551896,-1173534.691739088,299.7495196065618
17930.0,control,0.0,0.0,96.69188721092887,-0.11653010805048425,53.27159454064318,26.713228225067713,-5.38045792872656,-1173615.8124092165,299.2353724823795
17940.0,control,0.0,0.0,98.45086184939824,-0.14696115460203202,51.10536892758867,26.333432116252446,-5.424583894848906,-1174232.6209957525,301.12719876402696
17950.0,control,0.0,0.0,101.76411707084712,-0.2038829713506724,52.00832592108531,26.662661547920866,-5.822572328503537,-1173397.7158432081,298.9254671300354
17960.0,control,0.0,0.0,99.67045348014314,-0.16798104562334856,51.976530149929985,25.891803007238877,-5.781003836161947,-1175690.1701369975,299.71046329548324
17970.0,control,0.0,0.0,100.34741176511639,-0.17961631021959695,52.73670372339488,26.403047617760826,-4.52660891096933,-1175836.2209261972,301.0158955921975
17980.0,control,0.0,0.0,104.95247280220867,-0.2580177147990165,51.81621445501767,25.95466302638552,-4.50936623229961,-1175255.696310576,300.0697486536625
17990.0,control,0.0,0.0,95.77819697886231,-0.10067770343647951,52.45637223966086,25.964776926342157,-4.762563099066112,-1175174.0604772735,298.2142004477317
18000.0,control,0.0,0.0,102.11389348325827,-0.20985565648926688,51.81446305500295,26.197399969046113,-5.6976925006639725,-1172394.5157214385,298.2577359222822
18010.0,control,0.0,0.0,104.06337653286339,-0.24299501978588692,53.43755049017842,25.991439678906048,-5.9553443189995585,-1173608.273396656,302.16470520222356
18020.0,control,0.0,0.0,107.20514097123458,-0.29579376299556337,52.360102397756094,26.063949370825174,-5.311019278053276,-1174890.4882479906,298.6564120563786
18030.0,control,0.0,0.0,105.13787797517965,-0.2611427211664216,53.224259943889464,26.62360820373251,-5.979936247124153,-1173655.1028333046,299.66644528974234
18040.0,control,0.0,0.0,100.77470730727592,-0.18694767470716805,52.7463906852126,26.215689361534835,-5.737910566346041,-1175166.840079043,298.71240130114506
18050.0,control,0.0,0.0,102.62574332328242,-0.21858170437718777,53.56351514869572,26.151000690530392,-6.616330166683078,-1173768.6709787566,300.36568108609947
18060.0,control,0.0,0.0,96.66073946650612,-0.1159901638321895,52.718594820554344,26.7732257214888,-4.651700760890733,-1173312.6422080975,300.56299863686235
18070.0,control,0.0,0.0,103.58696929273428,-0.234921055152087,52.49261865064554,26.706198910142326,-6.369552726641212,-1174294.544137586,300.97339281734617
18080.0,control,0.0,0.0,103.45753222922035,-0.23272457685261932,53.25435824332258,26.211367411211707,-5.333059425355479,-1173436.654400915,300.9781209336024
18090.0,control,0.0,0.0,99.58745264599945,-0.1665528168439845,52.510257974313426,25.991192911620267,-5.82870617054779,-1173772.8728373535,299.275195957166
18100.0,control,0.0,0.0,101.92619059082814,-0.20665145207899194,53.42540049445586,25.549631199992298,-7.841473058009019,-1175327.1902698353,301.30888036858215
18110.0,control,0.0,0.0,104.85794994055539,-0.2564234889795612,52.672826481076434,26.532446190728233,-7.0093654277209065,-1173103.7907152362,297.87871021150625
18120.0,control,0.0,0.0,98.38989173068157,-0.14590849631133015,52.18614236871249,26.459525095645088,-5.207989957566461,-1174284.5786136016,300.33361782320236
18130.0,control,0.0,0.0,95.51542390697995,-0.09611370767044652,52.42503179321037,25.85908916265587,-4.9678726161088855,-1173167.5452206451,302.1236477272466
18140.0,control,0.0,0.0,95.46100539070599,-0.0951682793273928,52.42302816196355,25.971996795830666,-5.952907802635034,-1173469.592171738,299.14706158422376
18150.0,control,0.0,0.0,97.85563536100717,-0.136677544497396,52.15676891430317,26.30257592714198,-5.405148121338445,-1173845.5059358105,301.5914037424507
18160.0,control,0.0,0.0,106.60373280496759,-0.2857508012623349,52.42986128977936,26.108119601090205,-4.668298831073431,-1173868.8631334528,300.7624398474714
18170.0,control,0.0,0.0,105.68682680283294,-0.2703791009139775,53.04001416824477,25.940114261967533,-5.854034059901984,-1172985.0105754472,300.3048004115366
18180.0,control,0.0,0.0,106.647789904305,-0.28648759634076043,52.8042984073981,25.93782288761257,-5.165715361758595,-1174687.2551992014,299.57812793554183
18190.0,control,0.0,0.0,96.00169525325107,-0.10455788888798644,52.485518041536984,26.465477606902713,-4.333198279598273,-1172568.7501864247,300.18037711942463
18200.0,control,0.0,0.0,97.96298678248642,-0.13853335630442834,51.657177283194486,26.214013878002493,-5.479628298797125,-1174586.8973790314,301.4397483159883
18210.0,control,0.0,0.0,102.44909015920759,-0.2155720463168207,51.849084278435,25.86248113986861,-5.449961331089039,-1173505.3392276838,298.91461851146727
18220.0,control,0.0,0.0,102.92425171470295,-0.22366268538412493,53.675130813602664,26.039733691759306,-4.917614901318026,-1174534.8719791844,300.62688631051964
18230.0,control,0.0,0.0,104.55973363888164,-0.2513892088390651,53.15816610995379,26.299266406396246,-5.393577857487246,-1173948.2244184893,299.168509042851
18240.0,control,0.0,0.0,97.60926595481513,-0.13241668931148054,52.86586432615392,26.01353931974786,-6.786208010112583,-1174663.5899670776,300.6090567786886
18250.0,control,0.0,0.0,97.93139242302591,-0.13798722664591748,52.35665613047265,25.83814045291799,-5.487966292764712,-1175078.0643154122,300.12792033527376
18260.0,control,0.0,0.0,100.66324656676562,-0.18503626215019614,52.99378271252717,26.00630610719637,-4.266814151944256,-1175277.3249863386,300.2880933528825
18270.0,control,0.0,0.0,100.65823324144063,-0.18495027336869935,53.84189844419837,26.493199254617643,-5.02248923500041,-1172980.2516086344,302.9626828487428
18280.0,control,0.0,0.0,94.99184980801219,-0.08701403547689332,53.46638039375428,26.370467000183584,-4.297502555254783,-1172613.3288333602,298.42815133368225
18290.0,control,0.0,0.0,95.71601868689268,-0.09959794232855175,53.423904855714994,25.892654144860266,-4.3694472516723195,-1174308.6774534862,299.12947769452677
18300.0,control,0.0,0.0,95.74188386224141,-0.1000471200070712,52.30665396044723,26.716721261588933,-5.189663529817183,-1172409.825751895,299.14759769614716
18310.0,control,0.0,0.0,94.2161335895279,-0.07351902227689397,51.96384071640423,26.150557890862608,-6.174122631293545,-1173565.4625053834,298.04459164847714
18320.0,control,0.0,0.0,94.52421650090503,-0.07888044346890316,52.24307063996886,26.0105072319516,-6.6494322094512865,-1173715.4260410424,298.11898670826474
18330.0,control,0.0,0.0,104.54731193503788,-0.25117936558781456,52.503231319660266,26.210958574724774,-5.368915047762968,-1171559.5493117385,301.6669142384478
18340.0,control,0.0,0.0,98.15225771300673,-0.1418041432441187,52.41168027546216,25.75866108035475,-3.852826656043364,-1173542.9330471978,298.2748176072314
18350.0,control,0.0,0.0,98.65616679765564,-0.15050454491805754,52.461960574072485,26.741302534272716,-5.991330083483237,-1172860.251072865,300.16677654344005
18360.0,control,0.0,0.0,105.50178808671302,-0.2672684489277357,52.057921151722994,26.508427110799225,-4.819296637006513,-1174865.2389707025,300.62279638551354
18370.0,control,0.0,0.0,105.79227211089774,-0.27215046338307314,52.07681811273143,26.45137812942192,-3.6440359951197783,-1175289.7535722572,299.30496648814835
18380.0,control,0.0,0.0,105.45752879964083,-0.266523999813734,52.26231232926505,26.43454627983225,-5.072155838445411,-1173230.7016157378,299.6788672634285
18390.0,control,0.0,0.0,100.74634174481538,-0.1864613075482294,51.831000541030974,26.26701010056694,-4.399581034309551,-1173402.3348094653,299.93085004898916
18400.0,control,0.0,0.0,106.72998309596936,-0.28786171257867643,52.29162161076633,26.396108004172493,-5.975475056882883,-1175152.963670075,297.608794250459
18410.0,control,0.0,0.0,100.82048669245678,-0.1877325294613545,53.28242156588857,26.525765525904735,-5.3358993445325815,-1174574.3381752465,301.2369631961252
18420.0,control,0.0,0.0,105.53878171303226,-0.267890565989092,52.14939802455595,26.70666969306652,-5.862715161115404,-1173489.9387899525,299.5191535892614
18430.0,control,0.0,0.0,104.95177874426828,-0.25800601134794393,52.69852858686056,26.310249101529536,-7.135975731016132,-1175772.2647959348,301.6947481342134
18440.0,control,0.0,0.0,103.0949280535004,-0.2265650880867671,52.590548417022994,26.442553821171533,-5.472587899836373,-1172437.8042759523,301.8989817363187
18450.0,control,0.0,0.0,101.27926736242229,-0.19559129327342242,52.46828144615345,26.15946685547105,-5.771057656794154,-1175346.4310949296,298.81143949678767
18460.0,control,0.0,0.0,104.30590223145448,-0.2470988329901256,52.60419231647973,25.71821497851703,-6.368288828005749,-1173204.820097411,297.35609085446816
18470.0,control,0.0,0.0,103.87887411916961,-0.23987010728479088,52.472359704650884,26.326587700384724,-4.954747638907051,-1174647.7871111855,299.33527351323374
18480.0,control,0.0,0.0,103.5521445055204,-0.23433021441347915,52.740824394487014,26.920905662110414,-5.021850858498102,-1173464.1152449679,300.60451219789326
18490.0,control,0.0,0.0,104.5172590213858,-0.25067162465671855,52.01875970017799,26.299571807338122,-4.589950622066441,-1173104.6006243546,301.06571914471976
18500.0,control,0.0,0.0,104.69336950729402,-0.25364600686138555,53.007246802979985,26.451055211112955,-6.840784408964259,-1173769.5515582357,301.0386082374784
18510.0,control,0.0,0.0,107.17809626521716,-0.29534283289139407,52.175533960290906,26.39768817522347,-6.128843216412926,-1172178.5935261752,298.6879068126993
18520.0,control,0.0,0.0,99.23670824602033,-0.16051359305644677,51.633523545948385,25.940347875781093,-5.620780787887834,-1175346.4199136067,301.85300382076906
18530.0,control,0.0,0.0,98.33668202652662,-0.1449896876904843,53.604797071612914,25.622840793714087,-6.182872100134455,-1174946.463905139,301.2828812823217
18540.0,control,0.0,0.0,101.96225461198146,-0.20726726040187715,52.69349393400727,26.180080218433876,-4.863237727921522,-1174204.3145942725,301.7170838618785
18550.0,control,0.0,0.0,98.94187366986958,-0.1554323789952057,52.616049383624805,25.70040095274989,-5.161344617832191,-1172912.7650885582,301.37242657897707
18560.0,control,0.0,0.0,100.45842414134727,-0.18152199278971867,52.57936798656473,26.16838727295257,-5.583972535809699,-1174692.26276128,303.66263344848716
18570.0,control,0.0,0.0,108.16798769086392,-0.31180410121889135,53.382581267894714,26.110172688745656,-5.646536646747252,-1175878.432035435,302.4626762458234
18580.0,control,0.0,0.0,100.73075185495509,-0.18619397765855494,52.951979316653194,26.16133832144966,-6.490124961905647,-1172975.0342269465,300.9088483420459
18590.0,control,0.0,0.0,95.12065204541574,-0.08925331029091722,52.23354713149987,25.857791814689698,-5.67220103849633,-1176001.653277181,299.6086020692584
18600.0,control,0.0,0.0,99.98469309687044,-0.17338507431311198,53.139256466681346,26.045824529327987,-5.444902557455002,-1174804.0533241555,301.3366362504118
18610.0,control,0.0,0.0,98.21474828309188,-0.14288370341600204,53.35094399196974,25.969334621144608,-5.668860414995019,-1172763.129498016,299.45570939549054
18620.0,control,0.0,0.0,99.94452974269866,-0.172694666010619,53.75557480832491,26.185098396976983,-5.895726895519635,-1174346.464887686,300.85870266623465
18630.0,control,0.0,0.0,103.82466605023617,-0.23895151244972665,53.73576000996202,26.173066587830828,-4.797339671208466,-1174474.972788781,300.72963869265936
18640.0,control,0.0,0.0,98.43452429286512,-0.14667910049797145,52.98601204099185,26.114367645757902,-4.757631094796155,-1176596.434973143,300.83893639280285
18650.0,control,0.0,0.0,100.71973396351237,-0.18600503845763508,52.41791020903409,26.353701547390457,-4.975960308840579,-1175119.4953688271,301.1569147879488
18660.0,control,0.0,0.0,98.07534944574313,-0.14047527773104354,52.73191855665213,26.1325994655602,-6.707214303137324,-1173683.6701700408,300.1523543361365
18670.0,control,0.0,0.0,98.42077078929991,-0.1464416486374827,52.07014770878295,26.34998992982869,-3.9413952671402344,-1173168.3948249985,300.869352223762
18680.0,control,0.0,0.0,100.34382408017856,-0.17955471130774708,52.82946785993662,26.821099010510522,-2.9509644011959093,-1173484.3501219042,299.72918958426925
18690.0,control,0.0,0.0,104.68884321256836,-0.2535695908112348,52.38828720099539,26.29546694769276,-5.382298331690704,-1174067.0126734506,299.7499974212439
18700.0,control,0.0,0.0,100.07783207916525,-0.17498580553828585,52.70555777773263,26.531366639656788,-5.409755484545739,-1174399.927591227,300.5512142693448
18710.0,control,0.0,0.0,99.1463699889063,-0.15895713823328578,53.31036215632279,26.258871388762334,-3.3539992293438674,-1174739.1794318855,303.3066554097852
18720.0,control,0.0,0.0,99.64820015605811,-0.16759815817626242,52.14482381848832,26.25016511567023,-6.521454220471675,-1172528.7551023383,299.32433453581314
18730.0,control,0.0,0.0,104.28276253774517,-0.24670747270984195,52.88246557478914,26.4938689983331,-5.679712626818426,-1173927.276287958,299.21326834810975
18740.0,control,0.0,0.0,104.09940568077967,-0.2436049514580933,53.449265047963436,26.271646996630512,-5.310727607219752,-1174592.07633036,300.32629862077255
18750.0,control,0.0,0.0,104.9810176409103,-0.25849901517085216,52.22768645267534,26.574334587376487,-3.8191169876398092,-1176348.4040564913,299.6383496606057
18760.0,control,0.0,0.0,101.87452622991428,-0.20576911880003274,52.909681961429996,26.60678354658102,-3.4201990745284014,-1176961.9150156751,300.3166199996473
18770.0,control,0.0,0.0,105.98249615552788,-0.2753436777821026,53.49285609898137,26.436260896273605,-5.019179508020544,-1173224.5796312876,301.1985070379567
18780.0,control,0.0,0.0,103.06246930403638,-0.22601327127457982,53.1769982210264,25.961279622111313,-5.53449359560686,-1172951.53936903,301.6863677599344
18790.0,control,0.0,0.0,100.19918981494583,-0.1770708233855075,53.007417663087054,26.35962643997535,-4.609127645518272,-1173012.1755768321,300.55838190451425
18800.0,control,0.0,0.0,105.06543159746329,-0.2599219603053486,53.98206471219471,26.396967065780554,-4.643471745333901,-1173978.024961559,301.73336261834936
18810.0,control,0.0,0.0,97.28438726875983,-0.12679431903411553,52.07561018532197,26.267555663287183,-5.146116603166898,-1173987.244178798,300.3858557781933
18820.0,control,0.0,0.0,105.15857845674931,-0.2614914589309808,51.62045010948593,26.61608664310573,-5.615454940685683,-1174592.1788189746,301.01766713004946
18830.0,control,0.0,0.0,98.4154865557524,-0.14635041501459323,52.589542990865795,25.935743017562004,-5.83320478211027,-1174540.393008519,300.420001363315
18840.0,control,0.0,0.0,98.76489234965761,-0.15238027650085537,51.587364372176026,26.077357740531422,-5.3537526356263925,-1175643.4757053275,299.1784975688706
18850.0,control,0.0,0.0,107.00812970842783,-0.2925073920324297,52.0386632026943,26.43690744169024,-5.628584588148936,-1175065.7731091268,299.4995594038371
18860.0,control,0.0,0.0,97.47855782413218,-0.13015514816644985,51.72954525764788,26.1454397792218,-4.663551651126897,-1174324.2424491923,299.7397675806618
18870.0,control,0.0,0.0,102.92396121745675,-0.22365774369149657,52.483191080237525,25.85707094305327,-5.621959874854538,-1174737.2965018097,300.63371036165705
18880.0,control,0.0,0.0,98.65902520513093,-0.15055386508708202,53.648317880562814,26.56594365647172,-6.494840933496529,-1172951.5114464965,299.53020549745276
18890.0,control,0.0,0.0,95.48383768567015,-0.09556496177696179,52.682323372125246,26.208807774214772,-5.441413466412997,-1175202.0932558924,297.9491026791975
18900.0,control,0.0,0.0,101.45734036057056,-0.19863827514298085,52.63870635780895,26.42447634835722,-5.982534912635798,-1174875.6172137242,300.62407075633877
18910.0,control,0.0,0.0,95.74969278045332,-0.1001827265967878,52.98145741016612,26.348928883813187,-6.913461183030494,-1172408.5249346215,301.2500390797654
18920.0,control,0.0,0.0,99.47872758602531,-0.1646814126249257,53.214388290686166,25.9448233120985,-7.0626261955378515,-1171991.850996282,299.7770939403632
18930.0,control,0.0,0.0,98.00287114702147,-0.13922272407763459,53.5631749709816,25.920056665770293,-4.590655334218313,-1174946.9724840578,299.4612156555665
18940.0,control,0.0,0.0,99.24589293305087,-0.1606718154744367,52.29978054411602,26.29796428097501,-3.8670769457405516,-1174515.2002428304,300.6302295162056
18950.0,control,0.0,0.0,100.0873757961467,-0.17514980238943692,53.179502728202465,25.615078192910154,-5.058615753497959,-1172840.0501366705,299.0761403629001
18960.0,control,0.0,0.0,100.50753200537714,-0.18236478092898276,52.74993789858863,26.3305431751673,-4.314080021870976,-1174874.7532856222,300.76285298522674
18970.0,control,0.0,0.0,103.7242701923556,-0.23724966792789898,52.038945047400134,26.20249962640361,-6.028504568794618,-1172618.8211489022,298.60305060624466
18980.0,control,0.0,0.0,97.3494806346956,-0.12792116114427549,52.44579585390224,26.030632049016784,-5.120973369466832,-1175433.613542091,300.83675870312254
18990.0,control,0.0,0.0,97.54892153770207,-0.1313726817095458,52.30197995219527,25.884605053374525,-4.13836864850152,-1171924.3152897023,297.9102302149953
19000.0,control,0.0,0.0,94.84251529970942,-0.0844172497793394,52.69048141455245,26.408149899070736,-4.148520148837705,-1174480.5150093772,299.71814441835585
19010.0,control,0.0,0.0,101.09683807817417,-0.192467812668267,53.05239490981831,26.050441889276293,-5.267924810965825,-1174672.7413691022,299.34129904108204
19020.0,control,0.0,0.0,97.30835003297311,-0.12720916155150286,53.15770977203303,25.95060768224596,-6.015618623726687,-1172838.8971922062,300.83251294899827
19030.0,control,0.0,0.0,104.17058940590871,-0.24480972594035394,52.698416555045604,26.326219932868167,-4.980504616356142,-1174885.4717994314,301.28613216580055
19040.0,control,0.0,0.0,98.56807395984846,-0.14898437084769897,51.12938672856383,26.13099491838554,-4.9989871703580295,-1173783.2930001114,298.8109147918644
19050.0,control,0.0,0.0,101.06536447560967,-0.1919287361053999,52.278772565391066,26.370255320227017,-4.3808661246301295,-1174530.5365682747,299.7357970954197
19060.0,control,0.0,0.0,103.85442566211161,-0.23945583707451937,52.3058319028658,26.517219199456566,-5.809102893719644,-1175964.8140711188,299.1869864874413
19070.0,control,0.0,0.0,97.57842441472995,-0.13188312380797337,52.43602655185898,26.221357505925553,-5.747224572650813,-1173742.51921428,302.05396803104156
19080.0,control,0.0,0.0,105.68206220445228,-0.270299039355458,52.17497976406755,26.458676787180718,-4.290159498097942,-1174507.4188933298,298.5995435401665
19090.0,control,0.0,0.0,92.13656327984793,-0.03728142223539424,52.19530283089589,26.10376569633266,-3.7823997665012383,-1174481.3316263128,300.71366724957585
19100.0,control,0.0,0.0,97.58471602720022,-0.13199197321078224,52.49430157883463,26.66623126812677,-3.0939454507204216,-1173964.6836957391,299.42989211275733
19110.0,control,0.0,0.0,94.179719894551,-0.07288518848765764,51.754240731544,26.188155502339292,-3.5672160889895626,-1172285.674648203,302.8326095317792
19120.0,control,0.0,0.0,101.56598842576552,-0.20049639621511645,51.4871319720492,26.306294397489083,-2.875570791049376,-1174350.1214834563,301.9695338868623
19130.0,control,0.0,0.0,102.53158187072674,-0.21697772283687383,52.54944772511768,26.28535310779332,-5.292328787898529,-1173107.3278043643,302.1821128101952
19140.0,control,0.0,0.0,105.2461124825953,-0.26296575305345554,52.09712487455209,26.529304608545342,-4.319811716869513,-1172434.890438497,298.72275649384005
19150.0,control,0.0,0.0,103.13416526112334,-0.22723204536939487,53.10373194695367,26.4025837472894,-4.400090604026045,-1172959.7224443443,300.0158097681174
19160.0,control,0.0,0.0,102.9442168103178,-0.22400230086455405,52.64506040746975,26.03745857404915,-4.9438294244313,-1174325.5693834033,299.94833997872695
19170.0,control,0.0,0.0,102.47325611875631,-0.215983885877898,52.9710483636146,26.51913975518468,-4.362438602404842,-1174136.1612123419,300.9967904511106
19180.0,control,0.0,0.0,99.47735996991022,-0.1646578690673791,52.08732949137293,26.702993685043275,-3.226113594105655,-1175105.7184967771,301.93169433907053
19190.0,control,0.0,0.0,99.90577731900136,-0.17202843116885447,51.65685513220884,26.795943188617994,-3.3778552717973875,-1175689.349805696,301.9669540826558
19200.0,control,0.0,0.0,102.89183460050923,-0.2231111974990676,51.951449340466155,26.602821565772857,-4.772255269080984,-1173611.708389109,299.8290015276917
19210.0,control,0.0,0.0,100.6395422207669,-0.18462967166582211,52.19078826124743,26.543537350480065,-4.441588908108129,-1174067.7746894956,298.25043457448413
19220.0,control,0.0,0.0,101.7510027984775,-0.20365888649517977,53.43836546177781,26.194588873064735,-5.2964150421336775,-1174415.940136155,301.4072321155127
19230.0,control,0.0,0.0,98.55385460599808,-0.14873896145937285,52.60357468864509,26.16258658218917,-6.575284667204555,-1174124.9291299786,299.2337350728503
19240.0,control,0.0,0.0,98.43445144793033,-0.14667784286502206,52.31647838926869,26.031898703204053,-2.9786144889453148,-1174526.6338184942,298.63936397583313
19250.0,control,0.0,0.0,97.67378786956407,-0.13353280851045027,52.85179613361116,26.29980054890352,-3.3171545244617064,-1173482.3289607186,299.82755905712435
19260.0,control,0.0,0.0,99.37378459847292,-0.16287454393132814,53.0145205520512,26.049096636344984,-4.378757297225777,-1173349.0028505325,300.0465913516128
19270.0,control,0.0,0.0,100.9344499836769,-0.18968582680960958,52.93308333514758,26.830797872040208,-3.673577055311304,-1173467.6236081868,300.4774261082269
19280.0,control,0.0,0.0,99.43677806977664,-0.16395920765225963,51.53582892691377,26.28377390707161,-3.5952286316928044,-1172577.4710695948,297.4930635076133
19290.0,control,0.0,0.0,104.10229113958064,-0.24365379476481966,52.43799472035372,25.84817851699505,-5.309707021469196,-1173927.0411846265,301.36186318685395
19300.0,control,0.0,0.0,101.17113785049227,-0.1937401807001809,52.47015782399403,26.160911138424552,-5.438981849971735,-1173368.5038189106,299.65115955661605
19310.0,control,0.0,0.0,100.54567928757626,-0.1830193713701706,52.67375252769239,26.28545911384345,-4.499831031136419,-1174172.4363445863,300.5157330349461
19320.0,control,0.0,0.0,97.48735535290884,-0.13030738635847597,52.17406580267074,26.17344458900583,-3.213111243077961,-1175537.6086347383,298.75576363840565
19330.0,control,0.0,0.0,102.71594614379048,-0.2201176994996245,52.53054457203345,25.901818066152504,-4.881419704361105,-1174030.8668298312,301.11104579699594
19340.0,control,0.0,0.0,95.54627068794362,-0.0966495791113211,53.076959136641996,26.712098428089273,-3.1368035426363816,-1172111.5760926753,299.7099374052574
19350.0,control,0.0,0.0,103.99488992429521,-0.24183535624578337,53.37752554052086,25.54191852944061,-5.733584255084174,-1175369.7633990645,299.523161821495
19360.0,control,0.0,0.0,98.10184427796085,-0.1409330994616054,52.96474917490819,26.312934125954683,-5.046295379270374,-1174982.8356084302,298.66640688939367
19370.0,control,0.0,0.0,101.33976014346507,-0.19662659005368743,52.779637076190454,26.624754484233677,-5.119260088352176,-1172641.0609010346,300.78017848269906
19380.0,control,0.0,0.0,96.18408059930533,-0.10772313071483633,52.473913549623035,26.13884089760125,-5.06183160373322,-1174413.7308026906,299.5679862013744
19390.0,control,0.0,0.0,98.80936132486275,-0.15314729686557074,53.42885578790526,26.156167576223428,-6.980601524695479,-1173901.93119663,299.4169495441623
19400.0,control,0.0,0.0,97.67846992206557,-0.1336137934690086,52.46567540221276,26.310755315200076,-5.44135783954195,-1172955.2078598607,300.25581365622446
19410.0,control,0.0,0.0,101.54753060351356,-0.2001807774773391,52.324770114292804,26.775115481771277,-3.6066762521830142,-1174654.57233141,298.86612577427445
19420.0,control,0.0,0.0,105.55365472413999,-0.26814065204552295,53.79786521704727,26.58726951371347,-5.32990994740258,-1173905.7387241516,300.9510696711239
19430.0,control,0.0,0.0,97.97732006050428,-0.1387811027324569,54.214643479321246,26.330028471548957,-5.059788066060491,-1173609.1671360377,299.381024505892
19440.0,control,0.0,0.0,107.49629079454537,-0.30064405729137156,53.375739703208374,26.446458736941462,-3.9824210273529577,-1175663.174825687,300.40046997564104
19450.0,control,0.0,0.0,100.87293860305958,-0.18863163252790424,54.18919033912672,26.5586527097518,-4.573755817629394,-1171564.3396432549,301.8435061108474
19460.0,control,0.0,0.0,102.35577201156218,-0.21398134647403053,53.163428121712265,25.96680341414025,-5.851290272576549,-1175291.9541180227,300.0084747448386
19470.0,control,0.0,0.0,101.40681270544053,-0.19777389728346556,53.22530323788389,26.42523072142117,-5.452341436320576,-1172511.8630177192,302.9149839412274
19480.0,control,0.0,0.0,102.68964841718518,-0.21966995171728945,54.0878890468364,26.29310350749976,-6.212239642943931,-1173856.3735037427,298.73029536080094
19490.0,control,0.0,0.0,97.98770555404565,-0.13896060745985495,53.253390544256725,26.214740674255314,-6.627176160674211,-1175709.377065517,299.0195666223144
19500.0,control,0.0,0.0,104.04384962352616,-0.24266441170094502,54.12545485718889,26.362424642027108,-6.460178176266958,-1173635.8480638769,301.02239755217295
19510.0,control,0.0,0.0,102.27595658577629,-0.2126203633089427,52.93216744508294,26.155646215078416,-5.009652400804844,-1174587.4030875973,300.37754526676844
19520.0,control,0.0,0.0,97.37060299427127,-0.12828677842179337,53.495667779155355,26.19833712439286,-6.681954341025091,-1174288.0922985598,299.70890747078334
19530.0,control,0.0,0.0,100.78094100705529,-0.18705455405331683,53.67906663025944,26.411696118176515,-5.062888958200534,-1175423.333393244,299.297143767135
19540.0,control,0.0,0.0,100.25537992925908,-0.17803594363010153,53.86855248911012,26.382333352475015,-5.961968406765893,-1173944.7872527894,301.9470603323272
19550.0,control,0.0,0.0,103.50364975387672,-0.23350730356206623,52.92676085888035,26.20053960962587,-5.825792780841496,-1175467.4424112607,300.7053228500347
19560.0,control,0.0,0.0,105.78157308797265,-0.27197077376055223,52.483796899303144,26.865581058989513,-3.9452559519216823,-1172324.805091383,301.3580983064809
19570.0,control,0.0,0.0,108.112318867912,-0.3108807878980289,53.7840405524031,26.040189501475123,-6.014082334713416,-1174448.0023076702,301.2143183740856
19580.0,control,0.0,0.0,101.70540566085903,-0.20287968077731391,53.445856333360865,26.34772398904773,-4.760111475596968,-1171793.6408616286,300.02700705326265
19590.0,control,0.0,0.0,101.17948049621016,-0.19388302645478808,53.59090336359953,26.6556495252716,-5.294083446322425,-1172713.2815757282,303.68807052869033
19600.0,control,0.0,0.0,94.91831857369958,-0.08573546971178493,54.09778572858302,26.515940340312287,-5.291728691480949,-1174069.8473095316,299.68784125952504
19610.0,control,0.0,0.0,97.93642847861055,-0.1380742810540439,53.73742844253058,26.27628469987838,-7.069622663159846,-1174053.5618390646,300.6793891526653
19620.0,control,0.0,0.0,100.41733372616906,-0.18081669744564288,53.00924618048325,26.840930474134503,-5.788387606564016,-1174233.6604624577,299.16145517400577
19630.0,control,0.0,0.0,101.9863372085087,-0.20767843515048978,53.06659049880373,26.322316059777705,-5.684729889851229,-1173943.4397217967,300.07893490103993
19640.0,control,0.0,0.0,96.91309217655161,-0.12036368232453627,53.000414297195974,26.042652451687722,-4.478039160117348,-1174067.9516051095,298.7059854639097
19650.0,control,0.0,0.0,95.49670855807379,-0.09578857033563919,52.25104835058164,26.34131293480055,-5.825895161092297,-1173283.2018259652,302.49335795476264
19660.0,control,0.0,0.0,97.5081580677576,-0.13066735791479583,52.69875941497791,26.056202187103032,-6.130385970927989,-1175292.4586365093,298.1373197771969
19670.0,control,0.0,0.0,98.41412574400384,-0.14632692005547468,52.250590201048176,26.637568440106303,-5.999911860574967,-1173920.1726089008,301.5057653619894
19680.0,control,0.0,0.0,103.45818079918793,-0.23273558571099945,52.919986560414905,26.220632771396993,-6.614915376199421,-1172633.9390542004,299.5908450649171
19690.0,control,0.0,0.0,98.68662877005306,-0.1510301293471829,53.05544903201044,26.799197128149373,-4.765393559653404,-1174716.4717181008,298.31485164706163
19700.0,control,0.0,0.0,103.20565867641533,-0.2284470221170571,53.19469981434287,26.468013355377504,-5.501633533714743,-1172542.5042434558,298.6646083269542
19710.0,control,0.0,0.0,102.35543556573323,-0.21397561039364912,54.36973084091006,26.4899781008539,-4.69252672372798,-1176258.004564723,298.67713606710004
19720.0,control,0.0,0.0,101.0740826467701,-0.19207806583265163,54.25289565290303,26.359857265534647,-6.288663032843389,-1173807.1796300784,300.8422304689136
19730.0,control,0.0,0.0,100.7309479063402,-0.18619733956364626,53.8154057371956,26.751216331100924,-4.1365817867747525,-1173293.678505784,300.0340931555177
19740.0,control,0.0,0.0,101.63238360235493,-0.2016315454050799,53.91427581214975,26.27516931731314,-4.907561490155668,-1174985.8102461137,301.48413222518434
19750.0,control,0.0,0.0,99.97762986647466,-0.17326366350405295,54.47201511154236,26.67295789019634,-4.211830506770863,-1175087.7640737128,299.5342785638465
19760.0,control,0.0,0.0,101.63135443279046,-0.20161395189680137,53.73764342311713,26.74772515229439,-4.467418451273325,-1175405.9003037643,303.0294674802129
19770.0,control,0.0,0.0,100.75572719470759,-0.186622239251033,53.992418997342966,26.319325213793306,-5.8058585586328135,-1172942.2544870619,300.01490698989943
19780.0,control,0.0,0.0,98.694185755687,-0.15116050937577347,54.32675360421238,26.750417274635083,-6.158479429701909,-1173907.7672902308,301.0713798795386
19790.0,control,0.0,0.0,97.51576174044648,-0.13079892807475496,54.099742721796645,26.201934625368725,-3.7851848601955673,-1172516.8871475905,302.3384015704466
19800.0,control,0.0,0.0,103.4052829500996,-0.2318375971856521,54.253640328333496,26.345072140988936,-6.243004906584101,-1173819.9649243634,300.5098969992963
19810.0,control,0.0,0.0,102.0178901853764,-0.2082171000653766,54.20267131234525,26.161973662324755,-5.7063750269699085,-1173768.489981711,302.7719290166152
19820.0,control,0.0,0.0,98.70130956698776,-0.15128341347675378,53.41164449884581,26.332933651224085,-5.685018166795107,-1174699.9683029745,300.3484036564418
19830.0,control,0.0,0.0,103.8210048390313,-0.23888946286442006,53.64565382725301,26.265352081362394,-6.420960674011874,-1174258.264180787,300.84325750995527
19840.0,control,0.0,0.0,101.91309462749803,-0.2064278127232275,54.51533473929406,26.09060580997318,-5.550350901328247,-1175738.3234903384,300.7147094301279
19850.0,control,0.0,0.0,99.30868682740767,-0.16175344013124004,53.24236682283611,26.44876368201644,-4.997637865179732,-1173211.674821604,300.6021968630696
19860.0,control,0.0,0.0,100.86002134783732,-0.18841022637508942,53.32859608879874,26.16875679760448,-5.754827192930025,-1174200.5036122575,299.0272979486478
19870.0,control,0.0,0.0,99.51229370261568,-0.16525922500972634,53.57837098643509,26.227869966047773,-6.074231220998858,-1175293.6652805805,299.6876994740224
19880.0,control,0.0,0.0,96.16951321211944,-0.10747035785727062,54.635585692010864,26.3514632687981,-5.750707723888071,-1173564.6933836415,300.94529936928075
19890.0,control,0.0,0.0,100.52365559277021,-0.18264146441653972,54.458460257352726,26.17175857909585,-3.869522886212219,-1174784.7445220072,298.30505262043926
19900.0,control,0.0,0.0,99.04719401462476,-0.15724796182054468,54.36207647647008,26.32923761720192,-6.470479183332094,-1173865.5060119573,299.893758374747
19910.0,control,0.0,0.0,102.72349429223243,-0.2202462064860259,54.36827068096705,26.37300059275784,-5.425473493201826,-1173519.866154166,302.58002068521625
19920.0,control,0.0,0.0,102.53056554198893,-0.21696040710697403,55.25428676745965,26.439237956518653,-6.64652240729146,-1174568.0300743766,300.7260460056293
19930.0,control,0.0,0.0,106.25810851868235,-0.27996487781826734,55.58027963610931,26.550198898428565,-5.664810900216734,-1173381.9657007921,300.86085146824007
19940.0,control,0.0,0.0,105.99887454449818,-0.2756184737925236,54.177411143760395,26.15533542682064,-5.840249764356194,-1173866.1144168247,299.6709827903283
19950.0,control,0.0,0.0,100.17583666801917,-0.17666966006431342,53.56636508339374,26.59178435038228,-5.620825668372906,-1175004.9778134767,301.23613004099474
19960.0,control,0.0,0.0,99.93435292377703,-0.17251971294300072,53.598393112099814,26.517168755745686,-5.565561485720972,-1174191.0508210585,300.5542567208345
19970.0,control,0.0,0.0,99.70628376566688,-0.16859748301693728,53.4346459792766,26.385078030928348,-4.53819748395534,-1173064.8250700366,300.51595622889636
19980.0,control,0.0,0.0,96.55720585536412,-0.1141951696510133,53.194349536726584,26.25302145252907,-5.436463899229365,-1174011.9896867052,300.57924881389835
19990.0,control,0.0,0.0,99.94797978036652,-0.1727539755155211,54.13431918680927,26.4358604253179,-5.184453238921942,-1173465.8575329818,300.42006072491455
20000.0,control,0.0,0.0,97.90787264008713,-0.13758064419672977,53.59938805908031,26.14830602310842,-6.428952601532643,-1172996.0403559022,301.9638980721387
20010.0,control,0.0,0.0,103.89982598256373,-0.24022509423817193,53.755783882506165,25.962245592969197,-4.895823540109573,-1173959.9855859969,300.15588214464753
20020.0,control,0.0,0.0,103.52224148121729,-0.2338228076954803,54.55936046735925,26.136543128074177,-6.408437883582076,-1174054.072135955,300.89144089264744
20030.0,control,0.0,0.0,101.51648295357103,-0.1996498326763331,53.80586984723316,26.267350786608528,-5.104241113527077,-1173717.1913756058,302.5484223258305
20040.0,control,0.0,0.0,100.47053995993159,-0.18172993663097514,54.62288216310222,27.167854300926535,-4.646518774657288,-1173891.9760016892,299.8967081182673
20050.0,control,0.0,0.0,105.86743878444202,-0.27341261649209475,54.578848215374336,26.42872470321958,-5.746282058583714,-1173693.8014692627,299.99058010505115
20060.0,control,0.0,0.0,97.58691720512641,-0.13203005478999524,54.33072075726147,25.943955217364618,-6.78212074672275,-1173761.2409068923,299.93089429291507
20070.0,control,0.0,0.0,92.55019342258397,-0.044494577206115035,54.04743339996593,26.308173722180513,-5.092875686299523,-1175515.0090554096,302.21140591085816
20080.0,control,0.0,0.0,103.68555832597596,-0.23659325496340428,53.11569890995447,26.547873029040815,-5.927282278143921,-1172596.539831331,299.58912384209776
20090.0,control,0.0,0.0,101.12824264040773,-0.1930056488294534,53.45496218183454,26.117198750493444,-4.058238296920928,-1173316.2528703213,303.91857125560847
20100.0,control,0.0,0.0,98.8275000307375,-0.15346013474749726,53.41143161662952,27.02789063398525,-5.078999992891472,-1173129.208249297,299.5365034078115
20110.0,control,0.0,0.0,101.0310858736851,-0.19134154992650146,52.86532014350748,26.35368919035444,-5.418707730155877,-1173173.101605866,299.99680843235086
20120.0,control,0.0,0.0,103.4474348685341,-0.23255317991281726,53.23077619698372,26.805321615930566,-4.185567238758399,-1174200.9572019074,300.398654331821
20130.0,control,0.0,0.0,96.97839122413207,-0.12149500163690503,53.5388812276857,26.66459953889635,-4.459832175009168,-1172829.5137455128,299.78254927442237
20140.0,control,0.0,0.0,96.33464371407531,-0.11033528638142887,54.07183439123317,25.896798485754186,-5.508769595024567,-1173791.3841708563,299.9029967992864
20150.0,control,0.0,0.0,101.86172141573995,-0.20555040997299118,53.36623528615875,26.15079631643268,-5.477001792871913,-1172292.5542607363,301.8752188520152
20160.0,control,0.0,0.0,102.05809837135091,-0.20890343312443554,51.63670431668756,26.175157465829752,-4.711505855107399,-1174166.7404551934,301.11560470885456
20170.0,control,0.0,0.0,99.20630296643992,-0.15998977913368279,52.6604660877301,26.497567752720716,-4.384496099512872,-1173470.7207501903,300.2539487949021
20180.0,control,0.0,0.0,108.049851506363,-0.30984436582664104,52.155417561274504,26.78153426508152,-5.450142639378572,-1174087.254468156,299.093318853606
20190.0,control,0.0,0.0,99.15621265919624,-0.15912673870222946,52.675340850067485,26.227285288472114,-2.7770998334855204,-1174168.969492767,299.2033236046064
20200.0,control,0.0,0.0,106.80776128071376,-0.28916147269821535,52.89967149993182,26.65354117871213,-4.127697352355263,-1171432.136970574,298.56706086664747
20210.0,control,0.0,0.0,104.58970183634057,-0.25189542116208435,53.22492187465706,26.53020942887126,-4.411912639224998,-1174760.4239317924,298.98195742552207
20220.0,control,0.0,0.0,99.66743058029995,-0.16792903553575,54.901459830943594,26.5614627881636,-4.628113664207087,-1172448.4223546628,298.9110761297635
20230.0,control,0.0,0.0,100.73823334486407,-0.1863222693096674,55.10514918092945,25.92513443273026,-5.339640172870492,-1172527.681271419,301.2662561057281
20240.0,control,0.0,0.0,104.1268241773821,-0.24406905026064987,55.01640354030886,26.598122864225648,-3.778754108984563,-1175039.449005423,300.56680958916996
20250.0,control,0.0,0.0,100.9890138003688,-0.19062076941643136,54.98992912921795,26.43174444803195,-4.3938578984362895,-1174656.8803026956,300.06793077339466
20260.0,control,0.0,0.0,98.8735117614778,-0.15425362904555953,55.37416021526284,26.16848102881674,-6.208900173262345,-1174527.486456165,300.22223962389324
20270.0,control,0.0,0.0,106.59863742185333,-0.28566557699986617,54.7066059843087,26.87510485595829,-5.280916187849661,-1173450.2572092284,300.81167804143445
20280.0,control,0.0,0.0,103.45817727204297,-0.23273552584114912,55.38998113590845,26.841888948979136,-4.293488145324368,-1174741.7688256036,300.17107314919133
20290.0,control,0.0,0.0,101.50744646937193,-0.19949528904730643,55.0436988755694,26.03902371160106,-4.604639573941729,-1173142.4069041014,299.0792864479956
20300.0,control,0.0,0.0,104.66690176490741,-0.25319913763791513,55.61001478146518,26.424970344425642,-4.520485960038357,-1174305.4307160843,301.16500073774563
20310.0,control,0.0,0.0,98.11015806417062,-0.14107675266530384,54.89044956326801,26.116114463982903,-5.639791953908168,-1173259.291480668,302.06828808527376
20320.0,control,0.0,0.0,99.2252435089377,-0.1603160869714825,54.78299612896008,26.48014628898944,-4.126888316377665,-1172556.077234218,300.0115728877632
20330.0,control,0.0,0.0,100.10341090364342,-0.1754253347313222,54.972537679145816,26.28832606202065,-5.678468104259633,-1175518.142372042,301.3437858784602
20340.0,control,0.0,0.0,101.3620165642592,-0.19700743992707126,54.6644137222064,26.596228156978558,-4.809992088607829,-1173607.0170806516,300.31501474741594
20350.0,control,0.0,0.0,98.40031707312359,-0.14608850316356356,54.47380471207081,26.15755351831459,-5.138632043789917,-1172268.2966359276,301.0172974098645
20360.0,control,0.0,0.0,96.89970289326591,-0.12013169089902848,55.05118957240149,26.358661838653006,-3.2055551284586414,-1172908.609861035,297.90536165885516
20370.0,control,0.0,0.0,100.92447189531778,-0.1895148351694602,54.92914806885244,26.50183222806714,-5.103897849714211,-1175421.42323686,300.28612475592234
20380.0,control,0.0,0.0,101.80305116316516,-0.20454817902341824,55.25868916799884,26.39253195872119,-4.901169539483639,-1174179.3007291984,300.5397984549635
20390.0,control,0.0,0.0,99.62565625321004,-0.1672102452941525,55.61351857857524,26.199989574843993,-4.320031261284704,-1174423.0043554194,299.7288714174015
20400.0,control,0.0,0.0,103.46069433562575,-0.23277825031979082,54.634800540814574,26.89725539018549,-4.580158632287173,-1173178.5651662778,301.28278783467493
20410.0,control,0.0,0.0,104.04760029479041,-0.24272791611684802,55.11097474771356,26.758063135244623,-4.839984053136071,-1174442.6424797643,299.42657221886174
20420.0,control,0.0,0.0,102.49868136822667,-0.2164171449494583,54.27802118367001,26.22613271024413,-5.097629436236787,-1175199.7937399764,299.6566335300797
20430.0,control,0.0,0.0,100.72755491130553,-0.18613915590135183,54.59745398213121,26.480347787144282,-5.039510750241079,-1174126.004784355,299.7894402011715
20440.0,control,0.0,0.0,102.54251574549092,-0.21716400472128727,55.04642090594079,25.90928091489158,-4.512512689293226,-1175006.0794021375,302.2046325409846
20450.0,control,0.0,0.0,103.42284752347302,-0.2321357935553273,54.753870761183954,26.48803991255949,-5.232414334432226,-1172626.53112288,299.0194206342036
20460.0,control,0.0,0.0,108.72984963678331,-0.321106419400146,53.32852541055191,26.87409249222114,-4.383703967528543,-1173485.3669508882,297.4569719236037
20470.0,control,0.0,0.0,106.7008112062326,-0.28737408088219857,54.131669036582316,25.81169694549251,-5.402426055018917,-1173357.6886367258,299.70907529284653
20480.0,control,0.0,0.0,100.47354185130447,-0.18178145684846397,53.993392808786915,26.319007913397286,-4.601928539800241,-1173122.8280293718,301.76159681633743
20490.0,control,0.0,0.0,104.52261933272659,-0.2507621916311545,53.485816422990666,26.659611054497738,-3.638815240859971,-1172490.5544780958,298.8529744790968
20500.0,control,0.0,0.0,102.74579467652856,-0.22062584747972752,53.58978485530709,26.27554147922365,-4.929379182845249,-1172578.8334065918,300.9668703651599
20510.0,control,0.0,0.0,100.80739498495106,-0.18750809373168487,53.39014284902229,26.72118023321511,-5.131197200638763,-1174310.2451203018,301.07747322981174
20520.0,control,0.0,0.0,102.02610253620345,-0.20835728901514575,52.96984996534007,26.353565782489607,-4.545595332119531,-1173220.2917767838,300.7060604498993
20530.0,control,0.0,0.0,99.99015208988362,-0.1734789078667726,53.43245329033502,26.35667370833309,-4.852971552517593,-1174395.8160441462,300.1679872756839
20540.0,control,0.0,0.0,100.35059848517028,-0.17967102415693262,53.30422709325558,26.373220989281677,-2.8064290106207412,-1173193.9815988299,298.900107312957
20550.0,control,0.0,0.0,102.42544318845566,-0.21516901431014757,53.09902326412696,26.047488289210538,-4.639467308485449,-1173983.6058365963,299.5201229752565
20560.0,control,0.0,0.0,97.54030568143355,-0.1312236084579368,52.27081274596444,25.571143282837898,-3.3418645088387713,-1172443.020375453,299.80278998764453
20570.0,control,0.0,0.0,104.01820021176832,-0.24223010133890435,52.402796849089015,26.76005717607759,-4.6232652565110115,-1172910.434629647,300.6504584593925
20580.0,control,0.0,0.0,100.32265612927074,-0.1791912529353791,53.70049211892851,26.190771417170527,-4.359883805259836,-1173600.6961030122,301.2987078491406
20590.0,control,0.0,0.0,110.27500337301564,-0.3465264425348826,54.073641874012914,26.4108026472656,-4.598005209791611,-1172478.8545101006,300.04094248614496
20600.0,control,0.0,0.0,102.75014047456244,-0.22069982631015903,54.118556730264075,25.850760461726313,-3.5392760808455055,-1173014.5983988736,300.66186831178334
20610.0,control,0.0,0.0,103.8127713131144,-0.23874991890340527,53.98560700179803,25.80511521372508,-6.177622129900567,-1174559.5854777154,300.91225204459045
20620.0,control,0.0,0.0,100.89070190851827,-0.18893608597190478,54.178733534772974,26.33044514538157,-6.475483926658161,-1174021.6132253744,301.4498931977922
20630.0,control,0.0,0.0,104.3920948016707,-0.2485562476952428,54.22349074771595,26.393367960968707,-2.4240651902409214,-1172754.142563166,301.18625159145193
20640.0,control,0.0,0.0,105.431668140489,-0.2660889452682475,54.0256010756557,26.297952166337296,-4.002697865010651,-1171363.8555143047,299.7533853370533
20650.0,control,0.0,0.0,97.53804108203664,-0.1311844254180443,53.73926198706493,25.9828586674424,-4.621123012009798,-1172553.384914495,300.4427512023541
20660.0,control,0.0,0.0,99.35017555815654,-0.1624679768934128,53.86357269096518,26.458301218418203,-3.4339834651686996,-1172464.345449686,301.02402167254945
20670.0,control,0.0,0.0,100.92777432033722,-0.18957142851703426,54.47983977367257,25.95097813707336,-5.1074687039771165,-1172152.3906601071,301.310631826356
20680.0,control,0.0,0.0,101.75192486255128,-0.20367464224310464,54.26219181086594,26.29043198487789,-4.38208129025963,-1171766.4561800286,299.59455391352907
20690.0,control,0.0,0.0,98.5268283115236,-0.14827249403969256,54.35702345940241,26.32619632202005,-3.950891371498061,-1172658.7534469757,300.6313067333459
20700.0,control,0.0,0.0,99.82013949403121,-0.17055585999382336,54.094839263627804,26.31023371370545,-3.632355883281832,-1172656.594906371,301.4874008981666
20710.0,control,0.0,0.0,94.89701061996628,-0.08536493917938133,54.056733059593846,26.095594712987904,-4.697959849059748,-1172071.6375928186,300.67240705562045
20720.0,control,0.0,0.0,92.84236393067258,-0.04958826371941897,54.691454176414155,26.271837842886722,-2.166382137452705,-1173291.5843723938,298.922337616185
20730.0,control,0.0,0.0,99.32251827621938,-0.16199166073349391,54.31608920839481,25.885618676662443,-4.2758436608689685,-1174555.7028568909,299.39270234468944
20740.0,control,0.0,0.0,99.74872527312995,-0.16932757697757958,54.30393215922712,26.344813791295277,-2.2050985397594296,-1173558.9211734682,299.0406072207554
20750.0,control,0.0,0.0,102.55959810607024,-0.2174550233474157,54.52577085189976,26.28587947267529,-5.3620008265374945,-1173410.079063816,300.11950699760934
20760.0,control,0.0,0.0,106.16414223561289,-0.2783900650341275,54.197666765191464,26.438564613215604,-4.619772923805838,-1174511.2869983856,299.5103149120299
20770.0,control,0.0,0.0,100.31125703767262,-0.17899551789069443,53.01315251773603,26.518031993703936,-5.505498821122856,-1172912.8171366062,300.2841056065535
20780.0,control,0.0,0.0,100.26320110560944,-0.17817026643924427,53.931040750366044,26.594049572019422,-4.053723845497418,-1173640.8011592925,300.8740743977528
20790.0,control,0.0,0.0,102.3904797916139,-0.2145730413321833,54.013039370183044,25.92566262557978,-3.1510780313391775,-1175398.2372757904,297.8734349703846
20800.0,control,0.0,0.0,104.82977519724408,-0.2559481575843072,53.60606381260751,26.27619834606465,-4.3271247133902975,-1174973.6308591086,298.6972100364414
20810.0,control,0.0,0.0,103.2220738926696,-0.22872593621297166,53.83954970116199,26.59544944611503,-3.7205253088106485,-1174895.381287869,301.14630565951944
20820.0,control,0.0,0.0,105.2724534522525,-0.26340928154259724,53.34236973568141,26.2925665179814,-3.266915727889465,-1174034.2419484332,298.76462873412976
20830.0,control,0.0,0.0,99.43523967234516,-0.16393272085197277,53.78844020182106,26.33803684123928,-4.6095359872485275,-1173364.2083876487,302.42884298746986
20840.0,control,0.0,0.0,99.7394980179335,-0.16916885433028858,53.563083953157665,26.201887160488493,-5.311729782190168,-1173882.9217792135,303.3957990592353
20850.0,control,0.0,0.0,101.5661050536619,-0.20049839042269613,53.685624280132025,26.54362258169818,-4.401326878444317,-1174658.0601451192,301.0478337618322
20860.0,control,0.0,0.0,101.92102466978274,-0.2065632350957884,54.40341121120957,25.941801443695375,-3.678600380123749,-1173946.1092708316,300.4602276549146
20870.0,control,0.0,0.0,98.57532503206929,-0.14910951232724617,53.659135619999304,26.280978163930627,-3.925552448743911,-1174793.3798927404,300.57151458900074
20880.0,control,0.0,0.0,99.28649309233234,-0.16137117523807226,53.83596223683766,26.08013464517997,-4.873541627410686,-1174444.0930288136,299.42506074226407
20890.0,control,0.0,0.0,108.74827688652829,-0.3214109871778063,53.22460342335421,26.434590879756684,-3.8086576111575,-1172118.0471516084,300.5571871830443
20900.0,control,0.0,0.0,105.82810720569908,-0.27275224307705626,53.63614405101762,26.79998359940393,-3.5467479751479916,-1173303.9262976702,301.06169661550064
20910.0,control,0.0,0.0,106.83946889812326,-0.2896911895535379,53.96233303217917,26.496423016946924,-2.5011247104894387,-1175279.2723181266,298.1013098227777
20920.0,control,0.0,0.0,98.91812667761096,-0.1550229396187671,54.24546371356448,26.456090077931435,-3.2911945891950767,-1173407.0565671306,300.3218394913746
20930.0,control,0.0,0.0,98.22210361758954,-0.14301075985119022,55.04745859575827,26.29914545106065,-3.5740903886048514,-1174300.158918012,301.6844182790221
20940.0,control,0.0,0.0,104.08092070307546,-0.24329203424983767,53.55437594374994,26.364867426504645,-5.295684659963912,-1175116.3049671985,301.910675269959
20950.0,control,0.0,0.0,103.43645199261134,-0.23236674365653498,54.336337902993776,26.252302881341425,-3.9051576517224103,-1174675.2055917624,300.18574262538823
20960.0,control,0.0,0.0,113.00311444250163,-0.39078116404839425,54.18799706107146,26.748025501000612,-3.158648050488604,-1172740.28186927,302.92178190548964
20970.0,control,0.0,0.0,106.14453726496932,-0.27806140413695113,54.125192792225256,26.1653939931769,-3.0342391511795297,-1175504.4736173693,302.34400411934007
20980.0,control,0.0,0.0,103.94134334063914,-0.240928426968554,52.96879221327935,26.21812398285241,-4.449892884780255,-1172781.670090584,298.7178017188977
20990.0,control,0.0,0.0,107.47069861175062,-0.30021802391772995,53.79417007835002,26.554305553958176,-4.47664219508925,-1174279.3150994442,301.744041507751
21000.0,control,0.0,0.0,99.66376470595745,-0.16786596221167294,53.79360368793555,26.540290289789638,-3.939883686178077,-1175393.2107730191,297.90535476015737
21010.0,control,0.0,0.0,102.63927107938846,-0.21881209285651426,52.753092518384335,26.52182455400073,-2.811811289261631,-1173851.41167547,301.55675869194437
21020.0,control,0.0,0.0,102.98752699288721,-0.2247389334832714,54.462418760047,26.279772095110797,-4.856497673339501,-1172386.0451741219,299.44092066617907
21030.0,control,0.0,0.0,108.29086327466906,-0.31384105094959525,54.14545262405138,26.514947333576234,-4.4744213795099,-1174830.008632239,300.13444704260024
21040.0,control,0.0,0.0,98.4995369844684,-0.1478014187436767,54.61688615792277,26.060937798923213,-3.3141241923831695,-1173267.248820372,298.7348684538215
21050.0,control,0.0,0.0,101.21664648933573,-0.19451934585209607,54.62945848371576,26.025985338111703,-3.9883610782080625,-1173004.4631007276,298.42582487542273
21060.0,control,0.0,0.0,102.96993347717085,-0.22443971313676808,54.021714825511474,26.904914037861587,-3.5022308339916917,-1173702.3294896241,299.429581272912
21070.0,control,0.0,0.0,100.89149260657005,-0.18894963768671907,54.386643439946475,25.95220180832068,-4.0854719308155705,-1172714.8147050813,299.33696249358246
21080.0,control,0.0,0.0,96.66719314739596,-0.11610204081097517,53.29512893457235,26.320014635776197,-3.2954396001376987,-1174291.4731628187,303.2350132264659
21090.0,control,0.0,0.0,106.80418857553056,-0.28910178047208085,53.2648137009549,26.29203168026303,-3.2898791062467634,-1173227.325189652,298.74430034015637
21100.0,control,0.0,0.0,100.91422131447771,-0.18933916791855,54.03333739649387,26.560714175279763,-3.8259968772991986,-1173942.120581558,301.64136958630866
21110.0,control,0.0,0.0,99.50753245861648,-0.16517726765774227,53.89926979620429,26.030423783273086,-1.7526862520712,-1173370.7659729887,300.034370568974
21120.0,control,0.0,0.0,98.30818934601203,-0.14449763348745762,53.09121887457781,26.174934761534242,-1.7615494148122286,-1173423.0889591593,302.1831989269174
21130.0,control,0.0,0.0,101.97998059785604,-0.20756990897796734,54.8104629677935,26.176703178543782,-3.5481701617801207,-1173145.8051089551,300.6441315425735
21140.0,control,0.0,0.0,96.76038622218331,-0.11771741279267707,54.85397816243894,25.858330915851525,-3.3510706419940863,-1173660.5891104005,299.618649900838
21150.0,control,0.0,0.0,102.43818909153971,-0.21538625628715885,53.885561554130085,26.129345785510655,-3.1352047897802624,-1175344.6037770025,300.0578387591495
21160.0,control,0.0,0.0,103.20550061242824,-0.2284443363302721,53.59745876509513,26.559314208513747,-3.011460180296247,-1174428.8523444086,299.7230146520958
21170.0,control,0.0,0.0,102.90644887286501,-0.22335982793096604,53.46500043951674,26.391903947168846,-3.6516118651529066,-1173170.9422714766,300.28508957941347
21180.0,control,0.0,0.0,102.9104147787742,-0.22342729678947026,53.25123712458697,26.19890452527374,-4.10218244219544,-1172498.0645215176,301.8618360283269
21190.0,control,0.0,0.0,100.42823434877181,-0.18100380997184495,53.51774318240586,26.260619641401746,-2.5186208429590886,-1174094.125960229,300.1974988408344
21200.0,control,0.0,0.0,99.58245132914887,-0.1664667459759161,53.275974377936365,26.441116061897397,-3.076314212012062,-1174324.884171212,301.5304454244527
21210.0,control,0.0,0.0,99.1914869484059,-0.15973451645164233,54.389348564041235,26.159146887332668,-1.5826301323744154,-1172577.3158604968,301.7458020067574
21220.0,control,0.0,0.0,100.02683817298464,-0.1741094568150744,53.30576775581394,26.407037985396254,-2.411850287835734,-1175176.9383010957,298.5634669919038
21230.0,control,0.0,0.0,97.63124710536692,-0.13279694469690903,53.21551973685662,26.410994898508193,-2.1456644098810935,-1176211.417375639,300.4211287705756
21240.0,control,0.0,0.0,100.01724504915704,-0.17394458007809335,53.53047850866983,26.47463952190873,-2.7624084448571864,-1174377.2709679548,299.868512660186
21250.0,control,0.0,0.0,103.15346792572615,-0.2275601145616942,52.90219784370383,26.527167855100014,-3.7560352367641086,-1176378.8716723863,300.65322434579286
21260.0,control,0.0,0.0,102.95154063608483,-0.2241268757006578,53.77909102041348,26.54828076242227,-3.112208120739295,-1173231.2699034568,300.6096936141288
21270.0,control,0.0,0.0,101.23846712057359,-0.19489289901491091,52.74626777787656,26.461257474725212,-3.5336927547634387,-1175010.9339177348,298.0129583892151
21280.0,control,0.0,0.0,100.70630708332399,-0.1857747796582493,53.236419927315055,26.415226775211373,-3.9571072993909153,-1173981.8899734821,299.654225331564
21290.0,control,0.0,0.0,100.14648601197155,-0.17616542915424985,53.684857727633116,26.296045745604058,-2.7171329297461684,-1174974.5576490927,298.46550652539383
21300.0,control,0.0,0.0,96.47850787415544,-0.11283050870387498,53.470383629996554,26.440162176653935,-3.3913553728553616,-1175260.307343891,298.86033649486967
21310.0,control,0.0,0.0,100.09006758497985,-0.17519605653864417,53.73137981528927,26.630127943130034,-4.895105412288486,-1174454.2233538833,301.148842027424
21320.0,control,0.0,0.0,99.12627903057924,-0.15861093348287192,53.700358364145245,26.16482060924807,-3.889100286837489,-1174510.7443644572,299.1372217239138
21330.0,control,0.0,0.0,98.01052489831018,-0.139355005041261,53.60724704255859,26.142253153024043,-3.477273574322676,-1174220.3457486872,300.4922727071116
21340.0,control,0.0,0.0,99.79004650033026,-0.17003831021662358,54.19247887733551,26.069577420900732,-3.9472758349309327,-1175297.978389591,300.85911827436917
21350.0,control,0.0,0.0,100.51294522638767,-0.1824576743288251,54.37212450428762,26.154395275161505,-3.0235110791199205,-1174987.1965201907,298.7967234407399
21360.0,control,0.0,0.0,98.01129413670868,-0.1393682997696248,54.098868737242505,26.0140892247753,-3.2789050693679975,-1173691.3183515016,301.01583658665203
21370.0,control,0.0,0.0,94.99106286121255,-0.08700035275096209,53.815865106532016,25.996510901529238,-2.7924525506251188,-1172618.000064969,300.8299591878956
21380.0,control,0.0,0.0,98.96647458384173,-0.15585651330612096,54.21906754146726,25.837503862339712,-3.7582891230675104,-1175083.3632694408,301.24394266861253
21390.0,control,0.0,0.0,98.32662843054747,-0.14481607125271978,54.475200586273466,26.195267070116575,-1.7587920966776114,-1173433.496026095,299.17221192645354
21400.0,control,0.0,0.0,100.09357590418358,-0.17525634089508768,54.79048914363239,26.037976946726484,-2.70748697039215,-1172478.7483307365,299.5479340870123
21410.0,control,0.0,0.0,103.91356408812152,-0.24045784121957423,54.51118466891706,26.18786361091828,-3.5337926794280694,-1174792.6314417496,300.4067996965353
21420.0,control,0.0,0.0,104.12370084744447,-0.24401618607859593,54.4957361350366,26.575570286739342,-3.892880938510751,-1172846.5476962905,302.6529756700626
21430.0,control,0.0,0.0,101.21020922453664,-0.19440913922015318,54.6806655734969,26.349717819063258,-4.077563468326089,-1175146.7848781832,299.8136043114305
21440.0,control,0.0,0.0,96.31627144877363,-0.1100165819869506,54.35383793021866,26.270831264706505,-1.9167767471825838,-1173432.6982491836,299.6041497976224
21450.0,control,0.0,0.0,98.76708950460295,-0.15241817615123354,54.343977630390484,26.012899471491753,-2.8339094832696308,-1174584.2085745633,300.78514215437946
21460.0,control,0.0,0.0,94.97811728373519,-0.0867752642938683,53.9256752168965,26.01370352623064,-5.28701331039515,-1174244.646234136,299.5485803748797
21470.0,control,0.0,0.0,102.15859159186786,-0.21061835009614704,53.48330312786577,26.009525616918562,-3.560942777516658,-1174029.5620154496,301.4100327981064
21480.0,control,0.0,0.0,104.64868853378705,-0.25289160240795955,53.826821843092354,25.701190742037525,-4.098575678724486,-1172698.69529989,300.82330773534335
21490.0,control,0.0,0.0,97.21286511679246,-0.12555599849531807,54.54837294394117,25.886734002870575,-3.195973805207986,-1174172.6346877348,301.63339952859405
21500.0,control,0.0,0.0,104.4289416386074,-0.24917911281172062,54.455462786639956,26.321013466469797,-2.757308439389429,-1174259.7010222971,302.1646015250378
21510.0,control,0.0,0.0,105.86960166128392,-0.27344892725122355,53.55641513951905,26.074960898343736,-3.3527939682479735,-1173702.2899244428,299.9652408568267
21520.0,control,0.0,0.0,106.49058521000322,-0.283857788489927,53.807659143401935,26.06265088241234,-3.1618735116487526,-1174320.5918524396,298.9862842384629
21530.0,control,0.0,0.0,107.70995085766411,-0.30419851004089293,53.81238656179625,26.142687977773132,-2.72442838310008,-1173803.4398929365,299.6561146397986
21540.0,control,0.0,0.0,102.59984382170889,-0.21814058121703406,53.52337237676283,26.324160070711965,-1.4914148206544526,-1174853.222778853,301.219244541192
21550.0,control,0.0,0.0,101.71130076889087,-0.2029804290340719,54.09674164812033,26.462926036116162,-4.760945232181771,-1173665.3747117817,301.66059566437525
21560.0,control,0.0,0.0,101.32007280016359,-0.196289677271889,53.38274022744226,26.494027185308,-3.2893305614190256,-1175142.8997347336,300.6581763137858
21570.0,control,0.0,0.0,98.1068877787306,-0.14102024603600471,53.843012669385864,26.207784192146686,-2.2101133593376687,-1174779.1456906013,301.616118014962
21580.0,control,0.0,0.0,103.70837420246181,-0.2369801426338372,54.05109850059062,26.11436104819822,-3.1590397563619668,-1174808.6817477103,299.8311867930513
21590.0,control,0.0,0.0,104.04044048660542,-0.24260668906483254,53.754528865012965,26.639227504175203,-3.9677671316119048,-1174379.2534145415,301.09586326694694
21600.0,control,0.0,0.0,102.39065805431858,-0.21457608013437682,54.579801624491516,26.10383237623516,-3.319116855355996,-1174862.1074305791,301.6293755224663
21610.0,control,0.0,0.0,102.32106562663155,-0.21338959688377096,53.842368350518186,25.976525080119483,-3.1693481417856146,-1172785.1282627452,299.6423720162883
21620.0,control,0.0,0.0,96.97342899761574,-0.1214090355727312,53.822151112347896,26.007331268086375,-2.397172667286922,-1173256.024503084,300.39672828826514
21630.0,control,0.0,0.0,97.62023534526627,-0.13260645296423557,53.843314616760786,25.816826915558366,-2.9274910217730277,-1174340.7907334063,301.85160203702424
21640.0,control,0.0,0.0,98.95039778219375,-0.15557934298281484,54.017542051309256,26.12463880159211,-3.3332178905372096,-1173245.9449370839,301.3018717719415
21650.0,control,0.0,0.0,100.87788243222997,-0.1887163689069218,54.79005416351397,25.97886910545209,-3.165018163481336,-1175526.3322154507,300.6196330302512
21660.0,control,0.0,0.0,103.92727544070137,-0.24069012117574898,55.88993648053447,26.103579243532185,-3.985673488942899,-1174118.4198759254,300.93603379335167
21670.0,control,0.0,0.0,101.69063377417731,-0.2026272176464783,54.12070201934888,26.082760585203754,-4.215123344125846,-1174502.2182877846,299.4743369915621
21680.0,control,0.0,0.0,104.48519044428943,-0.25012975324025966,53.539795092475266,26.011451947535566,-3.3768223958895422,-1174498.234683454,301.43586082925555
21690.0,control,0.0,0.0,106.82371095704143,-0.2894279437981695,54.16576998380845,26.324171626443317,-3.409203631944716,-1173136.8041440342,300.0440541846699
21700.0,control,0.0,0.0,99.9737279690464,-0.17319659213970312,54.04425147778801,26.429792287759533,-2.150101836602662,-1174806.2056004982,299.5482564128149
21710.0,control,0.0,0.0,102.73050914118622,-0.22036563063879633,53.67044421572115,26.349018753288814,-3.868451374016498,-1175370.9711016025,300.1342307026445
21720.0,control,0.0,0.0,100.33418884210302,-0.17938927518690684,53.99863326109715,26.4503796099246,-2.6178475858699954,-1174757.0927107744,300.30694040239086
21730.0,control,0.0,0.0,103.37273284329383,-0.23128493161085434,53.49779067321218,26.30284203126455,-4.184421442488715,-1174469.6016141642,301.03955985840224
21740.0,control,0.0,0.0,104.68295636812493,-0.25347020264871584,54.765111222155355,26.309464372932393,-4.1543427031234845,-1173475.140812222,299.5300377230864
21750.0,control,0.0,0.0,99.04888634249258,-0.15727713098374943,54.41242299600871,26.36170958010095,-3.3662730227181807,-1173993.0343292616,300.38666102800266
21760.0,control,0.0,0.0,101.26818102827156,-0.1954015338018449,54.370778001483075,26.12320107940481,-2.5238562234907134,-1173579.5024204776,301.15745826921966
21770.0,control,0.0,0.0,103.94939941654562,-0.24106488781690885,53.96678238946861,26.826728994800295,-2.487130605824671,-1174085.2334154733,301.4435757599973
21780.0,control,0.0,0.0,100.33556102596648,-0.17941283576316522,55.091350555964205,26.294289627181527,-2.8731704088222676,-1171615.721770011,300.23126733360897
21790.0,control,0.0,0.0,103.63572280507047,-0.23574806615545005,55.23713499631499,26.5811682027287,-1.7747711246315676,-1174054.0394500028,297.8952309832858
21800.0,control,0.0,0.0,100.82131116018441,-0.1877466632725972,54.011760836410744,25.902879088996325,-3.752890537514995,-1175567.355306996,297.99160219664
21810.0,control,0.0,0.0,101.0994133764978,-0.1925119195395102,54.371489845292714,26.452740585149005,-3.2004983137869587,-1174125.4711409342,299.70054824966195
21820.0,control,0.0,0.0,102.60581464890596,-0.21824228095944975,54.834084741813676,26.53382740512946,-3.826540222097357,-1175539.5965915993,300.1539871382186
21830.0,control,0.0,0.0,101.81646202415799,-0.20477728817198085,55.03388039108695,26.33744013355043,-4.107850142626463,-1173114.1874035597,296.7439666867616
21840.0,control,0.0,0.0,108.46479698566658,-0.3167219384299396,54.18354243192488,26.45487381500825,-4.103456907695576,-1173602.5606937576,300.7368552672715
21850.0,control,0.0,0.0,97.68762105132306,-0.13377207699090393,53.67646562628927,25.958413405148985,-5.131739232300639,-1171762.7217175066,302.71760466480043
21860.0,control,0.0,0.0,103.16454063283604,-0.22774829527056925,53.661457451181086,26.07256985381178,-2.971328970281186,-1176066.1367123555,298.7252232022143
21870.0,control,0.0,0.0,103.17767995332026,-0.2279715870474987,53.09146914740282,26.077650340889033,-3.5851673389665537,-1174585.1940618511,301.3388067288024
21880.0,control,0.0,0.0,101.74664859027637,-0.20358448335356594,53.18023832182875,26.388169118024425,-3.0640053014961346,-1174484.6939482838,301.3651712708575
21890.0,control,0.0,0.0,98.88041592631896,-0.1543726860987592,53.699782668176304,25.948979083150856,-3.409351160458983,-1172426.007459933,302.89091318947044
21900.0,control,0.0,0.0,102.03045783668374,-0.20843163444309643,53.95106322360742,25.983323874459494,-4.737609854835327,-1176247.7929908764,300.69127749049466
21910.0,control,0.0,0.0,104.911795576118,-0.2573317371329649,54.455028436857965,26.096176552672333,-3.226244079576075,-1174264.0019124057,300.39251571646577
21920.0,control,0.0,0.0,103.3152011436563,-0.2303079231819671,54.54945121964513,25.885815479402435,-3.299824149399112,-1175235.926867837,300.4269684242514
21930.0,control,0.0,0.0,97.306158177402,-0.12717121714967056,55.511971439745786,26.41537869260965,-4.27628121192054,-1174313.97615687,299.7508711608725
21940.0,control,0.0,0.0,103.22864033895101,-0.228837502708536,55.00390123533521,26.661629339560967,-3.687569377398513,-1175562.4364857655,299.31561535998753
21950.0,control,0.0,0.0,101.98357177985068,-0.2076312214059793,54.92151573148944,25.940676916640903,-5.494564000605581,-1174313.021486733,297.5669069281886
21960.0,control,0.0,0.0,98.6093802290228,-0.14969721656105278,55.009278874834244,26.71851280166517,-4.518703825838195,-1175522.654363973,301.2099850176353
21970.0,control,0.0,0.0,103.30880395417518,-0.23019927117880812,54.100247425438226,26.397925865585396,-4.810874962611303,-1175013.0544968173,299.986860562948
21980.0,control,0.0,0.0,101.96523699181101,-0.20731818211842762,54.22774285969863,26.854970723966375,-3.799445369522994,-1175062.45895762,299.66307238707157
21990.0,control,0.0,0.0,100.94459094178518,-0.18985960360745058,54.78216708018397,26.37043641375188,-4.5440856142633885,-1174534.4649136215,301.4944456838405
22000.0,control,0.0,0.0,104.87660554006125,-0.2567381903736651,54.41156195294728,26.769756811704436,-4.495486567126759,-1175148.192639539,299.41947236356606
22010.0,control,0.0,0.0,107.23294181018515,-0.2962572317936822,54.91738309666391,26.793643993349587,-4.418158470284953,-1174017.1213967968,299.3314021258298
22020.0,control,0.0,0.0,99.96317140180751,-0.173015126817399,54.69426754556447,26.258546703507722,-3.351482733550635,-1174287.126363529,300.1568756660205
22030.0,control,0.0,0.0,97.39655160787522,-0.1287359118255774,55.47137326173534,26.057940440840767,-2.9408741752392737,-1174942.833191866,298.9721572529261
22040.0,control,0.0,0.0,98.15677062949253,-0.14188211211191254,54.721528855001694,26.024270561671003,-4.211329782259306,-1174634.2605188545,300.4778755711699
22050.0,control,0.0,0.0,97.36405062488535,-0.12817336211071895,54.50232849472678,26.483490739420823,-3.770761402849362,-1174252.0099685062,301.54192722091267
22060.0,control,0.0,0.0,99.16068219497737,-0.1592037523667366,54.94543876586555,26.29915371782434,-3.4872324886085515,-1174254.3722373117,298.64078412486805
22070.0,control,0.0,0.0,95.90554628926209,-0.10288882454173515,54.727288287781526,25.952304806222497,-2.129678660035811,-1173093.8933860306,301.7345311751578
22080.0,control,0.0,0.0,97.94180986311318,-0.13816730371783256,54.60897708106809,26.708455686227296,-2.2617535924297094,-1173976.5637484826,298.8093019112009
22090.0,control,0.0,0.0,95.89857807876534,-0.10276785100963143,54.5745017027441,26.116807710813863,-3.5960460279643707,-1173247.4819487054,298.4259160820324
22100.0,control,0.0,0.0,102.46833630247271,-0.2159000448138296,54.53019003809382,26.45203708213624,-1.620053469702289,-1175197.0481904913,302.6950456230825
22110.0,control,0.0,0.0,101.13933437190481,-0.19319559255028795,54.9109501162083,26.698983407624123,-4.452402310326247,-1174764.0946381092,301.57603252907427
22120.0,control,0.0,0.0,102.20746682510257,-0.21145217216714818,54.56755655362333,26.442128213052847,-3.0173535597141123,-1173994.8757525254,301.09455177877857
22130.0,control,0.0,0.0,100.31422519502925,-0.17904648512682766,54.53763106024576,26.216885603402662,-4.068840955087025,-1174203.5489708297,300.10533895055624
22140.0,control,0.0,0.0,100.84782661823972,-0.18820119576946187,55.68448264258234,26.236832858991157,-3.250683922771537,-1174488.5951682571,299.61668738566186
22150.0,control,0.0,0.0,100.68368497025483,-0.18538680789886833,53.78967794341087,26.07558329427234,-4.215315988279549,-1173460.8500756659,301.22391601744255
22160.0,control,0.0,0.0,96.73417748567245,-0.11726315218863875,54.3787026574556,26.184422214452557,-3.472969083554024,-1173962.018266473,301.45106672378
22170.0,control,0.0,0.0,97.77575207498506,-0.13529626973558376,54.483882689315514,26.325433988390632,-4.751581898119085,-1174638.7266773954,301.342141550041
22180.0,control,0.0,0.0,103.59385092474022,-0.23503779932991836,54.67472043441529,26.304183979734027,-4.211302631712361,-1174114.6036960185,300.69544918820856
22190.0,control,0.0,0.0,100.16376242564536,-0.17646223568222735,53.90882167634174,26.337217581785076,-3.493443947557724,-1174610.3046162687,299.6043504798992
22200.0,control,0.0,0.0,97.58463577512977,-0.13199058480249232,53.5687804942858,26.48303969225558,-4.000287596171031,-1173312.3325627018,299.2919871730427
22210.0,control,0.0,0.0,98.8664698987586,-0.15413219519029148,54.06060265940769,26.061218431031833,-3.516383214180175,-1174862.4560033847,297.2044323347267
22220.0,control,0.0,0.0,102.61872180681132,-0.21846211754531158,54.46912520307166,26.383076969466586,-4.485086468657006,-1174566.766146142,302.1605168226617
22230.0,control,0.0,0.0,101.36102627971691,-0.1969904948984244,54.18557217290582,26.43263753354084,-4.098550934457326,-1175386.246488504,300.59946916154354
22240.0,control,0.0,0.0,104.299983581738,-0.24699873504863012,55.15866635377131,26.21875831211555,-3.4390349929521298,-1174435.5095719043,303.3138653113155
22250.0,control,0.0,0.0,106.37551493619983,-0.2819314730621276,54.45831328348116,26.205106818872416,-4.783166857090391,-1173525.078673331,300.55422962213686
22260.0,control,0.0,0.0,100.10358170948888,-0.17542826962585184,54.74608794039277,26.33324467509017,-5.2099049761990885,-1175786.1537616067,300.2762810706508
22270.0,control,0.0,0.0,101.62674443506609,-0.20153514383890514,55.38973083489665,26.51900279194299,-2.482462400436191,-1174339.3432050552,299.7910529917425
22280.0,control,0.0,0.0,109.99107074889137,-0.3418736929346093,54.427264566301204,25.96199275475778,-4.78050472746529,-1173108.4801630601,301.4918192444186
22290.0,control,0.0,0.0,98.13606179226356,-0.14152432191726805,55.53324492604349,26.503023213499212,-3.241337068696158,-1173614.7708897386,299.34233411499304
22300.0,control,0.0,0.0,101.66840908040739,-0.20224735482584225,54.500638146940865,25.94917487306133,-4.821226842269195,-1174562.433097845,300.20122424258454
22310.0,control,0.0,0.0,104.65528302039463,-0.2530029550132471,54.846554481871806,26.966510427448917,-2.732942424680912,-1175708.6090050768,302.18428101486205
22320.0,control,0.0,0.0,98.11469621263569,-0.14115516569301695,54.95823679674863,26.455906544658315,-3.6236340120869643,-1174595.5588064697,301.10594599538035
22330.0,control,0.0,0.0,100.23169248145469,-0.17762910933858841,54.7528641128811,26.477116920355865,-4.094435986108561,-1172994.7699227072,299.47117355129444
22340.0,control,0.0,0.0,98.3539016340331,-0.14528704424086958,54.879771303423084,26.510952355330744,-5.004748026939755,-1176209.5234671123,298.39334828753977
22350.0,control,0.0,0.0,102.97256921054912,-0.22448454151503774,54.01224108625828,26.167669621043206,-3.7775925550922587,-1175316.7828685772,300.79411381291163
22360.0,control,0.0,0.0,102.23708440209174,-0.21195737961648708,54.265366695158875,26.139026946447764,-3.2082996524746283,-1173474.214451801,302.70364281949816
22370.0,control,0.0,0.0,101.36174572115357,-0.19700280546273508,54.840351352695095,26.544441078005324,-2.630419721876617,-1174103.6302154697,299.93310532435027
22380.0,control,0.0,0.0,106.60737768042661,-0.2858117632648541,54.14396032786478,26.479201083326764,-4.298886664934703,-1174250.522499008,301.11031760627924
22390.0,control,0.0,0.0,102.84933073180105,-0.22238800309123546,54.226062843697754,26.294829216468514,-2.2755813506192917,-1175230.572269829,301.04240463686875
22400.0,control,0.0,0.0,99.2064572043288,-0.15999243641608601,54.22891108474997,26.151143764307985,-5.38333150113749,-1175209.5952777285,300.0791364667123
22410.0,control,0.0,0.0,105.23969307867168,-0.2628576548883096,55.11915739413918,26.324242422412592,-3.5492370531146014,-1174878.788153205,299.49592470156045
22420.0,control,0.0,0.0,96.62141419667047,-0.11530841377795298,54.05854727547758,26.56561525541939,-3.564857464620866,-1173344.658946937,298.9683192911744
22430.0,control,0.0,0.0,98.82890139631087,-0.15348430343068944,53.90315117960179,26.194796845503465,-2.5610330048237264,-1174112.5977803525,300.7012302363298
22440.0,control,0.0,0.0,97.45766712306038,-0.12979362952315332,54.89705174295242,26.019392908031815,-3.1124114290607423,-1174367.8141449485,300.8423424038279
22450.0,control,0.0,0.0,96.14173574969851,-0.10698834493798426,54.43160884121545,26.244776963538683,-4.959973020665235,-1174781.62636102,301.5435062951019
22460.0,control,0.0,0.0,100.64480701744674,-0.1847199791985653,55.568953854990134,26.166386079662946,-2.9073108798737755,-1174005.6843275297,301.3823769281905
22470.0,control,0.0,0.0,103.32122575460177,-0.23041024456173126,55.78262937009863,26.21645127421555,-3.9515013865531747,-1173978.0021978002,299.0649220000341
22480.0,control,0.0,0.0,109.03196247403105,-0.3260955616959156,55.23168416401913,26.27975907880169,-4.400181655373093,-1173883.3960179836,300.1262289500246
22490.0,control,0.0,0.0,105.68814717926726,-0.27040128742590996,55.08949136628676,26.436148159327875,-5.178302962618837,-1173309.838994708,300.9276949231772
22500.0,control,0.0,0.0,102.9120678025679,-0.2234554180756364,53.93419099173751,26.455754268020186,-5.023204449994667,-1173261.5884093978,301.5707302272302
22510.0,control,0.0,0.0,100.1006786141221,-0.17537838658534433,54.94222269868561,26.443587265804958,-6.298845386957413,-1173891.7613515314,300.3363242479655
22520.0,control,0.0,0.0,107.12954466665462,-0.29453314242032436,54.002858401825165,26.85692528415229,-5.322732695760538,-1174373.6284669116,300.9278787141057
22530.0,control,0.0,0.0,96.8803929367992,-0.1197971024915471,53.92037787884049,26.631866920122363,-3.776874212780573,-1174510.3586646412,298.6260195133621
22540.0,control,0.0,0.0,108.1300489498575,-0.3111748878151868,54.74353154689742,26.610965022296,-3.6524733694855946,-1173705.0785276163,299.46103187155865
22550.0,control,0.0,0.0,105.65808617459936,-0.2698961316439459,55.68929670395336,26.398810372859998,-4.6845106470950055,-1173748.7726202738,301.1741230738411
22560.0,control,0.0,0.0,103.30029362665783,-0.23005472448541014,54.940677867966045,26.321708291446562,-4.65793279896323,-1174179.60760797,300.29495793431187
22570.0,control,0.0,0.0,103.29403463449056,-0.2299484131610761,54.29670932870374,26.553513881320853,-3.0726075143186975,-1172568.039504826,300.71235033314406
22580.0,control,0.0,0.0,98.23042637699538,-0.14315452479284652,54.58653358803605,26.69588380265273,-5.6506540280951985,-1172528.742496213,300.61314564819014
22590.0,control,0.0,0.0,99.2352224432199,-0.16048799709744355,55.20667316011356,26.563275514630323,-3.506028524574975,-1171711.7720108014,298.6347959607672
22600.0,control,0.0,0.0,101.81783203215687,-0.20480069255288502,55.1344611317542,26.493569650125423,-3.8976119330583385,-1174926.5314113218,300.15354170059277
22610.0,control,0.0,0.0,99.8896734710689,-0.17175154933267534,54.17437027109288,26.60507750502186,-3.544145184019925,-1174137.7011280973,301.163335548749
22620.0,control,0.0,0.0,94.26777574858305,-0.07441787884640713,55.13734463056591,25.68794313413641,-3.5617985669086902,-1172487.6107767131,299.68762886704036
22630.0,control,0.0,0.0,105.98879995584551,-0.27544944537759286,55.000094394464675,26.874028097324434,-3.8251667229682225,-1171655.9066748265,300.1350388441098
22640.0,control,0.0,0.0,100.45197327868718,-0.18141127329696727,55.47072994282431,26.444451720238067,-2.715087575525616,-1173821.930826122,300.85719863523
22650.0,control,0.0,0.0,99.26077830266648,-0.16092823342504978,54.65555142992471,26.723192510979125,-2.0371056477547906,-1173758.3001199588,300.7363277348779
22660.0,control,0.0,0.0,94.36922029587579,-0.07618339318525699,54.32951967749837,25.934435612265,-3.190733030355992,-1174627.2529411204,298.91840480039747
22670.0,control,0.0,0.0,105.18963262799528,-0.2620145596559672,55.54756463832276,26.821285191478783,-4.79416379962231,-1175356.4311736282,302.6600216446655
22680.0,control,0.0,0.0,100.2369216547584,-0.17771892352825383,55.21148768000309,26.428132818734113,-3.796789457581636,-1174772.115125062,300.65270762275225
22690.0,control,0.0,0.0,100.98652102454798,-0.19057805984825232,54.61398781591378,26.059948880203248,-3.443495854635996,-1174921.2448383905,302.8368374614217
22700.0,control,0.0,0.0,104.62095965145569,-0.2524233438296848,55.20778454700901,26.40804893802482,-6.539919638129462,-1172983.6177362166,300.7739120515042
22710.0,control,0.0,0.0,96.32265210693795,-0.11012726879389433,54.76548253658581,26.611745086160347,-3.6302484958430528,-1173437.3263213858,299.77842312226
22720.0,control,0.0,0.0,101.47794501140339,-0.1989907151155256,55.14600789018436,26.915404464827535,-4.357729691735116,-1174565.7799186204,302.7026937152155
22730.0,control,0.0,0.0,97.24704897097989,-0.12614787558218776,54.40627559725704,26.19663367073395,-4.310947776798253,-1174150.7670115214,299.14847328257133
22740.0,control,0.0,0.0,93.0434302372158,-0.0530929029560665,54.640593381289065,26.203399792895556,-4.797259839936406,-1173298.6661718097,300.7640188137028
22750.0,control,0.0,0.0,99.86682093061575,-0.17135861043161096,54.243138341622696,26.26650919453817,-4.7245030290236345,-1175083.494033536,300.58305001561
22760.0,control,0.0,0.0,103.20562084535575,-0.22844637930058304,54.214681353495756,26.532486767353724,-5.302728879015452,-1175636.025637338,300.71871066130706
22770.0,control,0.0,0.0,100.04593014471,-0.1744375754439374,55.27150237135734,26.91276924925582,-3.3599195649545486,-1173500.0308811404,299.9601735429833
22780.0,control,0.0,0.0,101.04294836957766,-0.1915447600707305,55.25709321439191,26.05011621284419,-4.601380898165933,-1172853.525207052,301.1840379445775
22790.0,control,0.0,0.0,103.8275920430809,-0.23900110097775204,54.71395784330083,26.908775738131492,-4.404442358452594,-1175595.6486949082,301.3650619706318
22800.0,control,0.0,0.0,103.56080259544791,-0.23447711650648356,55.07178353082155,26.424244220682848,-4.123083431393297,-1173068.8726069815,298.50802282282956
22810.0,control,0.0,0.0,96.24941860449711,-0.10885678789249392,55.36765171788034,26.185386698407417,-3.949508393805636,-1173775.2499887664,301.2018440448744
22820.0,control,0.0,0.0,106.46785448786402,-0.283477358988604,54.848159912607606,26.144138538794177,-3.9137891480172193,-1174061.715202678,300.81781993656523
22830.0,control,0.0,0.0,103.86014671786667,-0.2395527821932403,54.45310517401638,26.708441961532777,-4.554677205064661,-1173807.4402384162,301.0136601618475
22840.0,control,0.0,0.0,103.12998445595466,-0.22716098476624913,54.9412704710117,26.31253690182581,-3.554803515438528,-1174244.5080848709,300.23277200860633
22850.0,control,0.0,0.0,101.00835998722911,-0.19095222188264332,55.432729507802364,26.442633523791088,-5.270414336192476,-1172934.225225268,300.8830139966047
22860.0,control,0.0,0.0,101.62989993588533,-0.20158908736680536,54.61326614189515,26.52352019362723,-4.324292827717891,-1174990.3600589521,300.4283515832056
22870.0,control,0.0,0.0,102.55823303625968,-0.21743176844619339,55.45926356563162,26.461783884843605,-3.2135251480578697,-1171159.6815514956,302.9619962713667
22880.0,control,0.0,0.0,106.42732947279985,-0.2827990071916059,55.3134901642424,26.961942488146185,-5.753388786738085,-1172896.0135551002,299.37193929535647
22890.0,control,0.0,0.0,102.67178839536042,-0.2193658387669658,55.286617776407084,26.686486185441797,-5.9929217828155945,-1176191.1274410542,300.4429282884027
22900.0,control,0.0,0.0,109.40171222422634,-0.33218931895439574,54.77056920251579,26.473473739054526,-4.407497482872341,-1173887.8832057025,298.57678022386466
22910.0,control,0.0,0.0,107.96738835954486,-0.3084756215247374,55.485966066044064,26.689704704392543,-5.668370601030458,-1173070.3552457541,300.0874082610786
22920.0,control,0.0,0.0,105.7140016253846,-0.2708356951726819,54.58282807953203,27.142217075754996,-4.162716641272293,-1173809.8922088575,301.48900620332
22930.0,control,0.0,0.0,101.17795118364712,-0.19385684132740277,55.506740087678686,26.115921180113226,-3.220319012931382,-1175012.8686241843,299.1656577175006
22940.0,control,0.0,0.0,105.76309870009173,-0.2716604749012686,54.97870102248143,26.955421371179934,-4.372530420890992,-1173765.708997449,300.65871085892
22950.0,control,0.0,0.0,105.35380749123732,-0.2647787665939531,55.072378161509306,26.924471012406904,-4.510797989270877,-1173461.0312194824,299.31075635443005
22960.0,control,0.0,0.0,105.98144967032907,-0.2753261191267973,55.730715671454085,26.56679863269075,-5.169724138356664,-1173880.729956206,300.049768171343
22970.0,control,0.0,0.0,104.89771767458491,-0.2570942982359944,55.35575756407275,26.268891149739527,-4.232060535647266,-1171072.3709326144,300.87610693195677
22980.0,control,0.0,0.0,101.40009135700764,-0.19765890340222408,54.82773531716524,26.983868211872732,-3.782190401610441,-1174930.7808909565,299.5557457269002
22990.0,control,0.0,0.0,104.02542914652956,-0.2423525106717041,54.74235695601112,26.805386595493832,-4.716621541535086,-1175135.4710537083,300.9384131613697
23000.0,control,0.0,0.0,108.4898965193851,-0.31713742502505393,54.70107363460916,26.068582743426955,-3.8628774270095496,-1173679.3567797001,300.9285136998653
23010.0,control,0.0,0.0,99.88208138459834,-0.1716210099324694,54.329102117947144,26.748665766750097,-3.3962575680459084,-1173606.502704721,300.68204446300456
23020.0,control,0.0,0.0,97.28195931156907,-0.12675228508739717,54.139617062930796,26.801044019857603,-3.9084984849271844,-1175554.0737690497,300.7755466234478
23030.0,control,0.0,0.0,98.9786639875349,-0.15606665519649007,54.7354025081208,26.272294148207077,-2.2279100581413287,-1173616.8978410661,301.7036646439953
23040.0,control,0.0,0.0,104.66011981266404,-0.25308462556666467,54.100849271509475,26.127527481012294,-5.481911388375427,-1175602.3065569624,301.24589157772715
23050.0,control,0.0,0.0,97.00717347959826,-0.12199361005941159,54.00255228967291,26.269854241983847,-3.269314680354504,-1174238.5012630112,300.6162865988963
23060.0,control,0.0,0.0,109.3428179417646,-0.3312196160785433,54.68373364934873,26.342969879893584,-4.822261341132419,-1173243.3335822988,301.25898737649237
23070.0,control,0.0,0.0,100.70620506080873,-0.18577303002571058,54.36054463294567,26.230122031811995,-4.260412592986369,-1173953.7383087222,302.1619468932408
23080.0,control,0.0,0.0,100.5939408918181,-0.18384740280731304,54.214896222407056,26.447362140460633,-3.9920188753722057,-1173423.7824445255,299.58042588624033
23090.0,control,0.0,0.0,100.6729626229756,-0.18520290834953748,53.388721591132004,26.180894643896536,-5.491296173404407,-1174161.6464382447,299.63928122781505
23100.0,control,0.0,0.0,96.83404377159462,-0.1189939435493632,54.08042026419595,25.91640408074611,-5.218723235610559,-1175645.6633739807,299.4594805554316
23110.0,control,0.0,0.0,101.91360083438671,-0.20643645740286443,55.26893050982622,26.321484652989472,-4.797600457738368,-1174318.4819916598,300.40271303146005
23120.0,control,0.0,0.0,100.10755019342552,-0.17549645819860107,54.90119408128692,26.096887661854957,-4.891873972575338,-1172485.04059075,299.62160776108834
23130.0,control,0.0,0.0,103.95823605602304,-0.24121456505170724,54.536806573464986,26.43513446318297,-4.416223315808885,-1174468.937178027,299.87464553552815
23140.0,control,0.0,0.0,99.23263834217268,-0.16044348047222629,55.35215997312238,26.194947991143295,-4.7645291532147676,-1174544.2399139255,298.5218720154828
23150.0,control,0.0,0.0,96.95804276722316,-0.12114247732928382,53.95508062482193,26.1619688806896,-4.426017299588536,-1173563.8368302751,300.38353100527974
23160.0,control,0.0,0.0,95.25451500569018,-0.09158008951536006,55.24460008352499,26.119479288630714,-4.208861664749198,-1175448.72983245,300.2109162387246
23170.0,control,0.0,0.0,96.20514659861841,-0.10808865497117923,54.654806629170984,26.09083535256726,-4.219001679564868,-1174393.5507164784,301.1342040221252
23180.0,control,0.0,0.0,94.42092347341872,-0.0770831302189866,54.02522077337719,26.870360113348415,-5.248055914063296,-1174231.4630140346,298.65402527904274
23190.0,control,0.0,0.0,97.50227515583921,-0.13056556136186376,53.799894215137776,25.973668846798,-6.006888373103234,-1173688.413073115,300.01676355125085
23200.0,control,0.0,0.0,93.72327728667699,-0.06493772139771846,53.423649115505114,26.54736640525735,-4.115571222666673,-1173937.8381211385,299.7354354758109
23210.0,control,0.0,0.0,96.15019064898796,-0.10713506261578959,53.77804334867203,26.34297930131164,-3.8878555118359026,-1173191.895304393,298.6306014329005
23220.0,control,0.0,0.0,100.15110777075574,-0.17624483193626114,54.65780094897939,25.85808781365785,-2.218257762966431,-1174874.5850880817,298.8863011665808
23230.0,control,0.0,0.0,103.08246885239015,-0.22635328332022167,53.61434248206125,26.51204671554829,-2.939420225735942,-1173290.3192598224,299.65704042759353
23240.0,control,0.0,0.0,101.43491529443506,-0.19825466800239708,53.300609072613106,26.45854133616371,-5.130460725524285,-1174160.894981254,300.3551538491462
23250.0,control,0.0,0.0,100.87961384301242,-0.1887460446568422,54.279498902972136,26.302381560270536,-4.445515875224185,-1174913.6165276524,300.787690803595
23260.0,control,0.0,0.0,98.37319938089051,-0.14562027151616594,54.93635720151841,26.26134229321608,-4.906970503602092,-1173432.5656286795,299.1276416439492
23270.0,control,0.0,0.0,99.77108981713042,-0.16971226249275845,55.21180595564615,26.26978492069571,-4.8620423727457185,-1173830.431955222,300.5036276040679
23280.0,control,0.0,0.0,101.12825648961253,-0.19300588599887353,53.93248129192398,26.714886783638573,-5.403903655443123,-1173475.1113926042,301.34556961106057
23290.0,control,0.0,0.0,100.35164422287346,-0.17968897868078215,54.89199530313268,26.716930738299286,-3.7159493364896665,-1174056.1868619025,300.38339496201206
23300.0,control,0.0,0.0,104.57068200101513,-0.25157415272816275,54.278689314239,26.62017700644338,-6.7546679509296945,-1172296.8267675973,301.40136663044336
23310.0,control,0.0,0.0,99.34680728333704,-0.1624099701882904,55.07019713030317,26.377940742361908,-3.303307128552552,-1172898.0416110307,300.3999821384168
23320.0,control,0.0,0.0,92.8879879011661,-0.05038355677928494,54.24346171466067,26.709093110015182,-3.921896238612746,-1173589.9747479837,298.3599494796545
23330.0,control,0.0,0.0,96.52069085371234,-0.11356200854689014,54.75438251164841,26.068607291170142,-4.942572763125247,-1172448.9898511209,300.29107327605857
23340.0,control,0.0,0.0,98.11759909446,-0.14120532307489958,54.71394906736651,26.572803112805644,-4.6621034272544195,-1175765.784157768,300.51223118560347
23350.0,control,0.0,0.0,103.37069063608612,-0.23125025465292515,52.97074546836113,26.31837478986895,-4.0885090290703126,-1174033.9338617343,300.2658533751547
23360.0,control,0.0,0.0,103.26729453514838,-0.22949419167769838,53.55665764727711,26.69220370506579,-3.184433351451599,-1173916.1933871321,298.30594142819547
23370.0,control,0.0,0.0,104.14415569994858,-0.24436238321226553,53.4850930619257,26.32682826886389,-3.5084723894988077,-1174252.1398940738,300.39545627565303
23380.0,control,0.0,0.0,105.48841815330299,-0.26704358105101844,54.22053812481496,26.32053597942655,-5.180290842832054,-1175095.5136590581,301.1968470183003
23390.0,control,0.0,0.0,101.21712590331595,-0.19452755337026073,53.683040959938985,26.1900219625397,-3.519126716236286,-1174014.8757322729,300.22857841643804
23400.0,control,0.0,0.0,101.56482741741988,-0.20047654421574287,54.29551022918965,26.35474231241877,-5.977836371581764,-1174018.558149252,299.245855139743
23410.0,control,0.0,0.0,107.48708823497141,-0.3004908690738908,53.91493531304327,26.516715253119198,-5.094941915646809,-1173555.1146914028,300.4949920923427
23420.0,control,0.0,0.0,98.9134843259435,-0.15494289430187527,53.638475964700284,25.734271723696875,-4.593037618093669,-1174147.9705498423,301.0904225162996
23430.0,control,0.0,0.0,100.51714798648207,-0.18252979453116322,53.581127274613074,26.314654338646605,-4.076655958731044,-1174114.8706231061,299.857315863662
23440.0,control,0.0,0.0,102.59246262612903,-0.21801485571624185,53.21631827564569,26.34712900259378,-5.757011679121469,-1175126.310009675,300.59871796239264
23450.0,control,0.0,0.0,104.89321220507784,-0.2570183053849051,52.67182526623193,26.41691501466864,-4.349244132323488,-1172637.9514097106,299.7343673508255
23460.0,control,0.0,0.0,101.21453211798152,-0.19448314786892412,53.01289281043827,26.71159708583737,-3.0488378120900674,-1172599.7563927323,300.2928775603024
23470.0,control,0.0,0.0,104.7222251657,-0.2541331308878306,53.01122757932837,26.76643764927383,-3.1974135063272655,-1174219.4861334078,300.4306243502137
23480.0,control,0.0,0.0,105.74696598232282,-0.27138948401681356,53.436038692309054,26.920718438208144,-5.219860839698282,-1172936.707847586,299.62106832617326
23490.0,control,0.0,0.0,96.63628818859328,-0.11556627842085598,53.71452374272476,26.595153269569995,-3.702460255857329,-1174550.1156325787,299.63514584950946
23500.0,control,0.0,0.0,102.35098531058061,-0.2138997370951087,53.940655687214964,26.518332813502447,-2.6609896477782216,-1171749.927996371,300.9538572972403
23510.0,control,0.0,0.0,106.1187926919258,-0.27762976851353416,53.2151405131891,26.284840060815956,-5.21800265326033,-1174235.7646759003,301.20247606989744
23520.0,control,0.0,0.0,99.74270135883155,-0.1692239571020632,53.35670667072972,26.574123020885366,-3.0452377257742045,-1174405.4421636835,298.7474637097317
23530.0,control,0.0,0.0,100.12774078934869,-0.17584337056389382,53.30833284984392,26.099507547445707,-4.259683844699797,-1173588.3961926214,299.14935735153364
23540.0,control,0.0,0.0,97.31912497569608,-0.12739568972703116,52.510466480773935,26.35423981634379,-3.905154998982607,-1173080.0055312384,299.3904498785983
23550.0,control,0.0,0.0,99.8669691982237,-0.17136115991272385,52.67396321822468,26.436526656825773,-2.588127007027389,-1173293.0575807374,299.4847047472151
23560.0,control,0.0,0.0,102.29690671278696,-0.2129776371825606,52.666274274373215,26.162484710185364,-4.066167222096045,-1173851.7056489848,300.17998252217717
23570.0,control,0.0,0.0,96.59059674681123,-0.11477411886381705,52.98307276260828,26.456630785418394,-4.668864528171881,-1173170.3813902754,300.5788129999421
23580.0,control,0.0,0.0,96.22440274024868,-0.10842276290945452,53.70375816400365,26.583040335903686,-2.4530545217006674,-1173343.5634591952,299.0750421755371
23590.0,control,0.0,0.0,98.76195143840413,-0.15232954713420055,53.10563757159432,26.48303011943639,-4.699389776301791,-1173483.6724311113,298.5310312270655
23600.0,control,0.0,0.0,99.88846662854958,-0.17173079891456,53.959419529642155,25.756441498618727,-3.732343344488958,-1174759.4234233834,300.6562807717911
23610.0,control,0.0,0.0,100.07183661252719,-0.174882778452335,53.19120623021533,26.54772502355041,-4.37674278972474,-1172265.9713136032,297.74815218415563
23620.0,control,0.0,0.0,104.19045750039747,-0.24514592325741008,53.288226811703666,26.669048538436737,-2.541520715273187,-1174371.0255086739,298.891587711772
23630.0,control,0.0,0.0,102.71266499789058,-0.2200618369039759,54.14381515806258,26.155610434564437,-4.188830201673941,-1174538.8115906324,298.89454286088636
23640.0,control,0.0,0.0,99.90656777916486,-0.17204202161199172,52.52999663799375,26.13171839541438,-2.965287597864448,-1176447.3799661715,299.817403480481
23650.0,control,0.0,0.0,101.20712398055639,-0.1943563186575552,53.44033629341561,26.432209441800076,-2.968654213722679,-1173268.0518611223,300.12335175771364
23660.0,control,0.0,0.0,102.9413622201848,-0.22395374463586482,52.39207119637386,26.76454970802682,-5.079041328896059,-1173564.9026721641,298.88086750005687
23670.0,control,0.0,0.0,96.77209708487285,-0.11792038232665077,53.65832306222874,26.091203495844038,-4.116412508234491,-1173997.184289679,299.1571261577739
23680.0,control,0.0,0.0,105.55947354530984,-0.2682384891888284,53.05584302860255,26.578156657291622,-3.3938867788509604,-1174579.2097540647,299.0842608060095
23690.0,control,0.0,0.0,95.78259407715241,-0.10075405705423512,54.66827911233448,26.000755145820293,-4.153864325619898,-1173064.3451734334,299.609936950534
23700.0,control,0.0,0.0,100.60172084369279,-0.18398087239174826,54.15734822245716,26.821624830853445,-3.396948880777494,-1172083.8094208948,298.98954681774904
23710.0,control,0.0,0.0,96.18882737285288,-0.10780549508105287,53.82574224490295,26.32086445293502,-4.245603654705144,-1172887.1070327237,300.52071008790847
23720.0,control,0.0,0.0,102.61160137334066,-0.21834084265978568,54.47849836767617,26.632542502298715,-3.85016091693213,-1173804.4183048494,299.9249962916687
23730.0,control,0.0,0.0,100.71481777793242,-0.18592073152505847,53.65246197043381,26.228775980377563,-3.39820109110417,-1174550.119975416,302.03410889022933
23740.0,control,0.0,0.0,106.0313023962403,-0.27616248064048055,53.885028357141906,26.64830386718673,-4.105490659245132,-1173943.412128888,301.59328871845014
23750.0,control,0.0,0.0,103.81088136102005,-0.23871788680278316,54.865332848397976,25.855911260029906,-5.600467920400404,-1175255.2464141306,301.5274947770475
23760.0,control,0.0,0.0,105.789553263008,-0.2721048013506749,54.396927771011214,26.034698444720085,-5.513206295638293,-1173275.749185184,301.0921812700712
23770.0,control,0.0,0.0,96.18276633870123,-0.10770032599050841,54.54240759234627,26.174988325916676,-3.3082339468444584,-1173692.1934178956,300.20084122126667
23780.0,control,0.0,0.0,105.94322321140339,-0.2746846661485704,55.00863981979875,26.22152633407467,-4.322622226810792,-1173391.640570758,302.43914268676724
23790.0,control,0.0,0.0,100.61152280835059,-0.18414902594811383,54.16944187481841,26.23966031436701,-4.02227346246031,-1173712.4284914043,299.029977004367
23800.0,control,0.0,0.0,101.71759820455615,-0.20308805075502517,54.24797302431709,26.406138789621604,-3.8278817715131606,-1173024.3440925572,300.35744058130757
23810.0,control,0.0,0.0,105.02449090031295,-0.2592319033945435,54.064530664929805,26.638505725166638,-2.410892732848653,-1173381.588768119,302.42433405933076
23820.0,control,0.0,0.0,99.31220591717438,-0.1618140507056478,53.534047619342,26.341660932508354,-4.63931306382314,-1174524.0153328944,300.4064230114452
23830.0,control,0.0,0.0,104.19534047280582,-0.24522854580573084,53.90451331198747,26.314173988028372,-4.628045977321819,-1175008.3330992889,300.31631421566993
23840.0,control,0.0,0.0,101.41429187473537,-0.19790185333430382,54.518383241973616,26.348008117114297,-3.865728356007319,-1173479.880069878,301.33957422317803
23850.0,control,0.0,0.0,95.1556164685474,-0.08986110242903819,54.23232564592693,26.07264210225811,-1.6263901781365355,-1173483.3301478643,299.6694334397135
23860.0,control,0.0,0.0,103.23484838208316,-0.22894297703009123,54.292998618842354,25.85354116077707,-5.196429336759234,-1173809.1522832569,299.11489095267575
23870.0,control,0.0,0.0,98.80757611650476,-0.15311650658408782,53.876379860943,26.34965551654073,-4.410011055837936,-1175036.1746060867,300.78631742333584
23880.0,control,0.0,0.0,98.87094688677148,-0.15420939916815296,53.71650900887304,26.14099369803916,-5.725370028410639,-1173361.8967190254,298.43697992739
23890.0,control,0.0,0.0,101.83171060887511,-0.20503777908754975,53.954155598098886,26.078675646439855,-4.378833237807892,-1173729.4624138866,300.4469074204888
23900.0,control,0.0,0.0,99.84117687281358,-0.1709176402207665,53.82974751428788,26.51676878503077,-4.105326347044553,-1174266.3758328203,300.8446111761326
23910.0,control,0.0,0.0,100.26007661389016,-0.17811660604692392,54.08240817629449,26.11136245047005,-4.609101636017355,-1173597.2071338817,302.9173018754821
23920.0,control,0.0,0.0,108.22382288137727,-0.3127298782135567,53.48828469987597,26.267277921832587,-5.599494325094634,-1174185.0301615726,301.6315157555471
23930.0,control,0.0,0.0,106.1559786445833,-0.2782532132325785,53.07334056092129,26.700758074865306,-4.5371846456604565,-1173655.399463484,299.58922027752806
23940.0,control,0.0,0.0,106.53620964104356,-0.28462124040429404,54.031293236204455,26.51076128657348,-4.009707048365791,-1174856.4356814045,300.08005358120323
23950.0,control,0.0,0.0,105.3001398834449,-0.2638754048608046,53.52218347623156,26.326255864957126,-3.5913652804967744,-1173454.5330700763,299.0187182672577
23960.0,control,0.0,0.0,106.78127439643178,-0.2887189070655918,54.14693802883738,26.493829012004277,-4.2216116450267105,-1174257.6131269187,301.9501877719243
23970.0,control,0.0,0.0,100.42141413485076,-0.18088673967741012,54.680195921093485,26.371319478075645,-4.877362014970156,-1173090.5156455915,301.03911053233304
23980.0,control,0.0,0.0,104.43665797402038,-0.24930953799896566,54.070715587730014,26.119748533708087,-4.5531304948829465,-1173718.584983481,299.03292644241503
23990.0,control,0.0,0.0,102.8443577476952,-0.2223033808053126,54.26871144402276,26.599183332334114,-4.371842839031153,-1175419.8794154935,298.5854452374695
24000.0,control,0.0,0.0,100.76474578091188,-0.18677687564813822,54.22678209698165,26.11544598359535,-4.191118537113831,-1173415.2950482108,300.67049379012514
24010.0,control,0.0,0.0,107.21690923629639,-0.29598996067730815,54.04523798279386,25.838980970585265,-5.165417373311262,-1172695.2270271145,299.6704718266055
24020.0,control,0.0,0.0,103.70523992183125,-0.2369269970199545,54.63860505700607,26.758967964717186,-3.9419282501220185,-1174207.719463963,299.3784749981802
24030.0,control,0.0,0.0,102.08004331296716,-0.20927797861726116,53.865838715682166,26.360097063540966,-4.452838907134472,-1172664.7262119837,299.29417663347004
24040.0,control,0.0,0.0,106.64039607393774,-0.2863639563985565,54.79762540638886,26.64072174241589,-5.67444437970927,-1175605.8186177462,300.7979981269274
24050.0,control,0.0,0.0,101.95432860358487,-0.20713192750832188,54.92036722322087,26.652459963738902,-3.9848709216966545,-1173351.1428708732,297.92780723065874
24060.0,control,0.0,0.0,104.50981832719471,-0.25054590422561296,54.42866327914795,26.566225956450655,-5.4826007371674965,-1172713.0725743454,301.9276480602091
24070.0,control,0.0,0.0,104.3457256778254,-0.2477722701960042,54.71481730165146,26.2945118301659,-5.155579214857525,-1174084.6187204588,298.32580324400897
24080.0,control,0.0,0.0,105.20624415820812,-0.2622943456618032,55.51720683527509,26.535971845485697,-5.1366434695888,-1174948.7183809336,302.30361149969616
24090.0,control,0.0,0.0,106.55799512571123,-0.28498572202941364,54.93182495508024,26.20376988276623,-5.512748907726158,-1174538.2238284182,301.23082960913086
24100.0,control,0.0,0.0,104.34527035655717,-0.24776457112933756,54.331282549333864,26.72780991532221,-4.4686297769720795,-1173339.8938535582,301.69554241775404
24110.0,control,0.0,0.0,107.34968362494108,-0.2982026761612648,53.93567075872839,26.283355552744165,-6.541840094628078,-1173682.5894480944,301.15796980760894
24120.0,control,0.0,0.0,101.07911633546586,-0.19216428365205268,53.92789788990538,26.078236171962754,-6.880185471936979,-1174457.8132637646,298.50084978277084
24130.0,control,0.0,0.0,107.17357536847598,-0.29526744726436366,52.98657063851976,26.215931481916506,-3.6735142671608814,-1174568.0890544076,299.0135935264955
24140.0,control,0.0,0.0,104.71507224604413,-0.25401238556549294,53.96183772166765,26.32457066167361,-4.279524581657078,-1174370.236248983,301.2100077773299
24150.0,control,0.0,0.0,99.4610452186458,-0.16437700284306092,54.20674336577623,26.089592807941305,-4.558694426561916,-1172516.2708313093,300.1241219440579
24160.0,control,0.0,0.0,105.44199563903217,-0.2662626915527841,54.27119012755349,26.528697801505103,-4.895367943670809,-1173857.0693802778,302.0551703731616
24170.0,control,0.0,0.0,97.07291597825602,-0.12313238232846863,54.09637311498038,26.722176777812667,-5.769437226807975,-1173722.6270855125,300.82226804723405
24180.0,control,0.0,0.0,103.50017593408803,-0.23344834964218109,54.1545480542072,25.902729753456466,-4.086689869009066,-1173194.062540589,298.84066427916696
24190.0,control,0.0,0.0,104.75988976292588,-0.2547688651721437,54.53065411471022,26.28514730251988,-4.919942354372957,-1174552.8925414663,300.1727028452509
24200.0,control,0.0,0.0,106.97483977553664,-0.2919517356274144,54.099755627413884,26.50698717093729,-4.200229386239746,-1174208.3793558497,300.46241637439556
24210.0,control,0.0,0.0,104.86391871437915,-0.2565241792117914,53.90122931883058,26.472822424689056,-3.2691074576531056,-1173216.113636203,300.04335296577835
24220.0,control,0.0,0.0,102.95941601384988,-0.22426082809099418,55.13591679743276,26.405035622132242,-4.389778299634606,-1173166.599396648,300.0532000975183
24230.0,control,0.0,0.0,104.38830567883103,-0.24849218989331065,54.609874769819456,25.967090872830433,-4.6777917746052085,-1172690.268756209,299.7822530160104
24240.0,control,0.0,0.0,108.58499045612717,-0.3187110152952333,55.091768139044845,26.594532937228358,-4.041485239902241,-1173609.7337789908,300.6806543299775
24250.0,control,0.0,0.0,104.29676196634067,-0.24694424903544263,54.51217811750671,26.166450651463904,-5.14281379446286,-1174671.1115115806,299.23986331420025
24260.0,control,0.0,0.0,109.83953846924265,-0.3393871192185709,54.185917096421356,26.185070840763895,-3.5809293513762777,-1174311.3846491408,300.4495440058453
24270.0,control,0.0,0.0,100.27524422683864,-0.17837709147689373,54.318127031419465,26.212022480441522,-4.69836847142922,-1173868.0305261519,300.7567025554754
24280.0,control,0.0,0.0,106.38967375181078,-0.28216855794959805,54.18322020445021,26.38907472218363,-2.87513607467712,-1173722.1601173654,300.6793253730103
24290.0,control,0.0,0.0,101.85373607672828,-0.2054140135624813,53.471218110999324,26.589369455014,-4.717302856386865,-1173188.6708275527,299.3190992326546
24300.0,control,0.0,0.0,102.77222078846468,-0.22107568144842166,54.29253246326179,26.392072401323034,-4.759704830254699,-1173853.920577852,299.44566289881243
24310.0,control,0.0,0.0,104.03917121686598,-0.2425851978941706,54.86673906346381,25.821569862766903,-5.188205104718968,-1174777.4506846555,302.52269317360685
24320.0,control,0.0,0.0,93.47700548820502,-0.060647953249724273,54.10345774890988,26.08494058904581,-2.649786499230475,-1172630.9912895877,300.74873745793093
24330.0,control,0.0,0.0,97.88053984499678,-0.13710811773996207,54.386915581320544,26.594203866754363,-4.033856784640805,-1173159.719973836,300.26885297259446
24340.0,control,0.0,0.0,98.37422368846826,-0.14563795846805222,53.43949081009572,26.52577896593729,-5.966137956068765,-1172387.5845857803,299.9625385192358
24350.0,control,0.0,0.0,100.88312653962525,-0.1888062504672428,54.061788127267924,26.41861890893121,-4.484074065045707,-1174283.308357766,301.65582764441814
24360.0,control,0.0,0.0,100.97674651607709,-0.1904105864209715,53.01606419862505,26.59706883805273,-4.4756627764015935,-1170505.3706155866,299.6990336822677
24370.0,control,0.0,0.0,103.60467196666856,-0.23522136718800055,52.98559163177138,26.489150690725577,-3.956330254300561,-1173488.9884201474,301.7131180973674
24380.0,control,0.0,0.0,100.52496512368681,-0.18266393555385796,52.58337567079302,26.329743535712204,-5.124679031449141,-1175292.539699478,298.7214666432956
24390.0,control,0.0,0.0,106.5220908346741,-0.2843850040118059,54.01411884970272,26.073442116716517,-5.408147408282036,-1173196.2444792036,298.4998903671594
24400.0,control,0.0,0.0,100.80208965739185,-0.1874171398540248,53.164507823129966,26.13378186229495,-3.773744727349824,-1176395.0271768607,300.76950943540993
24410.0,control,0.0,0.0,101.26643340466696,-0.1953716198979761,53.63860206951523,26.424331601779674,-5.471894087656411,-1175109.9745005723,301.5866121050233
24420.0,control,0.0,0.0,97.93876757220617,-0.1381147147979272,53.768425496452366,26.041948271086035,-3.843348719373557,-1172996.5249200668,298.9101294805436
24430.0,control,0.0,0.0,98.14708259888093,-0.1417147326208439,53.25917502123212,26.012891408515816,-4.874418236577903,-1173999.1726130564,299.1888775156597
24440.0,control,0.0,0.0,98.71484473807257,-0.15151692360968616,52.71295280753171,26.342821877453716,-5.513425935253746,-1175535.5890796408,300.3307949594242
24450.0,control,0.0,0.0,101.54406490709202,-0.20012151363285707,53.98173010001786,26.00051601007876,-4.199241852519849,-1173076.792684028,299.42607711566774
24460.0,control,0.0,0.0,98.39409037312141,-0.1459809918167791,53.06059376040114,25.848477462921227,-5.067624152120056,-1172634.4109554347,300.66311576526914
24470.0,control,0.0,0.0,96.53038954073222,-0.11373018589193115,53.59958925960859,26.107360597147185,-4.69550699948697,-1174355.9999060333,302.79034388359025
24480.0,control,0.0,0.0,99.71843365133269,-0.16880649915538595,53.33743562741071,26.324479475702553,-4.720131641042836,-1174370.0448890254,301.6802316025823
24490.0,control,0.0,0.0,110.07521214197452,-0.34325338233779756,53.836440775251155,26.350589577864493,-4.375794620887916,-1174802.9765026271,300.8679997184431
24500.0,control,0.0,0.0,103.81288946386874,-0.23875192138831386,53.14221729136387,26.46590180067099,-4.628166243999831,-1173711.4492519684,299.4865253025271
24510.0,control,0.0,0.0,101.33505496345957,-0.19654607163498322,54.44619239041244,25.928249812042292,-4.857574705166915,-1173469.268138418,299.86229537702735
24520.0,control,0.0,0.0,102.93455261369972,-0.22383791181867918,54.313472205183466,26.00765448361888,-4.270032267844834,-1172467.864898691,300.24290129506295
24530.0,control,0.0,0.0,102.87961440008941,-0.2229032859112165,54.03010922722607,25.819121024605103,-3.886272402858321,-1173481.878897529,302.0177565396821
24540.0,control,0.0,0.0,104.21437686993093,-0.24555063498370824,52.675552424766856,26.50213143848467,-3.1517269162400217,-1173735.7407948282,300.22462889437173
24550.0,control,0.0,0.0,102.33590355362416,-0.213642595581711,54.31053368730744,26.05140374244409,-4.993664870405015,-1175292.8314474989,302.2562180714305
24560.0,control,0.0,0.0,102.01320225299254,-0.20813707278900295,53.43268448951736,26.14695407553907,-7.194678737273286,-1173743.8042203411,301.5138096556584
24570.0,control,0.0,0.0,98.94054929260015,-0.15540954513403907,54.954883722382824,26.057571590919746,-4.805417526490733,-1174300.656023359,300.71078789825634
24580.0,control,0.0,0.0,98.86624128405835,-0.15412825279033676,53.82789601523035,26.238726547514748,-5.779075036904222,-1175056.6426269189,300.5958917342176
24590.0,control,0.0,0.0,101.41060238565649,-0.19783873278140907,55.231114503416286,26.042792107874885,-5.979816938627447,-1174471.5523655005,300.0595356933512
24600.0,control,0.0,0.0,101.72723865864195,-0.20325279913550914,54.22355890932493,25.992093896101213,-5.132052180008259,-1175025.2725247778,300.35677301294675
24610.0,control,0.0,0.0,102.720559032723,-0.22019623424061024,54.5285707032676,25.875067389109986,-5.168932464980451,-1173456.758776566,301.20139740952493
24620.0,control,0.0,0.0,104.99474854028617,-0.2587305118303109,53.799475485270726,26.0008510308734,-4.779202284701339,-1171836.7507502008,300.7394840961032
24630.0,control,0.0,0.0,105.10642710939138,-0.26061280814300636,53.18844979994757,26.145319433205714,-4.916382969538278,-1173851.9524509124,302.3946013262272
24640.0,control,0.0,0.0,98.33920077104699,-0.14503318341319105,53.819202510248616,26.177143321151398,-4.8843575992385455,-1172871.618934419,300.0215821221627
24650.0,control,0.0,0.0,103.64001971227749,-0.23582094687212593,53.05278276609492,26.075324725954534,-6.451911537612064,-1174098.240417596,300.069835435961
24660.0,control,0.0,0.0,100.96670768304965,-0.1902385783695159,52.83181285486566,25.5978409982069,-5.019698713509099,-1173344.5828798413,299.2391785409351
24670.0,control,0.0,0.0,105.20724421155326,-0.2623111887366588,53.563212809229796,26.170489178710845,-3.656477455657589,-1174444.4991928749,300.45336836379016
24680.0,control,0.0,0.0,100.31597798958772,-0.17907658273071342,53.82969333641373,26.06723033213124,-5.951272083962566,-1174030.709384242,301.4235596173601
24690.0,control,0.0,0.0,100.50374435064771,-0.1822997820374347,53.37828333178565,26.319456149289046,-4.715243700540464,-1174506.8157584704,300.6290312136615
24700.0,control,0.0,0.0,106.81143759661313,-0.2892228948630623,53.919233255147056,26.07035536718893,-5.186607244786064,-1173572.2007388938,299.92027876130163
24710.0,control,0.0,0.0,106.72636561043001,-0.2878012474368371,53.70567854472661,25.744538142437843,-5.90297107403628,-1172396.499583494,301.7740341576558
24720.0,control,0.0,0.0,109.71694352614449,-0.3373736556484603,53.33010760462637,25.603428860276694,-4.453864135684107,-1174402.0880058594,298.7528025821054
24730.0,control,0.0,0.0,102.95866194761263,-0.2242480023531342,53.051617587059546,26.226996919871894,-5.360211945756183,-1175210.4511778727,300.83972684242457
24740.0,control,0.0,0.0,108.7407733163616,-0.32128697128753003,53.986187902682644,26.349468460314267,-4.970987580135871,-1175481.6868072525,300.5655192124586
24750.0,control,0.0,0.0,102.06304709267599,-0.2089878981492985,53.23331982337414,25.962951353975303,-5.777172345473218,-1173558.1340883076,302.3297923333383
24760.0,control,0.0,0.0,104.53620559011425,-0.25099173305850075,53.59011874234352,26.08793168002182,-6.46965237375338,-1175225.0426168405,300.7902338782915
24770.0,control,0.0,0.0,101.57800306498565,-0.20070182884359197,53.76106206668689,25.38066617675302,-5.891697599540296,-1173303.6149207894,300.3306609921526
24780.0,control,0.0,0.0,105.27668686934219,-0.26348055850734897,54.37865534011213,26.338580680379206,-5.863374733255605,-1173868.1579243783,300.63336635706196
24790.0,control,0.0,0.0,103.43979548475706,-0.23242350092982766,54.256316904212774,25.870348538360172,-5.957820933922269,-1174957.428469319,299.9361364585335
24800.0,control,0.0,0.0,103.7215986458998,-0.23720437165730884,54.25887678345611,25.621149657452328,-6.304467741265196,-1173435.9422090463,298.56524393963446
24810.0,control,0.0,0.0,101.81199555568487,-0.20470098493628705,53.59214838950106,25.660051788505427,-5.646290024075197,-1172559.994907312,300.2850513615335
24820.0,control,0.0,0.0,102.77510331278322,-0.22112474588244183,53.08849547265523,25.924598988399502,-4.04772079679158,-1172023.4685595967,301.464435408737
24830.0,control,0.0,0.0,99.60702622033682,-0.16688965882520893,53.8109596829237,26.228109771863917,-5.0649091433671325,-1173851.5487067588,299.41192892153543
24840.0,control,0.0,0.0,99.3788162960946,-0.16296119031860745,53.94066650359974,25.581079774128398,-5.910805685653508,-1173800.7340960354,301.23603649000415
24850.0,control,0.0,0.0,98.24955195279931,-0.1434848830130441,53.56004845156061,25.66532175733907,-5.17306817008925,-1174727.3866438195,301.9411725707557
24860.0,control,0.0,0.0,100.94356904999371,-0.18984209260409318,53.71269297687341,26.312800731336846,-4.213260159528082,-1174089.2263585962,301.27339647981205
24870.0,control,0.0,0.0,100.63304743282573,-0.184518263834267,53.92272399317087,25.638499879594466,-4.688183679629699,-1172469.728070069,302.61469447115786
24880.0,control,0.0,0.0,102.26178692530966,-0.21237870428888422,53.783312782624876,26.11833740180692,-6.307574196934368,-1173808.9677928463,299.8886425595724
24890.0,control,0.0,0.0,102.92790685821349,-0.22372486309233555,53.59718904661145,26.279527516244254,-5.248862185826021,-1172943.2700738907,296.7899350811633
24900.0,control,0.0,0.0,108.23811746263704,-0.3129668422181024,53.4742242348922,26.354628657435022,-5.542247805352169,-1174398.7666803878,300.5814606194553
24910.0,control,0.0,0.0,100.42723628175504,-0.1809866781181288,52.699405066808914,25.89505352315591,-6.31665783692511,-1173559.510127658,299.2272119533545
24920.0,control,0.0,0.0,101.85845456897685,-0.20549460992253527,53.435221487557534,26.675598457755488,-5.916167282709758,-1174794.2698390689,301.7566520218741
24930.0,control,0.0,0.0,106.56101474747722,-0.28503623850231774,54.23082323995221,26.433303467521643,-4.150795059231433,-1175177.8467063531,298.39987279292683
24940.0,control,0.0,0.0,104.12278379961859,-0.24400066437121454,53.200613003867566,26.177528432216178,-5.798563801150774,-1173678.7013986409,302.9127466575033
24950.0,control,0.0,0.0,106.71853208935534,-0.2876703086450516,54.08447201808281,26.274691833783958,-5.214093563006124,-1174416.3192483373,302.667156074522
24960.0,control,0.0,0.0,104.17878550695565,-0.24494841956794916,53.66711614341785,26.32095134835207,-5.016472295647366,-1172319.1594500598,300.27677245302044
24970.0,control,0.0,0.0,109.68806455571786,-0.33689913074481215,53.48654138435695,26.602470161423952,-3.9130471967882645,-1173828.1232572813,301.1335147809595
24980.0,control,0.0,0.0,103.9017291871685,-0.24025733860046564,52.962328514059166,26.17059256448683,-4.507784319541591,-1173220.4170618858,298.9085920416408
24990.0,control,0.0,0.0,101.80851204776953,-0.20464147331458932,52.830840327307286,26.208982461110345,-5.275315722191799,-1173278.7887704857,300.97997255754194
25000.0,control,0.0,0.0,99.27796359549058,-0.16122425674043242,54.176332327071464,26.334908457751386,-5.104136831724842,-1174972.9782454371,300.9105346857934
25010.0,control,0.0,0.0,99.9259770221822,-0.17237571595867476,52.63635622952764,25.76390017752658,-5.853990351586672,-1172606.499563435,299.6091040080268
25020.0,control,0.0,0.0,98.8262733884212,-0.1534389793575793,53.14035817252262,25.994538538685873,-4.703452975340022,-1175213.747365592,301.54384391337413
25030.0,control,0.0,0.0,104.52152160778849,-0.2507436448225321,52.03783555690079,25.91995403667507,-4.3807056991188755,-1173921.5872441493,298.16457455424256
25040.0,control,0.0,0.0,99.70012773503225,-0.16849157708882537,52.47900528351821,25.926391373899104,-4.922598248460586,-1174053.8394674733,299.94185130245677
25050.0,control,0.0,0.0,99.76362964302083,-0.1695839452461543,53.19970747672778,26.319341046714044,-5.396170968985187,-1173847.7088461332,300.5765772061524
25060.0,control,0.0,0.0,100.80267557215399,-0.18742718478298304,54.169669731443086,25.89007900920957,-3.881302738951356,-1174584.1906900518,301.57495482695356
25070.0,control,0.0,0.0,101.51604382839103,-0.199642322790818,53.141989759809945,25.82649758900999,-5.688156743862585,-1174790.0416292716,300.2061914765875
25080.0,control,0.0,0.0,104.95583488367404,-0.258074406872783,53.20806783123639,26.454498090461072,-5.4185016222263265,-1173614.9675343167,300.70585567518845
25090.0,control,0.0,0.0,101.15542542331004,-0.19347113576894898,53.37833210780962,26.225915571384796,-5.206440155219567,-1173462.7721827012,300.25139973609475
25100.0,control,0.0,0.0,101.49524028016612,-0.1992865286574373,53.5454514619022,26.091668065148923,-6.304238680741451,-1173353.5685154982,300.3953870872977
25110.0,control,0.0,0.0,96.79951874267161,-0.11839562786378433,52.61810902836474,26.428450187990613,-3.2725910550291104,-1173857.5369136278,301.4033305332016
25120.0,control,0.0,0.0,105.31257946478713,-0.26408481515464244,53.474558103306926,26.17027053013482,-5.875650382053244,-1173863.8182999175,301.3182188505406
25130.0,control,0.0,0.0,106.00771434299446,-0.2757667782513067,53.59714937272568,26.357990318873583,-4.976888370647366,-1174714.7766861282,299.3391928900794
25140.0,control,0.0,0.0,105.10110238286859,-0.26052308449124817,52.799056446422725,26.247405138788427,-4.4059451290042,-1173287.5025929343,299.3261878786624
25150.0,control,0.0,0.0,99.29249484394721,-0.16147455179886472,53.564230726383734,26.190543336459488,-5.717556227280607,-1177196.7445826177,300.5283127736372
25160.0,control,0.0,0.0,100.72573716113314,-0.18610798454028052,53.896264753495764,25.81482373438503,-4.334499084092825,-1172439.50725922,300.5613827987026
25170.0,control,0.0,0.0,102.20145530705912,-0.21134962265300386,53.07646727980311,25.884969254777523,-5.683824740065589,-1172814.3744607586,299.87864323372787
25180.0,control,0.0,0.0,97.76681900983482,-0.13514179026872317,54.059703112770045,25.996989023147506,-3.275245736833858,-1173949.6020853426,301.955952903155
25190.0,control,0.0,0.0,106.58094763608865,-0.2853696839831035,52.875445988761754,25.91007934262265,-4.853143219384326,-1173900.3967660852,297.9808871430934
25200.0,control,0.0,0.0,100.76265675682123,-0.18674105679151887,53.17250398518481,26.222278639365502,-4.2870135012255774,-1173476.0809691697,300.52916512707515
25210.0,control,0.0,0.0,105.05182025423969,-0.25969255533889,54.371548670102236,26.150936098713455,-5.959954975223558,-1175232.4909087252,297.64404205139175
25220.0,control,0.0,0.0,103.1088108454809,-0.22680108108933186,52.991529776185516,26.076137390789235,-3.5598037911407028,-1173703.3220449071,300.2528087578358
25230.0,control,0.0,0.0,99.84104584576023,-0.1709153870171487,54.56576816390224,25.92539013012901,-4.424947826958479,-1173698.2791365273,300.6400734512833
25240.0,control,0.0,0.0,104.9663194014817,-0.25825119315079703,54.452738862165035,26.10052468793968,-5.92734766014558,-1174164.6632031985,299.837923808847
25250.0,control,0.0,0.0,106.19173908327068,-0.2788526478079134,53.62014806818258,26.08886920894219,-4.6717240686773955,-1176665.5608834438,299.2764975536494
25260.0,control,0.0,0.0,100.94876857748933,-0.18993119039531517,53.62897071278804,26.274265266757027,-4.792423478536707,-1173762.706462277,299.9905385452107
25270.0,control,0.0,0.0,103.36417724118579,-0.23113965435341205,53.06888514631505,25.74394195476817,-5.665830082537999,-1173432.2698545456,298.76561060081565
25280.0,control,0.0,0.0,98.25008811904097,-0.1434941440425782,54.051308084457645,26.905233667844264,-5.320991191779293,-1173252.2749738414,299.86732784012867
25290.0,control,0.0,0.0,96.13491210332143,-0.10686993265637526,53.24770615893347,26.167564220991963,-5.666880395645165,-1173185.6355574243,300.3115503075733
25300.0,control,0.0,0.0,99.34774200440721,-0.16242606753246486,52.77607075039218,26.142719288064665,-6.105103190564424,-1174145.5044027604,299.1868186927294
25310.0,control,0.0,0.0,100.65151105163811,-0.1848349718446805,53.075206149609876,26.192882969022623,-3.589139307543058,-1174948.5553236306,301.5605056242409
25320.0,control,0.0,0.0,96.29006873300044,-0.10956202290298653,53.462577483202985,26.202972539499353,-4.8747038854026705,-1173800.875864571,300.53103371150166
25330.0,control,0.0,0.0,108.86773697114374,-0.323384629915793,53.37813246260959,25.826065513209045,-6.116540707464367,-1172418.2040116154,300.5843208080324
25340.0,control,0.0,0.0,100.59284771921688,-0.18382864852596115,54.009749987808306,26.26089259058313,-3.6955844316926982,-1173713.1176270023,298.2265959102246
25350.0,control,0.0,0.0,106.18588875446784,-0.278754589060732,53.45392368009377,26.303745149798026,-4.905912117393475,-1175233.6517935656,300.8333031598204
25360.0,control,0.0,0.0,103.70869829636263,-0.2369856380072749,53.57085435136696,26.209665202411575,-4.4800972122319696,-1173570.0675791297,300.0712216285351
25370.0,control,0.0,0.0,101.84551442070972,-0.20527357648683203,53.25487944238378,26.19212329435891,-6.096382694540662,-1173267.1718842704,300.84093931527883
25380.0,control,0.0,0.0,102.34038327323248,-0.2137189756217236,53.32398543674484,26.44963421623799,-5.805001010718895,-1171888.0531506687,300.24730226407206
25390.0,control,0.0,0.0,103.07580850861622,-0.2262400539685026,53.79003694593395,26.203203532606913,-5.3891370578326185,-1173816.2492865399,299.26284036621155
25400.0,control,0.0,0.0,102.08117944631748,-0.20929736874827734,53.837128091912895,26.309948479974736,-4.602163769757444,-1174849.3926311191,300.1844158362805
25410.0,control,0.0,0.0,104.38408929982866,-0.24842090774621617,53.31573867299709,26.067636333482863,-5.552045431126212,-1174629.9432211705,297.7562159133149
25420.0,control,0.0,0.0,104.80572647548117,-0.25554238664678286,53.200229052994345,25.938470031731214,-5.742174539015199,-1174500.832652351,300.35262704482307
25430.0,control,0.0,0.0,99.47699417579767,-0.16465157189349208,53.669935257789575,25.998364111016787,-4.655716017260919,-1172306.9609975908,299.6912383882998
25440.0,control,0.0,0.0,107.5183784528034,-0.30101170258233223,53.714171589789196,26.31874042864508,-6.061601463776449,-1174543.7099358067,301.2508551238387
25450.0,control,0.0,0.0,106.14870173933592,-0.27813122078300195,54.069374427923506,26.103234945690566,-5.864221694893258,-1173423.8993886597,302.03752864366703
25460.0,control,0.0,0.0,99.20400610264296,-0.1599502075540143,54.224716127180315,25.734610942781224,-5.804858819497093,-1174934.105126014,301.47078654773475
25470.0,control,0.0,0.0,101.2796872101628,-0.19559847946223274,53.80125507227635,25.961376596159706,-5.096453937631907,-1174572.4594682083,298.752523108409
25480.0,control,0.0,0.0,93.9836689170835,-0.06947213406865993,53.424534647491605,25.559058516016698,-3.774026389119401,-1175295.7160840835,298.6264145836435
25490.0,control,0.0,0.0,104.22603689155075,-0.2457479050855455,53.349698819652,25.75499636796212,-5.051172221676184,-1173624.8453246485,300.3800507821897
25500.0,control,0.0,0.0,102.80872285036445,-0.2216969541870038,52.73372295902773,25.85382334546947,-4.002892603808739,-1173236.245078532,300.05605788601036
25510.0,control,0.0,0.0,104.8079656718034,-0.2555801702153693,53.154054576330125,25.962416042147265,-5.266138039039554,-1173898.7408408448,301.89624468720945
25520.0,control,0.0,0.0,107.30857488230343,-0.2975177601805611,52.70681914522995,26.186410482843836,-5.345340402334891,-1173503.264220206,300.1475723994672
25530.0,control,0.0,0.0,102.34516761248712,-0.21380054803975068,52.53416742919345,25.71594518871038,-5.565406761059798,-1172647.215235496,300.1908809390019
25540.0,control,0.0,0.0,102.71568407839497,-0.22011323777599445,52.34179936243762,26.045733766237795,-5.216265635598552,-1171921.0362343062,302.186249871339
25550.0,control,0.0,0.0,98.02586767148308,-0.13962016906445346,53.240039651059185,26.217265362098196,-6.445405849075481,-1172563.7655092962,298.6684419732269
25560.0,control,0.0,0.0,97.75707365218113,-0.13497326008361796,53.12068281115326,25.940164607722703,-5.685548515035585,-1173454.7417488564,301.04141753210064
25570.0,control,0.0,0.0,97.50379304671802,-0.1305918267278443,53.5566215247024,26.058843527905253,-3.265694280187997,-1174749.9153506923,302.619634457409
25580.0,control,0.0,0.0,103.46274230302689,-0.2328130120579473,52.89690354358333,26.613575823446702,-4.914602163465942,-1174598.2427825108,300.46781670879545
25590.0,control,0.0,0.0,105.28688527538826,-0.2636522605639172,53.3618575742357,26.315134609343225,-6.071256558330488,-1175888.6996763349,299.1614401075882
25600.0,control,0.0,0.0,105.76576920232817,-0.27170533084334914,53.78716145376077,26.609034076017092,-5.275728535110964,-1174409.9819316994,300.0596753761512
25610.0,control,0.0,0.0,103.14025398964273,-0.22733553253407476,53.56085743853575,26.203379093825575,-4.189486966659814,-1172887.1191447712,298.8130204652777
25620.0,control,0.0,0.0,103.23693837796804,-0.22897848534396947,52.86075322915698,25.95532745219757,-5.387357793629307,-1172480.098534748,300.28071157832727
25630.0,control,0.0,0.0,102.58670908362367,-0.21791685187282028,52.98281822856717,25.896478178260583,-3.6822668130459624,-1174957.6610835362,301.2002389474048
25640.0,control,0.0,0.0,103.28144194696665,-0.22973451333781567,52.848468932714916,25.785417553609495,-6.180013835556229,-1174149.606092967,301.1275647511622
25650.0,control,0.0,0.0,103.59204651617482,-0.23500718857685654,52.8509330444844,26.110631063389125,-6.475501516521493,-1174161.955212485,301.58492829281454
25660.0,control,0.0,0.0,104.30617719212121,-0.2471034831415547,52.602817663694324,26.042822580070318,-5.068237312759875,-1175792.686231248,297.27884738128256
25670.0,control,0.0,0.0,98.82923789094133,-0.15349010677930708,52.75907575162417,26.414902633123365,-5.026112777704633,-1173840.4765763134,301.31695212073095
25680.0,control,0.0,0.0,99.76248745391823,-0.16956429899497089,52.68554177341533,26.14416775181643,-5.058150406515475,-1173972.5417127311,301.3528475470821
25690.0,control,0.0,0.0,101.03680235447618,-0.1914394769604838,53.58401179125049,26.215778181757603,-4.848703072212308,-1175282.8254424166,301.17187837327157
25700.0,control,0.0,0.0,101.92148846843429,-0.2065711553237582,52.84352237888767,25.73045180282897,-3.960358499805531,-1174812.4097394254,299.83208147054114
25710.0,control,0.0,0.0,105.58964388544713,-0.26874572623005893,53.07087659738946,25.859842322667564,-4.372534811604991,-1173958.751542665,301.3438225425538
25720.0,control,0.0,0.0,100.98180389581695,-0.19049723870494376,54.129809500853895,26.35452290224144,-5.54397027864262,-1174283.812785104,300.37768149130045
25730.0,control,0.0,0.0,105.24900792147882,-0.2630145090906909,52.86144036029663,26.147270229033314,-6.021335233472388,-1174773.5692500267,299.49821511927314
25740.0,control,0.0,0.0,102.53434769234913,-0.21702484525604723,52.900425415631865,25.70439448569493,-5.349654255090696,-1174107.327930797,301.9051579914669
25750.0,control,0.0,0.0,106.15260335870613,-0.27819662938027745,53.310314729477426,26.130670167516698,-4.013288700554497,-1174459.2956687175,302.1508395283046
25760.0,control,0.0,0.0,102.39441340194188,-0.21464009617489482,53.74106854293242,25.55648945056117,-5.112625854490256,-1175290.8766711988,299.96510302124216
25770.0,control,0.0,0.0,103.08051486885573,-0.22632006488807707,52.98454329217016,26.259959127802443,-5.223105872178223,-1174014.1232203562,301.16389182690284
25780.0,control,0.0,0.0,102.98248173919039,-0.22465312889029637,53.15027846946742,25.62093891585824,-4.902993492386244,-1173735.363629235,302.29339839483146
25790.0,control,0.0,0.0,102.18803596797866,-0.21112069592580635,53.326574484624324,26.036061354295946,-6.422466741460854,-1173486.9115993958,298.7918720582716
25800.0,control,0.0,0.0,105.24069102705178,-0.2628744598410405,52.912989733359545,26.284108625087114,-4.881077673294193,-1174108.1410142463,302.71265384561764
25810.0,control,0.0,0.0,101.32538121693618,-0.19638052337506104,52.568916332225506,26.184437410526098,-4.082380126906699,-1174019.288809646,301.9343246325086
25820.0,control,0.0,0.0,101.67448192985024,-0.20235115454285646,53.13857990526251,25.949869254967478,-5.587256555745929,-1173736.1782214362,300.355954297636
25830.0,control,0.0,0.0,105.20814928513947,-0.2623264320767705,52.78795176530125,25.99453067513908,-5.489360478318783,-1175231.2531649135,300.04808587972184
25840.0,control,0.0,0.0,102.34439273952187,-0.21378733664856026,53.56017649658537,26.497194947477606,-4.8696784113201455,-1175888.271335274,300.69539296675924
25850.0,control,0.0,0.0,100.37488261980218,-0.1800879488893388,54.092891083416816,26.011188200309817,-7.061598637730468,-1174740.4070814047,300.1258074372929
25860.0,control,0.0,0.0,101.40625631082227,-0.19776437816941356,54.023793279931894,26.210553240423213,-5.0597249068011045,-1173765.073039068,302.4023767963341
25870.0,control,0.0,0.0,101.5411604283056,-0.2000718461165305,53.219250393237054,25.544216999944783,-5.332555868868245,-1172876.7265789192,301.0518000976096
25880.0,control,0.0,0.0,101.8911072890784,-0.2060523113863547,53.187286808701046,25.626795180948285,-5.50974115656503,-1175171.871880835,301.61390144140177
25890.0,control,0.0,0.0,104.7778081096142,-0.2550712672466484,53.296597507932226,25.787325273292186,-5.823456093258935,-1174479.2617350519,300.53493334562
25900.0,control,0.0,0.0,106.29983176207753,-0.28066389063785313,53.6625010200646,25.98679074956298,-5.849893721595137,-1173357.3207379617,299.42955962164837
25910.0,control,0.0,0.0,99.20178989296889,-0.15991202528240453,52.63030493273275,26.002629367639848,-3.836956513547824,-1173361.190883195,299.3492794197918
25920.0,control,0.0,0.0,102.07060096704872,-0.20911682505121149,53.08917138246371,26.0115680761108,-4.527560873187253,-1174797.7570418566,301.43932570044296
25930.0,control,0.0,0.0,103.92151086165265,-0.24059246683090185,53.331734182538206,26.64277320515725,-4.88747766396751,-1174449.003570592,299.39277197244905
25940.0,control,0.0,0.0,107.34560479353573,-0.2981347252860046,52.863695594813336,26.301859721817483,-5.259423311305453,-1174342.6321190763,301.43690406646454
25950.0,control,0.0,0.0,104.01731654715827,-0.24221513776389214,52.67928888335911,25.916083206183476,-4.570700973083807,-1173681.853323182,301.3980274022971
25960.0,control,0.0,0.0,101.93382896135424,-0.20678188730919222,52.86044423973625,25.586254083809557,-4.3122651481449035,-1174017.8300234415,300.7054712125454
25970.0,control,0.0,0.0,101.14131400454981,-0.1932294926088424,53.42129915320232,25.538847410335073,-5.684638288669042,-1172935.4292412642,300.09234610685286
25980.0,control,0.0,0.0,100.71193017894166,-0.18587121188290473,53.34261589332441,25.815271236015583,-6.032489742178623,-1174454.977731416,301.0096847577928
25990.0,control,0.0,0.0,106.24835550009514,-0.2798014586244436,53.615792700954216,26.092276615560078,-5.037524639105698,-1174687.3641574383,300.59702850236295
26000.0,control,0.0,0.0,104.67270499376046,-0.2532971213203157,53.62079724564614,25.880275256099814,-5.993743861629727,-1173011.936925564,299.71149909561547
26010.0,control,0.0,0.0,99.08252704279434,-0.15785693756488783,54.42199673143004,25.76955922278462,-4.970270882901031,-1173595.765123805,301.1783715009494
26020.0,control,0.0,0.0,111.80865963721084,-0.37150816189588987,54.067862514155244,25.609483030176964,-5.129922175413105,-1173792.1847189125,301.0845760867931
26030.0,control,0.0,0.0,106.35663706525821,-0.2816153423083397,54.040549608510595,25.53840723015956,-4.634193625229816,-1176503.9524704888,298.68715045948454
26040.0,control,0.0,0.0,108.52551014811095,-0.3177268528448393,53.68744069859955,25.71676961261444,-3.2697938338820367,-1173905.2514166702,298.88310265615434
26050.0,control,0.0,0.0,106.98473486271583,-0.29211690903131177,54.82403332736947,25.608928574097604,-4.776151229801105,-1174053.42318533,302.39072950764387
26060.0,control,0.0,0.0,105.7395599220718,-0.27126507279742934,54.409120094904715,25.712054087864605,-5.744112306599424,-1173576.138897147,298.76429114888185
26070.0,control,0.0,0.0,101.99157224093749,-0.20776781074113768,54.34623009237508,25.73494521604173,-5.899308361772977,-1172290.20472759,298.90508174793564
26080.0,control,0.0,0.0,104.95886018940993,-0.2581254194089239,53.66033708168461,26.07383852703913,-5.378308944655821,-1174070.0965906065,298.30399228660923
26090.0,control,0.0,0.0,102.28302332350628,-0.21274087939812344,54.777092268659075,25.77926092696377,-4.374689320335236,-1174084.3278954364,299.3182707208414
26100.0,control,0.0,0.0,99.17342260555107,-0.15942327447897514,54.71983588157094,25.786731108709755,-4.817473200333058,-1174495.0244485438,299.49169147890615
26110.0,control,0.0,0.0,106.79753011191498,-0.28899052885410526,55.249648974326234,25.531821214478942,-7.415984839320016,-1173805.173514599,300.0179870767711
26120.0,control,0.0,0.0,104.39641576081621,-0.24862929523947142,55.196081193649476,25.618652215566673,-5.9666360376564915,-1173405.1409106292,300.40741093631266
26130.0,control,0.0,0.0,99.71633533399219,-0.1687704020583077,54.37342911614565,25.895392068371343,-3.727540548865531,-1174373.2502697483,299.579944150793
26140.0,control,0.0,0.0,109.20993859322445,-0.3290304544247825,55.24150304490032,26.06429216383945,-5.295019462288646,-1174349.7573020123,299.381528103285
26150.0,control,0.0,0.0,106.7338452978021,-0.28792626681041866,54.8283662923487,26.12504845515758,-4.842365137517623,-1174191.3799752388,300.63317899630135
26160.0,control,0.0,0.0,104.59434346492249,-0.25197381977084915,52.83733900146979,26.247140921570825,-4.953029310562501,-1173127.7657711376,300.06303852534705
26170.0,control,0.0,0.0,102.33752875243827,-0.2136703056702115,53.88386952888734,25.805530896197496,-4.846508380249796,-1171261.1225283537,299.51077864895126
26180.0,control,0.0,0.0,99.00028008870461,-0.15643929332327608,54.261156760438546,25.92108245718221,-5.119275496776279,-1174332.9085659795,298.7330862835901
26190.0,control,0.0,0.0,104.68550341897487,-0.2535132050823419,54.09642911604301,25.798489891600646,-5.242776550131239,-1174889.8272613045,301.46360848643053
26200.0,control,0.0,0.0,98.99027607122223,-0.1562668376827638,54.08332133518735,25.78727707638588,-7.225831699370079,-1173679.5564385727,301.8251381777852
26210.0,control,0.0,0.0,101.45122513127625,-0.19853366996604183,54.871979284791664,25.990343097187242,-5.603655411371404,-1173322.8553044274,298.73675703775405
26220.0,control,0.0,0.0,104.67096110614135,-0.25326767720389065,53.527311338477716,26.254640869749142,-4.450877519055714,-1174045.2360974196,299.61619089627874
26230.0,control,0.0,0.0,100.4041443079762,-0.18059028829226487,54.57339855601486,26.0986351553244,-6.43900273623701,-1172895.7011351641,301.5216053943485
26240.0,control,0.0,0.0,103.68487985292181,-0.2365817495552222,54.0299656670379,26.2330799509845,-4.341624039343332,-1173215.6619626582,299.7659348579026
26250.0,control,0.0,0.0,101.52717023197046,-0.19983260208380083,53.52069223705022,26.19266470502856,-5.111466989827402,-1172655.22765477,301.64117336243265
26260.0,control,0.0,0.0,100.75109614589168,-0.18654283158182136,54.515093085811586,25.758856284335582,-4.910764674550515,-1173482.7708747573,301.8655032819113
26270.0,control,0.0,0.0,101.81724755323806,-0.20479070768590762,53.96343741884476,25.632613719547198,-5.752445062749695,-1173147.1347417664,299.410135465906
26280.0,control,0.0,0.0,101.54273959388428,-0.2000988504168501,54.210103269799625,26.009230234695213,-5.08311446414705,-1172707.3375480212,302.3556522828834
26290.0,control,0.0,0.0,103.55902193937773,-0.2344469044943498,54.01029712559745,25.85304082706107,-5.778727199906142,-1171902.0861516893,301.1996723212728
26300.0,control,0.0,0.0,102.66877061025917,-0.2193144510838678,53.354737619709226,25.76996018869787,-5.556785192525492,-1174308.1988926735,300.501600027515
26310.0,control,0.0,0.0,99.60072161707187,-0.16678116492249268,53.50554601996788,26.239460360402987,-4.296741903683927,-1174204.8327324279,299.3862555043097
26320.0,control,0.0,0.0,104.82384367912228,-0.25584808004115156,54.40038394989543,26.196344779963464,-5.558297427791196,-1175306.745487161,301.966083654215
26330.0,control,0.0,0.0,101.67003989339673,-0.20227522959596972,54.04178070182911,25.933878342724537,-5.7847611585503955,-1172993.2223573811,301.426354411333
26340.0,control,0.0,0.0,105.64654798240947,-0.26970222003262645,54.01970551076141,25.607383552981418,-6.577206152728868,-1174654.4186646566,299.90409933865703
26350.0,control,0.0,0.0,100.37945498479223,-0.18016644640421958,53.762911498248016,25.61527994736321,-5.551021630377239,-1173287.064259177,301.95727727516817
26360.0,control,0.0,0.0,103.54184135155042,-0.2341553934931886,53.74651496172124,26.03297589701003,-5.3400816716086394,-1174827.292062506,300.4599628695396
26370.0,control,0.0,0.0,98.95257517522563,-0.15561688280454516,53.415001986125574,25.5618458721131,-5.914816185733816,-1173204.2685770243,299.5548400905287
26380.0,control,0.0,0.0,102.19701387729869,-0.21127385552643613,52.986998285768195,26.176678058407834,-6.22928918218141,-1172760.2869807947,301.62405226561293
26390.0,control,0.0,0.0,106.14587740095864,-0.27808387143040186,52.57241903370364,25.611153326373856,-5.928063856206169,-1174103.7840393,299.33691891248634
26400.0,control,0.0,0.0,105.64258126544024,-0.26963555260139693,53.48013909708989,26.415171233135446,-6.229157795941175,-1174071.7920933794,298.9700341518886
26410.0,control,0.0,0.0,101.25383902962062,-0.19515603782767066,54.103124049392356,25.92312958841925,-4.131949292827472,-1172832.1952899601,301.38313239135385
26420.0,control,0.0,0.0,100.03117256698003,-0.1741839503165814,54.306932458536,26.187821842207494,-5.880669929413775,-1174501.9810044505,300.1111928018317
26430.0,control,0.0,0.0,103.46446665751321,-0.23284228063260054,55.028607781263574,26.490921044659256,-4.5067589454448,-1174066.43438253,300.40283824237736
26440.0,control,0.0,0.0,112.94836028611049,-0.3899013344985501,54.3770543682429,26.19958960383927,-5.521823735230761,-1174553.8399193585,300.267336680962
26450.0,control,0.0,0.0,106.95514315778537,-0.29162292459716277,54.291739940518546,26.54631418421772,-6.040062344321807,-1173911.276633203,298.43681196031275
26460.0,control,0.0,0.0,100.40531472644392,-0.18061038004734875,54.17048681193953,25.944274661447047,-5.548623584448385,-1173908.530000152,300.8830469159339
26470.0,control,0.0,0.0,102.85996886464713,-0.22256902018727093,54.71851791028575,26.05503238196935,-4.63103543133153,-1175181.5896786023,299.75173526088946
26480.0,control,0.0,0.0,104.2658530892246,-0.24642145875019866,53.758574416753696,25.85355017442183,-5.867447953693984,-1172394.360449085,299.6219430563721
26490.0,control,0.0,0.0,102.33860443593643,-0.2136886462763047,54.39296894973016,25.93064121796798,-4.594065894588244,-1175470.5551550053,300.47590221364766
26500.0,control,0.0,0.0,104.50585187374298,-0.25047888398889806,54.22339756026346,26.123743477353493,-3.3882116625760896,-1172794.7468703035,300.38193091810047
26510.0,control,0.0,0.0,105.62958458616413,-0.26941711222941195,54.3884507360896,26.262621140226766,-6.125710030002422,-1173436.9679902475,299.640831582027
26520.0,control,0.0,0.0,102.4345599799186,-0.21532440256444596,53.596699810526566,26.271187026101153,-4.699911816229049,-1175306.9975186065,301.93027138761136
26530.0,control,0.0,0.0,105.9306492932055,-0.27447364478825875,53.876937308026726,26.132054063579698,-5.021736106732002,-1174276.9882627595,301.79745935263446
26540.0,control,0.0,0.0,100.6787431441596,-0.18530205118248397,53.19971259430981,25.989936543566603,-4.863272390034291,-1174193.9331010412,303.45828969257445
26550.0,control,0.0,0.0,105.47200092633761,-0.26676744109073325,53.53244216769536,26.267623723242693,-4.3307265397943215,-1173962.8617154472,300.08991547885825
26560.0,control,0.0,0.0,97.90150921156264,-0.1374706367128541,54.073406526658,25.941892166874908,-5.057063926865082,-1174494.9358261805,300.36898701672675
26570.0,control,0.0,0.0,110.76848987233853,-0.3545927962335278,53.193946419137035,25.955440600311185,-5.588727629930828,-1174165.15525564,298.78181920292997
26580.0,control,0.0,0.0,99.36437101590653,-0.16271243762983337,52.803140045163886,26.684631408940515,-4.080881996680059,-1174001.0487140175,299.9383466598307
26590.0,control,0.0,0.0,103.0497273392304,-0.22579663094278984,52.868743594286414,26.59078560287953,-4.5533048042924555,-1172711.0422781464,300.376147353112
26600.0,control,0.0,0.0,98.52679129195938,-0.14827185506816296,52.825316616300846,26.854611454578706,-3.177891482106817,-1174310.951829046,302.55809120584456
26610.0,control,0.0,0.0,103.04878010344079,-0.22578052548631375,53.58861345084458,26.062156742800877,-6.153878967042186,-1173059.7955414318,299.37454145877933
26620.0,control,0.0,0.0,110.06158055085676,-0.34302991158688695,52.91299013762222,26.43824077866042,-5.6303469663857175,-1176220.289325023,300.42982853839834
26630.0,control,0.0,0.0,101.89612939981137,-0.20613808202827555,53.08323146448339,25.9598918136648,-6.469038384251977,-1172192.2635015529,299.2882145691123
26640.0,control,0.0,0.0,103.96859584342198,-0.24139003444470458,52.67242549369471,26.22792628211471,-5.345740651380892,-1173009.9281485658,299.80705236034476
26650.0,control,0.0,0.0,103.2896417045694,-0.2298737959634314,52.738490325235986,25.786237513785508,-5.285127171489918,-1174825.268173935,300.6379578605026
26660.0,control,0.0,0.0,103.6217500718797,-0.2355110626232553,53.10748650862588,26.03776443285546,-4.0429933491305,-1172706.0561987907,301.9139284558013
26670.0,control,0.0,0.0,105.36270098819796,-0.2649284442506481,53.554856666065696,26.171582217350778,-6.026036180437943,-1175740.6288955156,302.35130330762473
26680.0,control,0.0,0.0,107.64088293645034,-0.30304995514962335,53.94937081154724,26.35511834970342,-5.2666131549526565,-1175255.8525099903,301.212102856041
26690.0,control,0.0,0.0,102.57897900625943,-0.2177851769622843,53.17362432713951,26.512975087552366,-5.211126537790205,-1173839.8389569484,301.33748814307955
26700.0,control,0.0,0.0,98.44944644451112,-0.1469367193054711,53.00779368747897,26.182723317359265,-4.727378639514964,-1172544.948243957,300.99901928899175
26710.0,control,0.0,0.0,100.82263341473887,-0.18776933053868883,53.687609154950664,26.587595803041953,-4.117647171583204,-1173070.5723314472,301.0993583120116
26720.0,control,0.0,0.0,106.15699360988424,-0.27827022809039914,53.58848628908345,26.219354878369955,-5.205618346295095,-1173754.428910613,301.38481837792654
26730.0,control,0.0,0.0,105.61718366308267,-0.2692086720452413,52.97468859689857,26.385253563920084,-6.201726869445416,-1173737.0222429428,299.41763480493466
26740.0,control,0.0,0.0,108.02906927235715,-0.30949947739884387,53.78869353258233,26.341266678034337,-4.997716192646422,-1173383.2165238447,299.1805557640816
26750.0,control,0.0,0.0,97.35575837052887,-0.1280298273695128,53.1913944532581,26.054105147163327,-6.648745933752307,-1174038.8601491377,301.24733429575815
26760.0,control,0.0,0.0,100.08809196252076,-0.1751621086177436,53.64031206257676,26.072270817784304,-6.144981521162872,-1172504.774867667,300.78616041769334
26770.0,control,0.0,0.0,100.26441949120542,-0.1781911909947675,53.30824666665405,26.200427033116455,-4.1318814656639695,-1173962.626621006,299.6681038778645
26780.0,control,0.0,0.0,101.28991012576753,-0.19577345346684652,53.32585958379053,25.685244883978086,-5.508081988265513,-1174240.249746127,299.35071299098
26790.0,control,0.0,0.0,105.29844006159651,-0.2638467887682045,53.917050531351435,26.08345010170892,-4.200964934939449,-1173384.2276514005,300.5526323761917
26800.0,control,0.0,0.0,99.09017568448661,-0.15798875639028565,53.89924996428488,26.324204880252175,-5.609142800361815,-1174266.4617275726,300.8822385970058
26810.0,control,0.0,0.0,100.29965406543732,-0.17879627471323536,53.16559966767268,25.7811841457298,-4.711443522197735,-1174401.9804528262,300.1490752478169
26820.0,control,0.0,0.0,103.42274141771873,-0.23213399224765208,53.991737875947265,26.825882028570785,-6.382042350915535,-1173982.8035213128,300.399567557453
26830.0,control,0.0,0.0,105.71523963648903,-0.27085649491669844,53.78222160142156,26.47603407886129,-5.184489349145683,-1172080.3568053711,300.26339698297625
26840.0,control,0.0,0.0,103.09879256294504,-0.22663078205842335,53.182144890688626,26.27226751449201,-3.694756184746393,-1173986.8588116448,300.63678993816575
26850.0,control,0.0,0.0,108.1812392090478,-0.3120238452318463,53.20847154073199,26.402966929416266,-5.586615628387747,-1173422.713181086,299.0662012213592
26860.0,control,0.0,0.0,102.19950322035574,-0.21131632182113974,53.4881694027213,26.049454293990035,-3.355975915891852,-1171813.2799162865,301.44665858413674
26870.0,control,0.0,0.0,101.41030330992592,-0.1978336160951425,53.984797256979476,26.192921805689654,-5.540458657557597,-1171568.8012705613,300.6154068500978
26880.0,control,0.0,0.0,97.13063202745744,-0.1241319892124513,54.233058580654415,26.048034701617503,-5.0648789349942405,-1173965.1809140649,302.1402352051641
26890.0,control,0.0,0.0,96.97367779248604,-0.1214133457394172,53.34931447275816,26.164529240596718,-5.341984621427845,-1173525.0831430126,300.97063319170763
26900.0,control,0.0,0.0,97.85619271510643,-0.13668718086668036,52.88945198386332,26.161289378053688,-5.465447177332372,-1173639.0267633572,300.015818426887
26910.0,control,0.0,0.0,99.37503192073466,-0.16289602307519013,53.342235734812455,25.97457868979895,-6.122094957648409,-1173334.1770840231,299.603014464798
26920.0,control,0.0,0.0,101.39585980770124,-0.19758650548054515,53.64737978346202,26.377437004297906,-4.0743384830063665,-1173318.7834371813,301.1681832906577
26930.0,control,0.0,0.0,102.91116216618221,-0.22344001138761155,53.71128810473447,25.768319167712946,-6.463790011801178,-1174559.181994034,299.91943102160906
26940.0,control,0.0,0.0,100.92276037905307,-0.18948550482817123,52.837163851843485,26.398334024460997,-4.6151735321423795,-1175203.834328523,300.103504531112
26950.0,control,0.0,0.0,103.05057168604574,-0.22581098696877203,53.191988648464196,25.86260995107895,-5.268805416412169,-1174358.740163641,299.22890945475507
26960.0,control,0.0,0.0,106.32041884508328,-0.28100874273449283,52.66637372908026,26.504217504547256,-5.901371758849644,-1172223.5269185621,302.3001253136191
26970.0,control,0.0,0.0,103.97186587446288,-0.24144541911298859,53.13677688258989,26.244927301216457,-5.323569704942725,-1173674.846049957,301.7205946649623
26980.0,control,0.0,0.0,103.32369596948185,-0.2304521977037641,53.088760254067225,25.757708250194998,-4.910624494446415,-1173839.3233973496,302.11917254291325
26990.0,control,0.0,0.0,101.12450399646217,-0.1929416236567894,53.10108545876327,26.01704281725245,-5.444466218570925,-1175919.4187668972,299.29430440759324
27000.0,control,0.0,0.0,95.90107190533898,-0.10281114594552512,53.71077240485089,26.07208343764768,-3.6992871272109356,-1174578.7320056912,298.43601412086895
27010.0,control,0.0,0.0,99.54379597634505,-0.1658014584897988,53.66924500817135,25.760766759351778,-4.608316895419318,-1175857.3090094253,300.33324335511776
27020.0,control,0.0,0.0,102.99941262933433,-0.22494106552661378,53.64774273616251,26.35977764574664,-2.9056834314618367,-1172773.078914469,299.93174431193665
27030.0,control,0.0,0.0,98.75887787468731,-0.15227652914466663,54.170157843724816,26.180851621026726,-6.5877218163642635,-1174208.0984239262,302.2690678121203
27040.0,control,0.0,0.0,104.42116498161268,-0.2490476634676768,53.24041660078627,26.09406607323684,-5.62201895484435,-1173830.9942031465,301.62306002619647
27050.0,control,0.0,0.0,97.73376535301045,-0.13457016495138358,52.78765609766777,26.35287007130649,-3.7343080429562145,-1173998.476354342,300.89818519811746
27060.0,control,0.0,0.0,99.26890929858025,-0.16106829478048693,52.728001151237606,25.613571312752388,-5.004158924502693,-1174269.8423682265,300.96303983666104
27070.0,control,0.0,0.0,98.98748110501195,-0.1562186554191159,52.9501528876682,26.01825448987216,-4.65291201669706,-1174277.274631776,299.9730973849322
27080.0,control,0.0,0.0,95.90450915163615,-0.10287081912549004,53.8054343886431,26.191248077488556,-6.060617908511271,-1174248.5164633002,300.4038978384108
27090.0,control,0.0,0.0,103.43600817754698,-0.2323592096379956,53.73816939554279,26.25054347692074,-5.143121250165143,-1173676.7234923523,298.6202065928906
27100.0,control,0.0,0.0,102.59791397951788,-0.21810771014703617,53.40367320254849,25.872291905506735,-5.45912887421397,-1172715.3608987555,300.093297947169
27110.0,control,0.0,0.0,101.6601270531393,-0.20210579124296219,52.56593693891635,26.17424197759347,-5.413197220122253,-1172627.4998123385,299.82100380261187
27120.0,control,0.0,0.0,101.40074372648583,-0.1976700647488433,53.61731324126868,25.940832665575186,-5.541144795870132,-1173142.8675094768,299.75907773493793
27130.0,control,0.0,0.0,102.3655036734688,-0.21414725883051902,53.37900310085584,25.957192703573348,-5.186205904877385,-1173453.1212390047,300.39027847148736
27140.0,control,0.0,0.0,102.17726617363702,-0.21093696063326278,53.02885080128451,26.194841526861666,-5.680645447433576,-1172931.060220804,300.422470748221
27150.0,control,0.0,0.0,97.13735940038858,-0.12424849504460451,52.78968723828136,25.741830166108045,-5.506094134735676,-1173772.1431629173,301.5797164954322
27160.0,control,0.0,0.0,101.94807373190599,-0.20702512569572146,53.12277431033335,25.869717583901686,-5.513685555215343,-1173792.0144201182,300.2548288538535
27170.0,control,0.0,0.0,96.91953592135972,-0.12047532849355799,53.63506170105639,25.542957465244765,-4.573780855520752,-1173613.5251715388,300.3717063611754
27180.0,control,0.0,0.0,99.14311906032609,-0.15890111998404086,53.33757216966961,25.939567897868425,-3.675594887595608,-1174684.7671416178,299.9445635338369
27190.0,control,0.0,0.0,99.7464286573298,-0.16928807214699557,53.82070501985685,26.18593962901043,-4.5706354595446586,-1174305.9077525176,300.2928994634074
27200.0,control,0.0,0.0,98.08571345292881,-0.14065436784866986,53.401279235887166,26.02257287522453,-5.152054146956246,-1174301.8910593186,301.81844894400695
27210.0,control,0.0,0.0,97.29614318901426,-0.1269978398810954,53.5271982129029,26.02180779677932,-3.5637503290620876,-1173712.0826341212,301.2430955778711
27220.0,control,0.0,0.0,98.61706765516087,-0.14982987425745703,53.66152919816795,25.871128570746286,-5.028966213355702,-1175476.4099721685,301.8839008371149
27230.0,control,0.0,0.0,99.08583409512512,-0.15791393257298475,53.404891404815686,25.872064608457155,-4.786785134934376,-1173954.5625256635,301.1815466340805
27240.0,control,0.0,0.0,98.98864113119465,-0.15623865308968232,54.00617776761453,25.88307891528899,-4.493356970983344,-1174503.4663603306,299.43237226241337
27250.0,control,0.0,0.0,102.48677102338925,-0.21621419196831826,53.70203448521203,25.927532865403982,-5.726392741380751,-1174626.8416801523,302.40782944157854
27260.0,control,0.0,0.0,97.30558027872664,-0.12716121280093326,53.700091022482745,26.132957738446102,-5.1421408363386485,-1175352.6129666716,300.14455720058805
27270.0,control,0.0,0.0,99.50842540143061,-0.16519263835547687,54.17933561381263,26.230735543886688,-4.721957729133971,-1173768.4145360403,299.3636629639263
27280.0,control,0.0,0.0,104.14357931487523,-0.24435262835620952,53.541997066675556,25.850137699536806,-4.820799875859587,-1173743.9360792786,301.1232844619185
27290.0,control,0.0,0.0,96.52823729199484,-0.11369286571129525,53.8337122217308,25.960246126839618,-4.790768187958328,-1175365.961195927,298.1088186483575
27300.0,control,0.0,0.0,98.19222318050973,-0.1424945889701447,54.15926892623118,25.579938413645973,-5.596782926857882,-1173165.627407208,300.2511710134768
27310.0,control,0.0,0.0,101.99860185331703,-0.20788782174081025,53.077335705649,26.1041097683472,-6.9110923994446996,-1174273.462399546,299.7981830265582
27320.0,control,0.0,0.0,99.52105232393873,-0.16540998796529546,53.29620670904957,25.96374521918684,-5.514308748029606,-1176288.3197949529,301.59482103209456
27330.0,control,0.0,0.0,99.60296101274706,-0.16681970219830466,52.91856960694923,25.80171865093292,-7.04986252118935,-1172435.4272840768,300.78936508160956
27340.0,control,0.0,0.0,102.31314090003617,-0.21325446799959508,52.5749838676066,25.922386538696205,-6.396643468080993,-1173793.0851298757,301.99593489607037
27350.0,control,0.0,0.0,100.78627026809895,-0.18714592466985122,53.74187764599593,25.90858629588362,-4.59244895324443,-1174107.5768020898,302.1486052041535
27360.0,control,0.0,0.0,98.90653683280631,-0.15482310089751716,53.73696298784767,25.699985817055897,-5.117906640077212,-1173648.440525759,301.29242769474996
27370.0,control,0.0,0.0,102.17025940315553,-0.21081741943450938,52.51128189113513,26.181125361124497,-5.366113271461992,-1174451.327449808,300.21252868372727
27380.0,control,0.0,0.0,107.14499612017217,-0.294790847837513,53.802876901753194,27.00043770741287,-4.516010443465283,-1173180.9849209897,300.5539979658113
27390.0,control,0.0,0.0,100.81211792564142,-0.18758906188847926,53.726380878019995,25.673491623571078,-5.374148387606573,-1174659.3748633265,301.9908686099277
27400.0,control,0.0,0.0,101.11067365303617,-0.19270476857599889,54.66343334544091,25.860232145005927,-5.193249268442965,-1174033.3692799695,300.55478411512183
27410.0,control,0.0,0.0,100.96009561372783,-0.19012528221399896,53.408396430847056,25.993021653706123,-5.735382732577158,-1175024.822425561,297.75811833712396
27420.0,control,0.0,0.0,101.18539250017739,-0.19398425140625303,54.16616672359935,25.97198823096546,-5.685288559670224,-1171961.9568146933,301.48547468106557
27430.0,control,0.0,0.0,102.1793519483028,-0.2109725450349331,53.59498759858184,25.79848894566296,-4.71883690842526,-1173045.149087429,298.56720767843615
27440.0,control,0.0,0.0,101.49475242836702,-0.19927818482258147,53.72855274401925,25.808869036580067,-4.9450638532947835,-1173344.040539153,299.6190832931095
27450.0,control,0.0,0.0,102.98572748678876,-0.22470832949601832,54.12651731300422,25.495954145867493,-3.247376747799273,-1172565.1388373356,300.5842202969935
27460.0,control,0.0,0.0,101.65097091524201,-0.20194928168936643,53.36390680306134,26.32376064182078,-3.136067107879961,-1173987.05840962,302.7052216906394
27470.0,control,0.0,0.0,98.16793800337172,-0.14207504508964253,53.97708912374299,25.980486195938806,-2.851540376676221,-1173814.8453230914,300.1399826597649
27480.0,control,0.0,0.0,107.12511403172671,-0.294459242596348,53.23558906439313,25.800697646569787,-5.363432281665087,-1175395.052579591,300.66068039111036
27490.0,control,0.0,0.0,96.68979707735241,-0.1164938767907012,53.745228644864426,26.005755240425945,-3.8656300081716912,-1173315.9933327194,299.4542732734605
27500.0,control,0.0,0.0,96.4630337678827,-0.11256215511485304,53.887247268447865,25.712736160740338,-5.978528475427444,-1174294.7692099996,301.0596194956456
27510.0,control,0.0,0.0,99.62720643924467,-0.16723692017102984,53.35624327207543,25.57908705812322,-6.333105174563801,-1175294.0718991607,299.8843251827122
27520.0,control,0.0,0.0,95.19176987934195,-0.09048952773604008,53.29409448196239,25.994679854433116,-5.326819071892225,-1174728.0138812363,300.9739481212019
27530.0,control,0.0,0.0,100.59266766791782,-0.18382555959038674,53.34165693655229,26.133359793347406,-5.303373579562868,-1171772.3662404586,301.42726256341035
27540.0,control,0.0,0.0,103.47654490480707,-0.2330472865568786,53.03214390028708,25.90236537021583,-5.328398724680355,-1175753.5477688517,299.68520913059467
27550.0,control,0.0,0.0,100.18908410969468,-0.17689722990500584,53.52401374824058,25.84582752340514,-5.026577422621588,-1174227.9200027697,300.1042558687397
27560.0,control,0.0,0.0,100.98111158980583,-0.1904853769392074,54.07330337948001,26.464482929548716,-4.317539293096906,-1174266.9861254375,300.32977218373475
27570.0,control,0.0,0.0,103.73375625654175,-0.23741050068979216,54.43314599636299,25.732730352088662,-5.0256839978061185,-1176626.1219401546,300.3540195948388
27580.0,control,0.0,0.0,100.09721463908465,-0.17531886552400666,53.32446357515073,26.053157992627415,-5.777708497332472,-1175587.9236583523,298.85258777192865
27590.0,control,0.0,0.0,104.35631938317304,-0.24795139565683094,53.030491092850184,25.973221895153745,-6.261421342699815,-1174028.0986446608,300.1945962543781
27600.0,control,0.0,0.0,101.30079793078474,-0.19595980077257855,52.40534086698828,26.579758262787212,-5.4858941617810135,-1175973.4066965673,301.4254731151924
27610.0,control,0.0,0.0,104.50833151008878,-0.250520781965226,52.92160606390853,26.315209342641182,-5.723369504649964,-1172749.7830140032,302.0030415225146
27620.0,control,0.0,0.0,102.18580684540224,-0.21108266716825355,53.10000000836897,26.09519158608078,-4.151816604731936,-1174601.9728936069,301.8472572471556
27630.0,control,0.0,0.0,102.03614163169026,-0.20852865559799755,52.79186605491956,26.20400537204723,-5.684480533335709,-1173823.4853592552,300.27472471997385
27640.0,control,0.0,0.0,104.61401865087085,-0.25230612166078203,52.6742374355756,25.867798005676953,-5.871981518576492,-1173892.7581842449,297.91422124199835
27650.0,control,0.0,0.0,99.82785461583902,-0.1706885397716403,53.84872142407413,25.84210668706364,-6.286430884213642,-1173496.8087175824,301.1874865159362
27660.0,control,0.0,0.0,101.16983783445923,-0.193717920992152,53.70479781468269,26.119844993604,-5.613066039747087,-1173344.6770789325,301.548593122309
27670.0,control,0.0,0.0,104.83542626046236,-0.25604350069491266,54.740673112608555,26.193877052347073,-4.309324843717445,-1175395.3172043394,301.94062926263865
27680.0,control,0.0,0.0,99.98938286850782,-0.17346568596763534,55.15500662940384,26.410935073063982,-5.29537939081148,-1175117.5214024931,299.8314956996535
27690.0,control,0.0,0.0,95.68138229017683,-0.0989964108150912,54.02427040368399,26.74406297998781,-4.3648576120717255,-1172690.9488168955,300.6777618582577
27700.0,control,0.0,0.0,98.56335443906595,-0.14890291846492296,53.98764328877794,26.42161424830282,-5.611138603944481,-1174237.5161579512,298.6793766661005
27710.0,control,0.0,0.0,100.0494969470483,-0.17449887311058998,54.09903311973996,26.363340573143525,-6.41314054592705,-1173490.895005228,300.3355456261888
27720.0,control,0.0,0.0,97.34416195192718,-0.12782909471470727,54.198767861909026,25.452522272852008,-5.288287526025061,-1172787.2328626085,299.71847617449674
27730.0,control,0.0,0.0,105.29190183060058,-0.2637367170552679,53.4474128907737,26.258638444115185,-5.308249093620947,-1172909.8144519608,299.5553381677134
27740.0,control,0.0,0.0,99.76633742888627,-0.16963052031290374,54.37197390643139,25.675224175732176,-6.327268921681694,-1173281.149220096,302.8139151635774
27750.0,control,0.0,0.0,99.67502818443167,-0.16805975417965704,53.39831116032776,26.299174404305553,-5.515126338017143,-1174137.1523946617,299.9680873300374
27760.0,control,0.0,0.0,94.4432306523814,-0.07747129969015193,53.37153603610863,25.78871829308104,-5.022871585492693,-1174187.2943481877,302.3933485147223
27770.0,control,0.0,0.0,95.90362304459808,-0.10285543567651234,53.95994538708436,26.339599971647456,-5.631702889820493,-1175321.812508598,301.06606605551485
27780.0,control,0.0,0.0,96.8234551306744,-0.11881044792592618,53.880014858781884,26.17996917924569,-5.214853135674454,-1175263.9873967431,299.49282378946435
27790.0,control,0.0,0.0,96.93857007917758,-0.12080511086226975,54.14087608566088,26.02782020959092,-6.116850754589124,-1172588.7194477525,301.3276447204317
27800.0,control,0.0,0.0,99.90314220388964,-0.1719831251930657,53.41010174034465,26.079901315591652,-4.160389439301234,-1175538.5845696311,298.5954530980171
27810.0,control,0.0,0.0,101.70184390364192,-0.2028188087856863,52.972120325962685,26.00453025668109,-5.676477727618447,-1173343.1118326318,301.1178499372332
27820.0,control,0.0,0.0,98.72565321469114,-0.1517033864640029,53.113268036106476,26.23359417915135,-5.752339516646968,-1174299.3480335474,300.058573653622
27830.0,control,0.0,0.0,98.18381319759375,-0.14234930336765922,53.260371530513105,26.297772227637743,-5.248282833040667,-1174121.485430522,300.3984380849525
27840.0,control,0.0,0.0,100.0726995766698,-0.17489760788826392,53.15666048747619,25.92805813873327,-5.210715397332851,-1174457.5902216416,299.66937777303457
27850.0,control,0.0,0.0,103.12673841343248,-0.22710581136843694,52.42879394808594,26.57585423804554,-5.3503871272562495,-1174422.5679904968,298.64999484786495
27860.0,control,0.0,0.0,101.08735373800434,-0.192305371991052,52.91067777162834,26.191963009950072,-4.198711228058869,-1173938.702516377,298.2570006722983
27870.0,control,0.0,0.0,95.91239375670341,-0.10300770039837251,54.037622438656975,26.06938979209702,-5.752647255170672,-1173403.2343002427,300.6559769825002
27880.0,control,0.0,0.0,103.6000751714716,-0.23514338830519263,54.09829493803006,26.551332909286955,-6.128347460807467,-1174566.1600505896,300.48407342416766
27890.0,control,0.0,0.0,98.7759392050066,-0.1525708260880449,54.40670363605908,26.455565084198557,-5.251865902088136,-1174843.1233765278,300.5809817638681
27900.0,control,0.0,0.0,106.02921947220491,-0.2761275403429734,54.42088960673912,25.86796497444741,-6.657933264020483,-1174748.4472809248,300.4349815033465
27910.0,control,0.0,0.0,105.95770689609508,-0.2749277217047473,53.823006344571816,26.163891146583257,-5.677087052398415,-1173409.9885529112,300.33898981433464
27920.0,control,0.0,0.0,96.81193476591343,-0.11861080140549812,53.994174000322566,26.298713517698435,-4.291985325451595,-1174313.0237746947,299.45452536276673
27930.0,control,0.0,0.0,106.21822097879702,-0.27929648075309943,53.945665624795325,26.27817617533095,-4.986112003138033,-1174334.1021661274,301.4867758203086
27940.0,control,0.0,0.0,98.66436241483599,-0.150645954552884,53.01914648160983,26.072108714993,-5.530999056526177,-1173866.3807200864,301.95195533765286
27950.0,control,0.0,0.0,103.90947479312979,-0.24038856301980277,52.828997262265524,25.98122754447545,-5.331733265220097,-1173435.7485545091,300.2214190128453
27960.0,control,0.0,0.0,105.88057066945656,-0.27363307090100997,52.823335547794606,25.913001629511726,-5.676569323088325,-1173495.3646213524,299.74175005439326
27970.0,control,0.0,0.0,105.390973831917,-0.26540423411933667,52.82284157724582,26.27894558315283,-5.050444928574798,-1174640.9790278394,299.454264838454
27980.0,control,0.0,0.0,101.963564124248,-0.20728961933083276,53.31310175282175,26.296463751438274,-3.24318094011159,-1173239.1976660322,299.93808844084896
27990.0,control,0.0,0.0,103.6564285840231,-0.23609924887479064,52.76683324390955,26.634917257443014,-5.33358850248218,-1173292.1597605385,300.4424877084135
28000.0,control,0.0,0.0,105.34020838624562,-0.26454988116537537,53.30417628507667,26.343311999094993,-4.979951356400274,-1175861.3548803627,299.9619824043905
28010.0,control,0.0,0.0,107.91963228894336,-0.30768266174751613,52.698369558861295,26.309883988568096,-5.586833773750455,-1174995.225474188,300.1167715872006
28020.0,control,0.0,0.0,101.45667328870232,-0.19862686453265238,53.762651781780725,25.75397472777354,-4.958546796345627,-1175095.605870692,300.7183067472512
28030.0,control,0.0,0.0,102.3293040858314,-0.21353007106775584,53.28117598532376,26.10241355510347,-5.400320771050496,-1173744.9541378785,300.10754013490214
28040.0,control,0.0,0.0,104.58741254778806,-0.2518567537288478,52.89627550386845,26.220937275393737,-5.997273878607832,-1174875.6300763134,300.3582457976481
28050.0,control,0.0,0.0,106.63941635015928,-0.28634757305849196,53.70090596263027,26.04210821307303,-5.3596899964314915,-1173907.752457589,300.7626006978856
28060.0,control,0.0,0.0,99.74721526156804,-0.16930160281133638,53.46164269262965,26.438644517160334,-4.589322055483954,-1175005.8168765865,300.95933241037005
28070.0,control,0.0,0.0,99.07088294112077,-0.15765625446678586,52.90156216272426,25.95726285590559,-4.4953821099386495,-1175080.5516250953,299.5451928818594
28080.0,control,0.0,0.0,102.04002529025776,-0.20859494763206482,53.50307491004853,25.989482685056526,-6.005002560176972,-1173663.386472119,300.7942548764757
28090.0,control,0.0,0.0,104.52177796892892,-0.2507479762264089,52.53349463868553,26.09309544669646,-5.374759600557894,-1173572.5781025663,299.9054539483547
28100.0,control,0.0,0.0,101.83165926529156,-0.20503690201168162,53.137767059588676,25.78805426839102,-5.95712932373589,-1171739.8095197584,299.9558508981647
28110.0,control,0.0,0.0,97.60892727658991,-0.13241083031092052,54.42338765342353,26.024994481983843,-5.70404264776276,-1173900.7930241376,300.7394745137897
28120.0,control,0.0,0.0,102.73836679672496,-0.2204993992126329,53.509809783387674,26.407632083610036,-4.971171501543303,-1175072.1552652102,300.2578981173223
28130.0,control,0.0,0.0,95.80647552985404,-0.10116873727526612,53.862401690490216,26.128799179308913,-5.348889920807785,-1174448.7250823174,298.60001815583644
28140.0,control,0.0,0.0,96.73432798647035,-0.11726576080052192,54.14362916606163,26.065953945961237,-5.073092324692279,-1171937.1623362768,301.0826810297085
28150.0,control,0.0,0.0,107.46461669187785,-0.30011676931296255,55.71095564245972,25.769784622376882,-5.485001319047122,-1175146.9090830386,301.77857987883044
28160.0,control,0.0,0.0,106.10068537644976,-0.27732614619547535,53.869635926866785,26.309806211648464,-5.641921028344111,-1173521.7013773136,302.17454764597375
28170.0,control,0.0,0.0,99.58951276880765,-0.16658827044915947,55.10658518620623,26.01030175848196,-5.011329348382271,-1173710.6619492602,300.48507094257195
28180.0,control,0.0,0.0,106.45011448806787,-0.28318042500132423,53.772490228353455,26.402869130985707,-6.325076325535084,-1174386.4806743078,300.8313282621327
28190.0,control,0.0,0.0,104.78907216796571,-0.25526135430559443,54.0624419799089,26.67854793882557,-4.872628916638279,-1173720.2710927818,300.87759933000257
28200.0,control,0.0,0.0,108.14379545106121,-0.3114028890904667,53.92812661658195,25.92916653171789,-5.581609539873159,-1174872.5671602432,298.22993094252644
28210.0,control,0.0,0.0,96.6571720914744,-0.11592832141636986,53.642437289545725,26.170600124500485,-4.819216998147288,-1174476.7922201864,299.1726255734291
28220.0,control,0.0,0.0,107.41773188604063,-0.2993360960309396,52.9892684486298,26.109521399644517,-5.792293524406299,-1175034.7140049469,301.2821817472872
28230.0,control,0.0,0.0,101.82191473780419,-0.20487043831111879,53.25506864496685,26.244837667501116,-5.421221707944065,-1173910.8441887666,298.03134260204513
28240.0,control,0.0,0.0,107.03847296727636,-0.29301377823304503,53.51401623806796,25.87315414401865,-5.727359582737038,-1174898.669031795,299.5873787493325
28250.0,control,0.0,0.0,105.06257894928716,-0.25987388311586435,53.98001047662016,25.861121468072742,-5.404122171042507,-1175602.5277496856,302.4443106736154
28260.0,control,0.0,0.0,107.8735181904143,-0.3069167630302594,53.84554091184405,26.287230576057922,-6.78119300432973,-1173252.7951358203,300.9485790208147
28270.0,control,0.0,0.0,104.4367121949747,-0.24931045445144118,54.13367405423929,26.407236129519266,-5.17393682808121,-1172260.2634964809,300.94454219461244
28280.0,control,0.0,0.0,99.9444186693398,-0.17269275654108449,54.29776165900456,26.648077188349138,-6.400870689228604,-1174393.9003056455,302.58398983966936
28290.0,control,0.0,0.0,98.572334578646,-0.14905790235051952,53.76963437941696,25.77397242769714,-5.309808072620145,-1174861.7182722557,299.4628225344343
28300.0,control,0.0,0.0,104.07398618894597,-0.24317463894593172,53.7231767702567,26.63016563347717,-5.56915503199245,-1173327.352770999,301.2251978161468
28310.0,control,0.0,0.0,104.92054260962504,-0.25747925740329886,53.463496656011664,25.69786111399432,-6.627437505518625,-1174052.3707981799,299.2564336557103
28320.0,control,0.0,0.0,99.99548189562074,-0.17357051932650133,54.21854861624998,25.575244577157715,-5.935556559364132,-1174867.1510875765,299.81643578937116
28330.0,control,0.0,0.0,98.32778538745292,-0.14483605107093395,53.21548273827471,25.447855336221917,-3.678593557348509,-1175021.652419109,300.1508000659822
28340.0,control,0.0,0.0,100.55423589689896,-0.18316618786113498,53.4969960185238,25.86311754933724,-5.423376603434808,-1175076.895124333,301.69598513973267
28350.0,control,0.0,0.0,105.48613467962764,-0.26700517402959073,54.2084758075145,26.388091986592176,-4.9545135756929,-1171742.685991723,301.0816443447214
28360.0,control,0.0,0.0,99.60166773698153,-0.16679744652646572,53.66181228732193,25.995988653504572,-5.792074710011801,-1173444.815232249,298.53163159733464
28370.0,control,0.0,0.0,100.84850638502597,-0.18821284791796664,54.50425905046406,26.368002567153706,-4.602988002569519,-1173083.7579247393,300.03703440079363
28380.0,control,0.0,0.0,107.37455854732693,-0.29861704466613287,54.74700258147011,25.972147375953615,-5.419165956567052,-1175672.2945479956,300.53751766044695
28390.0,control,0.0,0.0,100.1592764943795,-0.1763851695106512,53.40849073971229,26.060950010622033,-3.8417254359859596,-1175662.9307269212,300.9813090410624
28400.0,control,0.0,0.0,106.53690949161052,-0.284632949880509,53.52245730482572,26.147349420789453,-4.766643661459052,-1176472.578642903,299.1617616250061
28410.0,control,0.0,0.0,107.56347485698669,-0.30176218554741796,53.24587397701096,26.505569920778004,-4.535228617639069,-1172868.567975983,300.96559077955123
28420.0,control,0.0,0.0,99.9068418975731,-0.17204673454348118,54.15311429639632,26.664667777682258,-3.7212831763687575,-1173026.6662447602,299.6915384293718
28430.0,control,0.0,0.0,108.00968043095615,-0.309177676091258,53.40104088364225,26.128349637096854,-5.448595311654273,-1174356.7967938837,299.3340351766658
28440.0,control,0.0,0.0,101.37225992860651,-0.19718271347192312,54.12637538181749,25.80500398698383,-5.56680859242262,-1174460.7518813107,300.4926202613363
28450.0,control,0.0,0.0,104.87989723415637,-0.2567937151525056,52.92692869106152,25.940561247051892,-4.988347270474087,-1173819.5076298453,301.2088666967537
28460.0,control,0.0,0.0,104.28429856260288,-0.24673345265562785,53.33915754221258,25.951742958233293,-4.501120381470232,-1173395.7479975894,300.0546796523756
28470.0,control,0.0,0.0,101.77633225897192,-0.20409168385794696,53.6893403901409,26.660443680728918,-4.827273569295879,-1172399.8350983653,300.6944007801101
28480.0,control,0.0,0.0,100.75021645469019,-0.18652774755471607,53.86631021730091,25.93280265769171,-5.695050736184004,-1174522.5180427153,299.2432327802789
28490.0,control,0.0,0.0,106.81997547148637,-0.28936553708490276,54.915284912232366,26.33712158301906,-5.4332897812310685,-1173349.9935712386,298.66263083517515
28500.0,control,0.0,0.0,100.22586741484304,-0.17752905858169854,54.67056879280376,26.286832421411155,-4.488773358833182,-1172537.2115220428,299.6555570968413
28510.0,control,0.0,0.0,107.66823286702197,-0.3035048195762622,53.81675777699376,26.30874841886415,-5.779813409741216,-1173016.3501255512,298.7438431706238
28520.0,control,0.0,0.0,100.81525178141021,-0.18764278672212034,54.41105480276411,26.148287629057993,-3.1547997916023185,-1173092.753651958,299.7356552308453
28530.0,control,0.0,0.0,99.08141144609148,-0.15783771082485346,54.341836282537386,26.406544269106703,-5.150268705143579,-1174899.412255045,300.6515851377625
28540.0,control,0.0,0.0,96.75327551687195,-0.11759416955356279,52.906750376684634,26.657066825257996,-5.426524752181722,-1173219.6881331448,300.29854344261423
28550.0,control,0.0,0.0,102.44134817447132,-0.21544009824824073,53.62557525851303,26.240702863818278,-3.7358272518218225,-1172711.924305549,299.72210857323466
28560.0,control,0.0,0.0,105.53664081873329,-0.26785456588669476,53.82659117374805,26.14734556224164,-4.49898930975314,-1174611.970782498,299.86824342605775
28570.0,control,0.0,0.0,102.70679098306687,-0.21996182805379078,53.09651199009037,26.642367125792116,-2.8844456224183475,-1174274.6614214666,301.03754009702084
28580.0,control,0.0,0.0,104.28363455346293,-0.24672222179048348,53.2499330795001,26.533013432908938,-5.645883243507808,-1174193.1177321486,302.0467069349401
28590.0,control,0.0,0.0,112.51384542278275,-0.38290667502861625,52.91286890188824,26.96247484493521,-4.366008205891193,-1172927.3194775507,298.08470015967725
28600.0,control,0.0,0.0,101.70964897231319,-0.202952199806096,53.23837699545161,26.26800342674294,-5.461611078242374,-1174264.614330601,299.6901980757391
28610.0,control,0.0,0.0,104.54498478026974,-0.25114005101042036,54.056733528526124,26.742613261807964,-5.6406602833232125,-1174518.2476056293,301.87679693393835
28620.0,control,0.0,0.0,103.38002955703415,-0.23140882840818044,54.09969947950954,26.108138912402758,-5.482327466997814,-1174294.8944029007,300.18683107811125
28630.0,control,0.0,0.0,104.75891245663715,-0.254752370776819,54.40140029717132,26.10656875258139,-5.711873344502958,-1174452.5273633376,300.9727007470816
28640.0,control,0.0,0.0,103.82956529628512,-0.2390345425127584,54.25958895883272,25.917778342206734,-5.0513240981647805,-1173913.2836417072,300.36302843530893
28650.0,control,0.0,0.0,103.1957755650059,-0.22827908722577084,54.34157018272325,26.192712177772,-4.669910646262896,-1174711.6614948194,301.85708462176285
28660.0,control,0.0,0.0,100.36356813995292,-0.17989369906654565,53.89493215764286,26.205018240591993,-4.969845272785671,-1172200.5593610592,299.64477444914644
28670.0,control,0.0,0.0,104.67878686293047,-0.2533998068715733,54.28502899340457,25.985879449617205,-3.6474344650010835,-1174667.371076744,301.6205518158472
28680.0,control,0.0,0.0,103.99763840554843,-0.2418819021342391,54.703736965282005,25.949471330683366,-5.380378958732454,-1173871.4821305908,298.7168073823224
28690.0,control,0.0,0.0,98.77832999871477,-0.15261206465733598,53.64566292143732,25.9537668157197,-5.322229756558275,-1172519.9503001235,300.9837184121774
28700.0,control,0.0,0.0,104.60808564231935,-0.2522059198965156,54.822101671965754,26.067452946194006,-5.729933817506007,-1175489.3122032564,301.1177974745227
28710.0,control,0.0,0.0,104.94945499020864,-0.2579668271075279,55.28566535418237,25.661359542269658,-5.0283610554408815,-1174477.6564676315,299.8476093548739
28720.0,control,0.0,0.0,102.64559061989294,-0.21891971549393824,54.897258189207434,26.324624908934734,-5.682590567502014,-1175402.9462738354,298.70938382687837
28730.0,control,0.0,0.0,105.734841075252,-0.2711858005561363,54.581698515074144,26.334611014491053,-4.9129573012926215,-1175164.6683216915,301.6996619838431
28740.0,control,0.0,0.0,105.4975395569938,-0.26719699481166853,54.35373274211968,26.028983322973353,-4.916751618162298,-1173950.902500106,299.62799494579383
28750.0,control,0.0,0.0,110.30122832378534,-0.34695575823256203,54.03060561081039,25.70569638700425,-5.040761327226038,-1175002.1091021094,298.50881214739434
28760.0,control,0.0,0.0,101.86093291021108,-0.20553694180272078,53.76095399330837,26.042866077981053,-6.1333811673648375,-1173068.2540061697,303.0537040217737
28770.0,control,0.0,0.0,105.29543354992565,-0.26379617429764424,53.6862245788486,26.334917195478205,-5.962091075951268,-1174415.9867596682,301.21799327398315
28780.0,control,0.0,0.0,98.61321111749099,-0.1497633244391504,54.224378886099416,26.13268340740113,-4.531579319756877,-1175611.2705429848,301.01213860306194
28790.0,control,0.0,0.0,105.34532285840392,-0.26463596417893526,53.76488026685707,26.310283978206776,-6.8391329655579565,-1173295.444353966,301.3675711454855
28800.0,control,0.0,0.0,106.399938956216,-0.28234043477519993,54.70064034382097,26.019660709430724,-4.517823910342777,-1173858.5345245264,301.1963364262212
28810.0,control,0.0,0.0,104.51294795950905,-0.25059878404374364,53.87839352823262,26.11784798612576,-5.0301003736881285,-1173577.5331728216,298.86391308550935
28820.0,control,0.0,0.0,104.36348086289075,-0.24807248194778134,54.27715752246769,26.500012060281136,-5.188810396806629,-1172775.4082132205,300.7755691845202
28830.0,control,0.0,0.0,97.51987581700007,-0.1308701150433499,54.61336562038662,25.79687749212829,-4.5322077530764915,-1173938.678623585,299.37455366672214
28840.0,control,0.0,0.0,103.06195799999738,-0.22600457824047854,53.98230810412923,26.28574663250797,-6.134821639884106,-1172540.9493514504,297.50293489619264
28850.0,control,0.0,0.0,105.49890574160285,-0.2672199722182078,52.83829925857324,26.324867347291196,-5.297143265405719,-1173473.0396248326,298.17397716269744
28860.0,control,0.0,0.0,103.09007232879723,-0.22648254268426654,53.31439975884769,26.087978288639604,-3.602424277482839,-1174428.9127522465,302.267334215387
28870.0,control,0.0,0.0,97.09028159993117,-0.1234331575260146,54.55716361089979,26.110943993103817,-6.340879947309122,-1173579.530909622,300.6688422954817
28880.0,control,0.0,0.0,98.12396942029342,-0.14131539134371274,54.839945066005065,26.09673016315846,-6.136142269843418,-1173415.7797075696,301.228521660399
28890.0,control,0.0,0.0,101.5914591998757,-0.20093189844667791,54.90532085189015,26.333197069309136,-6.290663884974681,-1175581.3560014404,298.60429160762
28900.0,control,0.0,0.0,97.88279896380142,-0.13714717433013512,54.284186716684985,25.991613481776465,-5.238465838660451,-1174679.2909843363,299.5882234149604
28910.0,control,0.0,0.0,103.44215542583194,-0.23246356150770353,54.653869390454936,25.913828436730384,-6.061986783981862,-1174784.083529491,298.23716751922444
28920.0,control,0.0,0.0,106.95155257162678,-0.2915629804218485,53.659949595491426,25.894410268555983,-3.909768977156002,-1173884.7942032218,300.7299958413399
28930.0,control,0.0,0.0,103.20157655976206,-0.22837765917580638,54.097640033400275,26.090438083140285,-5.950467918813517,-1173578.9960277826,300.10248510132925
28940.0,control,0.0,0.0,103.19820968650394,-0.22832044871049362,53.381630630047965,25.947755460881083,-5.799829275135625,-1173826.579353908,300.18932209688165
28950.0,control,0.0,0.0,98.9329666216992,-0.1552788091456063,53.32334184998588,25.83518733103415,-5.095738133144282,-1174488.4102761894,299.98963759662485
28960.0,control,0.0,0.0,107.58166222096742,-0.302064802190515,53.848461353538006,25.453905589053843,-5.251728735153794,-1172881.199252108,300.9354497756091
28970.0,control,0.0,0.0,100.15187339883477,-0.17625798547599114,53.72927642934212,25.95338917929587,-5.6320304700642065,-1173354.0359728578,300.58567555516856
28980.0,control,0.0,0.0,100.68039980334211,-0.1853304645157335,53.61347241548802,26.069590298831628,-6.464857800834604,-1174843.9768653028,298.49699400374584
28990.0,control,0.0,0.0,106.65233438977799,-0.2865635870506726,54.01163423332198,26.331555112172286,-5.500787317433841,-1174101.670864394,304.50302153951344
29000.0,control,0.0,0.0,101.82672640549892,-0.20495263575284609,54.62702251709197,26.557885634292756,-5.963739394463448,-1175222.2033618707,300.9289587718444
29010.0,control,0.0,0.0,97.64565756414719,-0.13304622288950058,54.44718384013493,25.87177427167274,-4.076629004877846,-1175823.4251913633,300.10271674671446
29020.0,control,0.0,0.0,95.6843347166931,-0.0990476871232524,53.15797353314271,26.059194738062555,-4.689510932041351,-1174577.4000995308,300.8876626718579
29030.0,control,0.0,0.0,102.8827921645475,-0.22295735261697042,53.78583319823436,26.09135989028006,-5.6909298946910285,-1174371.8289725166,300.96006749237796
29040.0,control,0.0,0.0,96.61099366183528,-0.11512775236724686,54.79310161201544,26.508305066510044,-5.235622656251522,-1172483.6347059999,302.13013921248347
29050.0,control,0.0,0.0,97.13684481079846,-0.12423958335171194,54.217072115520885,26.07741933893967,-4.725906899547293,-1173849.5438132659,301.1385417585272
29060.0,control,0.0,0.0,96.04911231884464,-0.1053809007535198,54.25544880505103,25.96669268542752,-4.604324943112256,-1173716.4357123878,297.96630992638677
29070.0,control,0.0,0.0,95.64411969251672,-0.0983492295879993,54.47651276472036,25.833919933307016,-4.923712620472947,-1173173.590494847,300.9812106003476
29080.0,control,0.0,0.0,95.75472955378504,-0.100270192226217,53.28813584095776,26.3265684804997,-4.402281182738009,-1173837.39147125,298.58812381200846
29090.0,control,0.0,0.0,100.89387469082551,-0.188990463833226,53.59697058589496,26.206727159335674,-5.749185847703191,-1173285.5152168386,299.1147296112518
29100.0,control,0.0,0.0,103.49790023544323,-0.23340972847588537,54.1823652790365,25.971035299910657,-3.4071325549318745,-1172971.2086629067,300.002100337426
29110.0,control,0.0,0.0,100.016379640388,-0.1739297060831844,53.57426600356195,26.308853949094765,-5.573725440042623,-1173238.864402188,299.02353103603866
29120.0,control,0.0,0.0,101.09135190728819,-0.19237385028371282,53.652019532716466,26.125726640266652,-5.6730097011935285,-1174467.355956301,301.33237327047704
29130.0,control,0.0,0.0,103.36985124185955,-0.23123600153886326,53.95210022840542,26.370456371037807,-5.5496058194188,-1175471.3551160488,300.88355361298585
29140.0,control,0.0,0.0,96.69547022360037,-0.11659221714736095,53.67622432600552,26.124768289939585,-3.804794953969272,-1173686.040142918,302.19130065386304
29150.0,control,0.0,0.0,97.1324331466391,-0.12416318148024919,53.95767817574426,26.417489533425186,-4.767559508201421,-1173554.219197832,299.1552891358789
29160.0,control,0.0,0.0,102.42336830832103,-0.2151336489140429,53.99009385772178,26.647981000765675,-6.369034318851373,-1174433.7267468963,302.982818679987
29170.0,control,0.0,0.0,98.54720230232378,-0.1486241473453307,54.52907033558577,25.95092062931345,-5.2116261647146676,-1174585.7199960314,300.63329770336094
29180.0,control,0.0,0.0,100.61396731266504,-0.18419096079281952,54.04782909908073,26.269266516018853,-5.308181559795691,-1175380.1202119961,298.4433787385464
29190.0,control,0.0,0.0,97.80984653878173,-0.13588583492557216,54.18809011836914,26.23548971476202,-4.64406853080548,-1173379.5741530694,301.0036422753138
29200.0,control,0.0,0.0,95.3406409490919,-0.09307684997267396,53.47340045450075,26.342472577181834,-4.549390647000574,-1173518.8749583624,301.6195712412564
29210.0,control,0.0,0.0,97.84173348223278,-0.1364371838923247,53.87617265774497,26.135610694418453,-5.265559065643371,-1174086.0733030066,299.908174835921
29220.0,control,0.0,0.0,98.61971279586646,-0.14987551937620022,54.85474924291798,25.75326016029136,-7.4062103571089875,-1173499.0024306662,300.8209379866117
29230.0,control,0.0,0.0,100.10144626494429,-0.17539157694919935,54.844041643575736,26.372098962904357,-5.808795196387063,-1173668.2336416394,299.6342010427408
29240.0,control,0.0,0.0,99.28569194236647,-0.16135737577791848,54.36368790622795,25.93750323220808,-6.2877362569227735,-1174566.498414902,301.938710444673
29250.0,control,0.0,0.0,98.03036577078277,-0.13969790631496698,53.8723654602978,25.56890466390871,-4.083164124040521,-1174208.0721796062,300.5841048700456
29260.0,control,0.0,0.0,99.82256802787067,-0.17059762471409984,53.868297310817105,26.0321261509565,-4.99049548841476,-1172667.1072908845,300.6689798393645
29270.0,control,0.0,0.0,106.65750759050937,-0.28665008864188457,54.24096152549876,26.281389355543876,-6.340883789657612,-1175266.9722411167,301.09886794407635
29280.0,control,0.0,0.0,101.44682060421766,-0.19845832611898612,54.087228014703584,25.8672086770917,-5.906567719285633,-1173890.5536965802,300.60907036863375
29290.0,control,0.0,0.0,98.40600118934725,-0.14618664465270947,53.66883997082446,25.74610934317031,-4.987765249038729,-1172398.6253655981,299.14059644136023
29300.0,control,0.0,0.0,105.43285118610768,-0.2661088488595111,53.51286914983271,25.691849785816096,-5.4394322652674365,-1175374.5835697297,300.75488913545445
29310.0,control,0.0,0.0,100.4143039656066,-0.1807646895148377,54.374289733161824,25.88939521422805,-5.016017017635765,-1174742.5420901813,300.9531165842838
29320.0,control,0.0,0.0,95.8481563942769,-0.10189244632551694,54.58114160309731,26.392396250170545,-5.412326918180227,-1172999.157306349,299.84853678314795
29330.0,control,0.0,0.0,104.28308471744224,-0.24671292199251077,53.55672388447019,26.02960454124905,-5.859633097048646,-1174014.1203968301,298.08317813172624
29340.0,control,0.0,0.0,99.35796471526483,-0.1626021156199152,54.16238471430027,26.15371879882656,-5.6971419952819495,-1174578.234461911,299.8915549840596
29350.0,control,0.0,0.0,100.88674101801392,-0.18886820002404148,54.14251997009818,26.392324460909713,-4.938136368925811,-1174317.7283339053,300.47542951722215
29360.0,control,0.0,0.0,102.2347544109525,-0.21191763740052005,53.58265355531727,26.583050962098017,-5.57957574915847,-1174467.351358313,300.9980508001815
29370.0,control,0.0,0.0,98.8312237840367,-0.15352435634118333,53.57061284210791,25.924073309076178,-4.54746090156099,-1171991.472388262,301.69054378165293
29380.0,control,0.0,0.0,102.65443586949011,-0.21907034682912402,53.68731911335806,26.38593187960993,-4.5931573650415825,-1173699.734658258,300.52024122426883
29390.0,control,0.0,0.0,99.83025518248307,-0.17072982256498925,53.59393852423887,26.09649646509113,-6.403769700083201,-1174174.5878477115,302.2473665820603
29400.0,control,0.0,0.0,94.88587076893573,-0.08517122019562631,54.18501530308931,26.145135927050507,-5.517323737050663,-1174598.1209007893,300.7776637887979
29410.0,control,0.0,0.0,100.26051139173121,-0.17812407300499436,53.38324156301661,26.4328503188331,-5.103835955205721,-1171110.436306348,300.95247902053393
29420.0,control,0.0,0.0,99.03981179679337,-0.15712071943714315,52.820781229651246,26.17924949695747,-4.677210202436064,-1175158.8975895252,301.05663372456365
29430.0,control,0.0,0.0,97.69351580577168,-0.1338740344580345,52.766937300144036,26.301339879046356,-6.423227756402806,-1173549.4475446884,299.82532222745715
29440.0,control,0.0,0.0,105.68476129526903,-0.27034439354773854,53.51213274241517,26.013213197054597,-5.885258040189293,-1173042.9780885354,299.41871052328355
29450.0,control,0.0,0.0,96.8723118381519,-0.11965707524898699,53.04654023140353,25.88378491832398,-4.364977698691157,-1173888.5255736224,301.66654956908667
29460.0,control,0.0,0.0,103.28859150801054,-0.2298559573898875,54.36203070285667,26.18300428858523,-6.220467954805542,-1173846.70209698,299.5922683888018
29470.0,control,0.0,0.0,92.52123663746349,-0.04398968083046015,53.70466924143765,25.72233655738152,-4.9964701174771875,-1174738.263969509,301.11030801028863
29480.0,control,0.0,0.0,98.81539399036723,-0.15325134382676966,54.10509520103689,25.891328140394496,-4.713475310730953,-1174769.1249271259,299.60176741861125
29490.0,control,0.0,0.0,90.42307304456044,-0.007383950503519365,53.91114874375441,26.13138986459631,-4.92664926535522,-1172420.6638667826,299.22984483652857
29500.0,control,0.0,0.0,95.9667193851662,-0.10395077135217923,54.4526214222383,26.173966819161084,-4.5657527050054325,-1174400.4284654725,300.6394815662115
29510.0,control,0.0,0.0,103.87056338808614,-0.23972928986616948,53.85158822952208,25.844660477708295,-6.081571546662809,-1172044.3008561656,300.7480850617612
29520.0,control,0.0,0.0,99.06348618882865,-0.15752876996063706,54.13923341386715,25.84838782750279,-6.432224410238323,-1172695.3166630082,299.6152240758519
29530.0,control,0.0,0.0,99.60929824879408,-0.16692875694156856,53.55682717431703,26.001634298871494,-5.987429750713979,-1175221.435226472,300.7153812820318
29540.0,control,0.0,0.0,97.70892421031573,-0.13414053621711428,54.64074793310727,25.616003401934815,-6.1676441630503485,-1173850.908501014,299.64280076486745
29550.0,control,0.0,0.0,97.43176915683719,-0.12934543499426568,53.642379232649155,26.149052703755075,-3.670177656888154,-1174010.591301972,300.6483231929707
29560.0,control,0.0,0.0,98.24346969113485,-0.14337982515577397,53.66404252439255,26.16201888877165,-6.107878722132421,-1174114.4786809627,300.5885096800018
29570.0,control,0.0,0.0,95.84058834359892,-0.10176104549408502,53.37919967366895,26.701557950299122,-4.190235962950539,-1173946.2600580938,300.8344249397232
29580.0,control,0.0,0.0,99.81027511949634,-0.17038621422462968,52.97157131052179,26.267127409507847,-3.636630292317788,-1174013.341084499,301.1078177909161
29590.0,control,0.0,0.0,98.61595063603752,-0.14981059863854537,53.79011258899949,26.602495428081937,-4.709093464851332,-1173772.954518186,300.4385876069609
29600.0,control,0.0,0.0,99.78801782944417,-0.17000341873956104,54.07975090418745,25.996946989843146,-4.221670301284468,-1175777.049159849,300.9552847938481
29610.0,control,0.0,0.0,96.78059029175239,-0.11806758123090687,54.035907649052085,26.45390439874681,-3.408702504873019,-1174712.979509296,298.8448039306927
29620.0,control,0.0,0.0,99.3512682949418,-0.16248679532647048,52.60278049282378,26.282205511066756,-2.517636637834473,-1176431.7203552276,299.8074035966108
29630.0,control,0.0,0.0,101.83306378672555,-0.20506089466515817,53.25414743704637,27.1613332591234,-2.949176830131109,-1174957.7285677865,301.2772956718495
29640.0,control,0.0,0.0,92.8866943874048,-0.05036100936531451,53.9268462384311,25.983852293561895,-3.6917292045011294,-1174111.917617634,300.48268260927193
29650.0,control,0.0,0.0,98.07209947598068,-0.14041911728358802,53.400245022843926,26.611430794832412,-3.5684430473343234,-1174827.0169895813,301.66700473015936
29660.0,control,0.0,0.0,96.50452892191052,-0.1132817499029899,52.9430837255621,26.392595322991173,-4.182828734275936,-1171604.8966426905,299.558775611944
29670.0,control,0.0,0.0,96.40854126172101,-0.11161707507065192,53.06635685479791,26.535648029765856,-3.8187261984404053,-1173295.003929589,300.7961627728663
29680.0,control,0.0,0.0,100.77727442924923,-0.1869916893371391,53.4677312582981,26.20736699533827,-4.025196705720571,-1172027.948528586,300.0592532141123
29690.0,control,0.0,0.0,100.71887731011705,-0.18599034793495195,53.82575675913324,26.16588762604995,-2.9419016118158883,-1174199.5774055254,301.19891517580436
29700.0,control,0.0,0.0,100.12486743802829,-0.1757940023223745,52.857057180151145,26.596252613141797,-4.3805961875928405,-1173132.4818848837,299.5305399017586
29710.0,control,0.0,0.0,97.5606869675087,-0.13157624470755136,53.23537222907534,26.221661749529545,-4.305335489817209,-1175060.47653188,302.54581717010603
29720.0,control,0.0,0.0,102.4344839063906,-0.21532310597592802,53.12603621938134,26.505120532715356,-2.60545418808699,-1175375.1557876486,300.1311670207314
29730.0,control,0.0,0.0,95.74048253426834,-0.10002278490216907,54.10967241411465,26.329952896811673,-3.329864220882957,-1175312.087751871,301.1418378350995
29740.0,control,0.0,0.0,101.2063710500256,-0.19434342811196498,54.45831691144047,27.027088582540273,-3.0654560734365024,-1174746.509783497,300.8440320167785
29750.0,control,0.0,0.0,100.39140453980838,-0.18037158873154024,53.356458893579784,26.36619669990124,-4.993902543620647,-1174268.436367819,299.89869298570767
29760.0,control,0.0,0.0,98.46182123767291,-0.14715035248228303,53.35540878261519,26.704945828442263,-3.2941854750062145,-1171817.4410325512,301.1993380578465
29770.0,control,0.0,0.0,100.89323640759059,-0.18897952443488603,53.723515998344716,26.501331518860674,-3.884403678725349,-1174997.628261339,301.2653431418596
29780.0,control,0.0,0.0,103.50183159976682,-0.23347644792003702,53.319977263387266,26.46170923583582,-3.41155500404579,-1176191.9248528667,300.0120330842882
29790.0,control,0.0,0.0,97.51759616120268,-0.13083066963179557,53.55461685779613,26.503077102960244,-3.298327298752524,-1174046.872038098,300.57352502120904
29800.0,control,0.0,0.0,104.37720465469803,-0.2483045129727618,54.191689333322984,26.346502358424566,-3.479068477599199,-1173096.9638400413,299.29678926087064
29810.0,control,0.0,0.0,98.51409372774744,-0.14805268670908578,54.362409623214084,26.40041210966591,-3.069338118893069,-1172829.2007121295,300.1348234891018
29820.0,control,0.0,0.0,104.31426421294987,-0.24724024878148843,55.209245149754565,26.309236445130008,-2.354254586719353,-1174774.4267374724,298.5612961615695
29830.0,control,0.0,0.0,96.3287806645344,-0.11023358106596103,54.42448531368293,26.491394327997654,-3.365608775925406,-1173776.8243355863,301.2782628067472
29840.0,control,0.0,0.0,103.15266482330468,-0.22754646550165494,54.8179717824399,26.375636737858876,-4.13608846874986,-1173232.101910403,300.8566689076252
29850.0,control,0.0,0.0,105.04838363123172,-0.25963463233144685,52.92016488263353,26.565177854157362,-3.074948411282321,-1173330.279758526,301.0230521291759
29860.0,control,0.0,0.0,101.91996259249399,-0.20654509809201022,51.926758182076,26.600029703652478,-2.630412130838659,-1175099.9921087641,300.6818869571323
29870.0,control,0.0,0.0,99.04926310428667,-0.1572836248759018,52.83973943889439,26.46556814979722,-2.730432658857177,-1172198.0399257913,301.13288179482
29880.0,control,0.0,0.0,102.35018836886864,-0.21388614973872183,52.68698413215484,26.54706538807962,-3.116215011368599,-1174035.9375925623,300.47061702254507
29890.0,control,0.0,0.0,97.05626779606635,-0.12284402267124847,53.38171239815755,26.706843031586722,-4.204195282686895,-1173640.9476251435,300.7692018316867
29900.0,control,0.0,0.0,99.13432390389406,-0.15874956402482643,53.00005388063562,26.66650484645347,-4.204987128289925,-1173377.7688637525,300.01459199158097
29910.0,control,0.0,0.0,104.18965776499091,-0.24513239112976193,53.4083552140665,26.747109007804806,-4.057859895000243,-1173426.7010377832,302.3776413180371
29920.0,control,0.0,0.0,100.5724812019344,-0.1834792318244478,53.50784418847582,26.279398084560153,-4.2369570336580775,-1175103.2170777302,299.987341014049
29930.0,control,0.0,0.0,100.91021869527493,-0.1892705721979442,53.83912855956779,26.761393056823817,-5.740707607596219,-1173997.0104558524,298.9908534438779
29940.0,control,0.0,0.0,101.68245167488101,-0.20248737335395617,53.15631289206319,26.470600416786752,-3.4426876186922954,-1174775.1876763552,300.36768736497044
29950.0,control,0.0,0.0,99.83153442327908,-0.17075182167912215,52.79255760333843,26.816577789646903,-3.5170126560144377,-1175556.8028471712,300.0179326744434
29960.0,control,0.0,0.0,99.40901315797548,-0.16348115717918188,53.79507145299259,26.380704002908264,-3.665823873568357,-1175076.9254500438,299.52104337593727
29970.0,control,0.0,0.0,104.00549085074388,-0.242014881250566,53.455297432405985,26.127575185556786,-4.910540953475381,-1172922.131908346,301.36979961622035
29980.0,control,0.0,0.0,98.15858679648674,-0.14191348946264157,53.509266699817445,26.10154219961018,-4.410922733418998,-1172428.6519020088,301.5036268969921
29990.0,control,0.0,0.0,101.00722999201054,-0.19093286260890519,53.2516399772062,26.547248358301992,-4.564224035752592,-1175792.4745244086,298.58905226179
30000.0,control,0.0,0.0,103.0872030651232,-0.22643376557021078,53.21500680582148,26.324096080918824,-5.233897743886544,-1174761.5798060931,300.5195753981297
30010.0,control,0.0,0.0,102.23001034169702,-0.21183671762986522,53.82195231652262,26.715412277354993,-5.2529930035408565,-1174467.9270023946,299.0888258640168
30020.0,control,0.0,0.0,101.92370237686269,-0.20660896175740873,53.6004935144074,26.28174691791066,-3.971103750671559,-1174294.758666966,298.799276597638
30030.0,control,0.0,0.0,104.50771664148594,-0.25051039268305,54.98657883714992,26.794305633324075,-4.5017856634238935,-1173374.1154563148,299.0298474714483
30040.0,control,0.0,0.0,100.55751816587042,-0.18322250478764607,54.07563730088997,26.364781730823765,-3.9163302185403213,-1173140.303177124,300.3751294755532
30050.0,control,0.0,0.0,98.03620466270263,-0.13979881418666784,54.31985924141424,26.208586102337886,-4.28749790627335,-1172999.184299536,300.4610853791403
30060.0,control,0.0,0.0,96.24501126809328,-0.10878032215556023,54.04363508221447,26.309387848740705,-4.032586327596684,-1173589.2289343197,300.62938738670243
30070.0,control,0.0,0.0,98.38181597036393,-0.14576905467462126,53.588697813509164,26.682647534531345,-4.375021673168341,-1172991.5949079022,300.1100856441744
30080.0,control,0.0,0.0,100.08284465234149,-0.1750719409505754,53.494712485334375,26.438713692841027,-4.76690487132592,-1174554.2410555296,302.7859342480177
30090.0,control,0.0,0.0,99.45744853503174,-0.16431508242545514,53.725241697175235,26.179469848203812,-3.496484517565478,-1173611.8594743013,300.78062577862215
30100.0,control,0.0,0.0,103.54377797753332,-0.23418825417770145,53.281216788869614,26.650422604035768,-3.684410806938735,-1173628.1385079809,299.9060764889662
30110.0,control,0.0,0.0,97.64624993469121,-0.13305646978497843,53.628018464990156,26.006183214544762,-2.956137146786876,-1174440.110569369,301.5954034029557
30120.0,control,0.0,0.0,103.42496917912638,-0.23217181174213558,53.430546182142876,26.529863577430262,-3.974201756397133,-1175357.0329859238,300.0879693095409
30130.0,control,0.0,0.0,98.18996635979595,-0.14245560184890452,54.03234480446323,26.73134976624768,-4.980128325130482,-1174414.584985679,301.73126745669254
30140.0,control,0.0,0.0,100.4603794816699,-0.18155555285276376,55.365655067461596,26.087477998634373,-5.015111563623248,-1173939.523401199,298.5700481424795
30150.0,control,0.0,0.0,94.05602019885706,-0.07073179544588344,54.1102732736322,26.421940499268878,-3.8144291087787563,-1174798.903657863,302.4461270729982
30160.0,control,0.0,0.0,103.13589128662083,-0.22726138204805396,54.573014141413786,26.181062056489463,-4.7979291900127174,-1174138.9397756793,300.30517177530453
30170.0,control,0.0,0.0,97.2158420221183,-0.12560754396692295,53.198188938462835,26.656643494072757,-3.303227680901413,-1173826.3186300676,298.97337075446285
30180.0,control,0.0,0.0,102.11418881046,-0.20986069614157704,53.971766591469645,26.608971716980324,-4.200440983557932,-1174323.7969245315,299.89164354954954
30190.0,control,0.0,0.0,102.53210126088872,-0.2169865719352344,54.531615941917686,26.458022990348905,-3.557454363700958,-1172179.884215828,300.0626649972023
30200.0,control,0.0,0.0,104.31023338179143,-0.2471720810053855,54.15881682941238,26.743112785256404,-4.347465002472531,-1174481.044851184,299.9426999862932
30210.0,control,0.0,0.0,97.27477864074575,-0.1266279685758463,54.08436795243786,27.329208983368474,-3.781770775498581,-1175449.690929629,299.24050702181637
30220.0,control,0.0,0.0,100.90518352136897,-0.18918427954415068,53.17314517260748,26.877697571011087,-2.14648108380519,-1173612.4873975273,298.8358190734558
30230.0,control,0.0,0.0,104.79461820003668,-0.2553549429633879,54.06529692091354,26.843504654743946,-3.937254733321681,-1173502.5526848491,299.23795708428446
30240.0,control,0.0,0.0,105.56115893169377,-0.26826682660940726,53.661517637908126,26.69022185323588,-4.014661062518467,-1175042.0804835763,301.86504213309524
30250.0,control,0.0,0.0,100.50279448102035,-0.18228348146343754,53.87892901531021,26.78281129931629,-5.815403660273983,-1174016.9273386765,300.6111768619914
30260.0,control,0.0,0.0,99.23474436537298,-0.16047976121643245,54.21538736623038,26.65770262898658,-4.3309773608845745,-1174422.5845287442,301.28267257357095
30270.0,control,0.0,0.0,99.47766226181095,-0.1646630730407222,54.101721181695574,26.959825298755582,-4.253733665147623,-1172586.1952213682,299.5606028907434
30280.0,control,0.0,0.0,97.14991964148363,-0.12446601093167962,53.63008174865963,26.432090922328392,-2.725391134492935,-1175190.5438438393,302.1688539607682
30290.0,control,0.0,0.0,104.33960114004171,-0.24766870854731787,53.299179507787954,26.72533248277565,-3.5646652495768074,-1175335.3890995197,298.5647224685402
30300.0,control,0.0,0.0,102.9630039384619,-0.22432185373698937,51.96861476681818,26.844263027653565,-5.3245662080482,-1174826.0104063284,299.3125598806561
30310.0,control,0.0,0.0,102.03465746521833,-0.20850332139434546,52.42446000288563,26.548122599931315,-5.294106198504429,-1172891.7104770448,300.86323333895075
30320.0,control,0.0,0.0,100.82166237279525,-0.18775268408195894,52.82947702880522,26.467199542539863,-5.54441293314011,-1175505.0013050716,301.5867729431747
30330.0,control,0.0,0.0,101.56175333972243,-0.20042398038167747,53.04733179694326,26.303441658910085,-5.878859857152753,-1175038.4681056049,301.60617367099735
30340.0,control,0.0,0.0,96.24107557278666,-0.10871203868178804,53.53840910452551,26.376595536253923,-5.528364887138169,-1174711.3184884675,300.3144306334396
30350.0,control,0.0,0.0,96.91331423806837,-0.12036752985134404,54.114271603742345,26.738163906493845,-4.85043027037719,-1172945.7705599628,300.6909478990485
30360.0,control,0.0,0.0,101.13992610932524,-0.19320572573388456,53.71417208660626,27.07980772172252,-4.685449383942667,-1174579.120436782,299.17292955637384
30370.0,control,0.0,0.0,100.04767654403756,-0.17446758846260013,54.46515744077166,26.149615317779936,-4.079022988336372,-1175075.5454743914,297.8295086506823
30380.0,control,0.0,0.0,102.07903942431561,-0.2092608454081407,54.7538369505282,25.954688209613465,-5.552850212704464,-1174599.3756282236,299.3856562253186
30390.0,control,0.0,0.0,96.81320776427788,-0.1186328625481657,54.73076146149582,26.403202720109686,-4.321725736327622,-1172747.0732829347,301.1520108363732
30400.0,control,0.0,0.0,97.5903151915344,-0.13208884142637317,54.305879174571835,26.74955813817872,-3.6260491610681798,-1174140.0147024747,301.2042146765018
30410.0,control,0.0,0.0,100.50539660054001,-0.18232813593723524,54.56054154640154,26.497492621109544,-5.171477392780326,-1174598.4099141043,299.8652844218974
30420.0,control,0.0,0.0,97.68743117321195,-0.13376879277775566,54.92881078771966,26.646877642446242,-5.082777719315496,-1172014.5553669408,299.92007861089866
30430.0,control,0.0,0.0,93.61294423707658,-0.06301599168049983,54.46695768885617,26.892081942694396,-5.602275997284211,-1173851.4828021582,300.7599199650737
30440.0,control,0.0,0.0,95.57532030001516,-0.09715420445595167,54.969457456629456,26.523393743599453,-4.066905869845767,-1174252.479611585,301.6533208361599
30450.0,control,0.0,0.0,101.81852670700435,-0.20481255990946687,54.90011758539239,26.360761132718313,-4.528325841922989,-1174534.4937008321,302.1225114141972
30460.0,control,0.0,0.0,110.93626868407664,-0.35732928666935176,55.070703758642004,26.637755317533625,-4.450361440834305,-1173258.799170455,300.38317169732244
30470.0,control,0.0,0.0,97.13553758773237,-0.12421694474043753,55.120148083181604,26.565475711025652,-3.3116851268304375,-1172186.414487388,299.582516084637
30480.0,control,0.0,0.0,102.0033529943655,-0.2079689324334888,54.80560452403523,26.947834798918798,-3.8274841083395468,-1173900.535009887,299.0184986881304
30490.0,control,0.0,0.0,101.11182923779458,-0.19272455926817944,55.20807024396377,26.557937630809416,-4.417180673453371,-1172354.3923236523,300.4386828131497
30500.0,control,0.0,0.0,103.83374992870802,-0.23910546026423868,54.14732387524938,26.57622608236129,-4.498545599714324,-1174433.0853844583,300.5327435528332
30510.0,control,0.0,0.0,99.11082588791164,-0.15834463369032808,54.97991315060217,26.48650078607106,-5.176198012426401,-1175785.4436735082,299.68553055528827
30520.0,control,0.0,0.0,104.76717696829704,-0.25489185196078545,54.103126004979096,26.512414407417538,-4.993758560474893,-1172096.1887023654,301.8743622126232
30530.0,control,0.0,0.0,102.34274146836181,-0.2137591827558391,53.37701068493558,26.354714219030246,-4.586587175418094,-1174741.3629473802,300.63082282462454
30540.0,control,0.0,0.0,99.52066940953611,-0.16540339690518785,54.880894323697746,26.55921641653828,-5.581246751790005,-1174424.8632015474,300.1769765726719
30550.0,control,0.0,0.0,99.2168564007915,-0.1601715959554807,53.858534606695294,25.963520036624004,-3.938882114496706,-1173396.5799587145,301.2543164318731
30560.0,control,0.0,0.0,104.2025536435283,-0.24535059331753978,54.40531807828605,26.59692880998119,-3.9943477653561965,-1173709.2032967545,300.07697525360464
30570.0,control,0.0,0.0,105.27334137561908,-0.2634242314012435,54.87943545958467,26.21709795265196,-3.699308034076823,-1176222.4950936437,300.3373605804374
30580.0,control,0.0,0.0,96.74458403941846,-0.11744352580198374,53.31267931748352,26.612217286609653,-3.592938320070644,-1173853.5374813508,301.46078601931026
30590.0,control,0.0,0.0,93.70099479021042,-0.06454963441797332,54.157577238926464,26.329578022465768,-2.1685524311289974,-1174782.1807854902,298.4263191002631
30600.0,control,0.0,0.0,90.93713557656567,-0.016355372088770206,53.719531616001724,26.312665941514062,-4.289448037317849,-1173232.14262845,299.9718898785472
30610.0,control,0.0,0.0,102.57798926698018,-0.21776831735814156,53.715646088272024,26.073028646505133,-4.0232247349045895,-1174596.2055062,301.1450292030892
30620.0,control,0.0,0.0,105.78622850097479,-0.2720489623843393,53.913827013151014,26.542985425491413,-5.231059123899258,-1174058.7938122153,299.61521184762415
30630.0,control,0.0,0.0,98.06989788430771,-0.14038107286570853,54.12952700552855,25.91479722677989,-4.983752127558237,-1174301.3944530785,300.33537760310867
30640.0,control,0.0,0.0,97.86102744706596,-0.1367707703837738,54.98238111151817,26.506376042557477,-4.682635706516926,-1173226.5895292517,298.53218602242106
30650.0,control,0.0,0.0,96.03683895284671,-0.1051678804300419,54.94664093070374,26.254159416699224,-5.2205530502369,-1172107.7961036712,303.6068774195357
30660.0,control,0.0,0.0,101.80874447766942,-0.2046454441286835,54.88597012642818,26.223704031901256,-4.33260066600716,-1173257.7979555596,299.244404984888
30670.0,control,0.0,0.0,103.7162993148101,-0.23711451957512764,54.70149841783542,26.433334801074945,-4.622171120995796,-1174648.8813695442,300.12488911776984
30680.0,control,0.0,0.0,101.9385906251776,-0.20686319712673096,54.75028833879674,26.372069197525665,-5.202109735286356,-1172983.5837378316,297.42137414125494
30690.0,control,0.0,0.0,100.80885764459016,-0.18753316910444429,55.89949964882392,26.54602984971214,-3.0730752157558183,-1174041.4098409228,302.0744416079942
30700.0,control,0.0,0.0,99.682451343124,-0.16818746859287897,55.146971948432046,26.60741900144322,-4.1350311040968135,-1174988.5443804394,301.5889653453434
30710.0,control,0.0,0.0,103.53889961867445,-0.23410547763542106,54.44114777387696,26.38918439772616,-4.076871144727561,-1173898.219341511,299.1418742472293
30720.0,control,0.0,0.0,98.8283459243346,-0.153474723481617,54.30265610563298,26.541336938676693,-5.63139439314012,-1173055.8365997449,300.1462670971914
30730.0,control,0.0,0.0,96.85637770494229,-0.11938096562960639,53.79106599664093,26.57709461107792,-2.7192426408102626,-1173872.7619576044,300.5235520028854
30740.0,control,0.0,0.0,99.08422167890154,-0.15788614363914727,53.20720896305048,26.407100104487853,-2.9692200775838766,-1174256.8524449375,300.6222625120816
30750.0,control,0.0,0.0,98.98524197721757,-0.15618005495412363,53.22396009353645,25.93847251276894,-4.972654506020108,-1175363.2897201274,299.92284897377004
30760.0,control,0.0,0.0,100.87464994925017,-0.18866096486531575,54.28010697508591,26.884273046496403,-5.515984679754362,-1173532.279306179,298.2227576734033
30770.0,control,0.0,0.0,106.82744012390097,-0.2894902437213289,53.16704786905217,26.256258056789253,-2.622008581005074,-1171939.663241936,300.8564511161641
30780.0,control,0.0,0.0,109.00594271385411,-0.3256662218198788,53.4917657856756,26.247018952645387,-4.385622385416269,-1174002.049446404,301.36068819578685
30790.0,control,0.0,0.0,105.07430764537912,-0.26007154891668305,53.606442396189394,26.451922011152067,-4.877574931753944,-1174903.996237358,300.1851143727075
30800.0,control,0.0,0.0,102.20812823486862,-0.2114634549072646,53.37643417609261,25.930961797761565,-3.8092267221219998,-1172605.2047284134,300.5129569711238
30810.0,control,0.0,0.0,102.5374743507792,-0.21707811478853542,54.267857128925435,27.057032448121845,-3.5148506137485667,-1173739.7839804068,299.38478178915335
30820.0,control,0.0,0.0,99.31905022794167,-0.16193193103322995,53.93690044927466,26.409316790566688,-4.812402085508964,-1175894.7184115574,300.05296464651104
30830.0,control,0.0,0.0,99.5883480552023,-0.1665682263810903,54.07666936914823,26.347986428355387,-4.594476002778359,-1174296.3612759393,299.18836687465046
30840.0,control,0.0,0.0,101.19876983474109,-0.194213289642175,54.070858026579025,26.196652576283533,-4.098393922522651,-1173428.8288321532,302.17430474758754
30850.0,control,0.0,0.0,103.57351963393324,-0.2346928772027682,54.42022479088368,26.589520745205913,-4.61626527360605,-1174095.8984279558,300.2699997990901
30860.0,control,0.0,0.0,104.34702843121465,-0.24779429847919282,54.21306082802817,26.741276151352086,-3.4137657341115184,-1173724.652527636,299.26221934585425
30870.0,control,0.0,0.0,99.64250050962944,-0.16750008682221834,54.95640222493106,26.609630663441408,-3.753888554020906,-1174086.5490062926,299.7946488087197
30880.0,control,0.0,0.0,105.60300793957963,-0.2689703847859028,54.24864370829265,26.237214407943764,-4.174175089519444,-1172124.2426461242,299.0437716102662
30890.0,control,0.0,0.0,100.5872696249746,-0.18373295065762524,55.29367965610644,26.186714571818975,-4.906793394956237,-1173673.6983209662,300.89092612263465
30900.0,control,0.0,0.0,97.91320859114742,-0.13767288790215076,55.260002833844666,26.130605971292326,-3.1511242540903517,-1175912.3887575641,299.6187881925531
30910.0,control,0.0,0.0,98.33140490769344,-0.14489855721511485,54.71047348564538,26.232045762430648,-3.5534413091986625,-1173929.5352104492,300.47992022816345
30920.0,control,0.0,0.0,105.75993593409527,-0.27160734973067213,53.57824566674958,26.412353801426356,-3.247642198869407,-1174154.7205663454,299.766694351938
30930.0,control,0.0,0.0,103.46875816684489,-0.2329151222573178,55.17651493643492,26.385423832970872,-2.934106232866715,-1172915.6718502697,301.64841718311493
30940.0,control,0.0,0.0,103.97157154504517,-0.24144043407411592,55.1890932958182,26.783773009023538,-3.9339809044383176,-1173107.3957453594,301.33052686661125
30950.0,control,0.0,0.0,103.4002605097078,-0.2317523264625625,55.08516796115329,26.4872629214662,-3.902228750378272,-1174624.2428925224,297.98820613734074
30960.0,control,0.0,0.0,105.59227792630077,-0.26879000734970543,55.18015744577813,26.549089866021717,-4.272657116510433,-1172997.2825537007,300.6847392435544
30970.0,control,0.0,0.0,101.71301933934076,-0.20300979924944293,55.107191676886394,26.354177834436626,-3.8124640635969786,-1174128.9429373015,299.8447424253429
30980.0,control,0.0,0.0,101.48143294021482,-0.19905037315548335,54.43549888558673,26.51706090716488,-3.0667069620435266,-1173921.4124320168,300.81010339643706
30990.0,control,0.0,0.0,102.80229763710452,-0.22158760222980306,54.460568764395255,26.433573924868128,-3.6522468950593345,-1174312.6550324596,300.38805747968934
31000.0,control,0.0,0.0,104.04126671361308,-0.24262067860848452,53.70386942846861,26.579617770520517,-3.9724115165785054,-1173550.4549522568,299.6177242698567
31010.0,control,0.0,0.0,101.59309758267099,-0.2009599103462071,53.86495674007795,26.590829667402275,-4.798424687011922,-1175171.998052068,301.73721429753397
31020.0,control,0.0,0.0,103.88301810813913,-0.23994032134349486,54.56447763676604,26.357384143697324,-3.237006192980399,-1172927.0678287037,301.00471235521525
31030.0,control,0.0,0.0,101.23922155826708,-0.19490581392826214,53.281047875891375,26.21739723106978,-2.8153779470688516,-1174802.722231444,300.3755789630336
31040.0,control,0.0,0.0,103.39294046930023,-0.2316280440209709,54.28683379579926,26.687444529363987,-4.378992629907994,-1173508.6367616802,299.5450251660447
31050.0,control,0.0,0.0,107.64764766523011,-0.30316246769776595,53.85136921678932,26.455066170120908,-5.213237380537464,-1173589.6529141273,301.4316105122096
31060.0,control,0.0,0.0,102.88291507127335,-0.22295944374678686,53.37956877025878,26.688030621617497,-4.552959703778871,-1174724.2484404538,301.02669012378084
31070.0,control,0.0,0.0,109.85033996912378,-0.3395644455533418,53.56489298027754,26.556098245577978,-3.3287094835249946,-1175077.985207703,300.037722183896
31080.0,control,0.0,0.0,102.19352806313668,-0.21121438952416915,54.28424533449016,27.00166565702856,-3.820663339979067,-1173932.958108481,300.6487396941359
31090.0,control,0.0,0.0,104.65752276558867,-0.253040773944397,54.86633813167643,26.754945650525578,-2.1833146250883138,-1174376.3008965123,300.12667501298404
31100.0,control,0.0,0.0,110.27274963795472,-0.3464895443641267,53.80809497768032,26.984158209080285,-3.84187398842494,-1173595.914892424,299.40026308599477
31110.0,control,0.0,0.0,108.85280408351878,-0.3231379950489561,54.411040561463835,26.28898234685945,-3.7080558554907905,-1172781.63667541,301.2222013774874
31120.0,control,0.0,0.0,106.91643763134442,-0.2909766826344528,53.90870513915559,26.401370432427967,-2.860435696224919,-1174294.7506675702,299.9033896208469
31130.0,control,0.0,0.0,105.41169469882728,-0.2657528944303701,53.69474581333058,26.893750596323283,-3.2629942117659008,-1173823.5251075905,301.5072942382327
31140.0,control,0.0,0.0,104.97707302241636,-0.258432507968365,53.5145269439307,26.49373271798296,-3.2949856486976903,-1172911.3629023172,301.125250778398
31150.0,control,0.0,0.0,97.07212271425172,-0.12311864260540986,54.68011710213272,25.743148279526316,-2.229549111087625,-1174827.0564969145,300.2133977296042
31160.0,control,0.0,0.0,109.44387112298115,-0.33288325582665684,54.00940717825725,26.516635811013092,-3.1862803750646194,-1171487.0384549946,301.3965225007974
31170.0,control,0.0,0.0,102.44858026398563,-0.21556335619990186,55.02457109600522,26.61081784658622,-3.756216566332381,-1174532.4106466155,300.3726240883851
31180.0,control,0.0,0.0,101.40099077942811,-0.19767429155474095,54.55779313460945,26.355917706516845,-5.548862730497341,-1173492.3298595138,298.34892225923016
31190.0,control,0.0,0.0,106.4183269589758,-0.2826482941027853,54.6909124076511,26.403099497470176,-3.9972714994815943,-1172822.2895582244,298.20562620846454
31200.0,control,0.0,0.0,99.9451041766632,-0.17270454113293177,54.370631694672326,26.26602610581044,-3.812440525167769,-1172793.9222697038,300.3662939862318
31210.0,control,0.0,0.0,103.33968098866075,-0.23072367052118747,53.86280680142943,26.10962231482245,-4.04319530578735,-1173798.935217699,299.19894746282347
31220.0,control,0.0,0.0,101.58698597206724,-0.20085541755407793,53.852936502068495,26.77231055064827,-5.017687870998799,-1173988.2203811854,298.959934644739
31230.0,control,0.0,0.0,100.07949312665177,-0.17501434891290435,53.94255663919959,26.451765345121007,-3.9987439436090213,-1172992.208214609,302.0778146426038
31240.0,control,0.0,0.0,98.11684655461379,-0.14119232036596407,53.91182614440463,26.81984638396263,-6.012633469839029,-1173396.4387513343,301.942868391247
31250.0,control,0.0,0.0,105.00555087856468,-0.2589126238513946,54.42496673852046,26.295322699709573,-4.193756825977448,-1173567.338387398,300.36160439158186
31260.0,control,0.0,0.0,101.01075174849271,-0.19099319770574702,53.66010788440121,26.623603833696578,-5.217584208555876,-1175273.1500986014,298.7608498734258
31270.0,control,0.0,0.0,100.202828353947,-0.1771333240231778,53.97158841719352,26.606594649360318,-4.100506355951304,-1173650.5891238004,299.7154485293229
31280.0,control,0.0,0.0,104.63713646901552,-0.2526965294892812,55.07553701546494,26.505080349655678,-3.041534181020809,-1174178.355544569,298.47727029471935
31290.0,control,0.0,0.0,101.491408581748,-0.19922099390163409,53.9516164958356,26.99300154822357,-3.6939299134514583,-1173660.7643393911,297.7487923142159
31300.0,control,0.0,0.0,92.44231405890564,-0.04261351408297896,53.20779596779421,26.54016757621896,-3.2496066620324746,-1171027.227188222,300.82515262808187
31310.0,control,0.0,0.0,97.05635037615681,-0.12284545304921751,53.56329902276773,26.992656505534566,-4.989568425503361,-1174307.7536769696,301.1036820216323
31320.0,control,0.0,0.0,95.89171614553598,-0.10264872104776718,53.405977665097005,26.502826023900216,-4.182490645402066,-1172657.5074821748,300.78034975548246
31330.0,control,0.0,0.0,104.14167146526624,-0.2443203393521422,53.865620046420034,26.903071153647875,-5.732313753552909,-1174027.9252717774,302.789930126235
31340.0,control,0.0,0.0,99.62620441937146,-0.16721967789528827,52.928616224630204,26.91045280130963,-4.093388220896606,-1172913.9605584964,300.91301292644584
31350.0,control,0.0,0.0,98.11000518854087,-0.14107411116711854,53.87675050676639,26.479275212582213,-5.636969631783844,-1173065.5271045715,299.34811505833073
31360.0,control,0.0,0.0,103.44290864507668,-0.23247634750588334,53.89952348893989,26.53743357593162,-4.786567321501039,-1172779.3772335853,299.91074059853935
31370.0,control,0.0,0.0,98.79406683352248,-0.15288350116369498,54.382480668190645,26.374298375364067,-6.127834056743452,-1173804.2770756036,299.3683806216435
31380.0,control,0.0,0.0,101.54729722879047,-0.20017678676323342,55.39129155484356,26.831050560839532,-4.456321879571641,-1173887.830990538,300.6431529559475
31390.0,control,0.0,0.0,99.45306265360574,-0.16423957432134462,55.034829704731315,26.278364717358112,-5.124303464578537,-1174146.525124574,300.81742224730783
31400.0,control,0.0,0.0,98.57516386595479,-0.14910673089337106,54.47631546837856,26.906699970037106,-4.089726053589446,-1174740.315745784,299.39055067913995
31410.0,control,0.0,0.0,103.90501096431954,-0.24031293831163386,54.283889202951435,26.39656301584528,-4.154398426962718,-1174011.3437703457,299.13886701253244
31420.0,control,0.0,0.0,102.80504152856369,-0.22163430139451684,54.478027787587415,26.65973339557665,-4.168794039821039,-1173034.714904802,300.19032054907956
31430.0,control,0.0,0.0,97.79030394326628,-0.13554790810283093,54.15044290423093,26.137835819270173,-4.160407112554212,-1174413.5423668865,302.5449570970478
31440.0,control,0.0,0.0,98.55968233523787,-0.14883954234713664,55.35880606674745,26.530691503174673,-5.865930283163923,-1172997.9119598996,299.815414728301
31450.0,control,0.0,0.0,94.14464927381755,-0.07227470504296342,54.79733914490457,26.576698113391238,-5.0451809520878035,-1172799.6409116462,300.48939640467455
31460.0,control,0.0,0.0,101.60896498007267,-0.20123119127513467,53.023812415530266,26.527723316895603,-5.561925927379986,-1173786.145447705,301.12288319565073
31470.0,control,0.0,0.0,89.22517889004861,0.013522767308018546,53.63665102145243,26.146280868375502,-4.126741690626776,-1173927.7924979404,300.8177150124808
31480.0,control,0.0,0.0,99.53663856217177,-0.16567826575784994,53.85212462673661,26.38834744761369,-4.462227520330531,-1174069.8714330997,301.74149452138204
31490.0,control,0.0,0.0,101.64054975471477,-0.20177114231925064,52.81508532227588,25.902301368418044,-6.073427877712059,-1173101.4986988753,298.76789692131115
31500.0,control,0.0,0.0,101.14767304377285,-0.19333838589910923,52.97852700107568,26.227083228757348,-3.941674302164369,-1171813.346152123,300.5994077193175
31510.0,control,0.0,0.0,94.2056717512582,-0.07333692166057325,52.762555989580086,26.714301140594472,-4.820382525483039,-1174480.5429915488,300.5269205949492
31520.0,control,0.0,0.0,100.35250388766953,-0.1797037384290035,52.274802792274805,26.664957614105425,-4.145417811266764,-1173636.5159758572,299.0646611205577
31530.0,control,0.0,0.0,99.7204724696765,-0.16884157248162132,52.45320447047864,26.67706348398415,-4.10067460009946,-1173263.0027362853,300.4634858831452
31540.0,control,0.0,0.0,105.18509778459102,-0.26193817600592345,53.284799755874694,26.61449045740684,-4.431696690301893,-1174222.7363300957,301.26824337212446
31550.0,control,0.0,0.0,101.09733120109834,-0.19247625836430352,52.86012743208938,26.647071733540617,-4.076569962367311,-1174202.9407258593,300.5253970879385
31560.0,control,0.0,0.0,104.08605213472347,-0.24337890263848938,52.91354200989732,26.704482297533154,-4.46822735203312,-1172509.9218521342,300.66570596455534
31570.0,control,0.0,0.0,101.26120167485476,-0.1952820677993831,53.24072582260878,26.42107015790401,-4.2676994436646245,-1176533.6560246944,300.138698651755
31580.0,control,0.0,0.0,99.5057978653394,-0.16514740907002917,52.43828559055481,26.17219220110069,-5.069552049491421,-1173348.4499730598,301.67158798620284
31590.0,control,0.0,0.0,100.00615664239155,-0.17375399788197504,52.018320259485684,26.466124248238064,-5.485371059697087,-1172635.635509964,300.6239021418637
31600.0,control,0.0,0.0,97.173805041923,-0.12487963728162628,53.07961141318246,26.187963188656585,-5.817662830740568,-1173505.5846535414,302.23363050614586
31610.0,control,0.0,0.0,100.44635483250671,-0.18131483912515411,52.58669813456786,26.47060680339622,-5.362993331521412,-1176392.1028075349,300.7846986141445
31620.0,control,0.0,0.0,99.86990541341726,-0.17141164828461236,53.48486297560255,26.222320786553873,-5.4808033671659375,-1174633.2050001007,301.32371299431696
31630.0,control,0.0,0.0,100.78843468504003,-0.18718303331308506,53.16121694000825,25.879137845545337,-5.3210560261795266,-1173737.507310219,302.2252451487133
31640.0,control,0.0,0.0,99.68743790985118,-0.16827326019505098,52.98769160968105,26.520164986643042,-4.449424218044682,-1174556.2628402878,301.25421205683693
31650.0,control,0.0,0.0,98.73751603731297,-0.15190803219492108,53.3358176718953,26.55598132924412,-5.501139642209079,-1173204.582604885,299.8077784485368
31660.0,control,0.0,0.0,100.79924277187405,-0.1873683325392644,52.49959538638435,26.41114838450236,-5.637450240996591,-1173191.4717575759,301.4191882836152
31670.0,control,0.0,0.0,98.4545813386726,-0.1470253667713927,52.833241202182485,26.035985595734534,-5.834712131813603,-1173910.9530964643,299.3963452976804
31680.0,control,0.0,0.0,99.98585066612809,-0.1734049716741739,52.55568146006677,26.7446899260368,-4.932743418613539,-1173573.2496869937,300.8815679553063
31690.0,control,0.0,0.0,98.96665708630371,-0.15585965964926246,53.50665219300363,26.998667421710962,-4.298487663002206,-1174205.5336080994,300.1141819181491
31700.0,control,0.0,0.0,101.94149317812305,-0.20691276020423238,53.677112584628645,26.713834580853575,-4.2476651821110885,-1171845.1977098715,299.080291854743
31710.0,control,0.0,0.0,99.7839329267795,-0.16993316111407697,53.305710053478336,27.103953146386246,-4.564345972686689,-1172477.8248690907,300.2421449740976
31720.0,control,0.0,0.0,104.50506469086311,-0.2504655830010334,53.82862917403246,26.4725919360622,-5.861638547304981,-1175665.8419963606,299.516443354436
31730.0,control,0.0,0.0,97.89364485247476,-0.13733467961684379,53.86518211237953,26.30168479579602,-5.569376621495213,-1173280.9769283049,299.74989803564233
31740.0,control,0.0,0.0,99.14511392815928,-0.1589354945320861,52.99270942406909,26.20945593058452,-4.474988292720671,-1173802.2912714127,301.267903342928
31750.0,control,0.0,0.0,94.77029127814882,-0.08316113559901656,53.14136714809389,26.060338743535905,-3.9515612760243233,-1174053.407561062,301.19214824582014
31760.0,control,0.0,0.0,99.49333762014207,-0.16493291899720436,52.48803216220183,26.500709238809243,-5.229205929574029,-1173491.8248985037,301.21787001826823
31770.0,control,0.0,0.0,104.7609223165848,-0.25478629191925406,53.221273646802295,26.436396787516234,-3.4943907599449857,-1175104.102447493,301.71999293641767
31780.0,control,0.0,0.0,104.54781992352841,-0.2511879474083637,53.459529524547364,26.27608269346418,-5.301944663340363,-1174004.241314156,300.26936516064694
31790.0,control,0.0,0.0,104.4434885986464,-0.24942498870637825,54.11495815629171,26.064763196680737,-4.922615712897523,-1173765.0657185782,300.48771576164626
31800.0,control,0.0,0.0,100.81123538542144,-0.18757393207798295,53.13103857433008,26.478712873996454,-5.049836297170381,-1174870.5261901058,299.52606107973395
31810.0,control,0.0,0.0,101.82182604469416,-0.20486892315827154,53.64159974575199,26.601448311968056,-4.752836227634162,-1175287.1474633757,301.54439261034116
31820.0,control,0.0,0.0,99.3661118878592,-0.16274241659150845,54.134258928847714,26.520098615687473,-6.420203973984984,-1175394.760063691,300.29037580540614
31830.0,control,0.0,0.0,93.59090701735852,-0.06263212941642547,53.48801981160406,26.121865590126024,-4.283421399224479,-1173084.3129504789,300.4054388145346
31840.0,control,0.0,0.0,101.83716253781745,-0.20513091063123529,53.26533090107452,26.48106240516074,-4.8861012885043404,-1172054.3079947475,302.07567189942324
31850.0,control,0.0,0.0,99.92681377574438,-0.17239010144015168,52.538847368506964,26.382375182737686,-4.398292580617051,-1174081.1231806483,299.53644922680564
31860.0,control,0.0,0.0,96.11971670141267,-0.1066062379605441,53.71980889838481,26.638594281435502,-5.554903439137194,-1174152.9443492275,300.93517106236203
31870.0,control,0.0,0.0,97.47952517847045,-0.13017188804884422,52.970962936127655,26.618935969651112,-5.823870383925874,-1174980.9477688782,300.18270333331964
31880.0,control,0.0,0.0,97.6438785322801,-0.13301544890113015,51.962993916644244,26.3245329726274,-5.178594597754011,-1174134.4371760413,298.09989260966984
31890.0,control,0.0,0.0,99.35042240249035,-0.16247222789812002,52.959498469938424,26.058677493665712,-4.259225153627275,-1173714.0187809505,297.28783372628993
31900.0,control,0.0,0.0,99.8821476786622,-0.17162214981495116,52.56919252746267,26.54434263946722,-1.9570640221997053,-1173708.7692100983,301.18620426483284
31910.0,control,0.0,0.0,99.30627515327824,-0.16171190263033658,53.14705036683453,26.47581770890573,-3.004544813463722,-1175819.054446619,301.9261387305912
31920.0,control,0.0,0.0,98.12767991215132,-0.14137950145327874,53.82065294254045,26.137913038400196,-4.639299574617109,-1174688.3435548171,302.6352633151837
31930.0,control,0.0,0.0,99.85251224959508,-0.17111256537413402,53.160520832092566,26.181064328423503,-5.7976183894689015,-1174783.0660541393,299.88226921587307
31940.0,control,0.0,0.0,97.72068985919441,-0.13434402681731983,52.608205788747654,26.807065446599083,-4.2136024034701505,-1173200.3281114101,300.1820825161659
31950.0,control,0.0,0.0,100.7857320157374,-0.18713669636257468,53.979329291732995,26.402659266694027,-5.021213695900111,-1173508.8195818309,301.6094656240468
31960.0,control,0.0,0.0,99.196518040216,-0.1598211974845422,53.152524821759336,26.851027480684245,-3.9569626007790477,-1175342.0351556856,300.04681706760834
31970.0,control,0.0,0.0,103.73722219613262,-0.23746926280968406,52.233121797176445,26.881365965761056,-3.875994419496851,-1174810.3058799487,299.1805547591196
31980.0,control,0.0,0.0,101.50162064863386,-0.1993956521492446,53.26527265322722,26.17238309392554,-4.265824543592348,-1171820.0931147914,301.5297865721176
31990.0,control,0.0,0.0,103.75731070281289,-0.23780982959318703,52.900349103485816,26.63809954333715,-5.121009789159301,-1172850.0740147214,299.99176428873733
32000.0,control,0.0,0.0,97.23686073257421,-0.12597147579433401,53.392541552970215,26.40383947400156,-5.413045617028983,-1173743.667046912,299.8575858811651
32010.0,control,0.0,0.0,104.00885379891426,-0.24207183051272374,52.34665600282806,26.71955655481714,-5.554040576626542,-1173442.69364346,300.689907441271
32020.0,control,0.0,0.0,103.18532733445772,-0.2281015423836087,52.820566457301474,26.63360452558181,-4.050393207493815,-1174382.3608992286,298.71695320821317
32030.0,control,0.0,0.0,107.79156496315669,-0.30555512995627787,53.00228166526296,26.468917667038998,-4.490832661999922,-1172238.9804305416,300.07127666046887
32040.0,control,0.0,0.0,105.20678478065335,-0.26230345093031854,53.01494383098943,26.14291650472325,-4.620570588607897,-1172424.0521084592,300.15920232767553
32050.0,control,0.0,0.0,98.1412606212121,-0.1416141447321715,52.71378868899034,26.214193246185644,-3.954390548069471,-1172973.3741541188,300.9149693984837
32060.0,control,0.0,0.0,98.57121918008058,-0.14903865242524147,53.611130860852285,26.197537008244215,-3.637477724721559,-1174412.5986928642,302.0366114703524
32070.0,control,0.0,0.0,99.62860874262286,-0.16726105024680166,52.85854879819813,26.246442750797538,-3.404735610433846,-1174932.3138615415,299.66875800597273
32080.0,control,0.0,0.0,98.84620622495875,-0.15378274397921793,52.28343848960727,26.317996886876315,-4.472771683523785,-1175398.2419250552,299.0422076694915
32090.0,control,0.0,0.0,105.90228244912421,-0.2739975306444298,53.17378838096471,26.115758739751243,-4.940160362663713,-1173016.9039500318,300.79235278102783
32100.0,control,0.0,0.0,96.77747313559861,-0.1180135569478852,52.94729728459356,26.425768741543095,-4.74810645443474,-1174684.804960953,299.91989585534327
32110.0,control,0.0,0.0,100.45273203596484,-0.18142429635997692,53.08401851489488,26.28063507522214,-4.856721289672019,-1173491.8903549332,301.61645068945654
32120.0,control,0.0,0.0,98.95047356488622,-0.15558064953470618,53.54727581417403,27.019000437588346,-4.896173154848217,-1175458.706898814,300.8265552207164
32130.0,control,0.0,0.0,100.05016922106677,-0.17451042647257786,53.08756301085349,26.361114600609454,-4.953661604275272,-1174824.2272381503,302.32389072213897
32140.0,control,0.0,0.0,102.20529553431457,-0.21141513273721096,53.689953212069604,26.332858640408887,-4.8256907329491785,-1173886.4719493873,298.06632557231006
32150.0,control,0.0,0.0,100.77601859918329,-0.1869701575299837,53.71423590167046,26.332067363489397,-4.774978832305966,-1173213.3861195594,300.137450202086
32160.0,control,0.0,0.0,100.78984234706724,-0.18720716734969228,52.811049576487626,26.03966512805646,-4.193609778783632,-1174505.5344380904,302.0240971469474
32170.0,control,0.0,0.0,97.8168582258257,-0.13600707582499486,52.74346756714181,25.911270378733402,-6.021287292818688,-1173848.2153125405,300.9763780176734
32180.0,control,0.0,0.0,100.21848800032598,-0.1774023078672748,51.866166521347495,26.322649011966654,-3.1424961148965327,-1175005.4955798872,299.2597887974129
32190.0,control,0.0,0.0,107.60430113502358,-0.3024414449378822,52.760240263858776,25.93804068195886,-4.150089940983786,-1174276.5550313406,300.36111081745844
32200.0,control,0.0,0.0,105.87276415189123,-0.2735020190016838,51.74304041824935,26.809253686512363,-4.593702764494489,-1174481.458864199,300.75576325331605
32210.0,control,0.0,0.0,94.71328060085209,-0.08216951721752083,52.61411214762607,26.431891296225356,-2.795731912822645,-1171836.3812725116,299.5603035827357
32220.0,control,0.0,0.0,91.21979642776351,-0.02128785569437021,52.363224277860425,26.32105538669668,-4.518155562340429,-1174764.3160182592,299.57634160525
32230.0,control,0.0,0.0,102.32756932529173,-0.21350049198710863,52.67531994134854,26.332463209326264,-4.680144751342181,-1174546.3017120324,301.03114466033173
32240.0,control,0.0,0.0,96.71522842612328,-0.11693470400408702,53.0017308232785,26.08424535931278,-5.004535992202047,-1173658.6007674318,301.5702033247013
32250.0,control,0.0,0.0,104.27156871160237,-0.24651813774074544,53.661458577713326,26.609485206741745,-4.432500284858783,-1174065.4983598553,301.9021577792624
32260.0,control,0.0,0.0,99.82501651703954,-0.1706397323059542,53.074249825555185,26.568240819936232,-3.3094397769858586,-1173545.9035318755,300.22392091352816
32270.0,control,0.0,0.0,101.30834994646617,-0.19608905111493916,53.74591661083517,26.104409441698127,-4.185333940315271,-1173543.66149888,299.8076329548517
32280.0,control,0.0,0.0,102.93993799961197,-0.22392951861040739,53.1471785168027,26.57159518339095,-4.404721539873585,-1173417.9898196757,299.5860426097924
32290.0,control,0.0,0.0,103.24478774460805,-0.22911184067205098,53.22337848009781,26.101524759156625,-4.007302122904511,-1173198.3785209283,302.0177792694924
32300.0,control,0.0,0.0,95.7625008850284,-0.10040514305212188,53.07211894331709,26.558298066800155,-4.167088850001395,-1173125.7507057153,300.43575740231665
32310.0,control,0.0,0.0,99.41894218396259,-0.16365211749762174,53.531886159821944,26.579163517789084,-4.604694303701124,-1173094.4389216918,302.2292572291945
32320.0,control,0.0,0.0,95.29921215748004,-0.09235689577917558,52.656990399628114,26.090655603468967,-3.9824397796509916,-1173271.7298536077,301.11534964208295
32330.0,control,0.0,0.0,94.78977788528141,-0.08350005815060339,53.63911992540361,26.001076311628214,-3.917852448770482,-1173293.427132085,300.69001632502415
32340.0,control,0.0,0.0,102.15292223421437,-0.210521619694487,52.933074311561995,26.81323850670849,-3.8876119566718255,-1172975.1473656502,298.1561725435786
32350.0,control,0.0,0.0,97.79649645742391,-0.13565498958149802,53.12241616150313,26.368407144549156,-2.940947246797201,-1173864.6110852156,299.4374900365942
32360.0,control,0.0,0.0,97.73882055095778,-0.13465759174325076,52.98152460955203,26.336130993844357,-4.644225688956204,-1172749.939549474,301.4865007119442
32370.0,control,0.0,0.0,102.22620988415918,-0.21177189203259436,52.31370159753498,26.354624167103974,-3.232038353065377,-1174893.352707252,298.8243640597686
32380.0,control,0.0,0.0,101.26315344619508,-0.1953154766760154,53.26819092912641,26.053747390294635,-3.8780933492131195,-1174985.9014647547,300.31607800240766
32390.0,control,0.0,0.0,104.25145453182384,-0.24617789820358021,53.69082512665219,26.80758686466609,-3.899891297416153,-1172732.1612952296,300.58703257176103
32400.0,control,0.0,0.0,101.71368156713483,-0.20302111661450084,53.197842561352225,26.537341836155758,-4.150719509504165,-1173932.3138014562,299.8561315376336
32410.0,control,0.0,0.0,108.0035772273948,-0.30907637241190844,52.58984259800321,26.354134122732052,-3.455008058647076,-1174071.1129621323,300.3384792472463
32420.0,control,0.0,0.0,101.79842249995048,-0.20446910102956503,52.873138538938235,26.320849769840905,-4.86194117246385,-1173837.73009504,299.83931575782947
32430.0,control,0.0,0.0,99.25991638799695,-0.1609133862300271,52.841200421688164,26.083972042740825,-2.9102967455844446,-1173927.7966667172,301.2761079340177
32440.0,control,0.0,0.0,105.90101601156591,-0.2739762729647412,53.00450698312237,26.44708603215766,-3.9175306980127775,-1174396.331543412,297.9705383544808
32450.0,control,0.0,0.0,101.41706209204443,-0.19794924625360352,52.47341774549279,26.501507857088463,-3.805835931312875,-1171480.3163251933,300.242535064811
32460.0,control,0.0,0.0,105.16391390580993,-0.26158133887329715,52.48947491424243,26.669380213931895,-4.027739233373139,-1174062.7403847016,302.91167013131485
32470.0,control,0.0,0.0,96.24981413583406,-0.10886365019062655,52.15761803939154,26.445363046350447,-4.809623339062792,-1173760.3171631303,301.01825547446083
32480.0,control,0.0,0.0,97.59496160123955,-0.13216922557441618,51.93753769669985,26.20116923146625,-5.16977234197796,-1172793.7499646526,301.98094202104045
32490.0,control,0.0,0.0,101.3947781926509,-0.19756799986760698,51.90832685851717,26.760695281675602,-2.145344907603981,-1173937.3381671924,301.1374742619646
32500.0,control,0.0,0.0,96.69410758799772,-0.11656859683620097,52.01394151917115,26.163147520191824,-3.712510208435836,-1175166.3577966057,299.26723727461075
32510.0,control,0.0,0.0,98.8704580049631,-0.1542009686306527,53.634887757935324,26.709863409417228,-5.445732598796554,-1174597.8697936088,300.5357221580419
32520.0,control,0.0,0.0,100.87266890990902,-0.1886270099934324,52.14374066716429,26.69138834629031,-3.870564664345692,-1174538.1296597887,300.27120524524986
32530.0,control,0.0,0.0,99.91561180148543,-0.17219751386066123,52.55192785062568,26.45533770106862,-4.821238241604339,-1173697.1171496715,302.2104359575073
32540.0,control,0.0,0.0,102.35561804079995,-0.21397872142035357,52.944515309511154,26.177404453965856,-3.8574158352595695,-1173456.182342615,301.5493823645443
32550.0,control,0.0,0.0,100.8776408568357,-0.18871222837898868,52.737971114890314,26.73334214388442,-5.443884770830711,-1175853.2632865328,299.94646651414166
32560.0,control,0.0,0.0,97.82651353430931,-0.13617402493450897,51.58468354999324,26.4373254828674,-5.4055283259465545,-1174194.765801767,301.4416144310775
32570.0,control,0.0,0.0,102.11901921473253,-0.20994312445890576,53.13315876722728,26.42160207739499,-4.507224458478431,-1172777.6048228517,302.5811595186933
32580.0,control,0.0,0.0,105.54822199756612,-0.2680493041660874,52.99561391711437,26.230350834102097,-4.880975420249789,-1173279.1052225512,299.3535882325578
32590.0,control,0.0,0.0,105.0182552493404,-0.259126789651239,53.21816067504681,26.368324151327645,-5.8281189459339595,-1175241.3809916899,301.45015693357976
32600.0,control,0.0,0.0,96.72789155541228,-0.11715419820751297,52.90162854740582,26.53894219006044,-3.5355032075944983,-1174743.9597486015,301.2150055139109
32610.0,control,0.0,0.0,98.6847006365897,-0.15099686300420817,51.745141150726425,26.718297148199543,-4.969982183524715,-1172970.178156007,301.5605754397803
32620.0,control,0.0,0.0,106.79518040574342,-0.288951268323088,51.89113400991274,26.482547275230953,-4.135126170084462,-1173984.3569600023,298.1475615259414
32630.0,control,0.0,0.0,99.74185754589537,-0.16920944217256909,52.100680077546805,26.446636715730808,-4.415579484473369,-1175157.3630046658,299.1920815984448
32640.0,control,0.0,0.0,101.5538049768908,-0.20028806818740813,52.40369995149422,26.112014402955666,-4.063149881144579,-1174149.4257704876,300.95401316374756
32650.0,control,0.0,0.0,96.88508731950432,-0.11987844447893053,52.19534695926151,26.166699420752533,-5.1776287569345225,-1174856.8306269497,301.3094080456224
32660.0,control,0.0,0.0,99.5112001868106,-0.16524040195020745,52.09839410710153,26.101570296573012,-4.985552565959939,-1172229.1270811968,299.72521275730367
32670.0,control,0.0,0.0,98.31001539459416,-0.14452916949725075,53.379453190126355,26.077456969240462,-2.818762055919966,-1174613.3585362379,299.28485103303694
32680.0,control,0.0,0.0,106.14363863537868,-0.27804633858460315,52.27866353108292,26.193863742392004,-4.6124544506690075,-1172365.375411559,301.45551272259604
32690.0,control,0.0,0.0,95.0867904130649,-0.0886646564565779,52.94195546711078,25.988657321762915,-3.8388074230745506,-1174654.7102948036,301.7657246375343
32700.0,control,0.0,0.0,98.19649297024452,-0.1425683500110591,52.302873674983495,27.065904099763983,-5.330396788753975,-1173484.0713043362,299.0364360538643
32710.0,control,0.0,0.0,104.71539196794367,-0.2540177827362099,51.8475177666013,26.54108198495725,-4.118869866076703,-1175180.6500681955,301.44338379399926
32720.0,control,0.0,0.0,97.85150816588747,-0.13660618698764526,52.869174109719985,26.133290226940623,-4.829205443172718,-1173515.0854787137,301.2151141027912
32730.0,control,0.0,0.0,97.05455318470635,-0.12281432365951281,52.8849994179442,26.532237465319184,-3.1880387407599846,-1173844.9972851519,299.96766268845664
32740.0,control,0.0,0.0,108.92656449244787,-0.3243560243564048,53.00791905486834,26.6254766105545,-3.410451233762028,-1174375.0231366195,300.76794774541054
32750.0,control,0.0,0.0,99.179876177948,-0.1595344689749904,52.54495779685323,26.197536922991947,-5.445801158752722,-1172666.3059213515,301.2414146065563
32760.0,control,0.0,0.0,104.24999057644958,-0.24615313361766078,52.46546602260284,26.445145803546207,-4.971048018479018,-1174611.1119102594,302.0154638225731
32770.0,control,0.0,0.0,98.38402072449063,-0.14580712376454746,52.563164405064114,26.80869878196263,-4.646332799544469,-1174938.0705324747,300.26993515561105
32780.0,control,0.0,0.0,102.28979938765505,-0.21285643530305443,52.90137770991919,26.324360543566296,-3.2721933694017533,-1173567.8406142052,300.61800468016656
32790.0,control,0.0,0.0,99.2207265327432,-0.16023827005415656,52.348825500040974,26.37224664633055,-3.252832455094551,-1173724.5502911564,300.65500129098206
32800.0,control,0.0,0.0,100.24024303319585,-0.17777596942749188,52.812752056806936,26.620986635063694,-2.494564618928239,-1175891.7681495901,300.96329742709133
32810.0,control,0.0,0.0,95.33613390961145,-0.09299852848671906,53.368940378239394,26.216953478935064,-3.3644207726544413,-1172602.7650499158,301.3205355542086
32820.0,control,0.0,0.0,92.82847468004272,-0.04934614734058414,52.802058393981355,26.017104957384372,-4.47840979078687,-1174063.349158803,302.2886565596767
32830.0,control,0.0,0.0,100.54491909819302,-0.1830063276488506,53.593477757037896,26.090933909462617,-4.555952787622825,-1174523.299815448,301.0654933802025
32840.0,control,0.0,0.0,106.9711617538607,-0.2918903381563941,53.257614201398475,26.519057407890152,-4.843607777708613,-1173440.8204307053,300.99387333142073
32850.0,control,0.0,0.0,98.21374483889707,-0.14286636968559407,52.854754648161226,26.428031863167238,-2.6280461929702152,-1173633.486521678,300.2647181369916
32860.0,control,0.0,0.0,99.68579699171717,-0.1682450290889653,53.5960921454495,25.948323755302745,-3.944300823454909,-1172605.6902499422,299.38459315720735
32870.0,control,0.0,0.0,97.8000660866509,-0.13571671519214878,53.20100504479785,26.570533534177393,-4.187884639019871,-1173150.6704895422,300.97861699791446
32880.0,control,0.0,0.0,97.40893951729818,-0.12895031952101282,52.27087139449338,26.169097183312836,-4.186687240748852,-1174398.1984703261,298.91381445646067
32890.0,control,0.0,0.0,102.18415784610508,-0.21105453508908867,52.03101811067618,26.249668128991612,-3.1268283645370896,-1175032.3624104,298.46845557215653
32900.0,control,0.0,0.0,104.5288460872527,-0.2508673951372149,52.051366514159994,26.45332771005923,-5.446262495158741,-1174564.8757688086,300.9362521914411
32910.0,control,0.0,0.0,104.99139057570935,-0.2586738994613371,52.08006959647373,26.094535000769326,-4.527689525703109,-1174994.2415913586,301.9825995407911
32920.0,control,0.0,0.0,100.42658201376219,-0.18097544755635306,53.19271364275801,26.607485671452075,-2.2806009639410356,-1173143.0699378792,300.69727399566517
32930.0,control,0.0,0.0,98.42446771433401,-0.1465054762386499,53.63112197816596,26.215976272414096,-3.3569437512767712,-1176440.19242437,300.8156843179817
32940.0,control,0.0,0.0,104.11389327725735,-0.24385018251655316,52.79588507810787,26.54200973582148,-4.1638590569567,-1173417.4073077962,300.46187101275666
32950.0,control,0.0,0.0,98.63730600412784,-0.15017910344143698,52.324850359213116,26.397197491079698,-3.5362410029142612,-1175432.7042746376,302.086540297365
32960.0,control,0.0,0.0,102.29675425781245,-0.21297503738802426,52.78750925507811,26.44634263137166,-4.449889984422837,-1172325.9744512644,299.194653677142
32970.0,control,0.0,0.0,102.52168611995879,-0.21680912079749626,53.23019098508201,26.177299383373388,-3.0392187075584527,-1173290.942507485,300.74952794076745
32980.0,control,0.0,0.0,94.8184842222726,-0.08399931807000795,52.54993756722774,25.96408548783447,-3.7829051418730577,-1174781.783121772,300.30165689574375
32990.0,control,0.0,0.0,96.53406321362485,-0.11379388732921844,52.958792087015674,26.320189282638207,-3.7914563042728857,-1172643.6147638299,298.64698622350676
33000.0,control,0.0,0.0,99.30728084994156,-0.1617292242947988,52.86684090278951,26.489247446230863,-3.569228482823865,-1175344.7434851546,302.0200854945798
33010.0,control,0.0,0.0,101.617987264261,-0.20138543613237753,52.38262720148161,26.437241344704205,-3.0536441305785718,-1174527.4282323308,299.81998135219413
33020.0,control,0.0,0.0,100.10127420586768,-0.1753886205012182,51.84463338741764,26.522600692807718,-4.066363785299068,-1176436.6265248097,301.728292701623
33030.0,control,0.0,0.0,105.47863195649593,-0.26687897854562026,53.129749114948396,26.245340760511198,-2.554627431190594,-1175427.03939843,300.1705525074713
33040.0,control,0.0,0.0,96.97172288043704,-0.1213794784329071,52.79638986616224,26.292900946408988,-4.54255122100836,-1173549.9190510176,300.8228438350341
33050.0,control,0.0,0.0,101.78070211911638,-0.2041663463964836,52.95376101657944,26.223513071969222,-5.478852049960906,-1174333.8318455946,301.0736878488944
33060.0,control,0.0,0.0,99.67395465380756,-0.1680412840009954,53.2101979564622,26.221863283843515,-3.0042776703394787,-1177580.5929769762,299.4445104210472
33070.0,control,0.0,0.0,97.66325759397101,-0.13335066420890565,52.814633198845705,26.27003478320934,-2.2888818119342638,-1174009.092161473,301.0896421462639
33080.0,control,0.0,0.0,95.11345239840301,-0.08912815354564935,52.87547824837453,26.4854247648199,-2.8345347452598304,-1174543.0118177757,301.29450262070816
33090.0,control,0.0,0.0,96.43544839517274,-0.11208374630980403,53.02713189250173,26.723318945370284,-3.726491023241486,-1175230.1637278758,301.61547431798755
33100.0,control,0.0,0.0,105.05741042138894,-0.2597867735388818,53.017421785456044,26.615378646601254,-4.565736247707986,-1173804.1588982623,299.82855985233215
33110.0,control,0.0,0.0,94.9085085437556,-0.08556488156686272,53.03138567449164,26.166644299255665,-3.8733795352862948,-1173509.2582537197,299.8890536466847
33120.0,control,0.0,0.0,104.43849344777813,-0.24934056138758476,52.274005572275,26.428824827374683,-4.062910575578613,-1173534.0153303426,301.36624701357783
33130.0,control,0.0,0.0,101.3066632830753,-0.19606018470374706,52.272672723274,26.229314547533694,-4.157810511292756,-1173281.3265302107,300.957579206404
33140.0,control,0.0,0.0,95.31882977364947,-0.09269781895819962,52.663414686275125,26.1199364435701,-4.915538262417623,-1174714.9603762385,299.703629279953
33150.0,control,0.0,0.0,102.7436060151034,-0.2205885892592993,52.81983584996401,25.908052951002297,-4.157680720758522,-1174135.6933891214,299.03103361547863
33160.0,control,0.0,0.0,107.67518524664524,-0.3036204355469863,52.146988807440984,26.516703339775724,-4.648591965037259,-1174463.9035089668,302.1341684766238
33170.0,control,0.0,0.0,102.49042762322057,-0.21627650164021434,52.28725519903663,26.189226648701073,-5.858957333191103,-1172767.7319572102,299.3472652148895
33180.0,control,0.0,0.0,96.98955785971738,-0.12168845011516147,52.28879043480879,26.38969324591754,-3.7672004883984718,-1172551.6876379512,299.60179545177584
33190.0,control,0.0,0.0,99.19956751690351,-0.1598737365320258,52.47721997614922,26.4968365886468,-3.9389870908798583,-1174632.821805304,298.4108835407465
33200.0,control,0.0,0.0,101.74468158133926,-0.20355087142767656,52.266257490238296,26.267548612047847,-5.079300861500788,-1174345.1791418754,300.0771364498357
33210.0,control,0.0,0.0,103.96509753370637,-0.2413307825393308,52.061189585741104,26.15060353620916,-3.87173015792706,-1175934.8779318985,302.36115408561807
33220.0,control,0.0,0.0,99.47135102465869,-0.16455442376076346,52.58651823927033,26.33095181438237,-2.538004366493986,-1174324.7729026787,298.66755960557845
33230.0,control,0.0,0.0,100.62889806020146,-0.18444708665761594,52.53392066909664,26.246872247682713,-3.6869224789096924,-1173975.3399146385,297.55516244584106
33240.0,control,0.0,0.0,100.93897211094522,-0.18976331931429924,53.360622671034434,26.15825000272762,-4.538935316313792,-1174814.6777380966,299.46290410202204
33250.0,control,0.0,0.0,100.27607943208514,-0.17839143475512154,52.45406869416897,26.60285250934054,-3.3367358171867227,-1173803.994164789,299.9613297042568
33260.0,control,0.0,0.0,100.30709866853704,-0.17892411231675232,52.53619997994069,26.258855464468088,-3.704108754574977,-1173456.3973576613,300.89125508303164
33270.0,control,0.0,0.0,104.1143149786253,-0.2438573204079931,52.58628077514991,26.443524220471826,-4.395955320079538,-1175675.8835038915,302.2454801932386
33280.0,control,0.0,0.0,105.83835368388732,-0.2729242928510456,52.80874412392798,26.72591471432851,-5.263862513999244,-1173800.4615295473,299.24526475878065
33290.0,control,0.0,0.0,105.70674216909386,-0.27071372697555474,52.986217478220354,26.46906909153927,-3.6323468218392687,-1174738.0351174548,297.9334498294397
33300.0,control,0.0,0.0,99.79517778134527,-0.17012656309420365,52.492294468001155,26.718068429052163,-4.3659365198353495,-1175548.542649515,299.32554277647426
33310.0,control,0.0,0.0,103.28183999312871,-0.2297412747335103,51.946552108827376,26.85035375097929,-4.160316546397792,-1174243.6894680113,300.6192468331444
33320.0,control,0.0,0.0,96.21600217438098,-0.1082770085397291,52.75945566529273,26.28878795966086,-4.342908469973502,-1173602.6103544515,299.3864410721833
33330.0,control,0.0,0.0,99.97726525193782,-0.1732573960246761,52.488812485620144,26.282408189755625,-4.354418339743907,-1173172.8397667669,301.37731370404373
33340.0,control,0.0,0.0,100.48831022228066,-0.18203491300994679,53.303899567584715,26.356843911448408,-4.205701081812885,-1174609.3793481067,302.2171823366742
33350.0,control,0.0,0.0,97.85662952490223,-0.13669473307714408,53.697606269095594,26.0404428617308,-2.7683466269619985,-1173704.1401591692,299.5436984586559
33360.0,control,0.0,0.0,98.93444754105923,-0.15530434250711977,53.66530697910652,25.99400187793674,-3.2689071901022073,-1174543.5694496073,302.99263706730176
33370.0,control,0.0,0.0,94.97451558531911,-0.08671263974550347,53.944426049229875,26.039972128275604,-4.879003022691869,-1173178.0817642454,299.4100162476888
33380.0,control,0.0,0.0,97.7805534353465,-0.13537929828618944,53.74665612168434,26.09582870568792,-3.8050591675113683,-1174283.807880491,300.78889666413926
33390.0,control,0.0,0.0,94.75923477532719,-0.08296883010823856,53.75837524367322,25.948913389770624,-5.642951393836564,-1175630.436385721,300.63475079853055
33400.0,control,0.0,0.0,99.58710043283683,-0.16654675542339314,54.58182409526606,26.20696748625461,-3.9886397951338397,-1174017.2888505962,299.0416467299146
33410.0,control,0.0,0.0,95.4338052320746,-0.09469569101146381,53.230850506770444,26.129016444012528,-3.1720399154570345,-1175151.2181275524,299.01874188876036
33420.0,control,0.0,0.0,100.51822854836665,-0.18254833703014806,52.68965287806839,26.409450498909845,-2.7532854770692747,-1175275.7634958383,300.82109053335034
33430.0,control,0.0,0.0,105.54683262833862,-0.2680259424096235,52.91952055787396,25.949999461834665,-4.625653460493011,-1173714.9960149117,299.83813153960494
33440.0,control,0.0,0.0,97.71043778118987,-0.13416671421893914,52.81919615872505,26.199728516302997,-2.566540122516444,-1174321.8394343443,299.6043162237433
33450.0,control,0.0,0.0,103.5167777046464,-0.2337300892193461,52.28236754128171,26.345616253322877,-4.364554485314388,-1173787.6005151253,300.7173910208733
33460.0,control,0.0,0.0,103.064072136971,-0.22604052203078756,53.10702076733439,26.51535436294158,-3.1200730482159997,-1174342.1208528876,299.6482939032217
33470.0,control,0.0,0.0,103.50804582127455,-0.23358190764245876,52.624222401163216,26.03286855887898,-4.709481646952491,-1174571.4824971054,298.9150142057116
33480.0,control,0.0,0.0,96.42238573856103,-0.11185719362777805,52.12343706818198,26.54801136949234,-1.799657492503953,-1172788.0760707147,299.1603638593911
33490.0,control,0.0,0.0,102.36876189785401,-0.2142028059980074,52.953497965281045,26.468016092543337,-4.754076848601316,-1173669.5344405547,300.0927917468021
33500.0,control,0.0,0.0,100.52494940190836,-0.18266366577366627,53.87014381051867,26.293524157697316,-3.8122087227599595,-1173641.1636979915,300.6436735056093
33510.0,control,0.0,0.0,94.2128206310573,-0.07346135659785237,53.50284600884103,26.535068591219314,-4.063019458305115,-1172837.8744397387,298.70070357910146
33520.0,control,0.0,0.0,97.79197894816922,-0.13557687258557993,52.6009334964707,26.396196972764816,-2.6129568607589317,-1172853.1580981817,301.84247941645555
33530.0,control,0.0,0.0,103.4132069126779,-0.23197212617382207,52.34940615915659,26.054208516580246,-4.382296567393622,-1173575.245927738,300.1707572508465
33540.0,control,0.0,0.0,100.74018886024086,-0.1863558017185995,52.026575857709844,26.13624223181866,-3.922157319685527,-1174488.1339627653,300.3393403163303
33550.0,control,0.0,0.0,102.29674692997033,-0.2129749124272628,52.39620695277333,25.97882722092148,-3.1344205929220412,-1175040.7588707935,300.0069670152995
33560.0,control,0.0,0.0,108.7434688703206,-0.3213315229177865,53.36270582772589,26.219214326287066,-4.120383173965239,-1174169.7632060703,300.4632901277716
33570.0,control,0.0,0.0,100.89196573166778,-0.18895774652520056,53.13022861577062,26.57695635684257,-4.0198965498818975,-1173246.2727091108,301.46460485159537
33580.0,control,0.0,0.0,104.88955845541382,-0.25695667715465176,53.59217866376001,26.1411473486939,-4.216617345362908,-1173117.1888613012,301.12914897718264
33590.0,control,0.0,0.0,98.15297246416081,-0.14181649193328136,53.1953141650965,25.946260163860106,-4.200863146938133,-1173673.5179402344,299.3538284800135
33600.0,control,0.0,0.0,100.10703409489523,-0.17548759037054262,53.28223120731317,26.35912493633743,-3.229279174465921,-1175396.940339407,298.63562664480224
33610.0,control,0.0,0.0,101.25573656208844,-0.1951885191201607,53.19559901212388,26.070906175428608,-3.7730060720309893,-1174514.3606702983,302.1210322375508
33620.0,control,0.0,0.0,94.18087142222873,-0.07290523296858312,53.52276282627671,25.989950743426945,-4.653938219583517,-1173951.097601639,301.33478304970714
33630.0,control,0.0,0.0,97.68036308681256,-0.13364653908273288,53.37839849339521,26.306598014119242,-4.7899684470660375,-1172581.4164293353,299.57094108239977
33640.0,control,0.0,0.0,101.34342773797908,-0.19668935164483392,53.20992219441237,26.51472356542934,-4.190204229374688,-1173327.8956745453,301.6383776610626
33650.0,control,0.0,0.0,95.96748797568937,-0.10396411310459562,53.00282903628537,26.257374806306757,-2.8685722884338674,-1174022.260765614,299.4046025057724
33660.0,control,0.0,0.0,97.18685638129975,-0.12510563972954053,52.654298288532694,26.12758326229198,-4.381726844093454,-1174049.0484348778,299.63029034501653
33670.0,control,0.0,0.0,97.01877348456283,-0.1221945536536687,53.168818761269236,26.16349993668846,-3.4130317866155755,-1171940.1589790322,300.4582859169079
33680.0,control,0.0,0.0,94.46493590661088,-0.07784898373670257,53.282871783361465,26.03801006131222,-3.459241786289623,-1172942.8962441776,301.9978226557897
33690.0,control,0.0,0.0,109.9189606422512,-0.34069069701564203,53.37588079468351,25.822296086549684,-3.833064921647389,-1173739.578530645,301.20778637318597
33700.0,control,0.0,0.0,99.70775849789676,-0.16862285344085992,53.4730472688475,25.87669785438009,-6.477546140659891,-1174088.7036074195,301.45687118446546
33710.0,control,0.0,0.0,96.29771582848788,-0.10969468544473071,52.73475803236308,26.20158530065066,-3.082611242339112,-1173730.1719112415,299.7065506923825
33720.0,control,0.0,0.0,102.45090390065094,-0.21560295767657683,52.309514438244804,26.36681789600826,-4.498783040905017,-1173764.6937240753,299.29621851452924
33730.0,control,0.0,0.0,102.31958666755348,-0.21336437864654556,52.70822871824056,26.327607902905438,-5.604369372090392,-1174301.7650011983,299.06378762434747
33740.0,control,0.0,0.0,99.87852506781442,-0.17155986108611898,52.7520246600432,25.882597646117365,-4.79965191665707,-1174935.6626603082,299.603649946863
33750.0,control,0.0,0.0,101.43755516127784,-0.1982998276089712,53.192669559665454,26.11469980413997,-4.743330240151243,-1173634.9297319874,302.64190383321335
33760.0,control,0.0,0.0,100.70792487201878,-0.18580252380571977,53.092466766854436,26.119804547225883,-3.4961942156682033,-1175112.1465750355,299.2811971290722
33770.0,control,0.0,0.0,105.88654412178694,-0.2737333467906156,52.61028415329466,26.51942650354648,-1.938287778944532,-1175022.7194263898,299.8426523435704
33780.0,control,0.0,0.0,99.27171991347458,-0.16111670857909205,51.973196370144066,26.421930804123647,-3.6384003780717995,-1175238.4683742635,302.59338060425716
33790.0,control,0.0,0.0,100.87363850122627,-0.18864362874707982,53.52349852623646,26.819941518080853,-4.383953059772307,-1174049.6599253267,299.64861349272553
33800.0,control,0.0,0.0,95.89011217453678,-0.10262087430913053,52.500134168589476,26.129691681651252,-4.901370151243936,-1174090.3247231655,299.96365853838347
33810.0,control,0.0,0.0,100.5065274704045,-0.18234754246076817,52.903820518606885,26.548013367646988,-1.667284947128938,-1175118.8964378852,302.59433825246674
33820.0,control,0.0,0.0,101.38095058824827,-0.19733141384535585,52.03102779734948,26.168347722265583,-3.3493091871247866,-1173366.9449025374,303.02046432870634
33830.0,control,0.0,0.0,96.2199704452936,-0.10834586048055943,52.30528911063455,25.970739507493587,-2.811905741291722,-1174028.706017973,299.67768864665396
33840.0,control,0.0,0.0,96.51107021002079,-0.11339518127534487,53.08917019716518,26.331484253151956,-3.6928388340059897,-1174049.655390434,298.65704983457834
33850.0,control,0.0,0.0,101.33320076108689,-0.19651434082849262,52.80063794833771,26.549688949572353,-4.060476787354715,-1174312.6903353333,300.74945886961757
33860.0,control,0.0,0.0,100.45767854664025,-0.18150919587965986,53.12247701861751,26.479015586994073,-3.182964760903204,-1173548.7420697305,300.01294580955005
33870.0,control,0.0,0.0,94.958737232398,-0.08643828952368757,52.74964302670894,25.801981089299,-3.4740978588646207,-1173360.7340865377,300.12883426457626
33880.0,control,0.0,0.0,98.90314938247903,-0.1547646913481989,51.94131320209789,25.857418108255118,-3.9530200374198614,-1174337.66845111,300.54703847091713
33890.0,control,0.0,0.0,101.38283825818868,-0.19736371197022823,52.57446790569861,26.040907307624412,-3.3349515924458775,-1174016.4595811516,300.9647817934056
33900.0,control,0.0,0.0,102.55080032617681,-0.21730514496282863,52.544958000166496,26.358916751236382,-4.662112439989896,-1174688.8892365936,301.7867008465024
33910.0,control,0.0,0.0,103.66134244249135,-0.23618258640498913,51.39409623321518,26.4478154649517,-4.210753053585926,-1175350.4684427176,300.4545553856189
33920.0,control,0.0,0.0,98.07176680083701,-0.1404133685323244,53.02871562199969,25.92208493760951,-3.548263424730481,-1174432.323269505,298.043339911206
33930.0,control,0.0,0.0,102.4234197122967,-0.21513452507503306,52.44850064244874,26.59465637810789,-2.9541306449696707,-1176809.0631063748,300.89524905161085
33940.0,control,0.0,0.0,101.27536858488565,-0.19552456060018414,52.409760465421755,25.837766276104535,-4.494385759394984,-1173668.5883913022,300.56497179209407
33950.0,control,0.0,0.0,97.78419420464687,-0.13544225643400665,52.75744899418286,26.26731943239079,-3.4354650511644795,-1175249.5468062218,301.4226701878184
33960.0,control,0.0,0.0,102.00678333605846,-0.20802749376948756,52.464263642338,26.420973712531385,-1.1920886879819268,-1174554.6704787929,300.9383500135223
33970.0,control,0.0,0.0,103.24142212833665,-0.22905466169821198,52.029594697107385,26.058654131622365,-3.329597993126401,-1174162.707178643,299.4022845298647
33980.0,control,0.0,0.0,102.76203202688207,-0.22090225056313656,52.1366733252444,26.30003012197055,-4.180759612417583,-1175327.3391225357,301.3695560492462
33990.0,control,0.0,0.0,102.99001236114366,-0.22478120148254177,52.024818917357585,26.094626443360934,-3.4564242441952024,-1173321.683053434,299.3836953923755
34000.0,control,0.0,0.0,104.4596138820014,-0.24969752297605036,51.87318737637306,26.4959976923984,-2.6700988604671565,-1172673.5634036735,300.646114459047
34010.0,control,0.0,0.0,104.37145816631417,-0.2482073576219394,52.52293366612549,26.839659162454485,-4.442323977657157,-1174963.9473953824,299.2206337626973
34020.0,control,0.0,0.0,101.50927494460886,-0.1995265603705746,52.3548852989397,25.87773047643068,-3.6211971333167905,-1173419.043482259,300.58108829338573
34030.0,control,0.0,0.0,102.42226659636192,-0.21511487061590578,52.23896642634386,26.758350415308534,-4.268632360866853,-1173953.1935270298,301.6826835384878
34040.0,control,0.0,0.0,103.77579552319186,-0.23812318275251404,52.24410876369415,25.91607797409994,-4.54123947255159,-1173198.829003401,300.3002860705646
34050.0,control,0.0,0.0,99.25637061188361,-0.1608523069127401,51.92638580965247,25.88403522691898,-6.325836895384397,-1173154.184251083,302.17688987689905
34060.0,control,0.0,0.0,105.60868917995295,-0.2690658857481701,51.940429036546625,26.46502690281832,-3.935946054846241,-1176214.3215407934,299.4214914007249
34070.0,control,0.0,0.0,96.5664565891259,-0.11435556773474513,52.30477169305694,26.40576887751478,-2.353756369500376,-1174496.7978203632,302.3090708462314
34080.0,control,0.0,0.0,100.27764398400691,-0.17841830326248118,53.03965515780971,25.857942921951786,-4.647390709424448,-1173893.7012170386,300.5395853439595
34090.0,control,0.0,0.0,102.59174261756448,-0.21800259146091172,52.42753615989987,25.810368652479653,-3.809034105752197,-1174774.2690171003,299.445600760435
34100.0,control,0.0,0.0,99.53982263637651,-0.165733070059561,52.76361564844033,26.59764397682956,-4.832585342499577,-1174699.0439569987,299.9904919252016
34110.0,control,0.0,0.0,101.18201002673153,-0.19392633716631325,52.7556840830884,25.794088681678033,-3.543407655698868,-1173344.7927931193,302.46321613889575
34120.0,control,0.0,0.0,100.58608577987083,-0.18371264036925422,53.13953649376816,26.41421759929827,-3.324780216512817,-1173640.579533767,301.8026815459191
34130.0,control,0.0,0.0,99.06755522528545,-0.15759890094336676,52.97192061297101,25.662182587339966,-2.9406325620527665,-1175701.4523163326,300.11531779640575
34140.0,control,0.0,0.0,103.83356984075036,-0.2391024083060634,52.89139869625733,26.212010349993598,-5.570065463294343,-1174441.589665601,301.4840151856864
34150.0,control,0.0,0.0,98.53132388577515,-0.14835008887309206,52.52053451218174,25.897438002681824,-1.832802717263046,-1173165.6049630381,299.67091318018004
34160.0,control,0.0,0.0,102.88755015307274,-0.22303830408277375,53.22446956681391,25.98031713706859,-5.128858043834765,-1174977.8469186835,301.3217540692652
34170.0,control,0.0,0.0,97.638333067195,-0.13291952170336202,53.167134859787154,25.955860487290707,-4.143446634720007,-1174265.7795402743,300.2354412179806
34180.0,control,0.0,0.0,98.52044738438565,-0.1481623559358602,53.35571358530347,25.840694794032732,-4.6865356734243875,-1173137.2641204335,301.3795853705435
34190.0,control,0.0,0.0,101.99080257658744,-0.207754670681823,52.57717780114065,26.150747693564213,-4.014705403755778,-1174045.1133958977,301.41587827778517
34200.0,control,0.0,0.0,101.5072288922083,-0.19949156794109937,52.67870750366905,26.61202716316818,-4.052675527117145,-1174984.6500547528,301.01506062713764
34210.0,control,0.0,0.0,98.26453573309871,-0.14374368836659623,52.5616245733091,26.317852891812553,-2.28641951900923,-1175111.5086620636,299.61715361101096
34220.0,control,0.0,0.0,100.22362397673056,-0.17749052502534374,51.59378289470321,26.403563048118777,-2.8681882973942834,-1174037.4010065366,300.54507953444363
34230.0,control,0.0,0.0,105.39613838752908,-0.2654911389242973,52.082165983507664,25.88123396826456,-4.4414906182320815,-1171841.8205495384,300.63819460250187
34240.0,control,0.0,0.0,99.89039446822365,-0.17176394610217988,52.3374420031966,26.095820996905974,-3.296820092239333,-1173657.1448851265,299.0558513525415
34250.0,control,0.0,0.0,103.74509300679036,-0.23760270262320876,52.55766775450676,26.35327145372133,-3.742665009877287,-1174725.3180150725,302.4996506421673
34260.0,control,0.0,0.0,98.43824209984706,-0.14674328634199282,53.37306486181753,25.953465417253323,-3.8513588910081338,-1173842.6854784116,302.5694385907183
34270.0,control,0.0,0.0,95.43062806651729,-0.09464048805256926,52.03706243650319,26.463807497048073,-4.257077240513805,-1170995.3197012655,302.89749400183734
34280.0,control,0.0,0.0,98.68066975311481,-0.15092731708336599,51.994314844241735,26.00069940666559,-3.676257536365889,-1175025.3992796578,300.068458858194
34290.0,control,0.0,0.0,101.67484878148211,-0.20235742485366265,51.98318836447965,26.72482571041234,-1.7430982148073184,-1173717.0707691535,299.0974488917634
34300.0,control,0.0,0.0,99.38340926262656,-0.16304028061100842,52.431076492246454,26.163028025467653,-3.8594566827211017,-1173542.0882104766,299.2595867492776
34310.0,control,0.0,0.0,101.26593891136164,-0.195363155671,53.342898467311656,26.64316510705983,-3.4427095961222545,-1174763.1680850722,300.4308835174612
34320.0,control,0.0,0.0,104.19370669264396,-0.24520090155524935,53.113833217752116,26.5990420966683,-3.552322909180014,-1174825.270504851,300.287085145406
34330.0,control,0.0,0.0,103.44578722638322,-0.23252521144127486,53.01829704125274,26.289327143602275,-5.0768912623479725,-1172982.5314000193,299.9706999295148
34340.0,control,0.0,0.0,102.42638181362923,-0.21518501266020784,52.85250205596589,26.294447820182338,-3.483463361225202,-1173373.6365190856,300.07467551678764
34350.0,control,0.0,0.0,102.3540795757336,-0.21395249198311167,53.15949715725885,26.052171528608113,-3.891755869779743,-1176727.5530297663,299.02408526346795
34360.0,control,0.0,0.0,97.02869940432676,-0.12236649356879149,53.23197353498433,26.578431990906807,-4.873607915852155,-1172841.0951112043,299.3654928068838
34370.0,control,0.0,0.0,96.28794774773303,-0.10952522750248343,53.27801114583903,26.144219687673722,-4.12398674551727,-1176110.1574518476,300.7647128814164
34380.0,control,0.0,0.0,99.61161464944608,-0.16696861836494442,52.66065555999807,26.58867351477826,-4.384282038014819,-1172998.2747142985,299.99325911808353
34390.0,control,0.0,0.0,97.42422538950973,-0.1292148763229225,52.3824675749761,25.934276646154863,-3.7221568268961507,-1174978.2836304996,300.5305967918748
34400.0,control,0.0,0.0,96.15808736084304,-0.1072720919726313,52.66553882010858,26.064816222966794,-4.696257214539781,-1172746.180657301,300.2312205870362
34410.0,control,0.0,0.0,98.98222029845788,-0.1561279636656538,53.30467973122689,26.589080956100762,-3.8920713932776563,-1174998.2722582817,302.0251523330041
34420.0,control,0.0,0.0,96.72764178008191,-0.11714986882448425,53.04231724882671,26.110040026868372,-6.05887658234446,-1172955.3224631697,298.8534156993099
34430.0,control,0.0,0.0,93.12270541185868,-0.05447451302865193,52.78465596564236,26.173783658749056,-2.431012821064219,-1173214.146689903,303.42524299968505
34440.0,control,0.0,0.0,101.27570960716156,-0.19553039767828786,53.37426306281618,26.011532754402502,-4.207208925641275,-1174306.3482221533,300.5503242640739
34450.0,control,0.0,0.0,102.59984785697644,-0.21814064994962915,52.56034367977652,26.17931349228662,-3.186010658024913,-1174645.1581218373,298.61353583056433
34460.0,control,0.0,0.0,100.04060876520103,-0.17434612304535488,52.778884263490525,26.243299825880626,-3.4893913402621815,-1173469.135313034,300.48016196841127
34470.0,control,0.0,0.0,106.11657131536396,-0.27759252210374596,53.653328345388324,26.689185830717797,-3.873587054637456,-1174892.3100464735,299.75040038774404
34480.0,control,0.0,0.0,102.66810444371625,-0.21930310733292074,52.774107308432676,25.896779366786898,-3.6900000635138444,-1174326.9131298456,302.6901272378357
34490.0,control,0.0,0.0,99.47889664421217,-0.16468432296079819,52.97206248130452,26.042422080509436,-5.1437209268818345,-1173295.4094272796,301.9190802042239
34500.0,control,0.0,0.0,100.5419216698568,-0.18295489591434372,53.37482492441122,26.351747088576744,-5.534368052765119,-1173567.6288012434,298.7153851214079
34510.0,control,0.0,0.0,98.78536595875615,-0.15273342570918141,53.19218904905618,26.34976193487027,-2.6325331253380617,-1174195.7566164192,301.0744803957619
34520.0,control,0.0,0.0,103.54703750259205,-0.23424356121972312,52.165317052110815,25.907593327418482,-5.318358969724899,-1174304.2405412197,300.6016620130502
34530.0,control,0.0,0.0,99.45107545851624,-0.16420536210520895,53.353067733593434,26.353472196302185,-4.7257294118663316,-1173973.1696218774,299.94066249883747
34540.0,control,0.0,0.0,97.6267262329051,-0.1327187390068806,53.424350859090445,26.130431084848205,-4.595061903413121,-1173870.5448751543,299.93177393542476
34550.0,control,0.0,0.0,96.57918028995189,-0.11457617857769783,53.089917453332966,26.232739780883712,-5.2376989888776295,-1175062.0521631893,301.361612809385
34560.0,control,0.0,0.0,101.29685395832223,-0.19589229958703558,52.904343924081005,26.438021894590793,-3.611974734080323,-1173769.8633857146,300.30892202662716
34570.0,control,0.0,0.0,95.99760470262899,-0.10448688636732091,53.00551606481892,26.305490309387853,-4.264049933059876,-1173683.1784496866,301.999440244094
34580.0,control,0.0,0.0,103.03429911766948,-0.22553430362299662,52.75246788579686,26.265087827288877,-2.990512562563073,-1174913.0043685995,299.03466007031005
34590.0,control,0.0,0.0,104.50448530857707,-0.25045579317870786,52.19002320789992,26.195671750918265,-4.216484208400882,-1173990.3945158198,297.99377193663275
34600.0,control,0.0,0.0,103.9517286970165,-0.24110434231541444,53.044960148822845,26.391635973419916,-4.076952768916937,-1174911.5814411528,301.90408150636654
34610.0,control,0.0,0.0,98.57725392265854,-0.14914280137740543,52.41694915091203,26.235077916515227,-4.294279484597422,-1174157.3217336368,298.7542372701522
34620.0,control,0.0,0.0,102.58381316154923,-0.2178675229112404,53.5257903797569,26.00563422660128,-3.628381951972058,-1174280.9147064406,299.95658166421214
34630.0,control,0.0,0.0,99.12944950830881,-0.15866556803501336,52.72061709136986,26.29014802943463,-5.192226135310311,-1174600.6993271355,300.65051010623074
34640.0,control,0.0,0.0,96.84049147678844,-0.11910567692642146,52.67310145146455,25.881291538520788,-3.9690176997288766,-1174442.8850900643,299.919966240156
34650.0,control,0.0,0.0,102.99281822377426,-0.2248289195364071,53.12750237242085,26.163290902800522,-5.418625406387289,-1174249.4185377546,300.6080348262358
34660.0,control,0.0,0.0,96.35235267966448,-0.11064247375283577,52.950618344861304,26.627221661781274,-3.8898527459379,-1172852.0499957707,300.15040812227085
34670.0,control,0.0,0.0,100.91876601618964,-0.18941705257087724,53.31281734983359,26.54187939743842,-5.2872357026746775,-1173180.3061713278,302.10496764526596
34680.0,control,0.0,0.0,98.27131625714232,-0.14386080083703678,53.749028746538926,26.101455634874252,-4.310198684779847,-1174764.1265021022,300.1458566872176
34690.0,control,0.0,0.0,99.86791365251085,-0.17137739990206946,53.549217928916896,25.743271771377543,-6.212154301891024,-1173238.5830799919,299.95905093684877
34700.0,control,0.0,0.0,102.36381513268782,-0.21411847181827334,54.06479223071345,26.11403033419191,-4.953001119650737,-1173890.408445906,302.1883718969374
34710.0,control,0.0,0.0,103.77511887552984,-0.2381117127136601,53.70526686543063,26.4557030470805,-4.205555674465632,-1174451.4293480068,300.36038119501194
34720.0,control,0.0,0.0,98.85790135645101,-0.15398443127062894,53.36617299552593,25.588767402772177,-4.885191826293006,-1173684.921973493,298.0384249840824
34730.0,control,0.0,0.0,103.26810316870917,-0.2295079282888946,54.179008782986394,25.91332831431473,-4.749805014322677,-1175203.794887552,300.8671510383425
34740.0,control,0.0,0.0,96.08998129247239,-0.10609020034329177,54.35471925132221,26.09738698458986,-5.425827781482816,-1172162.0328471847,299.7911347225076
34750.0,control,0.0,0.0,97.28021040440544,-0.12672200703586223,53.59662540419139,26.36281628626483,-3.887757040867993,-1174784.8371712044,301.0545385323038
34760.0,control,0.0,0.0,102.13398049769391,-0.2101984214405057,54.77998573291645,26.03308625640822,-4.8060806480095595,-1172479.3620022647,301.8200300040845
34770.0,control,0.0,0.0,100.09145693779215,-0.1752199302259988,53.537206799109164,26.198546067325573,-3.763316624694751,-1174601.7978148796,298.7614455465558
34780.0,control,0.0,0.0,104.19582213283627,-0.24523669565885303,53.39785132549474,26.533026913393435,-5.627485469071335,-1173970.3794472795,300.80503304418414
34790.0,control,0.0,0.0,102.6698708907011,-0.2193331870353923,53.47321655976431,26.040535022183136,-3.8673696012101626,-1172706.505074067,300.8456778752229
34800.0,control,0.0,0.0,103.14484868130728,-0.22741362457958586,53.068342566775485,26.446813131626843,-5.521466657408092,-1173104.2049328014,303.13109286719447
34810.0,control,0.0,0.0,97.2839864278303,-0.12678737950147306,53.46832426901019,26.42761075987292,-4.1534348526418245,-1175875.4950186163,298.9984601723419
34820.0,control,0.0,0.0,98.91724828490698,-0.15500779409230725,52.490631403676176,26.485721402632045,-3.895832675352632,-1174312.8678109366,299.7547531618326
34830.0,control,0.0,0.0,104.42774199834426,-0.2491588355129301,53.31121933342747,26.245326998999836,-6.321184781327847,-1173502.2246207409,301.69981912174393
34840.0,control,0.0,0.0,99.27624766411002,-0.16119469981013912,52.49596500952763,25.99546815457263,-3.815202999152521,-1175757.5176187009,301.3260046621472
34850.0,control,0.0,0.0,95.59785439260595,-0.09754563050116673,52.67610902501366,25.86995316570438,-3.9606338694703984,-1173251.242660785,299.49574902975667
34860.0,control,0.0,0.0,103.59602013348322,-0.23507459839951858,52.84528646887263,26.287230042944195,-3.581818856152049,-1174541.3443434592,299.11915062823783
34870.0,control,0.0,0.0,102.51080045142756,-0.21662364524553707,52.413029578538755,26.44344665968741,-2.9858827996406982,-1173165.111301994,300.6915792977043
34880.0,control,0.0,0.0,99.5722154146795,-0.16629058560775434,53.65672902222857,26.156822253027425,-4.444569422100178,-1173451.9414134473,299.86516362329417
34890.0,control,0.0,0.0,105.7311779632002,-0.27112426240961207,52.56638307517018,26.22152328508457,-5.070542997149246,-1174513.079837285,301.69967334732644
34900.0,control,0.0,0.0,102.46079920514863,-0.21577159825981762,52.78866284477482,26.546575848107853,-4.032213048651189,-1175009.1699445471,301.2563387788377
34910.0,control,0.0,0.0,105.8381905119003,-0.2729215530801379,52.941294662633844,26.265478571341283,-2.9476916491715794,-1174032.8817129862,302.1619896470644
34920.0,control,0.0,0.0,100.81452134689258,-0.18763026466666355,52.56927014922571,26.339120724729604,-3.5824431541794106,-1174191.8896891885,299.66481663819394
34930.0,control,0.0,0.0,105.81549155509083,-0.272540400279899,52.67131820635387,26.141115464445726,-2.7516335831520906,-1172880.8961258754,299.5733013295128
34940.0,control,0.0,0.0,102.1695750926969,-0.21080574437292926,53.05291127483415,26.50858802745697,-4.744784187629692,-1177820.9335033875,297.86176037312015
34950.0,control,0.0,0.0,100.0874739771034,-0.17515148948125178,53.584507718196384,26.86449689472003,-3.8740695963438063,-1174541.5334836002,296.9499841173001
34960.0,control,0.0,0.0,101.51287879786732,-0.19958819433207298,53.9735526514894,26.250796619048774,-4.327688661442439,-1174727.5282691382,300.7940093058045
34970.0,control,0.0,0.0,100.12858944673857,-0.17585795161412254,53.912834301925315,26.855149928225657,-3.5623558986251194,-1173631.0407340731,300.6968694910679
34980.0,control,0.0,0.0,94.24874479874734,-0.0740866430242634,53.800167009883445,26.160704510639427,-4.354945214462945,-1173693.588769786,300.00731613124265
34990.0,control,0.0,0.0,99.55168766002606,-0.16593728639948052,53.06500419660076,26.48150290150589,-2.6220142296021063,-1174738.485694902,302.17194915265316
35000.0,control,0.0,0.0,103.7067604826338,-0.23695278010206583,53.377875693151985,26.23396356609292,-3.9470178332012553,-1176170.2820147853,300.08299032047796
35010.0,control,0.0,0.0,99.57223362070062,-0.16629089893858906,52.27178281064274,26.433178982222813,-5.800303808641018,-1174180.0911921114,299.8440141692329
35020.0,control,0.0,0.0,99.61007624499189,-0.16694214499958643,52.79508740817179,26.378153628675243,-3.303638733167255,-1173719.1254280992,300.9764075143408
35030.0,control,0.0,0.0,99.56671265246558,-0.16619588072557218,53.68204800589922,26.517939767667983,-3.426198414098099,-1172628.9881710205,300.41557083345566
35040.0,control,0.0,0.0,100.98449301711877,-0.19054331304742297,53.15289116047574,26.16880364254864,-3.8212011527378484,-1171956.4766154047,299.9346370464748
35050.0,control,0.0,0.0,103.78706901317665,-0.23831427786513493,53.43954651838686,26.49850382540771,-4.907935357474475,-1172706.0096872505,299.0157489090873
35060.0,control,0.0,0.0,100.12986369586079,-0.17587984481765245,53.372927483973974,26.990897217384937,-3.7889197040101408,-1174175.066699449,299.63813634991953
35070.0,control,0.0,0.0,103.83896378604709,-0.2391938186990415,54.00124651916853,26.998003970448185,-3.2933446875353494,-1175000.4410282783,300.896371690781
35080.0,control,0.0,0.0,104.21891349590834,-0.24562738910950588,52.717517365971496,26.606884522112104,-2.891579152828275,-1173961.0706969127,300.60934826766044
35090.0,control,0.0,0.0,102.99429232163334,-0.22485398864496006,53.08924660338061,26.415164409639825,-4.178548469997128,-1173292.5987389479,297.41835573313244
35100.0,control,0.0,0.0,108.64896007381049,-0.31976907458779574,53.288179494260426,26.291017429861206,-3.90949707218689,-1171763.5762043241,299.9375603354591
35110.0,control,0.0,0.0,104.56622205137063,-0.251498814674228,53.41703210318401,26.857127766291853,-3.4274737052120097,-1174850.1570159309,300.05599305151986
35120.0,control,0.0,0.0,99.82051451099443,-0.17056230936953343,53.82475650499448,26.02172889932845,-4.444474377201961,-1174925.8292456735,300.5205076453738
35130.0,control,0.0,0.0,106.63125454486936,-0.2862110847725457,52.644046165967524,26.37723710517461,-6.02022853821648,-1171858.9950580113,301.222500224142
35140.0,control,0.0,0.0,98.42589684386758,-0.14653015007021708,53.20156140437067,26.43009472272077,-4.771018071044886,-1174918.0355642624,299.5949974019869
35150.0,control,0.0,0.0,100.80240885578141,-0.18742261219706496,53.77063448902808,26.11132983833085,-3.0456294190412474,-1172428.5116536673,299.9987603342334
35160.0,control,0.0,0.0,105.05007070217725,-0.2596630674038648,53.54907850625799,26.401499445135862,-3.7197745392064077,-1173994.2399316244,300.38511324902385
35170.0,control,0.0,0.0,97.34266770417467,-0.1278032290792078,54.208410502451194,26.261081194530153,-3.5173273807536725,-1173576.943132164,299.80064582988206
35180.0,control,0.0,0.0,104.95860946005949,-0.25812119165198594,54.05398627679138,26.963350490670404,-2.723169188960445,-1174347.9918401167,301.0714456274753
35190.0,control,0.0,0.0,102.89574354714378,-0.22317770124676906,53.086537544021624,26.6261913571293,-3.562118306721934,-1173842.393904943,299.9402131276904
35200.0,control,0.0,0.0,99.5540210852711,-0.16597744760313846,53.206035866823356,26.65963876622163,-4.136411128034636,-1173875.3844956253,299.6498243692518
35210.0,control,0.0,0.0,98.12740460298212,-0.14137474466465683,52.87487604826544,26.583446557615392,-3.52537563549458,-1172544.9013468437,299.0890134127446
35220.0,control,0.0,0.0,100.8106845567674,-0.18756448893548383,52.86474541736741,26.281749381467336,-3.675350668329762,-1174518.556334382,299.8540208867471
35230.0,control,0.0,0.0,103.70884758957989,-0.23698816943767742,53.06095109036827,26.16649690932075,-4.147910574239968,-1174476.115006728,300.6255956594507
35240.0,control,0.0,0.0,104.17515864740835,-0.24488704682028117,53.90411018915787,26.504820089664175,-5.08151455129355,-1173445.617788192,301.32379221996626
35250.0,control,0.0,0.0,108.44968532783311,-0.316471757402528,52.906283395093006,26.104563438829295,-4.073707827563794,-1173542.5591545366,300.1776475126778
35260.0,control,0.0,0.0,105.84540157451053,-0.2730426297130829,52.05139811271045,26.68998071061747,-5.061756443127443,-1173572.7677873224,301.63851484858066
35270.0,control,0.0,0.0,103.93068732702929,-0.2407479187885863,53.07809505117325,26.44637885821598,-4.219018265075254,-1172767.5633090753,301.2423638645154
35280.0,control,0.0,0.0,111.42639856710585,-0.36530572203231376,53.96627322543207,26.682638177572088,-4.7923685443261705,-1173496.137841029,299.4918498038383
35290.0,control,0.0,0.0,103.00130046813638,-0.22497317000252232,53.85750121313202,26.878044423046063,-4.331948248414063,-1175037.6282509975,300.27864171485044
35300.0,control,0.0,0.0,107.67592409372155,-0.30363272208767833,53.96137299345534,26.407143625864848,-3.607630578698179,-1174535.8290789481,301.59695330981856
35310.0,control,0.0,0.0,106.33597370657984,-0.28126927655040523,53.625680422775105,26.222659777434707,-5.035036512647933,-1173882.0222214311,298.9217435144361
35320.0,control,0.0,0.0,106.29076293056991,-0.2805119680805509,53.82455646159274,27.057612430868446,-5.008719713094473,-1173656.043530086,299.97314513976914
35330.0,control,0.0,0.0,107.40472193417715,-0.29911943333345276,53.64770765753077,26.770482447657933,-4.578212790084122,-1174330.8867864609,302.01333304882326
35340.0,control,0.0,0.0,106.29180905809551,-0.2805294933396034,52.40478592523389,26.751348821831318,-4.339304249766269,-1175416.2830533627,300.4837512185024
35350.0,control,0.0,0.0,104.33137491585843,-0.24752960439915092,53.80244747564819,26.85507005841411,-3.9001952993994395,-1172546.4008867927,298.6815364851274
35360.0,control,0.0,0.0,109.35712311448304,-0.33145518503294297,53.15416991158562,26.644570026744553,-3.463264976686181,-1173885.0549774189,301.1849995424535
35370.0,control,0.0,0.0,103.30879209211142,-0.23019906970688853,53.39738229515637,26.52622669324648,-3.914427391837587,-1174052.4788174834,297.41981351420424
35380.0,control,0.0,0.0,103.70114665654224,-0.2368575895647116,52.6553699289111,26.69408448447393,-3.3753436130131464,-1174464.3333063405,298.98995729505293
35390.0,control,0.0,0.0,107.08893414783967,-0.2938557221352755,53.31644341701887,26.10436292098811,-3.596813997570661,-1172701.9868252203,298.2764838194458
35400.0,control,0.0,0.0,101.49154754089723,-0.19922337057969813,53.7245256537035,26.35512114274619,-3.849164191395843,-1176848.6358393691,299.6606752682915
35410.0,control,0.0,0.0,107.90060254421638,-0.3073666251116103,53.05674019872071,26.470133087290613,-3.3755962830678543,-1174352.4852967896,300.7366874211387
35420.0,control,0.0,0.0,102.72306190497491,-0.22023884520995218,52.49890785261923,26.36131682339479,-2.7274243804741665,-1173185.203361623,301.42638373134963
35430.0,control,0.0,0.0,103.26748008588416,-0.22949734371306524,53.63225899533247,26.754205953049677,-4.048064372655947,-1174030.773299303,301.8603497830297
35440.0,control,0.0,0.0,103.4180480161854,-0.23205431377256291,53.26712536352791,26.447860975292475,-2.497162081062022,-1174759.286936354,299.36860482673853
35450.0,control,0.0,0.0,103.8472493302762,-0.23933422846187238,52.80773447721925,26.641009742252812,-4.6345589929992155,-1173984.2244662773,301.7979655889287
35460.0,control,0.0,0.0,103.0361622560179,-0.22556598358607993,53.11914191571875,26.296327436035757,-3.837920506306605,-1173251.045181146,301.2723046912318
35470.0,control,0.0,0.0,111.32058988927244,-0.36358602083757474,53.13720903679766,26.15001073325937,-3.0946977817882324,-1174967.781614339,300.903599554629
35480.0,control,0.0,0.0,101.4906855389685,-0.19920862737124814,53.75024136964656,26.57563812991349,-3.4033340377322587,-1175605.7147275899,300.4069524109329
35490.0,control,0.0,0.0,107.97830226345114,-0.30865681002993145,53.75677527265938,26.345349202869432,-1.6450806949151735,-1175484.758649014,298.995932869966
35500.0,control,0.0,0.0,105.2897197883761,-0.26369998141172524,53.653669086222465,26.354428974007757,-3.3173179205982573,-1174246.4690287858,301.1849850692112
35510.0,control,0.0,0.0,102.74038744359244,-0.22053379799503448,53.575416823910274,26.67817754682742,-2.2406516828896574,-1174399.986077955,300.92701201900746
35520.0,control,0.0,0.0,103.40031881423005,-0.23175331636382573,53.48884332930281,26.224638318612687,-3.9637134013921047,-1174389.959361272,300.4998218659577
35530.0,control,0.0,0.0,98.86366235490675,-0.1540837796702213,53.937682871300346,26.85320207281933,-3.876190765452755,-1175879.8470198996,302.1765874785546
35540.0,control,0.0,0.0,104.11062391549262,-0.2437948435015106,54.2572775270307,26.331276557782772,-4.641649792510017,-1173273.5598595813,298.96973111623373
35550.0,control,0.0,0.0,107.8008080962725,-0.3057087337091262,54.36088793827018,26.470275076419473,-1.2610994066503143,-1172195.5462613255,299.96184923632785
35560.0,control,0.0,0.0,112.99465599823407,-0.3906452709099796,54.12818343484202,27.124842233959036,-3.244824104950453,-1172634.2110744044,298.9616615266236
35570.0,control,0.0,0.0,104.34738727277505,-0.2478003661158323,55.24721165787233,26.47492370258667,-4.474512311840685,-1174215.1723728366,300.72925523187797
35580.0,control,0.0,0.0,110.65389889227303,-0.35272205609411333,54.23178821173928,26.83798545147595,-3.1113155433038506,-1174957.5467134118,298.72979387732516
35590.0,control,0.0,0.0,103.36151027723108,-0.23109436727480465,54.78065109736003,26.3860299253725,-5.363854938672909,-1172479.6644661985,302.1720493699268
35600.0,control,0.0,0.0,106.14920903464272,-0.27813972539503556,54.47037559610245,26.416939113119874,-4.779668294425188,-1173595.9388654325,300.1615672796997
35610.0,control,0.0,0.0,107.60886162098966,-0.30251731185643577,54.89990944883102,26.360980134070246,-3.8730844334106704,-1172822.0909311417,300.03669424573445
35620.0,control,0.0,0.0,110.61890350110191,-0.35215046181315085,54.03150849262792,26.371037462140833,-3.486331080412712,-1174022.1414117347,299.2974955577018
35630.0,control,0.0,0.0,110.00599637462211,-0.3421184863747113,53.71267550423926,27.146815580037234,-3.615371353015962,-1174245.1232065018,300.02150082642567
35640.0,control,0.0,0.0,106.10751263230688,-0.2774406284434527,54.367963380746076,26.76238270789204,-2.953924894458532,-1173079.6226987522,300.6433353486029
35650.0,control,0.0,0.0,109.34209027399197,-0.3312076327326799,54.68719356909043,26.365886757934046,-3.5918549894741565,-1175228.0336098839,301.55875388785563
35660.0,control,0.0,0.0,109.49249326278745,-0.33368335404454497,54.98714836311144,26.24374541871389,-1.883237064284994,-1173000.1765160765,298.36989369020563
35670.0,control,0.0,0.0,109.59442386433149,-0.3353598853151692,54.35248462011808,26.505767931804677,-3.1168965421167623,-1174483.566345811,297.68625647301576
35680.0,control,0.0,0.0,104.30263391393707,-0.24704355857075092,54.6893883764096,26.111913072223373,-2.1507818634389895,-1174430.479493169,301.81319835038084
35690.0,control,0.0,0.0,103.60863478277139,-0.23528859019297277,55.0799221892639,26.77090771449112,-3.7119728206774383,-1175299.5767940823,298.4225095393124
35700.0,control,0.0,0.0,106.76778668012753,-0.288493518991112,54.55152128204125,26.367974930330202,-4.726212865804476,-1174065.9823680203,300.05004906593086
35710.0,control,0.0,0.0,108.72555468717586,-0.321035427187639,54.99022102841997,26.320916881833487,-3.675236426534684,-1176045.0507566594,299.2188507530698
35720.0,control,0.0,0.0,108.72489133119663,-0.3210244622628473,54.674166209543195,26.89574060500979,-4.168906166585802,-1175772.909678422,300.269438788417
35730.0,control,0.0,0.0,102.41768037034872,-0.21503669912995943,54.303230872624674,26.300629143798663,-1.3343427775400118,-1173274.7022501398,300.641498757337
35740.0,control,0.0,0.0,102.32136743509655,-0.21339474310569578,53.08395209154536,26.425076134611366,-4.187973811377436,-1176814.8787976727,301.602076202909
35750.0,control,0.0,0.0,100.2506772165975,-0.17795517648726952,53.61969347066303,26.24624547762945,-3.1524768655577287,-1175014.0863960125,301.88413709568283
35760.0,control,0.0,0.0,107.03956702580685,-0.29303203499298136,53.565529959261255,26.365521320478457,-2.5000795818687394,-1173567.7904456854,298.14890128817285
35770.0,control,0.0,0.0,106.80788872486966,-0.28916360199542546,53.19857567468344,26.449520789385403,-2.644392926569662,-1174863.3842550274,300.3626635164124
35780.0,control,0.0,0.0,105.00693005779657,-0.25893587418438363,53.54377065224171,26.902627120332237,-2.7291386168002,-1173891.7499365155,299.403775166225
35790.0,control,0.0,0.0,109.97959482735958,-0.3416854619119283,53.93951295023847,26.5057927596568,-2.595892731239612,-1174013.4348165635,299.57343060102266
35800.0,control,0.0,0.0,108.93440462197366,-0.32448545936153317,53.959559332043014,27.075300651721,-2.464233059807458,-1174361.2935002875,299.88963259275283
35810.0,control,0.0,0.0,115.18335312714335,-0.4255163826652585,53.026441468752864,27.175470423240366,-1.531471143651646,-1175344.9719867855,301.8310392055432
35820.0,control,0.0,0.0,110.41633758187359,-0.34883929404121405,53.42975884959017,26.702317379687457,-3.4915530754926047,-1173875.32532656,299.2878553021326
35830.0,control,0.0,0.0,107.90103075035995,-0.30737373692154546,54.65310337811368,26.70109562371015,-1.8642738850163794,-1174142.2234394886,301.2070164827176
35840.0,control,0.0,0.0,111.53769013991658,-0.36711319191117603,53.96093040567703,26.702328410995033,-3.161687343073431,-1176347.3644285053,299.29200944557977
35850.0,control,0.0,0.0,111.9947749838955,-0.3745220385000994,53.077976117216735,26.399634509365463,-2.7383460735839593,-1175291.6322409995,300.78315634677716
35860.0,control,0.0,0.0,103.29546911010122,-0.22997277850859194,53.0600879061264,26.241119973828244,-2.751499107648895,-1174123.161106797,298.5885840268992
35870.0,control,0.0,0.0,107.37605769871696,-0.2986420158558838,53.69624679986874,26.232080354050733,-3.8825380425917215,-1174833.0412506685,299.47852155684404
35880.0,control,0.0,0.0,111.7342680453785,-0.3703023962134813,53.350717248206934,26.754748655381267,-3.6133712727927243,-1174179.5773728006,300.9693678109234
35890.0,control,0.0,0.0,109.87399626637779,-0.339952764681909,52.78770864180827,26.62793397578608,-4.108213618977489,-1173735.0701144915,302.04193686043334
35900.0,control,0.0,0.0,109.60180637505279,-0.33548127000991146,53.73031539478502,26.47803244472144,-2.8223101896872556,-1175687.7878152486,300.88642403313526
35910.0,control,0.0,0.0,111.65019991873987,-0.3689390385487208,53.318275750234136,26.69855501536615,-2.826418050616459,-1174771.789102517,300.98879330470743
35920.0,control,0.0,0.0,108.18799407816495,-0.312135851790588,54.155523977955504,26.61250677420938,-2.963716509336915,-1175280.9934889786,301.25768716468644
35930.0,control,0.0,0.0,110.4301196896406,-0.3490647167994296,53.25164290669604,26.30418495562464,-3.946342195590997,-1175111.556637073,302.99587176204795
35940.0,control,0.0,0.0,111.81431184089784,-0.37159974927226963,53.615132614600086,26.145153319864846,-2.334861576087659,-1173799.4225391857,299.96267188979806
35950.0,control,0.0,0.0,106.34578046524813,-0.2814335227278147,52.90041467918281,26.57456777034092,-2.698413176443036,-1173189.4468447044,298.0779081659736
35960.0,control,0.0,0.0,114.23583019159958,-0.4104933523569119,53.0290582311614,26.379404323174214,-3.2911866840235384,-1174898.822717661,300.33929327968735
35970.0,control,0.0,0.0,109.32806231541211,-0.3309766076931425,53.07541120996884,26.42171533050341,-4.750051159638469,-1175586.8261715584,299.55686143839404
35980.0,control,0.0,0.0,109.6199633772195,-0.33577978731547997,53.31382182398054,26.669291702869025,-1.9317986693898561,-1174887.272473311,300.01950991837697
35990.0,control,0.0,0.0,109.96639871741556,-0.34146899897256927,52.81641729453952,26.703972736161763,-1.101047881337758,-1172553.5772777814,301.17223412902445
36000.0,control,0.0,0.0,108.44625117176042,-0.3164149001665516,53.45668165430356,26.522372470866692,-3.8446183470509827,-1172527.2291586865,301.03403972737163
36010.0,control,0.0,0.0,111.36152180428674,-0.36425143182689473,53.18297873955329,26.778566722066554,-2.877148142575317,-1174330.861680638,300.0959722181612
36020.0,control,0.0,0.0,110.5303094066897,-0.3507028308315967,53.255847425882415,26.917319548014557,-2.7503110668088824,-1174913.6474925615,300.8976901695479
36030.0,control,0.0,0.0,103.16491486010237,-0.22775465511614687,54.14296134314927,26.434315487238624,-3.4903914431711645,-1174306.171042379,300.32362292596406
36040.0,control,0.0,0.0,102.67855263499366,-0.21948101990769153,53.62516341749635,26.606191136376076,-3.0540609715017095,-1173571.0746787973,302.1851588688098
36050.0,control,0.0,0.0,102.97664662624226,-0.22455388899446377,53.37434638806784,26.579050833747374,-4.77359032045091,-1173542.8309098743,301.3432282738592
36060.0,control,0.0,0.0,106.93048888761686,-0.2912113030390448,53.140825719911454,26.676947735928124,-3.2988901749053765,-1172382.7700279579,299.11798571102094
36070.0,control,0.0,0.0,99.68624352158737,-0.1682527114067494,53.87394371114994,26.64714522745105,-2.6344826079842973,-1174617.5116984583,301.7093348787207
36080.0,control,0.0,0.0,108.8571825224174,-0.32321031258702587,52.938305158400446,26.385878917948975,-3.315070606358775,-1174619.515854543,300.4645934595454
36090.0,control,0.0,0.0,108.0946901448499,-0.310588339769165,53.233252980648516,26.986982162875016,-3.6115614893258705,-1174710.5923574027,300.3148777948872
36100.0,control,0.0,0.0,101.71631382372665,-0.20306610118243135,53.284057828067226,26.677872041932407,-3.7435717656227863,-1173634.683909187,298.9313298387253
36110.0,control,0.0,0.0,99.69493136390504,-0.168402179251243,53.092453347323364,26.371342459227375,-3.5833142324182874,-1174734.1454839837,300.4198417831301
36120.0,control,0.0,0.0,104.52672738170517,-0.2508315990928116,53.05647574434119,26.582835703341235,-3.438103645328485,-1172415.6259023938,301.5677140430973
36130.0,control,0.0,0.0,103.56836579672525,-0.23460543720688148,54.09525899288519,26.962927301829982,-3.3864332707264175,-1173026.425997125,301.4691115335301
36140.0,control,0.0,0.0,108.52399849329697,-0.3177018365056838,53.494157559309706,26.927870848072555,-4.006682190337863,-1174414.7163977958,297.9460834408869
36150.0,control,0.0,0.0,107.30700948744361,-0.29749167598486936,53.64230914626916,26.38225192919556,-3.44511400602712,-1174943.3560744058,300.7196118113183
36160.0,control,0.0,0.0,102.16853466401264,-0.21078799349943014,53.694423206462716,26.271705526126123,-3.0310858113539503,-1175996.6660005767,298.39946655019435
36170.0,control,0.0,0.0,107.93881458943358,-0.3080011976042134,53.52944313436059,26.825001262495437,-3.4332013854114845,-1172780.4328414965,300.9304469612614
36180.0,control,0.0,0.0,105.57776719653788,-0.2685460589927515,53.968271941507844,26.736835067841454,-3.8033035783373244,-1174296.1394399256,301.85943148352976
36190.0,control,0.0,0.0,108.97702759680624,-0.32518902823013857,54.36067926857425,26.63271983402558,-2.611029272456888,-1174540.357262969,301.2599924196329
36200.0,control,0.0,0.0,106.24850760031404,-0.27980400724075205,54.52698787879381,26.868416679474738,-2.640977638923157,-1173005.9841676,301.5774877600297
36210.0,control,0.0,0.0,107.2344377947973,-0.29628216943096874,54.06974630860992,25.88511761370878,-3.16153462839395,-1172838.07463447,299.5044559952166
36220.0,control,0.0,0.0,102.8893619160239,-0.223069128651196,54.35633266539009,26.71060875776756,-3.36956828796505,-1172890.1895100959,300.6365624057158
36230.0,control,0.0,0.0,104.81232748278646,-0.2556537690655412,53.95136563289113,26.579781236523527,-2.788541713270959,-1173651.2462311257,301.115933026015
36240.0,control,0.0,0.0,106.98428096147047,-0.2921093324909434,53.39688419160239,26.53484238492725,-3.776868166816132,-1173898.9313459173,301.050159991641
36250.0,control,0.0,0.0,101.04103520454886,-0.1915119872073962,53.991677930303155,26.41270544712773,-3.676912144776568,-1174921.259621298,300.1433472906158
36260.0,control,0.0,0.0,105.08177512197375,-0.26019739394997143,54.07344463556847,26.169140152665243,-2.491637491881358,-1173209.77598577,300.28645544144246
36270.0,control,0.0,0.0,101.98651132629894,-0.20768140782095457,54.942128208518795,26.40213271452603,-3.7679751857424715,-1174741.443888003,298.8866376095141
36280.0,control,0.0,0.0,105.28909270676392,-0.26368942414536967,54.30280264986282,26.33014856046955,-3.289509526687147,-1174909.244903488,298.7669665974004
36290.0,control,0.0,0.0,102.03005766497404,-0.2084248035210186,54.028681776053546,26.301786805360372,-2.8090035095712382,-1173256.762906693,300.67458400524464
36300.0,control,0.0,0.0,98.4863271660497,-0.14757339216278567,52.717452545886324,26.234376088814138,-3.7567640533334057,-1173346.7846883554,300.62547581953453
36310.0,control,0.0,0.0,106.01919384650243,-0.27595935899240986,54.09000719104069,26.452652686336204,-2.892775300221065,-1175223.0424215198,299.95895294992835
36320.0,control,0.0,0.0,103.56988583335946,-0.23463122634399414,52.76887029238068,26.638477101078923,-2.661565125895992,-1172713.462934604,299.9294044720183
36330.0,control,0.0,0.0,106.01240837152856,-0.27584552685359603,53.08747922732514,26.40286026132866,-3.0835488291707502,-1173176.9470533598,301.7634154805831
36340.0,control,0.0,0.0,105.10132940702019,-0.2605269099798214,54.01519085636622,26.544492693500004,-2.607280548333015,-1173603.3755096402,300.9013945201326
36350.0,control,0.0,0.0,103.17086379087232,-0.2278557535557056,53.59164079963469,26.845633767563637,-4.260074313756561,-1173077.9122941103,302.8303086751301
36360.0,control,0.0,0.0,105.40569786898173,-0.2656519921585617,52.69976307988511,26.66303701357742,-2.5116848729685923,-1174424.3283723537,299.7097576930076
36370.0,control,0.0,0.0,101.60355330195756,-0.20113867089968301,52.412527923193366,26.5413605981478,-4.358626936573207,-1174273.1359606031,301.44091811883874
36380.0,control,0.0,0.0,103.03255043832391,-0.22550456965215082,52.76888336970026,26.44881075570892,-3.5170865624553826,-1174377.9139548466,300.0034266595394
36390.0,control,0.0,0.0,98.84477588919364,-0.15375807681826087,53.49355514149697,26.43296854076232,-1.396754853327401,-1174775.0576137956,300.2137392137668
36400.0,control,0.0,0.0,100.87968499462576,-0.18874726416588172,53.00104563995737,26.786949265076085,-2.3730515441160644,-1174338.7755852416,301.7939572723204
36410.0,control,0.0,0.0,104.223071720811,-0.24569773980243143,53.759919814087475,26.02881141799691,-4.138670825839778,-1172933.8751616143,301.7250847288435
36420.0,control,0.0,0.0,104.70981471656286,-0.25392363297499043,52.880821711387824,25.920815918475245,-3.3999331669223047,-1172523.494490875,300.1184453204229
36430.0,control,0.0,0.0,100.80184938057364,-0.18741302054001296,52.53000635120512,26.466448165686952,-3.5620591684649265,-1174151.8692498542,298.7475904167225
36440.0,control,0.0,0.0,106.76790317061406,-0.2884954656875897,52.82978435308761,26.86390507088499,-3.192319026348582,-1174041.9593257047,298.46364290596006
36450.0,control,0.0,0.0,102.7780954093882,-0.22117567479189498,53.282375136044045,26.702042967050474,-3.192868413229016,-1173608.3260168135,299.24657447269567
36460.0,control,0.0,0.0,98.01832468051877,-0.1394898073214404,53.500779974352675,26.209996073126362,-3.622422818505286,-1175229.1149264593,299.8467703407753
36470.0,control,0.0,0.0,105.55225560524094,-0.2681171269719148,52.17017166702479,26.860248858737428,-3.5244385567447516,-1174951.0228474569,302.4758834353553
36480.0,control,0.0,0.0,102.91940973873025,-0.22358031704726367,52.43300137353482,26.405075979187608,-2.439456336528082,-1173927.9143410642,300.35001595724106
36490.0,control,0.0,0.0,102.88991288124737,-0.22307850249620687,53.31190826739156,26.773568133523373,-3.8175780887248916,-1174104.478897741,299.6423072735308
36500.0,control,0.0,0.0,101.23391694490526,-0.19481500568392615,53.30258668070864,26.343585042639628,-3.9619695823963617,-1174853.463963244,300.4247447511612
36510.0,control,0.0,0.0,100.99494874305064,-0.19072245333708365,52.894231626291514,25.752332622718594,-3.2116421266032247,-1173116.5462496374,300.89160568307085
36520.0,control,0.0,0.0,102.84816852662343,-0.2223682266932325,53.25055870715568,26.710668425718207,-4.272717478173821,-1174455.5687481966,300.71712796607903
36530.0,control,0.0,0.0,102.60240283533153,-0.21818416860452294,52.53249327145207,26.092952186076303,-4.671159997321351,-1174538.617122829,298.74749201845896
36540.0,control,0.0,0.0,105.73721827860699,-0.2712257355932919,53.02953688671006,26.296454307354487,-2.1879530766823976,-1173562.4599732086,298.8052109053508
36550.0,control,0.0,0.0,102.7341312997012,-0.22042729470941347,52.92741014262634,26.709251734926827,-2.867508042549786,-1173871.8290990032,300.6237910920669
36560.0,control,0.0,0.0,95.26399068517831,-0.09174477508648282,52.370499267534456,26.60413796522436,-3.130101057851985,-1174443.2840137072,302.06926060337764
36570.0,control,0.0,0.0,96.6811446037377,-0.11634388950338499,53.2488733926673,26.10632365961786,-3.6165532626735843,-1173724.5897209756,300.791614618851
36580.0,control,0.0,0.0,105.79042506138532,-0.27211944294476953,52.249677250624636,26.38922467913827,-2.290641379977564,-1173777.0396081842,299.70651849511864
36590.0,control,0.0,0.0,104.59511208130083,-0.25198680179062466,53.41677078589107,26.353815377224755,-3.385519616836836,-1174968.4863806386,300.6009912525538
